Device: cuda
N antennas : 8
Ns         : 127
step      1 | loss = -0.1404 | g_L = +0.1404 | EMA = +0.1404 | std(g_L) = 1.0448 | grad = 0.0262
step     20 | loss = -0.0944 | g_L = +0.0944 | EMA = +0.1022 | std(g_L) = 1.0209 | grad = 0.0266
step     40 | loss = -0.0447 | g_L = +0.0447 | EMA = +0.0854 | std(g_L) = 1.3402 | grad = 0.0218
step     60 | loss = -0.1014 | g_L = +0.1014 | EMA = +0.0933 | std(g_L) = 1.6663 | grad = 0.0698
step     80 | loss = -0.2012 | g_L = +0.2012 | EMA = +0.1264 | std(g_L) = 1.0867 | grad = 0.0921
step    100 | loss = -0.2078 | g_L = +0.2078 | EMA = +0.1876 | std(g_L) = 1.2909 | grad = 0.1342
step    120 | loss = -0.3733 | g_L = +0.3733 | EMA = +0.2703 | std(g_L) = 1.3785 | grad = 0.2245
step    140 | loss = -0.4037 | g_L = +0.4037 | EMA = +0.4004 | std(g_L) = 1.5998 | grad = 0.1576
step    160 | loss = -0.6614 | g_L = +0.6614 | EMA = +0.5198 | std(g_L) = 1.6074 | grad = 0.1622
step    180 | loss = -0.6629 | g_L = +0.6629 | EMA = +0.6110 | std(g_L) = 1.6117 | grad = 0.2911
step    200 | loss = -0.8318 | g_L = +0.8318 | EMA = +0.7377 | std(g_L) = 1.4552 | grad = 0.2927
step    220 | loss = -0.8609 | g_L = +0.8609 | EMA = +0.8086 | std(g_L) = 1.8704 | grad = 0.2527
step    240 | loss = -1.0108 | g_L = +1.0108 | EMA = +0.9225 | std(g_L) = 1.5727 | grad = 0.2812
step    260 | loss = -1.1068 | g_L = +1.1068 | EMA = +1.0006 | std(g_L) = 1.4132 | grad = 0.1579
step    280 | loss = -1.0300 | g_L = +1.0300 | EMA = +1.0470 | std(g_L) = 1.6865 | grad = 0.1399
step    300 | loss = -1.2075 | g_L = +1.2075 | EMA = +1.1021 | std(g_L) = 1.3160 | grad = 0.1779
step    320 | loss = -1.0694 | g_L = +1.0694 | EMA = +1.1325 | std(g_L) = 1.2124 | grad = 0.2702
step    340 | loss = -1.1931 | g_L = +1.1931 | EMA = +1.1592 | std(g_L) = 1.3148 | grad = 0.1273
step    360 | loss = -1.0990 | g_L = +1.0990 | EMA = +1.1868 | std(g_L) = 1.6752 | grad = 0.1350
step    380 | loss = -1.1566 | g_L = +1.1566 | EMA = +1.2151 | std(g_L) = 1.4404 | grad = 0.1670
step    400 | loss = -1.3077 | g_L = +1.3077 | EMA = +1.2449 | std(g_L) = 1.2043 | grad = 0.1895
step    420 | loss = -1.2432 | g_L = +1.2432 | EMA = +1.2475 | std(g_L) = 1.2622 | grad = 0.1404
step    440 | loss = -1.1813 | g_L = +1.1813 | EMA = +1.2487 | std(g_L) = 1.4493 | grad = 0.2873
step    460 | loss = -1.3199 | g_L = +1.3199 | EMA = +1.2595 | std(g_L) = 1.2757 | grad = 0.1736
step    480 | loss = -1.2980 | g_L = +1.2980 | EMA = +1.2591 | std(g_L) = 1.3001 | grad = 0.1315
step    500 | loss = -1.1849 | g_L = +1.1849 | EMA = +1.2539 | std(g_L) = 1.6017 | grad = 0.1314
step    520 | loss = -1.3607 | g_L = +1.3607 | EMA = +1.2631 | std(g_L) = 1.2972 | grad = 0.1003
step    540 | loss = -1.2407 | g_L = +1.2407 | EMA = +1.2705 | std(g_L) = 1.4117 | grad = 0.1008
step    560 | loss = -1.3740 | g_L = +1.3740 | EMA = +1.2768 | std(g_L) = 1.1684 | grad = 0.1921
step    580 | loss = -1.2510 | g_L = +1.2510 | EMA = +1.2785 | std(g_L) = 1.3166 | grad = 0.1601
step    600 | loss = -1.2925 | g_L = +1.2925 | EMA = +1.2700 | std(g_L) = 1.4507 | grad = 0.1730
step    620 | loss = -1.3671 | g_L = +1.3671 | EMA = +1.2780 | std(g_L) = 1.2629 | grad = 0.2020
step    640 | loss = -1.2447 | g_L = +1.2447 | EMA = +1.2804 | std(g_L) = 1.3204 | grad = 0.3379
step    660 | loss = -1.2782 | g_L = +1.2782 | EMA = +1.2825 | std(g_L) = 1.3883 | grad = 0.1153
step    680 | loss = -1.3669 | g_L = +1.3669 | EMA = +1.3019 | std(g_L) = 1.1560 | grad = 0.1851
step    700 | loss = -1.3012 | g_L = +1.3012 | EMA = +1.3028 | std(g_L) = 1.3036 | grad = 0.2245
step    720 | loss = -1.3529 | g_L = +1.3529 | EMA = +1.3023 | std(g_L) = 1.2484 | grad = 0.2462
step    740 | loss = -1.2043 | g_L = +1.2043 | EMA = +1.2992 | std(g_L) = 1.5129 | grad = 0.0845
step    760 | loss = -1.3255 | g_L = +1.3255 | EMA = +1.2981 | std(g_L) = 1.3741 | grad = 0.1675
step    780 | loss = -1.3619 | g_L = +1.3619 | EMA = +1.3086 | std(g_L) = 1.3784 | grad = 0.1491
step    800 | loss = -1.2765 | g_L = +1.2765 | EMA = +1.2865 | std(g_L) = 1.4421 | grad = 0.1713
step    820 | loss = -1.2876 | g_L = +1.2876 | EMA = +1.3110 | std(g_L) = 1.2152 | grad = 0.1972
step    840 | loss = -1.3683 | g_L = +1.3683 | EMA = +1.3044 | std(g_L) = 1.2660 | grad = 0.1571
step    860 | loss = -1.2696 | g_L = +1.2696 | EMA = +1.2926 | std(g_L) = 1.2407 | grad = 0.2064
step    880 | loss = -1.2521 | g_L = +1.2521 | EMA = +1.2967 | std(g_L) = 1.2181 | grad = 0.1476
step    900 | loss = -1.3013 | g_L = +1.3013 | EMA = +1.2860 | std(g_L) = 1.3196 | grad = 0.0866
step    920 | loss = -1.3978 | g_L = +1.3978 | EMA = +1.3031 | std(g_L) = 1.2223 | grad = 0.1103
step    940 | loss = -1.3602 | g_L = +1.3602 | EMA = +1.3028 | std(g_L) = 1.2514 | grad = 0.3132
step    960 | loss = -1.3511 | g_L = +1.3511 | EMA = +1.3019 | std(g_L) = 1.3480 | grad = 0.1940
step    980 | loss = -1.2940 | g_L = +1.2940 | EMA = +1.3070 | std(g_L) = 1.2386 | grad = 0.1696
step   1000 | loss = -1.3491 | g_L = +1.3491 | EMA = +1.3078 | std(g_L) = 1.3393 | grad = 0.2012
step   1020 | loss = -1.2434 | g_L = +1.2434 | EMA = +1.3003 | std(g_L) = 1.2780 | grad = 0.1250
step   1040 | loss = -1.2742 | g_L = +1.2742 | EMA = +1.3054 | std(g_L) = 1.2247 | grad = 0.2931
step   1060 | loss = -1.2997 | g_L = +1.2997 | EMA = +1.2994 | std(g_L) = 1.2391 | grad = 0.1153
step   1080 | loss = -1.3203 | g_L = +1.3203 | EMA = +1.3046 | std(g_L) = 1.2546 | grad = 0.1666
step   1100 | loss = -1.1837 | g_L = +1.1837 | EMA = +1.2894 | std(g_L) = 1.3251 | grad = 0.1363
step   1120 | loss = -1.2851 | g_L = +1.2851 | EMA = +1.2859 | std(g_L) = 1.3369 | grad = 0.0746
step   1140 | loss = -1.3783 | g_L = +1.3783 | EMA = +1.2932 | std(g_L) = 1.2942 | grad = 0.1082
step   1160 | loss = -1.3635 | g_L = +1.3635 | EMA = +1.2876 | std(g_L) = 1.2428 | grad = 0.1783
step   1180 | loss = -1.2559 | g_L = +1.2559 | EMA = +1.3007 | std(g_L) = 1.4738 | grad = 0.1364
step   1200 | loss = -1.3193 | g_L = +1.3193 | EMA = +1.3037 | std(g_L) = 1.1765 | grad = 0.2602
step   1220 | loss = -1.3412 | g_L = +1.3412 | EMA = +1.3239 | std(g_L) = 1.3118 | grad = 0.1877
step   1240 | loss = -1.2415 | g_L = +1.2415 | EMA = +1.3186 | std(g_L) = 1.2517 | grad = 0.2819
step   1260 | loss = -1.3092 | g_L = +1.3092 | EMA = +1.3145 | std(g_L) = 1.2588 | grad = 0.1865
step   1280 | loss = -1.2784 | g_L = +1.2784 | EMA = +1.2982 | std(g_L) = 1.3599 | grad = 0.2858
step   1300 | loss = -1.3093 | g_L = +1.3093 | EMA = +1.2926 | std(g_L) = 1.2505 | grad = 0.2054
step   1320 | loss = -1.3090 | g_L = +1.3090 | EMA = +1.3192 | std(g_L) = 1.4332 | grad = 0.1424
step   1340 | loss = -1.4132 | g_L = +1.4132 | EMA = +1.3079 | std(g_L) = 1.2270 | grad = 0.1956
step   1360 | loss = -1.3058 | g_L = +1.3058 | EMA = +1.3155 | std(g_L) = 1.2475 | grad = 0.2362
step   1380 | loss = -1.4193 | g_L = +1.4193 | EMA = +1.3202 | std(g_L) = 1.1782 | grad = 0.1937
step   1400 | loss = -1.2732 | g_L = +1.2732 | EMA = +1.3134 | std(g_L) = 1.2756 | grad = 0.2588
step   1420 | loss = -1.2851 | g_L = +1.2851 | EMA = +1.3168 | std(g_L) = 1.2266 | grad = 0.1686
step   1440 | loss = -1.3583 | g_L = +1.3583 | EMA = +1.3160 | std(g_L) = 1.1805 | grad = 0.2127
step   1460 | loss = -1.2505 | g_L = +1.2505 | EMA = +1.3088 | std(g_L) = 1.5442 | grad = 0.0622
step   1480 | loss = -1.2884 | g_L = +1.2884 | EMA = +1.3075 | std(g_L) = 1.3530 | grad = 0.1160
step   1500 | loss = -1.3667 | g_L = +1.3667 | EMA = +1.3141 | std(g_L) = 1.2928 | grad = 0.0799
step   1520 | loss = -1.2925 | g_L = +1.2925 | EMA = +1.3067 | std(g_L) = 1.1650 | grad = 0.0966
step   1540 | loss = -1.2091 | g_L = +1.2091 | EMA = +1.3007 | std(g_L) = 1.4718 | grad = 0.1103
step   1560 | loss = -1.2781 | g_L = +1.2781 | EMA = +1.3026 | std(g_L) = 1.5378 | grad = 0.1641
step   1580 | loss = -1.2883 | g_L = +1.2883 | EMA = +1.3104 | std(g_L) = 1.3693 | grad = 0.2127
step   1600 | loss = -1.1982 | g_L = +1.1982 | EMA = +1.3043 | std(g_L) = 1.4667 | grad = 0.2431
step   1620 | loss = -1.3153 | g_L = +1.3153 | EMA = +1.3107 | std(g_L) = 1.3791 | grad = 0.1840
step   1640 | loss = -1.3065 | g_L = +1.3065 | EMA = +1.3082 | std(g_L) = 1.2656 | grad = 0.2598
step   1660 | loss = -1.4091 | g_L = +1.4091 | EMA = +1.3142 | std(g_L) = 1.3388 | grad = 0.1511
step   1680 | loss = -1.2936 | g_L = +1.2936 | EMA = +1.3266 | std(g_L) = 1.2847 | grad = 0.1376
step   1700 | loss = -1.3363 | g_L = +1.3363 | EMA = +1.3214 | std(g_L) = 1.2443 | grad = 0.1355
step   1720 | loss = -1.2682 | g_L = +1.2682 | EMA = +1.3131 | std(g_L) = 1.4582 | grad = 0.1480
step   1740 | loss = -1.3190 | g_L = +1.3190 | EMA = +1.3070 | std(g_L) = 1.3541 | grad = 0.1150
step   1760 | loss = -1.2389 | g_L = +1.2389 | EMA = +1.3177 | std(g_L) = 1.3891 | grad = 0.0996
step   1780 | loss = -1.3702 | g_L = +1.3702 | EMA = +1.3219 | std(g_L) = 1.2523 | grad = 0.1697
step   1800 | loss = -1.3784 | g_L = +1.3784 | EMA = +1.3241 | std(g_L) = 1.2500 | grad = 0.3344
step   1820 | loss = -1.2530 | g_L = +1.2530 | EMA = +1.3169 | std(g_L) = 1.3879 | grad = 0.1705
step   1840 | loss = -1.3273 | g_L = +1.3273 | EMA = +1.3162 | std(g_L) = 1.2263 | grad = 0.0957
step   1860 | loss = -1.4161 | g_L = +1.4161 | EMA = +1.3156 | std(g_L) = 1.2297 | grad = 0.2278
step   1880 | loss = -1.3592 | g_L = +1.3592 | EMA = +1.3171 | std(g_L) = 1.3227 | grad = 0.1773
step   1900 | loss = -1.3825 | g_L = +1.3825 | EMA = +1.3289 | std(g_L) = 1.1645 | grad = 0.2702
step   1920 | loss = -1.3732 | g_L = +1.3732 | EMA = +1.3212 | std(g_L) = 1.4033 | grad = 0.1941
step   1940 | loss = -1.2969 | g_L = +1.2969 | EMA = +1.3141 | std(g_L) = 1.3656 | grad = 0.1531
step   1960 | loss = -1.4109 | g_L = +1.4109 | EMA = +1.3054 | std(g_L) = 1.2172 | grad = 0.1994
step   1980 | loss = -1.3554 | g_L = +1.3554 | EMA = +1.3059 | std(g_L) = 1.3660 | grad = 0.1525
step   2000 | loss = -1.4816 | g_L = +1.4816 | EMA = +1.3255 | std(g_L) = 1.2033 | grad = 0.1394
step   2020 | loss = -1.3815 | g_L = +1.3815 | EMA = +1.3256 | std(g_L) = 1.2211 | grad = 0.1885
step   2040 | loss = -1.4243 | g_L = +1.4243 | EMA = +1.3339 | std(g_L) = 1.2307 | grad = 0.0642
step   2060 | loss = -1.3923 | g_L = +1.3923 | EMA = +1.3409 | std(g_L) = 1.2701 | grad = 0.1397
step   2080 | loss = -1.3352 | g_L = +1.3352 | EMA = +1.3314 | std(g_L) = 1.2055 | grad = 0.2284
step   2100 | loss = -1.4430 | g_L = +1.4430 | EMA = +1.3298 | std(g_L) = 1.2017 | grad = 0.2274
step   2120 | loss = -1.3775 | g_L = +1.3775 | EMA = +1.3261 | std(g_L) = 1.2153 | grad = 0.1009
step   2140 | loss = -1.3274 | g_L = +1.3274 | EMA = +1.3319 | std(g_L) = 1.1740 | grad = 0.2199
step   2160 | loss = -1.3669 | g_L = +1.3669 | EMA = +1.3229 | std(g_L) = 1.2945 | grad = 0.1319
step   2180 | loss = -1.2756 | g_L = +1.2756 | EMA = +1.3287 | std(g_L) = 1.2925 | grad = 0.1574
step   2200 | loss = -1.3967 | g_L = +1.3967 | EMA = +1.3285 | std(g_L) = 1.3126 | grad = 0.1311
step   2220 | loss = -1.2314 | g_L = +1.2314 | EMA = +1.3135 | std(g_L) = 1.5224 | grad = 0.2035
step   2240 | loss = -1.3715 | g_L = +1.3715 | EMA = +1.3159 | std(g_L) = 1.1456 | grad = 0.1522
step   2260 | loss = -1.3669 | g_L = +1.3669 | EMA = +1.3464 | std(g_L) = 1.4283 | grad = 0.1937
step   2280 | loss = -1.2744 | g_L = +1.2744 | EMA = +1.3357 | std(g_L) = 1.2964 | grad = 0.1411
step   2300 | loss = -1.3477 | g_L = +1.3477 | EMA = +1.3443 | std(g_L) = 1.3126 | grad = 0.1499
step   2320 | loss = -1.2262 | g_L = +1.2262 | EMA = +1.3314 | std(g_L) = 1.3243 | grad = 0.1731
step   2340 | loss = -1.4171 | g_L = +1.4171 | EMA = +1.3405 | std(g_L) = 1.1732 | grad = 0.1923
step   2360 | loss = -1.3298 | g_L = +1.3298 | EMA = +1.3357 | std(g_L) = 1.2310 | grad = 0.2022
step   2380 | loss = -1.3237 | g_L = +1.3237 | EMA = +1.3289 | std(g_L) = 1.2103 | grad = 0.2143
step   2400 | loss = -1.2945 | g_L = +1.2945 | EMA = +1.3358 | std(g_L) = 1.5020 | grad = 0.2254
step   2420 | loss = -1.3116 | g_L = +1.3116 | EMA = +1.3371 | std(g_L) = 1.1872 | grad = 0.1241
step   2440 | loss = -1.2762 | g_L = +1.2762 | EMA = +1.3258 | std(g_L) = 1.3065 | grad = 0.1320
step   2460 | loss = -1.3673 | g_L = +1.3673 | EMA = +1.3273 | std(g_L) = 1.2274 | grad = 0.0805
step   2480 | loss = -1.3833 | g_L = +1.3833 | EMA = +1.3475 | std(g_L) = 1.2049 | grad = 0.2632
step   2500 | loss = -1.2982 | g_L = +1.2982 | EMA = +1.3419 | std(g_L) = 1.2337 | grad = 0.1395
step   2520 | loss = -1.2699 | g_L = +1.2699 | EMA = +1.3434 | std(g_L) = 1.2264 | grad = 0.1399
step   2540 | loss = -1.2645 | g_L = +1.2645 | EMA = +1.3340 | std(g_L) = 1.2851 | grad = 0.1485
step   2560 | loss = -1.3643 | g_L = +1.3643 | EMA = +1.3331 | std(g_L) = 1.1674 | grad = 0.1719
step   2580 | loss = -1.3778 | g_L = +1.3778 | EMA = +1.3379 | std(g_L) = 1.2956 | grad = 0.2080
step   2600 | loss = -1.4505 | g_L = +1.4505 | EMA = +1.3438 | std(g_L) = 1.2105 | grad = 0.1683
step   2620 | loss = -1.3659 | g_L = +1.3659 | EMA = +1.3393 | std(g_L) = 1.3032 | grad = 0.1773
step   2640 | loss = -1.1837 | g_L = +1.1837 | EMA = +1.3242 | std(g_L) = 1.1993 | grad = 0.2024
step   2660 | loss = -1.2881 | g_L = +1.2881 | EMA = +1.3180 | std(g_L) = 1.3297 | grad = 0.1217
step   2680 | loss = -1.2409 | g_L = +1.2409 | EMA = +1.3413 | std(g_L) = 1.3888 | grad = 0.1271
step   2700 | loss = -1.4243 | g_L = +1.4243 | EMA = +1.3346 | std(g_L) = 1.2155 | grad = 0.2533
step   2720 | loss = -1.2719 | g_L = +1.2719 | EMA = +1.3513 | std(g_L) = 1.2803 | grad = 0.1238
step   2740 | loss = -1.2951 | g_L = +1.2951 | EMA = +1.3444 | std(g_L) = 1.2925 | grad = 0.1913
step   2760 | loss = -1.2584 | g_L = +1.2584 | EMA = +1.3498 | std(g_L) = 1.3028 | grad = 0.2151
step   2780 | loss = -1.3414 | g_L = +1.3414 | EMA = +1.3444 | std(g_L) = 1.3002 | grad = 0.1659
step   2800 | loss = -1.2496 | g_L = +1.2496 | EMA = +1.3466 | std(g_L) = 1.5429 | grad = 0.1327
step   2820 | loss = -1.3875 | g_L = +1.3875 | EMA = +1.3383 | std(g_L) = 1.1837 | grad = 0.2170
step   2840 | loss = -1.2385 | g_L = +1.2385 | EMA = +1.3453 | std(g_L) = 1.3801 | grad = 0.1664
step   2860 | loss = -1.3832 | g_L = +1.3832 | EMA = +1.3398 | std(g_L) = 1.2125 | grad = 0.0888
step   2880 | loss = -1.2558 | g_L = +1.2558 | EMA = +1.3315 | std(g_L) = 1.4142 | grad = 0.1479
step   2900 | loss = -1.4971 | g_L = +1.4971 | EMA = +1.3518 | std(g_L) = 1.1267 | grad = 0.1287
step   2920 | loss = -1.2840 | g_L = +1.2840 | EMA = +1.3551 | std(g_L) = 1.1979 | grad = 0.2917
step   2940 | loss = -1.3170 | g_L = +1.3170 | EMA = +1.3482 | std(g_L) = 1.3281 | grad = 0.1815
step   2960 | loss = -1.2545 | g_L = +1.2545 | EMA = +1.3421 | std(g_L) = 1.3774 | grad = 0.1143
step   2980 | loss = -1.4112 | g_L = +1.4112 | EMA = +1.3557 | std(g_L) = 1.1889 | grad = 0.2053
step   3000 | loss = -1.3325 | g_L = +1.3325 | EMA = +1.3375 | std(g_L) = 1.2979 | grad = 0.4526
step   3020 | loss = -1.3007 | g_L = +1.3007 | EMA = +1.3562 | std(g_L) = 1.5397 | grad = 0.1603
step   3040 | loss = -1.3142 | g_L = +1.3142 | EMA = +1.3508 | std(g_L) = 1.3711 | grad = 0.2381
step   3060 | loss = -1.3734 | g_L = +1.3734 | EMA = +1.3475 | std(g_L) = 1.4488 | grad = 0.2284
step   3080 | loss = -1.3503 | g_L = +1.3503 | EMA = +1.3420 | std(g_L) = 1.3556 | grad = 0.1516
step   3100 | loss = -1.2525 | g_L = +1.2525 | EMA = +1.3449 | std(g_L) = 1.3182 | grad = 0.1265
step   3120 | loss = -1.3229 | g_L = +1.3229 | EMA = +1.3367 | std(g_L) = 1.5372 | grad = 0.1678
step   3140 | loss = -1.2538 | g_L = +1.2538 | EMA = +1.3360 | std(g_L) = 1.1970 | grad = 0.2577
step   3160 | loss = -1.3421 | g_L = +1.3421 | EMA = +1.3513 | std(g_L) = 1.2988 | grad = 0.2307
step   3180 | loss = -1.4268 | g_L = +1.4268 | EMA = +1.3615 | std(g_L) = 1.4608 | grad = 0.1849
step   3200 | loss = -1.3299 | g_L = +1.3299 | EMA = +1.3530 | std(g_L) = 1.2402 | grad = 0.1734
step   3220 | loss = -1.3508 | g_L = +1.3508 | EMA = +1.3412 | std(g_L) = 1.2814 | grad = 0.1792
step   3240 | loss = -1.3775 | g_L = +1.3775 | EMA = +1.3486 | std(g_L) = 1.2432 | grad = 0.0906
step   3260 | loss = -1.3788 | g_L = +1.3788 | EMA = +1.3545 | std(g_L) = 1.2153 | grad = 0.3172
step   3280 | loss = -1.3493 | g_L = +1.3493 | EMA = +1.3494 | std(g_L) = 1.1696 | grad = 0.2224
step   3300 | loss = -1.3521 | g_L = +1.3521 | EMA = +1.3541 | std(g_L) = 1.2461 | grad = 0.1217
step   3320 | loss = -1.2802 | g_L = +1.2802 | EMA = +1.3523 | std(g_L) = 1.3453 | grad = 0.1533
step   3340 | loss = -1.2782 | g_L = +1.2782 | EMA = +1.3466 | std(g_L) = 1.2262 | grad = 0.1330
step   3360 | loss = -1.3275 | g_L = +1.3275 | EMA = +1.3549 | std(g_L) = 1.2733 | grad = 0.1666
step   3380 | loss = -1.3725 | g_L = +1.3725 | EMA = +1.3541 | std(g_L) = 1.1953 | grad = 0.3319
step   3400 | loss = -1.3462 | g_L = +1.3462 | EMA = +1.3512 | std(g_L) = 1.1764 | grad = 0.1371
step   3420 | loss = -1.4139 | g_L = +1.4139 | EMA = +1.3564 | std(g_L) = 1.1135 | grad = 0.1644
step   3440 | loss = -1.2839 | g_L = +1.2839 | EMA = +1.3528 | std(g_L) = 1.2787 | grad = 0.1496
step   3460 | loss = -1.4045 | g_L = +1.4045 | EMA = +1.3506 | std(g_L) = 1.2051 | grad = 0.1314
step   3480 | loss = -1.3477 | g_L = +1.3477 | EMA = +1.3622 | std(g_L) = 1.2328 | grad = 0.1482
step   3500 | loss = -1.3254 | g_L = +1.3254 | EMA = +1.3612 | std(g_L) = 1.2449 | grad = 0.2217
step   3520 | loss = -1.3913 | g_L = +1.3913 | EMA = +1.3598 | std(g_L) = 1.3227 | grad = 0.1306
step   3540 | loss = -1.4216 | g_L = +1.4216 | EMA = +1.3533 | std(g_L) = 1.4455 | grad = 0.1213
step   3560 | loss = -1.3595 | g_L = +1.3595 | EMA = +1.3637 | std(g_L) = 1.2724 | grad = 0.1056
step   3580 | loss = -1.4355 | g_L = +1.4355 | EMA = +1.3607 | std(g_L) = 1.2126 | grad = 0.1419
step   3600 | loss = -1.3862 | g_L = +1.3862 | EMA = +1.3850 | std(g_L) = 1.1783 | grad = 0.1649
step   3620 | loss = -1.2986 | g_L = +1.2986 | EMA = +1.3517 | std(g_L) = 1.3108 | grad = 0.2135
step   3640 | loss = -1.4664 | g_L = +1.4664 | EMA = +1.3450 | std(g_L) = 1.2172 | grad = 0.1190
step   3660 | loss = -1.4475 | g_L = +1.4475 | EMA = +1.3519 | std(g_L) = 1.1687 | grad = 0.1646
step   3680 | loss = -1.3340 | g_L = +1.3340 | EMA = +1.3508 | std(g_L) = 1.2835 | grad = 0.1906
step   3700 | loss = -1.3771 | g_L = +1.3771 | EMA = +1.3680 | std(g_L) = 1.2144 | grad = 0.1545
step   3720 | loss = -1.4095 | g_L = +1.4095 | EMA = +1.3575 | std(g_L) = 1.2214 | grad = 0.1670
step   3740 | loss = -1.3825 | g_L = +1.3825 | EMA = +1.3651 | std(g_L) = 1.2543 | grad = 0.2370
step   3760 | loss = -1.3473 | g_L = +1.3473 | EMA = +1.3540 | std(g_L) = 1.2808 | grad = 0.1719
step   3780 | loss = -1.3481 | g_L = +1.3481 | EMA = +1.3547 | std(g_L) = 1.2555 | grad = 0.2369
step   3800 | loss = -1.4696 | g_L = +1.4696 | EMA = +1.3617 | std(g_L) = 1.1345 | grad = 0.2013
step   3820 | loss = -1.2955 | g_L = +1.2955 | EMA = +1.3700 | std(g_L) = 1.0911 | grad = 0.1663
step   3840 | loss = -1.3514 | g_L = +1.3514 | EMA = +1.3480 | std(g_L) = 1.2029 | grad = 0.2419
step   3860 | loss = -1.3378 | g_L = +1.3378 | EMA = +1.3587 | std(g_L) = 1.1828 | grad = 0.1473
step   3880 | loss = -1.3491 | g_L = +1.3491 | EMA = +1.3530 | std(g_L) = 1.3306 | grad = 0.1806
step   3900 | loss = -1.3739 | g_L = +1.3739 | EMA = +1.3560 | std(g_L) = 1.1923 | grad = 0.1908
step   3920 | loss = -1.4467 | g_L = +1.4467 | EMA = +1.3693 | std(g_L) = 1.3343 | grad = 0.1415
step   3940 | loss = -1.4401 | g_L = +1.4401 | EMA = +1.3675 | std(g_L) = 1.2998 | grad = 0.1672
step   3960 | loss = -1.3501 | g_L = +1.3501 | EMA = +1.3590 | std(g_L) = 1.3401 | grad = 0.2870
step   3980 | loss = -1.4028 | g_L = +1.4028 | EMA = +1.3613 | std(g_L) = 1.1740 | grad = 0.1886
step   4000 | loss = -1.3469 | g_L = +1.3469 | EMA = +1.3601 | std(g_L) = 1.3335 | grad = 0.1240
step   4020 | loss = -1.3884 | g_L = +1.3884 | EMA = +1.3597 | std(g_L) = 1.2028 | grad = 0.1908
step   4040 | loss = -1.3329 | g_L = +1.3329 | EMA = +1.3737 | std(g_L) = 1.3047 | grad = 0.1928
step   4060 | loss = -1.3491 | g_L = +1.3491 | EMA = +1.3709 | std(g_L) = 1.2125 | grad = 0.1986
step   4080 | loss = -1.2882 | g_L = +1.2882 | EMA = +1.3591 | std(g_L) = 1.3059 | grad = 0.1136
step   4100 | loss = -1.4594 | g_L = +1.4594 | EMA = +1.3602 | std(g_L) = 1.3146 | grad = 0.2234
step   4120 | loss = -1.3191 | g_L = +1.3191 | EMA = +1.3557 | std(g_L) = 1.3473 | grad = 0.1759
step   4140 | loss = -1.3932 | g_L = +1.3932 | EMA = +1.3600 | std(g_L) = 1.2908 | grad = 0.1407
step   4160 | loss = -1.4080 | g_L = +1.4080 | EMA = +1.3725 | std(g_L) = 1.1883 | grad = 0.1579
step   4180 | loss = -1.3780 | g_L = +1.3780 | EMA = +1.3672 | std(g_L) = 1.1703 | grad = 0.1882
step   4200 | loss = -1.4677 | g_L = +1.4677 | EMA = +1.3896 | std(g_L) = 1.2831 | grad = 0.1638
step   4220 | loss = -1.3744 | g_L = +1.3744 | EMA = +1.3715 | std(g_L) = 1.1352 | grad = 0.1913
step   4240 | loss = -1.4108 | g_L = +1.4108 | EMA = +1.3773 | std(g_L) = 1.2471 | grad = 0.1256
step   4260 | loss = -1.4046 | g_L = +1.4046 | EMA = +1.3848 | std(g_L) = 1.4353 | grad = 0.3927
step   4280 | loss = -1.2188 | g_L = +1.2188 | EMA = +1.3722 | std(g_L) = 1.2531 | grad = 0.1993
step   4300 | loss = -1.4254 | g_L = +1.4254 | EMA = +1.3587 | std(g_L) = 1.3501 | grad = 0.1289
step   4320 | loss = -1.4357 | g_L = +1.4357 | EMA = +1.3827 | std(g_L) = 1.2218 | grad = 0.1635
step   4340 | loss = -1.3900 | g_L = +1.3900 | EMA = +1.3848 | std(g_L) = 1.2419 | grad = 0.1928
step   4360 | loss = -1.4255 | g_L = +1.4255 | EMA = +1.3831 | std(g_L) = 1.2287 | grad = 0.1185
step   4380 | loss = -1.4173 | g_L = +1.4173 | EMA = +1.3785 | std(g_L) = 1.3009 | grad = 0.2277
step   4400 | loss = -1.3313 | g_L = +1.3313 | EMA = +1.3858 | std(g_L) = 1.3398 | grad = 0.0993
step   4420 | loss = -1.4461 | g_L = +1.4461 | EMA = +1.3782 | std(g_L) = 1.1598 | grad = 0.1297
step   4440 | loss = -1.4570 | g_L = +1.4570 | EMA = +1.3892 | std(g_L) = 1.1990 | grad = 0.1249
step   4460 | loss = -1.4541 | g_L = +1.4541 | EMA = +1.3805 | std(g_L) = 1.3291 | grad = 0.2683
step   4480 | loss = -1.4437 | g_L = +1.4437 | EMA = +1.3799 | std(g_L) = 1.1777 | grad = 0.1594
step   4500 | loss = -1.3935 | g_L = +1.3935 | EMA = +1.3734 | std(g_L) = 1.1597 | grad = 0.1425
step   4520 | loss = -1.3362 | g_L = +1.3362 | EMA = +1.3647 | std(g_L) = 1.3089 | grad = 0.1048
step   4540 | loss = -1.3758 | g_L = +1.3758 | EMA = +1.3762 | std(g_L) = 1.2386 | grad = 0.1493
step   4560 | loss = -1.4167 | g_L = +1.4167 | EMA = +1.3652 | std(g_L) = 1.2053 | grad = 0.1375
step   4580 | loss = -1.3381 | g_L = +1.3381 | EMA = +1.3753 | std(g_L) = 1.2781 | grad = 0.2058
step   4600 | loss = -1.4367 | g_L = +1.4367 | EMA = +1.3896 | std(g_L) = 1.3382 | grad = 0.2564
step   4620 | loss = -1.4294 | g_L = +1.4294 | EMA = +1.3900 | std(g_L) = 1.1719 | grad = 0.1607
step   4640 | loss = -1.4461 | g_L = +1.4461 | EMA = +1.3841 | std(g_L) = 1.2106 | grad = 0.1296
step   4660 | loss = -1.3942 | g_L = +1.3942 | EMA = +1.3795 | std(g_L) = 1.2406 | grad = 0.1312
step   4680 | loss = -1.3967 | g_L = +1.3967 | EMA = +1.3626 | std(g_L) = 1.2234 | grad = 0.2377
step   4700 | loss = -1.3090 | g_L = +1.3090 | EMA = +1.3757 | std(g_L) = 1.1704 | grad = 0.2940
step   4720 | loss = -1.3395 | g_L = +1.3395 | EMA = +1.3731 | std(g_L) = 1.3759 | grad = 0.2717
step   4740 | loss = -1.4041 | g_L = +1.4041 | EMA = +1.3606 | std(g_L) = 1.4260 | grad = 0.0923
step   4760 | loss = -1.2764 | g_L = +1.2764 | EMA = +1.3650 | std(g_L) = 1.3886 | grad = 0.1524
step   4780 | loss = -1.4094 | g_L = +1.4094 | EMA = +1.3728 | std(g_L) = 1.1800 | grad = 0.1268
step   4800 | loss = -1.4296 | g_L = +1.4296 | EMA = +1.3771 | std(g_L) = 1.1764 | grad = 0.0976
step   4820 | loss = -1.4479 | g_L = +1.4479 | EMA = +1.3896 | std(g_L) = 1.1801 | grad = 0.2145
step   4840 | loss = -1.4704 | g_L = +1.4704 | EMA = +1.3890 | std(g_L) = 1.2815 | grad = 0.1524
step   4860 | loss = -1.4414 | g_L = +1.4414 | EMA = +1.3869 | std(g_L) = 1.1446 | grad = 0.1537
step   4880 | loss = -1.4841 | g_L = +1.4841 | EMA = +1.3693 | std(g_L) = 1.1635 | grad = 0.1337
step   4900 | loss = -1.3878 | g_L = +1.3878 | EMA = +1.3691 | std(g_L) = 1.1797 | grad = 0.3030
step   4920 | loss = -1.4059 | g_L = +1.4059 | EMA = +1.3733 | std(g_L) = 1.2888 | grad = 0.1518
step   4940 | loss = -1.3186 | g_L = +1.3186 | EMA = +1.3719 | std(g_L) = 1.1954 | grad = 0.2041
step   4960 | loss = -1.3323 | g_L = +1.3323 | EMA = +1.3640 | std(g_L) = 1.4287 | grad = 0.2353
step   4980 | loss = -1.3494 | g_L = +1.3494 | EMA = +1.3680 | std(g_L) = 1.2688 | grad = 0.1942
step   5000 | loss = -1.3231 | g_L = +1.3231 | EMA = +1.3730 | std(g_L) = 1.1375 | grad = 0.2405
step   5020 | loss = -1.3811 | g_L = +1.3811 | EMA = +1.3726 | std(g_L) = 1.2863 | grad = 0.1544
step   5040 | loss = -1.4061 | g_L = +1.4061 | EMA = +1.3790 | std(g_L) = 1.1284 | grad = 0.1266
step   5060 | loss = -1.2967 | g_L = +1.2967 | EMA = +1.3752 | std(g_L) = 1.4144 | grad = 0.1597
step   5080 | loss = -1.3546 | g_L = +1.3546 | EMA = +1.3855 | std(g_L) = 1.2202 | grad = 0.1916
step   5100 | loss = -1.4033 | g_L = +1.4033 | EMA = +1.3827 | std(g_L) = 1.4100 | grad = 0.2047
step   5120 | loss = -1.3454 | g_L = +1.3454 | EMA = +1.3756 | std(g_L) = 1.2990 | grad = 0.2541
step   5140 | loss = -1.4765 | g_L = +1.4765 | EMA = +1.3825 | std(g_L) = 1.3851 | grad = 0.2668
step   5160 | loss = -1.4478 | g_L = +1.4478 | EMA = +1.3842 | std(g_L) = 1.3343 | grad = 0.2420
step   5180 | loss = -1.3206 | g_L = +1.3206 | EMA = +1.3724 | std(g_L) = 1.4016 | grad = 0.2477
step   5200 | loss = -1.3898 | g_L = +1.3898 | EMA = +1.3742 | std(g_L) = 1.2591 | grad = 0.1503
step   5220 | loss = -1.3529 | g_L = +1.3529 | EMA = +1.3655 | std(g_L) = 1.3665 | grad = 0.1824
step   5240 | loss = -1.3476 | g_L = +1.3476 | EMA = +1.3793 | std(g_L) = 1.4473 | grad = 0.1266
step   5260 | loss = -1.3968 | g_L = +1.3968 | EMA = +1.3692 | std(g_L) = 1.1154 | grad = 0.1718
step   5280 | loss = -1.3655 | g_L = +1.3655 | EMA = +1.3760 | std(g_L) = 1.3879 | grad = 0.1875
step   5300 | loss = -1.3536 | g_L = +1.3536 | EMA = +1.3782 | std(g_L) = 1.1552 | grad = 0.0819
step   5320 | loss = -1.4329 | g_L = +1.4329 | EMA = +1.3766 | std(g_L) = 1.2182 | grad = 0.1443
step   5340 | loss = -1.3817 | g_L = +1.3817 | EMA = +1.3703 | std(g_L) = 1.2684 | grad = 0.1375
step   5360 | loss = -1.3311 | g_L = +1.3311 | EMA = +1.3751 | std(g_L) = 1.6530 | grad = 0.1595
step   5380 | loss = -1.4550 | g_L = +1.4550 | EMA = +1.3835 | std(g_L) = 1.1870 | grad = 0.1854
step   5400 | loss = -1.3729 | g_L = +1.3729 | EMA = +1.3740 | std(g_L) = 1.2985 | grad = 0.1522
step   5420 | loss = -1.3335 | g_L = +1.3335 | EMA = +1.3764 | std(g_L) = 1.2258 | grad = 0.1514
step   5440 | loss = -1.2949 | g_L = +1.2949 | EMA = +1.3570 | std(g_L) = 1.3641 | grad = 0.1727
step   5460 | loss = -1.4087 | g_L = +1.4087 | EMA = +1.3712 | std(g_L) = 1.1462 | grad = 0.2655
step   5480 | loss = -1.3346 | g_L = +1.3346 | EMA = +1.3844 | std(g_L) = 1.3551 | grad = 0.1898
step   5500 | loss = -1.3266 | g_L = +1.3266 | EMA = +1.3529 | std(g_L) = 1.1840 | grad = 0.1921
step   5520 | loss = -1.4435 | g_L = +1.4435 | EMA = +1.3720 | std(g_L) = 1.3843 | grad = 0.1009
step   5540 | loss = -1.3290 | g_L = +1.3290 | EMA = +1.3681 | std(g_L) = 1.3824 | grad = 0.1658
step   5560 | loss = -1.3454 | g_L = +1.3454 | EMA = +1.3763 | std(g_L) = 1.3254 | grad = 0.1852
step   5580 | loss = -1.4822 | g_L = +1.4822 | EMA = +1.3870 | std(g_L) = 1.1880 | grad = 0.1430
step   5600 | loss = -1.4251 | g_L = +1.4251 | EMA = +1.3648 | std(g_L) = 1.2516 | grad = 0.1700
step   5620 | loss = -1.3644 | g_L = +1.3644 | EMA = +1.3568 | std(g_L) = 1.2628 | grad = 0.2580
step   5640 | loss = -1.3597 | g_L = +1.3597 | EMA = +1.3713 | std(g_L) = 1.3432 | grad = 0.0913
step   5660 | loss = -1.3776 | g_L = +1.3776 | EMA = +1.3703 | std(g_L) = 1.3163 | grad = 0.0855
step   5680 | loss = -1.2984 | g_L = +1.2984 | EMA = +1.3699 | std(g_L) = 1.2882 | grad = 0.1257
step   5700 | loss = -1.4591 | g_L = +1.4591 | EMA = +1.3851 | std(g_L) = 1.3074 | grad = 0.2376
step   5720 | loss = -1.4724 | g_L = +1.4724 | EMA = +1.3896 | std(g_L) = 1.0947 | grad = 0.2880
step   5740 | loss = -1.3980 | g_L = +1.3980 | EMA = +1.3814 | std(g_L) = 1.3966 | grad = 0.1359
step   5760 | loss = -1.3932 | g_L = +1.3932 | EMA = +1.3897 | std(g_L) = 1.3279 | grad = 0.0886
step   5780 | loss = -1.3765 | g_L = +1.3765 | EMA = +1.3930 | std(g_L) = 1.1905 | grad = 0.1461
step   5800 | loss = -1.4576 | g_L = +1.4576 | EMA = +1.3887 | std(g_L) = 1.1534 | grad = 0.2034
step   5820 | loss = -1.3853 | g_L = +1.3853 | EMA = +1.3766 | std(g_L) = 1.2069 | grad = 0.2791
step   5840 | loss = -1.3239 | g_L = +1.3239 | EMA = +1.3795 | std(g_L) = 1.4155 | grad = 0.0982
step   5860 | loss = -1.4530 | g_L = +1.4530 | EMA = +1.3754 | std(g_L) = 1.2471 | grad = 0.1110
step   5880 | loss = -1.3946 | g_L = +1.3946 | EMA = +1.3773 | std(g_L) = 1.2192 | grad = 0.0944
step   5900 | loss = -1.2897 | g_L = +1.2897 | EMA = +1.3686 | std(g_L) = 1.3540 | grad = 0.1121
step   5920 | loss = -1.4224 | g_L = +1.4224 | EMA = +1.3692 | std(g_L) = 1.3362 | grad = 0.1662
step   5940 | loss = -1.2518 | g_L = +1.2518 | EMA = +1.3619 | std(g_L) = 1.4926 | grad = 0.4364
step   5960 | loss = -1.4781 | g_L = +1.4781 | EMA = +1.3711 | std(g_L) = 1.3816 | grad = 0.2243
step   5980 | loss = -1.2889 | g_L = +1.2889 | EMA = +1.3859 | std(g_L) = 1.3576 | grad = 0.1375
step   6000 | loss = -1.4094 | g_L = +1.4094 | EMA = +1.3846 | std(g_L) = 1.3234 | grad = 0.2175
step   6020 | loss = -1.3778 | g_L = +1.3778 | EMA = +1.3773 | std(g_L) = 1.2421 | grad = 0.2150
step   6040 | loss = -1.4504 | g_L = +1.4504 | EMA = +1.3869 | std(g_L) = 1.2821 | grad = 0.1247
step   6060 | loss = -1.4144 | g_L = +1.4144 | EMA = +1.3800 | std(g_L) = 1.2087 | grad = 0.1621
step   6080 | loss = -1.4406 | g_L = +1.4406 | EMA = +1.3903 | std(g_L) = 1.2838 | grad = 0.2469
step   6100 | loss = -1.2831 | g_L = +1.2831 | EMA = +1.3782 | std(g_L) = 1.3633 | grad = 0.1249
step   6120 | loss = -1.2685 | g_L = +1.2685 | EMA = +1.3684 | std(g_L) = 1.2412 | grad = 0.1788
step   6140 | loss = -1.5097 | g_L = +1.5097 | EMA = +1.3944 | std(g_L) = 1.2125 | grad = 0.1330
step   6160 | loss = -1.4993 | g_L = +1.4993 | EMA = +1.3902 | std(g_L) = 1.2061 | grad = 0.1439
step   6180 | loss = -1.4807 | g_L = +1.4807 | EMA = +1.3812 | std(g_L) = 1.1337 | grad = 0.2886
step   6200 | loss = -1.4029 | g_L = +1.4029 | EMA = +1.3715 | std(g_L) = 1.2298 | grad = 0.1102
step   6220 | loss = -1.3254 | g_L = +1.3254 | EMA = +1.3663 | std(g_L) = 1.5178 | grad = 0.1194
step   6240 | loss = -1.3374 | g_L = +1.3374 | EMA = +1.3765 | std(g_L) = 1.4041 | grad = 0.2145
step   6260 | loss = -1.4386 | g_L = +1.4386 | EMA = +1.3795 | std(g_L) = 1.1899 | grad = 0.2527
step   6280 | loss = -1.3769 | g_L = +1.3769 | EMA = +1.3836 | std(g_L) = 1.2042 | grad = 0.1098
step   6300 | loss = -1.3858 | g_L = +1.3858 | EMA = +1.3718 | std(g_L) = 1.1858 | grad = 0.1975
step   6320 | loss = -1.3360 | g_L = +1.3360 | EMA = +1.3711 | std(g_L) = 1.2692 | grad = 0.1642
step   6340 | loss = -1.4066 | g_L = +1.4066 | EMA = +1.3743 | std(g_L) = 1.3023 | grad = 0.1998
step   6360 | loss = -1.3908 | g_L = +1.3908 | EMA = +1.3873 | std(g_L) = 1.1316 | grad = 0.1737
step   6380 | loss = -1.3705 | g_L = +1.3705 | EMA = +1.3772 | std(g_L) = 1.2566 | grad = 0.3058
step   6400 | loss = -1.3433 | g_L = +1.3433 | EMA = +1.3703 | std(g_L) = 1.3750 | grad = 0.2422
step   6420 | loss = -1.2846 | g_L = +1.2846 | EMA = +1.3794 | std(g_L) = 1.3524 | grad = 0.2127
step   6440 | loss = -1.3801 | g_L = +1.3801 | EMA = +1.3771 | std(g_L) = 1.2723 | grad = 0.3179
step   6460 | loss = -1.2877 | g_L = +1.2877 | EMA = +1.3685 | std(g_L) = 1.3820 | grad = 0.1453
step   6480 | loss = -1.4305 | g_L = +1.4305 | EMA = +1.3727 | std(g_L) = 1.2217 | grad = 0.1166
step   6500 | loss = -1.3213 | g_L = +1.3213 | EMA = +1.3741 | std(g_L) = 1.3623 | grad = 0.1402
step   6520 | loss = -1.3718 | g_L = +1.3718 | EMA = +1.3795 | std(g_L) = 1.3621 | grad = 0.2495
step   6540 | loss = -1.3756 | g_L = +1.3756 | EMA = +1.3798 | std(g_L) = 1.3160 | grad = 0.2173
step   6560 | loss = -1.3288 | g_L = +1.3288 | EMA = +1.3837 | std(g_L) = 1.4912 | grad = 0.2182
step   6580 | loss = -1.4516 | g_L = +1.4516 | EMA = +1.3836 | std(g_L) = 1.2542 | grad = 0.1808
step   6600 | loss = -1.3218 | g_L = +1.3218 | EMA = +1.3887 | std(g_L) = 1.3469 | grad = 0.1341
step   6620 | loss = -1.4336 | g_L = +1.4336 | EMA = +1.3715 | std(g_L) = 1.1663 | grad = 0.1490
step   6640 | loss = -1.4226 | g_L = +1.4226 | EMA = +1.3764 | std(g_L) = 1.3035 | grad = 0.0990
step   6660 | loss = -1.3606 | g_L = +1.3606 | EMA = +1.3810 | std(g_L) = 1.2478 | grad = 0.2441
step   6680 | loss = -1.3644 | g_L = +1.3644 | EMA = +1.3788 | std(g_L) = 1.1455 | grad = 0.1209
step   6700 | loss = -1.4080 | g_L = +1.4080 | EMA = +1.3862 | std(g_L) = 1.2579 | grad = 0.2802
step   6720 | loss = -1.4303 | g_L = +1.4303 | EMA = +1.3779 | std(g_L) = 1.2631 | grad = 0.3082
step   6740 | loss = -1.4404 | g_L = +1.4404 | EMA = +1.3807 | std(g_L) = 1.2429 | grad = 0.1301
step   6760 | loss = -1.4482 | g_L = +1.4482 | EMA = +1.3808 | std(g_L) = 1.1497 | grad = 0.2685
step   6780 | loss = -1.2936 | g_L = +1.2936 | EMA = +1.3852 | std(g_L) = 1.3936 | grad = 0.2101
step   6800 | loss = -1.3407 | g_L = +1.3407 | EMA = +1.3701 | std(g_L) = 1.3314 | grad = 0.2662
step   6820 | loss = -1.4273 | g_L = +1.4273 | EMA = +1.3652 | std(g_L) = 1.1575 | grad = 0.1414
step   6840 | loss = -1.3893 | g_L = +1.3893 | EMA = +1.3676 | std(g_L) = 1.2641 | grad = 0.1939
step   6860 | loss = -1.4184 | g_L = +1.4184 | EMA = +1.3799 | std(g_L) = 1.2214 | grad = 0.1195
step   6880 | loss = -1.3449 | g_L = +1.3449 | EMA = +1.3733 | std(g_L) = 1.2099 | grad = 0.2252
step   6900 | loss = -1.4117 | g_L = +1.4117 | EMA = +1.3794 | std(g_L) = 1.1360 | grad = 0.1303
step   6920 | loss = -1.3169 | g_L = +1.3169 | EMA = +1.3640 | std(g_L) = 1.2620 | grad = 0.0884
step   6940 | loss = -1.4259 | g_L = +1.4259 | EMA = +1.3758 | std(g_L) = 1.1126 | grad = 0.2167
step   6960 | loss = -1.4108 | g_L = +1.4108 | EMA = +1.3788 | std(g_L) = 1.2672 | grad = 0.2213
step   6980 | loss = -1.3239 | g_L = +1.3239 | EMA = +1.3832 | std(g_L) = 1.1580 | grad = 0.1299
step   7000 | loss = -1.3169 | g_L = +1.3169 | EMA = +1.3769 | std(g_L) = 1.2940 | grad = 0.1688
step   7020 | loss = -1.4493 | g_L = +1.4493 | EMA = +1.3846 | std(g_L) = 1.1869 | grad = 0.2369
step   7040 | loss = -1.4700 | g_L = +1.4700 | EMA = +1.3985 | std(g_L) = 1.1433 | grad = 0.2979
step   7060 | loss = -1.3730 | g_L = +1.3730 | EMA = +1.3993 | std(g_L) = 1.2252 | grad = 0.1838
step   7080 | loss = -1.3168 | g_L = +1.3168 | EMA = +1.3888 | std(g_L) = 1.2852 | grad = 0.3576
step   7100 | loss = -1.4419 | g_L = +1.4419 | EMA = +1.3874 | std(g_L) = 1.3275 | grad = 0.3084
step   7120 | loss = -1.3126 | g_L = +1.3126 | EMA = +1.3987 | std(g_L) = 1.1921 | grad = 0.1344
step   7140 | loss = -1.4184 | g_L = +1.4184 | EMA = +1.3866 | std(g_L) = 1.1949 | grad = 0.0831
step   7160 | loss = -1.4100 | g_L = +1.4100 | EMA = +1.3910 | std(g_L) = 1.2010 | grad = 0.1363
step   7180 | loss = -1.3376 | g_L = +1.3376 | EMA = +1.3886 | std(g_L) = 1.3423 | grad = 0.2121
step   7200 | loss = -1.3859 | g_L = +1.3859 | EMA = +1.3889 | std(g_L) = 1.2048 | grad = 0.1942
step   7220 | loss = -1.3871 | g_L = +1.3871 | EMA = +1.3818 | std(g_L) = 1.3352 | grad = 0.1653
step   7240 | loss = -1.3228 | g_L = +1.3228 | EMA = +1.3819 | std(g_L) = 1.1286 | grad = 0.2285
step   7260 | loss = -1.3941 | g_L = +1.3941 | EMA = +1.3889 | std(g_L) = 1.2762 | grad = 0.3593
step   7280 | loss = -1.4301 | g_L = +1.4301 | EMA = +1.3874 | std(g_L) = 1.2985 | grad = 0.1840
step   7300 | loss = -1.4056 | g_L = +1.4056 | EMA = +1.3871 | std(g_L) = 1.2067 | grad = 0.2010
step   7320 | loss = -1.2934 | g_L = +1.2934 | EMA = +1.3651 | std(g_L) = 1.3557 | grad = 0.1509
step   7340 | loss = -1.3325 | g_L = +1.3325 | EMA = +1.3668 | std(g_L) = 1.3379 | grad = 0.1637
step   7360 | loss = -1.4805 | g_L = +1.4805 | EMA = +1.3885 | std(g_L) = 1.2243 | grad = 0.0996
step   7380 | loss = -1.3538 | g_L = +1.3538 | EMA = +1.3871 | std(g_L) = 1.2812 | grad = 0.2057
step   7400 | loss = -1.3289 | g_L = +1.3289 | EMA = +1.3692 | std(g_L) = 1.4675 | grad = 0.1172
step   7420 | loss = -1.4335 | g_L = +1.4335 | EMA = +1.3786 | std(g_L) = 1.1663 | grad = 0.0971
step   7440 | loss = -1.2910 | g_L = +1.2910 | EMA = +1.3813 | std(g_L) = 1.4866 | grad = 0.1872
step   7460 | loss = -1.2571 | g_L = +1.2571 | EMA = +1.3699 | std(g_L) = 1.4005 | grad = 0.2417
step   7480 | loss = -1.4226 | g_L = +1.4226 | EMA = +1.3887 | std(g_L) = 1.2349 | grad = 0.4235
step   7500 | loss = -1.3186 | g_L = +1.3186 | EMA = +1.3706 | std(g_L) = 1.2499 | grad = 0.1580
step   7520 | loss = -1.4596 | g_L = +1.4596 | EMA = +1.3949 | std(g_L) = 1.2446 | grad = 0.1696
step   7540 | loss = -1.3045 | g_L = +1.3045 | EMA = +1.3651 | std(g_L) = 1.3726 | grad = 0.1971
step   7560 | loss = -1.3542 | g_L = +1.3542 | EMA = +1.3706 | std(g_L) = 1.2207 | grad = 0.1180
step   7580 | loss = -1.4029 | g_L = +1.4029 | EMA = +1.3801 | std(g_L) = 1.2002 | grad = 0.1241
step   7600 | loss = -1.3696 | g_L = +1.3696 | EMA = +1.3876 | std(g_L) = 1.2447 | grad = 0.2785
step   7620 | loss = -1.4504 | g_L = +1.4504 | EMA = +1.3915 | std(g_L) = 1.1828 | grad = 0.2964
step   7640 | loss = -1.4297 | g_L = +1.4297 | EMA = +1.3897 | std(g_L) = 1.2223 | grad = 0.0942
step   7660 | loss = -1.4361 | g_L = +1.4361 | EMA = +1.3881 | std(g_L) = 1.2450 | grad = 0.2256
step   7680 | loss = -1.3259 | g_L = +1.3259 | EMA = +1.3758 | std(g_L) = 1.1794 | grad = 0.3350
step   7700 | loss = -1.4059 | g_L = +1.4059 | EMA = +1.3848 | std(g_L) = 1.1608 | grad = 0.1870
step   7720 | loss = -1.4816 | g_L = +1.4816 | EMA = +1.3878 | std(g_L) = 1.1653 | grad = 0.1814
step   7740 | loss = -1.3824 | g_L = +1.3824 | EMA = +1.3932 | std(g_L) = 1.2322 | grad = 0.2100
step   7760 | loss = -1.3853 | g_L = +1.3853 | EMA = +1.3759 | std(g_L) = 1.2600 | grad = 0.2265
step   7780 | loss = -1.3729 | g_L = +1.3729 | EMA = +1.3815 | std(g_L) = 1.2294 | grad = 0.1880
step   7800 | loss = -1.3293 | g_L = +1.3293 | EMA = +1.3657 | std(g_L) = 1.3568 | grad = 0.1174
step   7820 | loss = -1.4024 | g_L = +1.4024 | EMA = +1.3832 | std(g_L) = 1.3075 | grad = 0.1850
step   7840 | loss = -1.3649 | g_L = +1.3649 | EMA = +1.3728 | std(g_L) = 1.2184 | grad = 0.3162
step   7860 | loss = -1.3785 | g_L = +1.3785 | EMA = +1.3847 | std(g_L) = 1.1501 | grad = 0.2276
step   7880 | loss = -1.3858 | g_L = +1.3858 | EMA = +1.3758 | std(g_L) = 1.2845 | grad = 0.2735
step   7900 | loss = -1.4279 | g_L = +1.4279 | EMA = +1.3952 | std(g_L) = 1.2003 | grad = 0.2167
step   7920 | loss = -1.4834 | g_L = +1.4834 | EMA = +1.3806 | std(g_L) = 1.1590 | grad = 0.1418
step   7940 | loss = -1.3360 | g_L = +1.3360 | EMA = +1.3838 | std(g_L) = 1.2910 | grad = 0.1520
step   7960 | loss = -1.4202 | g_L = +1.4202 | EMA = +1.3879 | std(g_L) = 1.1745 | grad = 0.1653
step   7980 | loss = -1.3606 | g_L = +1.3606 | EMA = +1.3847 | std(g_L) = 1.2418 | grad = 0.1528
step   8000 | loss = -1.4092 | g_L = +1.4092 | EMA = +1.3754 | std(g_L) = 1.1924 | grad = 0.1794
step   8020 | loss = -1.4961 | g_L = +1.4961 | EMA = +1.3832 | std(g_L) = 1.1147 | grad = 0.0894
step   8040 | loss = -1.4561 | g_L = +1.4561 | EMA = +1.3892 | std(g_L) = 1.3179 | grad = 0.2215
step   8060 | loss = -1.3588 | g_L = +1.3588 | EMA = +1.3899 | std(g_L) = 1.4487 | grad = 0.1617
step   8080 | loss = -1.3327 | g_L = +1.3327 | EMA = +1.3821 | std(g_L) = 1.1944 | grad = 0.2590
step   8100 | loss = -1.2881 | g_L = +1.2881 | EMA = +1.3898 | std(g_L) = 1.4089 | grad = 0.2235
step   8120 | loss = -1.2716 | g_L = +1.2716 | EMA = +1.3770 | std(g_L) = 1.3322 | grad = 0.1949
step   8140 | loss = -1.4666 | g_L = +1.4666 | EMA = +1.3940 | std(g_L) = 1.3026 | grad = 0.2112
step   8160 | loss = -1.4256 | g_L = +1.4256 | EMA = +1.3915 | std(g_L) = 1.0998 | grad = 0.1445
step   8180 | loss = -1.3361 | g_L = +1.3361 | EMA = +1.4005 | std(g_L) = 1.2499 | grad = 0.2564
step   8200 | loss = -1.3347 | g_L = +1.3347 | EMA = +1.3919 | std(g_L) = 1.2064 | grad = 0.1722
step   8220 | loss = -1.4120 | g_L = +1.4120 | EMA = +1.3872 | std(g_L) = 1.2045 | grad = 0.3323
step   8240 | loss = -1.4847 | g_L = +1.4847 | EMA = +1.3933 | std(g_L) = 1.1096 | grad = 0.0843
step   8260 | loss = -1.5031 | g_L = +1.5031 | EMA = +1.3913 | std(g_L) = 1.1117 | grad = 0.1557
step   8280 | loss = -1.3879 | g_L = +1.3879 | EMA = +1.3832 | std(g_L) = 1.3106 | grad = 0.0998
step   8300 | loss = -1.3451 | g_L = +1.3451 | EMA = +1.3954 | std(g_L) = 1.5037 | grad = 0.2781
step   8320 | loss = -1.4380 | g_L = +1.4380 | EMA = +1.3882 | std(g_L) = 1.2232 | grad = 0.2192
step   8340 | loss = -1.3573 | g_L = +1.3573 | EMA = +1.3878 | std(g_L) = 1.2132 | grad = 0.1184
step   8360 | loss = -1.3879 | g_L = +1.3879 | EMA = +1.3843 | std(g_L) = 1.2457 | grad = 0.0706
step   8380 | loss = -1.4682 | g_L = +1.4682 | EMA = +1.3975 | std(g_L) = 1.0999 | grad = 0.1957
step   8400 | loss = -1.3649 | g_L = +1.3649 | EMA = +1.4020 | std(g_L) = 1.3297 | grad = 0.2088
step   8420 | loss = -1.3307 | g_L = +1.3307 | EMA = +1.3871 | std(g_L) = 1.2725 | grad = 0.1291
step   8440 | loss = -1.3668 | g_L = +1.3668 | EMA = +1.3878 | std(g_L) = 1.2630 | grad = 0.1344
step   8460 | loss = -1.3552 | g_L = +1.3552 | EMA = +1.3802 | std(g_L) = 1.3028 | grad = 0.3120
step   8480 | loss = -1.2938 | g_L = +1.2938 | EMA = +1.3776 | std(g_L) = 1.3030 | grad = 0.1915
step   8500 | loss = -1.3958 | g_L = +1.3958 | EMA = +1.3830 | std(g_L) = 1.3289 | grad = 0.1636
step   8520 | loss = -1.4047 | g_L = +1.4047 | EMA = +1.3838 | std(g_L) = 1.2317 | grad = 0.1267
step   8540 | loss = -1.4621 | g_L = +1.4621 | EMA = +1.3845 | std(g_L) = 1.1199 | grad = 0.1796
step   8560 | loss = -1.3918 | g_L = +1.3918 | EMA = +1.3840 | std(g_L) = 1.2839 | grad = 0.2025
step   8580 | loss = -1.3593 | g_L = +1.3593 | EMA = +1.3895 | std(g_L) = 1.3200 | grad = 0.1396
step   8600 | loss = -1.3812 | g_L = +1.3812 | EMA = +1.3983 | std(g_L) = 1.2829 | grad = 0.2712
step   8620 | loss = -1.3194 | g_L = +1.3194 | EMA = +1.3705 | std(g_L) = 1.4990 | grad = 0.1320
step   8640 | loss = -1.3811 | g_L = +1.3811 | EMA = +1.3964 | std(g_L) = 1.3451 | grad = 0.1640
step   8660 | loss = -1.3052 | g_L = +1.3052 | EMA = +1.3996 | std(g_L) = 1.4160 | grad = 0.3063
step   8680 | loss = -1.2940 | g_L = +1.2940 | EMA = +1.3982 | std(g_L) = 1.2581 | grad = 0.4065
step   8700 | loss = -1.4186 | g_L = +1.4186 | EMA = +1.3924 | std(g_L) = 1.1357 | grad = 0.1962
step   8720 | loss = -1.4054 | g_L = +1.4054 | EMA = +1.3912 | std(g_L) = 1.3200 | grad = 0.3663
step   8740 | loss = -1.3645 | g_L = +1.3645 | EMA = +1.3770 | std(g_L) = 1.3160 | grad = 0.2516
step   8760 | loss = -1.3437 | g_L = +1.3437 | EMA = +1.3744 | std(g_L) = 1.4080 | grad = 0.2900
step   8780 | loss = -1.2341 | g_L = +1.2341 | EMA = +1.3636 | std(g_L) = 1.3715 | grad = 0.1797
step   8800 | loss = -1.2068 | g_L = +1.2068 | EMA = +1.3704 | std(g_L) = 1.4416 | grad = 0.1984
step   8820 | loss = -1.4448 | g_L = +1.4448 | EMA = +1.3754 | std(g_L) = 1.2953 | grad = 0.1578
step   8840 | loss = -1.4003 | g_L = +1.4003 | EMA = +1.3854 | std(g_L) = 1.2509 | grad = 0.1071
step   8860 | loss = -1.5225 | g_L = +1.5225 | EMA = +1.3977 | std(g_L) = 1.1216 | grad = 0.2074
step   8880 | loss = -1.3856 | g_L = +1.3856 | EMA = +1.3876 | std(g_L) = 1.1815 | grad = 0.1727
step   8900 | loss = -1.4170 | g_L = +1.4170 | EMA = +1.3994 | std(g_L) = 1.2378 | grad = 0.1109
step   8920 | loss = -1.3780 | g_L = +1.3780 | EMA = +1.3848 | std(g_L) = 1.0975 | grad = 0.1701
step   8940 | loss = -1.3491 | g_L = +1.3491 | EMA = +1.3783 | std(g_L) = 1.3044 | grad = 0.1316
step   8960 | loss = -1.4573 | g_L = +1.4573 | EMA = +1.3856 | std(g_L) = 1.3291 | grad = 0.2806
step   8980 | loss = -1.3664 | g_L = +1.3664 | EMA = +1.3933 | std(g_L) = 1.3977 | grad = 0.1443
step   9000 | loss = -1.4084 | g_L = +1.4084 | EMA = +1.3885 | std(g_L) = 1.2183 | grad = 0.1663
step   9020 | loss = -1.3034 | g_L = +1.3034 | EMA = +1.3954 | std(g_L) = 1.2919 | grad = 0.3590
step   9040 | loss = -1.3548 | g_L = +1.3548 | EMA = +1.3825 | std(g_L) = 1.4107 | grad = 0.2199
step   9060 | loss = -1.4486 | g_L = +1.4486 | EMA = +1.3986 | std(g_L) = 1.1704 | grad = 0.1196
step   9080 | loss = -1.2246 | g_L = +1.2246 | EMA = +1.3805 | std(g_L) = 1.6780 | grad = 0.2077
step   9100 | loss = -1.5230 | g_L = +1.5230 | EMA = +1.3837 | std(g_L) = 1.3413 | grad = 0.1717
step   9120 | loss = -1.3234 | g_L = +1.3234 | EMA = +1.3883 | std(g_L) = 1.4328 | grad = 0.1431
step   9140 | loss = -1.4283 | g_L = +1.4283 | EMA = +1.3717 | std(g_L) = 1.1159 | grad = 0.1217
step   9160 | loss = -1.4173 | g_L = +1.4173 | EMA = +1.3711 | std(g_L) = 1.2289 | grad = 0.0859
step   9180 | loss = -1.2254 | g_L = +1.2254 | EMA = +1.3731 | std(g_L) = 1.4262 | grad = 0.1796
step   9200 | loss = -1.3284 | g_L = +1.3284 | EMA = +1.3629 | std(g_L) = 1.2116 | grad = 0.3344
step   9220 | loss = -1.3542 | g_L = +1.3542 | EMA = +1.3835 | std(g_L) = 1.3426 | grad = 0.1352
step   9240 | loss = -1.4265 | g_L = +1.4265 | EMA = +1.3952 | std(g_L) = 1.1792 | grad = 0.3415
step   9260 | loss = -1.5006 | g_L = +1.5006 | EMA = +1.3787 | std(g_L) = 1.1812 | grad = 0.1691
step   9280 | loss = -1.4425 | g_L = +1.4425 | EMA = +1.3830 | std(g_L) = 1.2123 | grad = 0.3326
step   9300 | loss = -1.3835 | g_L = +1.3835 | EMA = +1.3880 | std(g_L) = 1.3104 | grad = 0.1365
step   9320 | loss = -1.4003 | g_L = +1.4003 | EMA = +1.3805 | std(g_L) = 1.1864 | grad = 0.2596
step   9340 | loss = -1.3855 | g_L = +1.3855 | EMA = +1.3871 | std(g_L) = 1.3873 | grad = 0.2446
step   9360 | loss = -1.3848 | g_L = +1.3848 | EMA = +1.3815 | std(g_L) = 1.2211 | grad = 0.2204
step   9380 | loss = -1.4070 | g_L = +1.4070 | EMA = +1.3770 | std(g_L) = 1.1410 | grad = 0.2567
step   9400 | loss = -1.3671 | g_L = +1.3671 | EMA = +1.3918 | std(g_L) = 1.3598 | grad = 0.1083
step   9420 | loss = -1.3766 | g_L = +1.3766 | EMA = +1.3795 | std(g_L) = 1.4051 | grad = 0.1416
step   9440 | loss = -1.3984 | g_L = +1.3984 | EMA = +1.3712 | std(g_L) = 1.1461 | grad = 0.1886
step   9460 | loss = -1.4776 | g_L = +1.4776 | EMA = +1.3901 | std(g_L) = 1.0545 | grad = 0.0982
step   9480 | loss = -1.2974 | g_L = +1.2974 | EMA = +1.3650 | std(g_L) = 1.3414 | grad = 0.3259
step   9500 | loss = -1.3113 | g_L = +1.3113 | EMA = +1.3767 | std(g_L) = 1.3192 | grad = 0.2328
step   9520 | loss = -1.2227 | g_L = +1.2227 | EMA = +1.3607 | std(g_L) = 1.4049 | grad = 0.2809
step   9540 | loss = -1.3764 | g_L = +1.3764 | EMA = +1.3791 | std(g_L) = 1.3075 | grad = 0.1902
step   9560 | loss = -1.4188 | g_L = +1.4188 | EMA = +1.3907 | std(g_L) = 1.1866 | grad = 0.1279
step   9580 | loss = -1.3584 | g_L = +1.3584 | EMA = +1.3892 | std(g_L) = 1.3145 | grad = 0.0985
step   9600 | loss = -1.3347 | g_L = +1.3347 | EMA = +1.3937 | std(g_L) = 1.2887 | grad = 0.2715
step   9620 | loss = -1.3826 | g_L = +1.3826 | EMA = +1.3929 | std(g_L) = 1.3142 | grad = 0.2764
step   9640 | loss = -1.5104 | g_L = +1.5104 | EMA = +1.3958 | std(g_L) = 1.2093 | grad = 0.2147
step   9660 | loss = -1.3142 | g_L = +1.3142 | EMA = +1.3933 | std(g_L) = 1.2189 | grad = 0.1624
step   9680 | loss = -1.4342 | g_L = +1.4342 | EMA = +1.3860 | std(g_L) = 1.1552 | grad = 0.1627
step   9700 | loss = -1.3206 | g_L = +1.3206 | EMA = +1.3847 | std(g_L) = 1.3082 | grad = 0.2757
step   9720 | loss = -1.3600 | g_L = +1.3600 | EMA = +1.3808 | std(g_L) = 1.1616 | grad = 0.2607
step   9740 | loss = -1.3691 | g_L = +1.3691 | EMA = +1.3855 | std(g_L) = 1.3607 | grad = 0.2703
step   9760 | loss = -1.3010 | g_L = +1.3010 | EMA = +1.3767 | std(g_L) = 1.4948 | grad = 0.3075
step   9780 | loss = -1.4054 | g_L = +1.4054 | EMA = +1.3923 | std(g_L) = 1.2317 | grad = 0.1599
step   9800 | loss = -1.3229 | g_L = +1.3229 | EMA = +1.3898 | std(g_L) = 1.3135 | grad = 0.2918
step   9820 | loss = -1.3498 | g_L = +1.3498 | EMA = +1.3945 | std(g_L) = 1.3117 | grad = 0.2268
step   9840 | loss = -1.3969 | g_L = +1.3969 | EMA = +1.3850 | std(g_L) = 1.1869 | grad = 0.2943
step   9860 | loss = -1.4222 | g_L = +1.4222 | EMA = +1.3951 | std(g_L) = 1.1864 | grad = 0.1066
step   9880 | loss = -1.3865 | g_L = +1.3865 | EMA = +1.3925 | std(g_L) = 1.1346 | grad = 0.1246
step   9900 | loss = -1.4409 | g_L = +1.4409 | EMA = +1.3969 | std(g_L) = 1.1071 | grad = 0.1175
step   9920 | loss = -1.4209 | g_L = +1.4209 | EMA = +1.3927 | std(g_L) = 1.1240 | grad = 0.3016
step   9940 | loss = -1.4537 | g_L = +1.4537 | EMA = +1.3914 | std(g_L) = 1.1072 | grad = 0.2527
step   9960 | loss = -1.3524 | g_L = +1.3524 | EMA = +1.3895 | std(g_L) = 1.3537 | grad = 0.0889
step   9980 | loss = -1.3553 | g_L = +1.3553 | EMA = +1.3677 | std(g_L) = 1.1818 | grad = 0.3188
step  10000 | loss = -1.2720 | g_L = +1.2720 | EMA = +1.3722 | std(g_L) = 1.4184 | grad = 0.1500
step  10020 | loss = -1.3555 | g_L = +1.3555 | EMA = +1.3801 | std(g_L) = 1.1995 | grad = 0.1079
step  10040 | loss = -1.3752 | g_L = +1.3752 | EMA = +1.3976 | std(g_L) = 1.2040 | grad = 0.1138
step  10060 | loss = -1.4551 | g_L = +1.4551 | EMA = +1.3912 | std(g_L) = 1.2492 | grad = 0.3822
step  10080 | loss = -1.3631 | g_L = +1.3631 | EMA = +1.3925 | std(g_L) = 1.1569 | grad = 0.2061
step  10100 | loss = -1.3683 | g_L = +1.3683 | EMA = +1.3931 | std(g_L) = 1.2101 | grad = 0.1679
step  10120 | loss = -1.3972 | g_L = +1.3972 | EMA = +1.3966 | std(g_L) = 1.2473 | grad = 0.3399
step  10140 | loss = -1.4335 | g_L = +1.4335 | EMA = +1.3889 | std(g_L) = 1.2745 | grad = 0.1157
step  10160 | loss = -1.4124 | g_L = +1.4124 | EMA = +1.3870 | std(g_L) = 1.2001 | grad = 0.2530
step  10180 | loss = -1.4080 | g_L = +1.4080 | EMA = +1.3993 | std(g_L) = 1.2003 | grad = 0.1732
step  10200 | loss = -1.4061 | g_L = +1.4061 | EMA = +1.3866 | std(g_L) = 1.2603 | grad = 0.1298
step  10220 | loss = -1.3800 | g_L = +1.3800 | EMA = +1.3852 | std(g_L) = 1.2823 | grad = 0.0750
step  10240 | loss = -1.3995 | g_L = +1.3995 | EMA = +1.3761 | std(g_L) = 1.2709 | grad = 0.2340
step  10260 | loss = -1.3329 | g_L = +1.3329 | EMA = +1.3796 | std(g_L) = 1.3279 | grad = 0.1193
step  10280 | loss = -1.4222 | g_L = +1.4222 | EMA = +1.3757 | std(g_L) = 1.2066 | grad = 0.0781
step  10300 | loss = -1.3971 | g_L = +1.3971 | EMA = +1.3825 | std(g_L) = 1.2347 | grad = 0.0848
step  10320 | loss = -1.4059 | g_L = +1.4059 | EMA = +1.3845 | std(g_L) = 1.1426 | grad = 0.2044
step  10340 | loss = -1.4695 | g_L = +1.4695 | EMA = +1.3987 | std(g_L) = 1.1794 | grad = 0.4863
step  10360 | loss = -1.3889 | g_L = +1.3889 | EMA = +1.3929 | std(g_L) = 1.3099 | grad = 0.1936
step  10380 | loss = -1.3737 | g_L = +1.3737 | EMA = +1.3786 | std(g_L) = 1.4810 | grad = 0.1557
step  10400 | loss = -1.2943 | g_L = +1.2943 | EMA = +1.3817 | std(g_L) = 1.2986 | grad = 0.1995
step  10420 | loss = -1.3848 | g_L = +1.3848 | EMA = +1.3987 | std(g_L) = 1.1857 | grad = 0.2321
step  10440 | loss = -1.3892 | g_L = +1.3892 | EMA = +1.3842 | std(g_L) = 1.3489 | grad = 0.1944
step  10460 | loss = -1.4129 | g_L = +1.4129 | EMA = +1.3934 | std(g_L) = 1.3068 | grad = 0.1968
step  10480 | loss = -1.3833 | g_L = +1.3833 | EMA = +1.3820 | std(g_L) = 1.4505 | grad = 0.1605
step  10500 | loss = -1.3811 | g_L = +1.3811 | EMA = +1.3831 | std(g_L) = 1.1599 | grad = 0.1630
step  10520 | loss = -1.3854 | g_L = +1.3854 | EMA = +1.3782 | std(g_L) = 1.1924 | grad = 0.3389
step  10540 | loss = -1.3761 | g_L = +1.3761 | EMA = +1.3815 | std(g_L) = 1.2473 | grad = 0.1700
step  10560 | loss = -1.4121 | g_L = +1.4121 | EMA = +1.3851 | std(g_L) = 1.1627 | grad = 0.1543
step  10580 | loss = -1.3965 | g_L = +1.3965 | EMA = +1.3904 | std(g_L) = 1.2699 | grad = 0.2273
step  10600 | loss = -1.3896 | g_L = +1.3896 | EMA = +1.3782 | std(g_L) = 1.2393 | grad = 0.3053
step  10620 | loss = -1.3809 | g_L = +1.3809 | EMA = +1.3907 | std(g_L) = 1.1727 | grad = 0.2547
step  10640 | loss = -1.4135 | g_L = +1.4135 | EMA = +1.3972 | std(g_L) = 1.1342 | grad = 0.1728
step  10660 | loss = -1.3922 | g_L = +1.3922 | EMA = +1.3914 | std(g_L) = 1.0870 | grad = 0.2852
step  10680 | loss = -1.4869 | g_L = +1.4869 | EMA = +1.3946 | std(g_L) = 1.1621 | grad = 0.1443
step  10700 | loss = -1.4629 | g_L = +1.4629 | EMA = +1.4016 | std(g_L) = 1.1222 | grad = 0.1609
step  10720 | loss = -1.4242 | g_L = +1.4242 | EMA = +1.4064 | std(g_L) = 1.2888 | grad = 0.1505
step  10740 | loss = -1.3362 | g_L = +1.3362 | EMA = +1.3988 | std(g_L) = 1.1933 | grad = 0.2368
step  10760 | loss = -1.3754 | g_L = +1.3754 | EMA = +1.3941 | std(g_L) = 1.2951 | grad = 0.1707
step  10780 | loss = -1.3162 | g_L = +1.3162 | EMA = +1.3938 | std(g_L) = 1.4883 | grad = 0.3261
step  10800 | loss = -1.3440 | g_L = +1.3440 | EMA = +1.3857 | std(g_L) = 1.2961 | grad = 0.1319
step  10820 | loss = -1.3014 | g_L = +1.3014 | EMA = +1.3906 | std(g_L) = 1.4449 | grad = 0.1919
step  10840 | loss = -1.4311 | g_L = +1.4311 | EMA = +1.4038 | std(g_L) = 1.1237 | grad = 0.1812
step  10860 | loss = -1.3117 | g_L = +1.3117 | EMA = +1.3825 | std(g_L) = 1.2504 | grad = 0.2901
step  10880 | loss = -1.3781 | g_L = +1.3781 | EMA = +1.3854 | std(g_L) = 1.3069 | grad = 0.1174
step  10900 | loss = -1.4361 | g_L = +1.4361 | EMA = +1.3982 | std(g_L) = 1.3147 | grad = 0.1426
step  10920 | loss = -1.3145 | g_L = +1.3145 | EMA = +1.3773 | std(g_L) = 1.5708 | grad = 0.3745
step  10940 | loss = -1.2778 | g_L = +1.2778 | EMA = +1.3755 | std(g_L) = 1.2306 | grad = 0.1927
step  10960 | loss = -1.3625 | g_L = +1.3625 | EMA = +1.3860 | std(g_L) = 1.2502 | grad = 0.1807
step  10980 | loss = -1.4009 | g_L = +1.4009 | EMA = +1.4033 | std(g_L) = 1.2467 | grad = 0.0751
step  11000 | loss = -1.4566 | g_L = +1.4566 | EMA = +1.4104 | std(g_L) = 1.2258 | grad = 0.1235
step  11020 | loss = -1.3722 | g_L = +1.3722 | EMA = +1.3862 | std(g_L) = 1.2912 | grad = 0.2751
step  11040 | loss = -1.4328 | g_L = +1.4328 | EMA = +1.3813 | std(g_L) = 1.4412 | grad = 0.1615
step  11060 | loss = -1.4443 | g_L = +1.4443 | EMA = +1.3832 | std(g_L) = 1.2059 | grad = 0.2238
step  11080 | loss = -1.4208 | g_L = +1.4208 | EMA = +1.3843 | std(g_L) = 1.2924 | grad = 0.1266
step  11100 | loss = -1.3932 | g_L = +1.3932 | EMA = +1.3921 | std(g_L) = 1.1301 | grad = 0.2758
step  11120 | loss = -1.4266 | g_L = +1.4266 | EMA = +1.3981 | std(g_L) = 1.2628 | grad = 0.3115
step  11140 | loss = -1.3994 | g_L = +1.3994 | EMA = +1.4086 | std(g_L) = 1.1654 | grad = 0.1627
step  11160 | loss = -1.4634 | g_L = +1.4634 | EMA = +1.4043 | std(g_L) = 1.2369 | grad = 0.2824
step  11180 | loss = -1.3608 | g_L = +1.3608 | EMA = +1.3901 | std(g_L) = 1.1905 | grad = 0.2538
step  11200 | loss = -1.3685 | g_L = +1.3685 | EMA = +1.3943 | std(g_L) = 1.2635 | grad = 0.3100
step  11220 | loss = -1.4165 | g_L = +1.4165 | EMA = +1.3808 | std(g_L) = 1.2359 | grad = 0.1710
step  11240 | loss = -1.4393 | g_L = +1.4393 | EMA = +1.3825 | std(g_L) = 1.1531 | grad = 0.1984
step  11260 | loss = -1.3739 | g_L = +1.3739 | EMA = +1.3928 | std(g_L) = 1.3525 | grad = 0.1561
step  11280 | loss = -1.3445 | g_L = +1.3445 | EMA = +1.3947 | std(g_L) = 1.4270 | grad = 0.1951
step  11300 | loss = -1.3292 | g_L = +1.3292 | EMA = +1.3907 | std(g_L) = 1.3539 | grad = 0.1647
step  11320 | loss = -1.3841 | g_L = +1.3841 | EMA = +1.3891 | std(g_L) = 1.2516 | grad = 0.0723
step  11340 | loss = -1.3184 | g_L = +1.3184 | EMA = +1.3760 | std(g_L) = 1.2067 | grad = 0.2096
step  11360 | loss = -1.3455 | g_L = +1.3455 | EMA = +1.3751 | std(g_L) = 1.2444 | grad = 0.1539
step  11380 | loss = -1.3504 | g_L = +1.3504 | EMA = +1.3815 | std(g_L) = 1.3376 | grad = 0.1719
step  11400 | loss = -1.3588 | g_L = +1.3588 | EMA = +1.4001 | std(g_L) = 1.3988 | grad = 0.2313
step  11420 | loss = -1.4676 | g_L = +1.4676 | EMA = +1.3950 | std(g_L) = 1.1276 | grad = 0.2876
step  11440 | loss = -1.4123 | g_L = +1.4123 | EMA = +1.3935 | std(g_L) = 1.2438 | grad = 0.1794
step  11460 | loss = -1.3531 | g_L = +1.3531 | EMA = +1.3960 | std(g_L) = 1.2835 | grad = 0.1943
step  11480 | loss = -1.3849 | g_L = +1.3849 | EMA = +1.3823 | std(g_L) = 1.2221 | grad = 0.3096
step  11500 | loss = -1.2807 | g_L = +1.2807 | EMA = +1.3646 | std(g_L) = 1.3955 | grad = 0.2018
step  11520 | loss = -1.3445 | g_L = +1.3445 | EMA = +1.3772 | std(g_L) = 1.2293 | grad = 0.1908
step  11540 | loss = -1.3583 | g_L = +1.3583 | EMA = +1.3923 | std(g_L) = 1.2633 | grad = 0.2294
step  11560 | loss = -1.3535 | g_L = +1.3535 | EMA = +1.3876 | std(g_L) = 1.3098 | grad = 0.0899
step  11580 | loss = -1.3243 | g_L = +1.3243 | EMA = +1.3889 | std(g_L) = 1.6121 | grad = 0.3591
step  11600 | loss = -1.4673 | g_L = +1.4673 | EMA = +1.3932 | std(g_L) = 1.2225 | grad = 0.2005
step  11620 | loss = -1.4435 | g_L = +1.4435 | EMA = +1.3913 | std(g_L) = 1.0835 | grad = 0.1295
step  11640 | loss = -1.4012 | g_L = +1.4012 | EMA = +1.3907 | std(g_L) = 1.1873 | grad = 0.4504
step  11660 | loss = -1.3712 | g_L = +1.3712 | EMA = +1.3835 | std(g_L) = 1.2575 | grad = 0.3280
step  11680 | loss = -1.5280 | g_L = +1.5280 | EMA = +1.3914 | std(g_L) = 1.1072 | grad = 0.1663
step  11700 | loss = -1.4073 | g_L = +1.4073 | EMA = +1.3928 | std(g_L) = 1.2138 | grad = 0.4456
step  11720 | loss = -1.5311 | g_L = +1.5311 | EMA = +1.4063 | std(g_L) = 1.1605 | grad = 0.1470
step  11740 | loss = -1.3536 | g_L = +1.3536 | EMA = +1.4088 | std(g_L) = 1.4090 | grad = 0.3419
step  11760 | loss = -1.4110 | g_L = +1.4110 | EMA = +1.3949 | std(g_L) = 1.2813 | grad = 0.1509
step  11780 | loss = -1.3021 | g_L = +1.3021 | EMA = +1.3900 | std(g_L) = 1.3315 | grad = 0.3537
step  11800 | loss = -1.3955 | g_L = +1.3955 | EMA = +1.4014 | std(g_L) = 1.3192 | grad = 0.2174
step  11820 | loss = -1.4328 | g_L = +1.4328 | EMA = +1.4064 | std(g_L) = 1.2884 | grad = 0.1909
step  11840 | loss = -1.4141 | g_L = +1.4141 | EMA = +1.4019 | std(g_L) = 1.1929 | grad = 0.2979
step  11860 | loss = -1.3976 | g_L = +1.3976 | EMA = +1.4004 | std(g_L) = 1.1815 | grad = 0.2521
step  11880 | loss = -1.3517 | g_L = +1.3517 | EMA = +1.3999 | std(g_L) = 1.4110 | grad = 0.1897
step  11900 | loss = -1.3670 | g_L = +1.3670 | EMA = +1.3860 | std(g_L) = 1.2146 | grad = 0.2063
step  11920 | loss = -1.3919 | g_L = +1.3919 | EMA = +1.3931 | std(g_L) = 1.3293 | grad = 0.2609
step  11940 | loss = -1.4807 | g_L = +1.4807 | EMA = +1.4036 | std(g_L) = 1.1066 | grad = 0.2558
step  11960 | loss = -1.4856 | g_L = +1.4856 | EMA = +1.4036 | std(g_L) = 1.1974 | grad = 0.3511
step  11980 | loss = -1.4024 | g_L = +1.4024 | EMA = +1.4103 | std(g_L) = 1.3061 | grad = 0.3056
step  12000 | loss = -1.3698 | g_L = +1.3698 | EMA = +1.4077 | std(g_L) = 1.2172 | grad = 0.2617
step  12020 | loss = -1.4032 | g_L = +1.4032 | EMA = +1.3929 | std(g_L) = 1.2218 | grad = 0.2156
step  12040 | loss = -1.4463 | g_L = +1.4463 | EMA = +1.3955 | std(g_L) = 1.1630 | grad = 0.2273
step  12060 | loss = -1.3947 | g_L = +1.3947 | EMA = +1.3954 | std(g_L) = 1.2192 | grad = 0.2358
step  12080 | loss = -1.3326 | g_L = +1.3326 | EMA = +1.3859 | std(g_L) = 1.3800 | grad = 0.2293
step  12100 | loss = -1.2989 | g_L = +1.2989 | EMA = +1.3784 | std(g_L) = 1.2862 | grad = 0.3092
step  12120 | loss = -1.4070 | g_L = +1.4070 | EMA = +1.3905 | std(g_L) = 1.1591 | grad = 0.2861
step  12140 | loss = -1.4017 | g_L = +1.4017 | EMA = +1.3828 | std(g_L) = 1.1521 | grad = 0.1643
step  12160 | loss = -1.3578 | g_L = +1.3578 | EMA = +1.3849 | std(g_L) = 1.2517 | grad = 0.1935
step  12180 | loss = -1.3331 | g_L = +1.3331 | EMA = +1.3916 | std(g_L) = 1.2712 | grad = 0.1435
step  12200 | loss = -1.4812 | g_L = +1.4812 | EMA = +1.3840 | std(g_L) = 1.1516 | grad = 0.1442
step  12220 | loss = -1.4392 | g_L = +1.4392 | EMA = +1.4078 | std(g_L) = 1.2643 | grad = 0.1574
step  12240 | loss = -1.3425 | g_L = +1.3425 | EMA = +1.3957 | std(g_L) = 1.3192 | grad = 0.2994
step  12260 | loss = -1.3023 | g_L = +1.3023 | EMA = +1.3829 | std(g_L) = 1.3269 | grad = 0.1143
step  12280 | loss = -1.3665 | g_L = +1.3665 | EMA = +1.3894 | std(g_L) = 1.2511 | grad = 0.2415
step  12300 | loss = -1.4328 | g_L = +1.4328 | EMA = +1.3992 | std(g_L) = 1.2772 | grad = 0.1886
step  12320 | loss = -1.4143 | g_L = +1.4143 | EMA = +1.3849 | std(g_L) = 1.3917 | grad = 0.1710
step  12340 | loss = -1.3442 | g_L = +1.3442 | EMA = +1.3959 | std(g_L) = 1.3069 | grad = 0.2651
step  12360 | loss = -1.4511 | g_L = +1.4511 | EMA = +1.3883 | std(g_L) = 1.2306 | grad = 0.2763
step  12380 | loss = -1.3431 | g_L = +1.3431 | EMA = +1.3891 | std(g_L) = 1.3608 | grad = 0.1780
step  12400 | loss = -1.3837 | g_L = +1.3837 | EMA = +1.4052 | std(g_L) = 1.1459 | grad = 0.1102
step  12420 | loss = -1.4061 | g_L = +1.4061 | EMA = +1.3993 | std(g_L) = 1.5188 | grad = 0.1403
step  12440 | loss = -1.4000 | g_L = +1.4000 | EMA = +1.3978 | std(g_L) = 1.2885 | grad = 0.2085
step  12460 | loss = -1.3826 | g_L = +1.3826 | EMA = +1.3986 | std(g_L) = 1.2767 | grad = 0.3198
step  12480 | loss = -1.3008 | g_L = +1.3008 | EMA = +1.3913 | std(g_L) = 1.2122 | grad = 0.2541
step  12500 | loss = -1.4082 | g_L = +1.4082 | EMA = +1.3837 | std(g_L) = 1.1625 | grad = 0.1027
step  12520 | loss = -1.2788 | g_L = +1.2788 | EMA = +1.3938 | std(g_L) = 1.3759 | grad = 0.1738
step  12540 | loss = -1.4624 | g_L = +1.4624 | EMA = +1.4096 | std(g_L) = 1.1540 | grad = 0.1564
step  12560 | loss = -1.3361 | g_L = +1.3361 | EMA = +1.3935 | std(g_L) = 1.4015 | grad = 0.1706
step  12580 | loss = -1.3955 | g_L = +1.3955 | EMA = +1.4042 | std(g_L) = 1.2557 | grad = 0.1991
step  12600 | loss = -1.4424 | g_L = +1.4424 | EMA = +1.4054 | std(g_L) = 1.1728 | grad = 0.2568
step  12620 | loss = -1.3948 | g_L = +1.3948 | EMA = +1.4032 | std(g_L) = 1.2282 | grad = 0.2563
step  12640 | loss = -1.4008 | g_L = +1.4008 | EMA = +1.4053 | std(g_L) = 1.2677 | grad = 0.2473
step  12660 | loss = -1.3622 | g_L = +1.3622 | EMA = +1.3935 | std(g_L) = 1.3732 | grad = 0.2831
step  12680 | loss = -1.4252 | g_L = +1.4252 | EMA = +1.4008 | std(g_L) = 1.1927 | grad = 0.0827
step  12700 | loss = -1.3725 | g_L = +1.3725 | EMA = +1.3910 | std(g_L) = 1.3114 | grad = 0.5535
step  12720 | loss = -1.2852 | g_L = +1.2852 | EMA = +1.3947 | std(g_L) = 1.3772 | grad = 0.1432
step  12740 | loss = -1.2349 | g_L = +1.2349 | EMA = +1.3963 | std(g_L) = 1.6653 | grad = 0.1171
step  12760 | loss = -1.3752 | g_L = +1.3752 | EMA = +1.4036 | std(g_L) = 1.3620 | grad = 0.3419
step  12780 | loss = -1.4314 | g_L = +1.4314 | EMA = +1.4015 | std(g_L) = 1.1427 | grad = 0.3961
step  12800 | loss = -1.4213 | g_L = +1.4213 | EMA = +1.4054 | std(g_L) = 1.3427 | grad = 0.2506
step  12820 | loss = -1.4317 | g_L = +1.4317 | EMA = +1.3989 | std(g_L) = 1.2040 | grad = 0.2950
step  12840 | loss = -1.3842 | g_L = +1.3842 | EMA = +1.3994 | std(g_L) = 1.3852 | grad = 0.2356
step  12860 | loss = -1.3152 | g_L = +1.3152 | EMA = +1.4089 | std(g_L) = 1.3081 | grad = 0.3606
step  12880 | loss = -1.4000 | g_L = +1.4000 | EMA = +1.4067 | std(g_L) = 1.2740 | grad = 0.2403
step  12900 | loss = -1.3557 | g_L = +1.3557 | EMA = +1.4126 | std(g_L) = 1.3421 | grad = 0.2716
step  12920 | loss = -1.4784 | g_L = +1.4784 | EMA = +1.4183 | std(g_L) = 1.1680 | grad = 0.1983
step  12940 | loss = -1.3618 | g_L = +1.3618 | EMA = +1.4177 | std(g_L) = 1.2016 | grad = 0.2593
step  12960 | loss = -1.3830 | g_L = +1.3830 | EMA = +1.4030 | std(g_L) = 1.3059 | grad = 0.2009
step  12980 | loss = -1.3577 | g_L = +1.3577 | EMA = +1.4055 | std(g_L) = 1.2762 | grad = 0.2587
step  13000 | loss = -1.4087 | g_L = +1.4087 | EMA = +1.4195 | std(g_L) = 1.2319 | grad = 0.2986
step  13020 | loss = -1.4349 | g_L = +1.4349 | EMA = +1.4093 | std(g_L) = 1.1865 | grad = 0.1223
step  13040 | loss = -1.5311 | g_L = +1.5311 | EMA = +1.4226 | std(g_L) = 1.2250 | grad = 0.1607
step  13060 | loss = -1.4644 | g_L = +1.4644 | EMA = +1.4032 | std(g_L) = 1.2244 | grad = 0.3098
step  13080 | loss = -1.4730 | g_L = +1.4730 | EMA = +1.4117 | std(g_L) = 1.3300 | grad = 0.3070
step  13100 | loss = -1.4313 | g_L = +1.4313 | EMA = +1.4048 | std(g_L) = 1.2676 | grad = 0.3446
step  13120 | loss = -1.4616 | g_L = +1.4616 | EMA = +1.4154 | std(g_L) = 1.2955 | grad = 0.2087
step  13140 | loss = -1.4525 | g_L = +1.4525 | EMA = +1.4252 | std(g_L) = 1.2343 | grad = 0.1438
step  13160 | loss = -1.4480 | g_L = +1.4480 | EMA = +1.4168 | std(g_L) = 1.1981 | grad = 0.1339
step  13180 | loss = -1.4506 | g_L = +1.4506 | EMA = +1.4150 | std(g_L) = 1.3495 | grad = 0.1371
step  13200 | loss = -1.3796 | g_L = +1.3796 | EMA = +1.4124 | std(g_L) = 1.2993 | grad = 0.1263
step  13220 | loss = -1.3887 | g_L = +1.3887 | EMA = +1.4076 | std(g_L) = 1.2648 | grad = 0.4313
step  13240 | loss = -1.4670 | g_L = +1.4670 | EMA = +1.4130 | std(g_L) = 1.1759 | grad = 0.4808
step  13260 | loss = -1.4205 | g_L = +1.4205 | EMA = +1.4117 | std(g_L) = 1.4948 | grad = 0.4703
step  13280 | loss = -1.3872 | g_L = +1.3872 | EMA = +1.4171 | std(g_L) = 1.4132 | grad = 0.1384
step  13300 | loss = -1.4003 | g_L = +1.4003 | EMA = +1.4208 | std(g_L) = 1.2553 | grad = 0.1791
step  13320 | loss = -1.4927 | g_L = +1.4927 | EMA = +1.4163 | std(g_L) = 1.1769 | grad = 0.1888
step  13340 | loss = -1.3659 | g_L = +1.3659 | EMA = +1.4196 | std(g_L) = 1.2747 | grad = 0.3153
step  13360 | loss = -1.4163 | g_L = +1.4163 | EMA = +1.4177 | std(g_L) = 1.1599 | grad = 0.1560
step  13380 | loss = -1.4523 | g_L = +1.4523 | EMA = +1.4294 | std(g_L) = 1.3113 | grad = 0.1764
step  13400 | loss = -1.4461 | g_L = +1.4461 | EMA = +1.4142 | std(g_L) = 1.4200 | grad = 0.1858
step  13420 | loss = -1.3760 | g_L = +1.3760 | EMA = +1.4144 | std(g_L) = 1.2992 | grad = 0.1431
step  13440 | loss = -1.4438 | g_L = +1.4438 | EMA = +1.4262 | std(g_L) = 1.3301 | grad = 0.1413
step  13460 | loss = -1.4284 | g_L = +1.4284 | EMA = +1.4291 | std(g_L) = 1.2702 | grad = 0.3095
step  13480 | loss = -1.4899 | g_L = +1.4899 | EMA = +1.4230 | std(g_L) = 1.3180 | grad = 0.2594
step  13500 | loss = -1.3497 | g_L = +1.3497 | EMA = +1.4162 | std(g_L) = 1.4174 | grad = 0.1972
step  13520 | loss = -1.3316 | g_L = +1.3316 | EMA = +1.4076 | std(g_L) = 1.2521 | grad = 0.7023
step  13540 | loss = -1.4856 | g_L = +1.4856 | EMA = +1.4185 | std(g_L) = 1.2213 | grad = 0.0846
step  13560 | loss = -1.4795 | g_L = +1.4795 | EMA = +1.4345 | std(g_L) = 1.4955 | grad = 0.1639
step  13580 | loss = -1.3937 | g_L = +1.3937 | EMA = +1.4212 | std(g_L) = 1.2552 | grad = 0.1764
step  13600 | loss = -1.3994 | g_L = +1.3994 | EMA = +1.4286 | std(g_L) = 1.1892 | grad = 0.4815
step  13620 | loss = -1.4343 | g_L = +1.4343 | EMA = +1.4237 | std(g_L) = 1.2667 | grad = 0.5817
step  13640 | loss = -1.4054 | g_L = +1.4054 | EMA = +1.4083 | std(g_L) = 1.2294 | grad = 0.1540
step  13660 | loss = -1.3653 | g_L = +1.3653 | EMA = +1.4103 | std(g_L) = 1.3901 | grad = 0.1961
step  13680 | loss = -1.3966 | g_L = +1.3966 | EMA = +1.4240 | std(g_L) = 1.1877 | grad = 0.1239
step  13700 | loss = -1.3748 | g_L = +1.3748 | EMA = +1.4272 | std(g_L) = 1.3512 | grad = 0.3490
step  13720 | loss = -1.5476 | g_L = +1.5476 | EMA = +1.4288 | std(g_L) = 1.2642 | grad = 0.3171
step  13740 | loss = -1.4194 | g_L = +1.4194 | EMA = +1.4158 | std(g_L) = 1.1555 | grad = 0.1575
step  13760 | loss = -1.4591 | g_L = +1.4591 | EMA = +1.4238 | std(g_L) = 1.1915 | grad = 0.1269
step  13780 | loss = -1.5078 | g_L = +1.5078 | EMA = +1.4268 | std(g_L) = 1.4408 | grad = 0.4120
step  13800 | loss = -1.4371 | g_L = +1.4371 | EMA = +1.4366 | std(g_L) = 1.3886 | grad = 0.4990
step  13820 | loss = -1.4191 | g_L = +1.4191 | EMA = +1.4268 | std(g_L) = 1.4149 | grad = 0.1160
step  13840 | loss = -1.5177 | g_L = +1.5177 | EMA = +1.4347 | std(g_L) = 1.2153 | grad = 0.1922
step  13860 | loss = -1.3815 | g_L = +1.3815 | EMA = +1.4274 | std(g_L) = 1.4724 | grad = 0.2819
step  13880 | loss = -1.3843 | g_L = +1.3843 | EMA = +1.4223 | std(g_L) = 1.2330 | grad = 0.2897
step  13900 | loss = -1.4546 | g_L = +1.4546 | EMA = +1.4424 | std(g_L) = 1.2903 | grad = 0.2183
step  13920 | loss = -1.5864 | g_L = +1.5864 | EMA = +1.4436 | std(g_L) = 1.3335 | grad = 0.3589
step  13940 | loss = -1.3791 | g_L = +1.3791 | EMA = +1.4482 | std(g_L) = 1.2482 | grad = 0.5379
step  13960 | loss = -1.4934 | g_L = +1.4934 | EMA = +1.4299 | std(g_L) = 1.2449 | grad = 0.1765
step  13980 | loss = -1.4634 | g_L = +1.4634 | EMA = +1.4335 | std(g_L) = 1.3238 | grad = 0.4241
step  14000 | loss = -1.4358 | g_L = +1.4358 | EMA = +1.4357 | std(g_L) = 1.1601 | grad = 0.2951
step  14020 | loss = -1.4892 | g_L = +1.4892 | EMA = +1.4263 | std(g_L) = 1.2644 | grad = 0.1060
step  14040 | loss = -1.4249 | g_L = +1.4249 | EMA = +1.4319 | std(g_L) = 1.4764 | grad = 0.3275
step  14060 | loss = -1.4244 | g_L = +1.4244 | EMA = +1.4178 | std(g_L) = 1.1825 | grad = 0.1490
step  14080 | loss = -1.4768 | g_L = +1.4768 | EMA = +1.4305 | std(g_L) = 1.2445 | grad = 0.1804
step  14100 | loss = -1.5415 | g_L = +1.5415 | EMA = +1.4337 | std(g_L) = 1.2437 | grad = 0.2895
step  14120 | loss = -1.4840 | g_L = +1.4840 | EMA = +1.4428 | std(g_L) = 1.2756 | grad = 0.1063
step  14140 | loss = -1.4009 | g_L = +1.4009 | EMA = +1.4424 | std(g_L) = 1.3175 | grad = 0.0964
step  14160 | loss = -1.3423 | g_L = +1.3423 | EMA = +1.4183 | std(g_L) = 1.3490 | grad = 0.1664
step  14180 | loss = -1.5314 | g_L = +1.5314 | EMA = +1.4444 | std(g_L) = 1.1094 | grad = 0.4138
step  14200 | loss = -1.4923 | g_L = +1.4923 | EMA = +1.4416 | std(g_L) = 1.3390 | grad = 0.1630
step  14220 | loss = -1.3908 | g_L = +1.3908 | EMA = +1.4308 | std(g_L) = 1.3093 | grad = 0.1694
step  14240 | loss = -1.4961 | g_L = +1.4961 | EMA = +1.4353 | std(g_L) = 1.2700 | grad = 0.2418
step  14260 | loss = -1.3798 | g_L = +1.3798 | EMA = +1.4438 | std(g_L) = 1.4478 | grad = 0.3258
step  14280 | loss = -1.4095 | g_L = +1.4095 | EMA = +1.4376 | std(g_L) = 1.1857 | grad = 0.5127
step  14300 | loss = -1.4871 | g_L = +1.4871 | EMA = +1.4363 | std(g_L) = 1.1921 | grad = 0.3484
step  14320 | loss = -1.4811 | g_L = +1.4811 | EMA = +1.4363 | std(g_L) = 1.3757 | grad = 0.5479
step  14340 | loss = -1.5213 | g_L = +1.5213 | EMA = +1.4527 | std(g_L) = 1.2745 | grad = 0.7584
step  14360 | loss = -1.4003 | g_L = +1.4003 | EMA = +1.4436 | std(g_L) = 1.2756 | grad = 0.7995
step  14380 | loss = -1.3980 | g_L = +1.3980 | EMA = +1.4609 | std(g_L) = 1.3666 | grad = 0.3516
step  14400 | loss = -1.4681 | g_L = +1.4681 | EMA = +1.4462 | std(g_L) = 1.2692 | grad = 0.1973
step  14420 | loss = -1.4233 | g_L = +1.4233 | EMA = +1.4579 | std(g_L) = 1.1578 | grad = 0.2870
step  14440 | loss = -1.3959 | g_L = +1.3959 | EMA = +1.4333 | std(g_L) = 1.4404 | grad = 0.3401
step  14460 | loss = -1.3982 | g_L = +1.3982 | EMA = +1.4321 | std(g_L) = 1.3241 | grad = 0.3617
step  14480 | loss = -1.5642 | g_L = +1.5642 | EMA = +1.4442 | std(g_L) = 1.2303 | grad = 0.1820
step  14500 | loss = -1.4374 | g_L = +1.4374 | EMA = +1.4534 | std(g_L) = 1.2142 | grad = 0.2968
step  14520 | loss = -1.4851 | g_L = +1.4851 | EMA = +1.4432 | std(g_L) = 1.2590 | grad = 0.1204
step  14540 | loss = -1.4785 | g_L = +1.4785 | EMA = +1.4434 | std(g_L) = 1.4361 | grad = 0.1459
step  14560 | loss = -1.4391 | g_L = +1.4391 | EMA = +1.4437 | std(g_L) = 1.1821 | grad = 0.2050
step  14580 | loss = -1.4062 | g_L = +1.4062 | EMA = +1.4304 | std(g_L) = 1.4481 | grad = 0.2992
step  14600 | loss = -1.4887 | g_L = +1.4887 | EMA = +1.4406 | std(g_L) = 1.2015 | grad = 0.6135
step  14620 | loss = -1.4163 | g_L = +1.4163 | EMA = +1.4443 | std(g_L) = 1.4424 | grad = 0.2758
step  14640 | loss = -1.4443 | g_L = +1.4443 | EMA = +1.4412 | std(g_L) = 1.2564 | grad = 0.1446
step  14660 | loss = -1.4868 | g_L = +1.4868 | EMA = +1.4545 | std(g_L) = 1.1469 | grad = 0.2624
step  14680 | loss = -1.5223 | g_L = +1.5223 | EMA = +1.4507 | std(g_L) = 1.1654 | grad = 0.5644
step  14700 | loss = -1.3687 | g_L = +1.3687 | EMA = +1.4407 | std(g_L) = 1.3851 | grad = 0.6952
step  14720 | loss = -1.4244 | g_L = +1.4244 | EMA = +1.4378 | std(g_L) = 1.3400 | grad = 0.1546
step  14740 | loss = -1.4603 | g_L = +1.4603 | EMA = +1.4493 | std(g_L) = 1.2007 | grad = 0.7112
step  14760 | loss = -1.4732 | g_L = +1.4732 | EMA = +1.4468 | std(g_L) = 1.2851 | grad = 0.1581
step  14780 | loss = -1.4591 | g_L = +1.4591 | EMA = +1.4623 | std(g_L) = 1.3054 | grad = 0.1579
step  14800 | loss = -1.4006 | g_L = +1.4006 | EMA = +1.4618 | std(g_L) = 1.2405 | grad = 0.2377
step  14820 | loss = -1.3962 | g_L = +1.3962 | EMA = +1.4548 | std(g_L) = 1.3268 | grad = 0.1889
step  14840 | loss = -1.4082 | g_L = +1.4082 | EMA = +1.4546 | std(g_L) = 1.3515 | grad = 0.1112
step  14860 | loss = -1.3318 | g_L = +1.3318 | EMA = +1.4372 | std(g_L) = 1.3428 | grad = 0.1486
step  14880 | loss = -1.6096 | g_L = +1.6096 | EMA = +1.4534 | std(g_L) = 1.1473 | grad = 0.1166
step  14900 | loss = -1.4606 | g_L = +1.4606 | EMA = +1.4476 | std(g_L) = 1.3316 | grad = 0.3858
step  14920 | loss = -1.5295 | g_L = +1.5295 | EMA = +1.4498 | std(g_L) = 1.2301 | grad = 0.1726
step  14940 | loss = -1.5063 | g_L = +1.5063 | EMA = +1.4551 | std(g_L) = 1.2081 | grad = 0.2685
step  14960 | loss = -1.6005 | g_L = +1.6005 | EMA = +1.4486 | std(g_L) = 1.2410 | grad = 0.2880
step  14980 | loss = -1.5130 | g_L = +1.5130 | EMA = +1.4370 | std(g_L) = 1.5715 | grad = 0.3671
step  15000 | loss = -1.4278 | g_L = +1.4278 | EMA = +1.4543 | std(g_L) = 1.3322 | grad = 0.5618
step  15020 | loss = -1.3829 | g_L = +1.3829 | EMA = +1.4571 | std(g_L) = 1.3598 | grad = 0.2423
step  15040 | loss = -1.3959 | g_L = +1.3959 | EMA = +1.4532 | std(g_L) = 1.4744 | grad = 0.3051
step  15060 | loss = -1.4518 | g_L = +1.4518 | EMA = +1.4515 | std(g_L) = 1.2809 | grad = 0.7529
step  15080 | loss = -1.5177 | g_L = +1.5177 | EMA = +1.4569 | std(g_L) = 1.1963 | grad = 0.2682
step  15100 | loss = -1.4197 | g_L = +1.4197 | EMA = +1.4551 | std(g_L) = 1.4771 | grad = 0.5384
step  15120 | loss = -1.4152 | g_L = +1.4152 | EMA = +1.4538 | std(g_L) = 1.3254 | grad = 0.1087
step  15140 | loss = -1.4968 | g_L = +1.4968 | EMA = +1.4694 | std(g_L) = 1.2714 | grad = 0.2954
step  15160 | loss = -1.4178 | g_L = +1.4178 | EMA = +1.4459 | std(g_L) = 1.3884 | grad = 0.4762
step  15180 | loss = -1.5244 | g_L = +1.5244 | EMA = +1.4537 | std(g_L) = 1.2389 | grad = 0.2633
step  15200 | loss = -1.4433 | g_L = +1.4433 | EMA = +1.4589 | std(g_L) = 1.2292 | grad = 0.3240
step  15220 | loss = -1.4605 | g_L = +1.4605 | EMA = +1.4456 | std(g_L) = 1.3614 | grad = 0.4923
step  15240 | loss = -1.5068 | g_L = +1.5068 | EMA = +1.4613 | std(g_L) = 1.2991 | grad = 0.1989
step  15260 | loss = -1.4912 | g_L = +1.4912 | EMA = +1.4614 | std(g_L) = 1.1984 | grad = 0.4912
step  15280 | loss = -1.4237 | g_L = +1.4237 | EMA = +1.4718 | std(g_L) = 1.2383 | grad = 0.1569
step  15300 | loss = -1.5252 | g_L = +1.5252 | EMA = +1.4758 | std(g_L) = 1.2333 | grad = 0.2991
step  15320 | loss = -1.4645 | g_L = +1.4645 | EMA = +1.4726 | std(g_L) = 1.2936 | grad = 0.1614
step  15340 | loss = -1.5245 | g_L = +1.5245 | EMA = +1.4501 | std(g_L) = 1.2198 | grad = 0.4739
step  15360 | loss = -1.3871 | g_L = +1.3871 | EMA = +1.4583 | std(g_L) = 1.5685 | grad = 0.2101
step  15380 | loss = -1.4716 | g_L = +1.4716 | EMA = +1.4592 | std(g_L) = 1.3546 | grad = 0.1574
step  15400 | loss = -1.4464 | g_L = +1.4464 | EMA = +1.4591 | std(g_L) = 1.3386 | grad = 0.4555
step  15420 | loss = -1.4085 | g_L = +1.4085 | EMA = +1.4444 | std(g_L) = 1.3278 | grad = 0.5319
step  15440 | loss = -1.4795 | g_L = +1.4795 | EMA = +1.4542 | std(g_L) = 1.3807 | grad = 0.4351
step  15460 | loss = -1.2985 | g_L = +1.2985 | EMA = +1.4453 | std(g_L) = 1.3771 | grad = 0.3146
step  15480 | loss = -1.4715 | g_L = +1.4715 | EMA = +1.4606 | std(g_L) = 1.2880 | grad = 0.2054
step  15500 | loss = -1.4756 | g_L = +1.4756 | EMA = +1.4707 | std(g_L) = 1.2533 | grad = 0.4992
step  15520 | loss = -1.4157 | g_L = +1.4157 | EMA = +1.4560 | std(g_L) = 1.3121 | grad = 0.2023
step  15540 | loss = -1.4390 | g_L = +1.4390 | EMA = +1.4546 | std(g_L) = 1.2272 | grad = 0.3436
step  15560 | loss = -1.3822 | g_L = +1.3822 | EMA = +1.4543 | std(g_L) = 1.3215 | grad = 0.6923
step  15580 | loss = -1.5072 | g_L = +1.5072 | EMA = +1.4494 | std(g_L) = 1.3929 | grad = 0.0701
step  15600 | loss = -1.4790 | g_L = +1.4790 | EMA = +1.4591 | std(g_L) = 1.3046 | grad = 0.5148
step  15620 | loss = -1.2974 | g_L = +1.2974 | EMA = +1.4473 | std(g_L) = 1.5364 | grad = 0.3028
step  15640 | loss = -1.4656 | g_L = +1.4656 | EMA = +1.4655 | std(g_L) = 1.2503 | grad = 0.1275
step  15660 | loss = -1.4214 | g_L = +1.4214 | EMA = +1.4622 | std(g_L) = 1.2170 | grad = 0.4542
step  15680 | loss = -1.4712 | g_L = +1.4712 | EMA = +1.4740 | std(g_L) = 1.2335 | grad = 0.1306
step  15700 | loss = -1.5690 | g_L = +1.5690 | EMA = +1.4871 | std(g_L) = 1.2900 | grad = 0.1430
step  15720 | loss = -1.4367 | g_L = +1.4367 | EMA = +1.4592 | std(g_L) = 1.3052 | grad = 0.6650
step  15740 | loss = -1.4599 | g_L = +1.4599 | EMA = +1.4568 | std(g_L) = 1.2454 | grad = 0.8180
step  15760 | loss = -1.4799 | g_L = +1.4799 | EMA = +1.4488 | std(g_L) = 1.4732 | grad = 0.4281
step  15780 | loss = -1.4842 | g_L = +1.4842 | EMA = +1.4465 | std(g_L) = 1.2053 | grad = 0.3218
step  15800 | loss = -1.4756 | g_L = +1.4756 | EMA = +1.4572 | std(g_L) = 1.3883 | grad = 0.2658
step  15820 | loss = -1.5068 | g_L = +1.5068 | EMA = +1.4631 | std(g_L) = 1.3445 | grad = 0.2110
step  15840 | loss = -1.5224 | g_L = +1.5224 | EMA = +1.4772 | std(g_L) = 1.2382 | grad = 0.1996
step  15860 | loss = -1.4560 | g_L = +1.4560 | EMA = +1.4523 | std(g_L) = 1.3666 | grad = 1.0578
step  15880 | loss = -1.4797 | g_L = +1.4797 | EMA = +1.4609 | std(g_L) = 1.2735 | grad = 0.1371
step  15900 | loss = -1.4629 | g_L = +1.4629 | EMA = +1.4591 | std(g_L) = 1.3793 | grad = 0.1830
step  15920 | loss = -1.4547 | g_L = +1.4547 | EMA = +1.4694 | std(g_L) = 1.2880 | grad = 0.3055
step  15940 | loss = -1.4588 | g_L = +1.4588 | EMA = +1.4755 | std(g_L) = 1.3243 | grad = 0.3491
step  15960 | loss = -1.4117 | g_L = +1.4117 | EMA = +1.4731 | std(g_L) = 1.4942 | grad = 0.4747
step  15980 | loss = -1.4040 | g_L = +1.4040 | EMA = +1.4668 | std(g_L) = 1.3624 | grad = 0.2128
step  16000 | loss = -1.5234 | g_L = +1.5234 | EMA = +1.4729 | std(g_L) = 1.2444 | grad = 0.1955
step  16020 | loss = -1.4866 | g_L = +1.4866 | EMA = +1.4735 | std(g_L) = 1.1783 | grad = 0.1711
step  16040 | loss = -1.4278 | g_L = +1.4278 | EMA = +1.4753 | std(g_L) = 1.2458 | grad = 0.6100
step  16060 | loss = -1.4645 | g_L = +1.4645 | EMA = +1.4585 | std(g_L) = 1.4476 | grad = 0.4606
step  16080 | loss = -1.3933 | g_L = +1.3933 | EMA = +1.4669 | std(g_L) = 1.3685 | grad = 0.1856
step  16100 | loss = -1.4703 | g_L = +1.4703 | EMA = +1.4635 | std(g_L) = 1.2730 | grad = 0.1031
step  16120 | loss = -1.3573 | g_L = +1.3573 | EMA = +1.4774 | std(g_L) = 1.3062 | grad = 0.1599
step  16140 | loss = -1.4687 | g_L = +1.4687 | EMA = +1.4676 | std(g_L) = 1.3163 | grad = 0.2225
step  16160 | loss = -1.3678 | g_L = +1.3678 | EMA = +1.4470 | std(g_L) = 1.3711 | grad = 0.3465
step  16180 | loss = -1.4401 | g_L = +1.4401 | EMA = +1.4592 | std(g_L) = 1.3112 | grad = 0.7854
step  16200 | loss = -1.3866 | g_L = +1.3866 | EMA = +1.4501 | std(g_L) = 1.2998 | grad = 0.5652
step  16220 | loss = -1.4825 | g_L = +1.4825 | EMA = +1.4595 | std(g_L) = 1.4128 | grad = 0.3503
step  16240 | loss = -1.5513 | g_L = +1.5513 | EMA = +1.4580 | std(g_L) = 1.2639 | grad = 0.1293
step  16260 | loss = -1.4716 | g_L = +1.4716 | EMA = +1.4790 | std(g_L) = 1.2692 | grad = 0.0687
step  16280 | loss = -1.4868 | g_L = +1.4868 | EMA = +1.4702 | std(g_L) = 1.4194 | grad = 0.5832
step  16300 | loss = -1.4193 | g_L = +1.4193 | EMA = +1.4472 | std(g_L) = 1.4549 | grad = 0.5450
step  16320 | loss = -1.5231 | g_L = +1.5231 | EMA = +1.4656 | std(g_L) = 1.3618 | grad = 0.1445
step  16340 | loss = -1.4658 | g_L = +1.4658 | EMA = +1.4846 | std(g_L) = 1.4103 | grad = 0.6173
step  16360 | loss = -1.4901 | g_L = +1.4901 | EMA = +1.4760 | std(g_L) = 1.2504 | grad = 0.7475
step  16380 | loss = -1.5034 | g_L = +1.5034 | EMA = +1.4601 | std(g_L) = 1.3900 | grad = 0.5467
step  16400 | loss = -1.4821 | g_L = +1.4821 | EMA = +1.4583 | std(g_L) = 1.4080 | grad = 0.4947
step  16420 | loss = -1.4727 | g_L = +1.4727 | EMA = +1.4631 | std(g_L) = 1.3150 | grad = 0.1489
step  16440 | loss = -1.4886 | g_L = +1.4886 | EMA = +1.4599 | std(g_L) = 1.3720 | grad = 0.2905
step  16460 | loss = -1.4883 | g_L = +1.4883 | EMA = +1.4560 | std(g_L) = 1.2833 | grad = 0.2345
step  16480 | loss = -1.4149 | g_L = +1.4149 | EMA = +1.4672 | std(g_L) = 1.3276 | grad = 0.4215
step  16500 | loss = -1.5357 | g_L = +1.5357 | EMA = +1.4737 | std(g_L) = 1.4204 | grad = 0.0733
step  16520 | loss = -1.3967 | g_L = +1.3967 | EMA = +1.4728 | std(g_L) = 1.4044 | grad = 0.1444
step  16540 | loss = -1.6148 | g_L = +1.6148 | EMA = +1.4785 | std(g_L) = 1.2260 | grad = 0.4122
step  16560 | loss = -1.4429 | g_L = +1.4429 | EMA = +1.4706 | std(g_L) = 1.2605 | grad = 0.9482
step  16580 | loss = -1.4226 | g_L = +1.4226 | EMA = +1.4674 | std(g_L) = 1.3755 | grad = 0.4795
step  16600 | loss = -1.3816 | g_L = +1.3816 | EMA = +1.4634 | std(g_L) = 1.4816 | grad = 0.9069
step  16620 | loss = -1.4602 | g_L = +1.4602 | EMA = +1.4556 | std(g_L) = 1.1976 | grad = 0.1469
step  16640 | loss = -1.5150 | g_L = +1.5150 | EMA = +1.4603 | std(g_L) = 1.2523 | grad = 0.3669
step  16660 | loss = -1.5105 | g_L = +1.5105 | EMA = +1.4705 | std(g_L) = 1.2127 | grad = 0.5110
step  16680 | loss = -1.5038 | g_L = +1.5038 | EMA = +1.4736 | std(g_L) = 1.2429 | grad = 0.2564
step  16700 | loss = -1.4734 | g_L = +1.4734 | EMA = +1.4626 | std(g_L) = 1.3686 | grad = 0.4128
step  16720 | loss = -1.4072 | g_L = +1.4072 | EMA = +1.4654 | std(g_L) = 1.2083 | grad = 0.1285
step  16740 | loss = -1.4963 | g_L = +1.4963 | EMA = +1.4631 | std(g_L) = 1.2745 | grad = 0.2175
step  16760 | loss = -1.3931 | g_L = +1.3931 | EMA = +1.4649 | std(g_L) = 1.4109 | grad = 0.1941
step  16780 | loss = -1.4888 | g_L = +1.4888 | EMA = +1.4733 | std(g_L) = 1.1956 | grad = 0.5160
step  16800 | loss = -1.4057 | g_L = +1.4057 | EMA = +1.4584 | std(g_L) = 1.4398 | grad = 0.3748
step  16820 | loss = -1.4502 | g_L = +1.4502 | EMA = +1.4595 | std(g_L) = 1.3604 | grad = 0.7381
step  16840 | loss = -1.4969 | g_L = +1.4969 | EMA = +1.4765 | std(g_L) = 1.2954 | grad = 0.3263
step  16860 | loss = -1.4801 | g_L = +1.4801 | EMA = +1.4839 | std(g_L) = 1.2485 | grad = 0.3779
step  16880 | loss = -1.3704 | g_L = +1.3704 | EMA = +1.4741 | std(g_L) = 1.4275 | grad = 0.1034
step  16900 | loss = -1.4439 | g_L = +1.4439 | EMA = +1.4727 | std(g_L) = 1.2918 | grad = 0.3221
step  16920 | loss = -1.5053 | g_L = +1.5053 | EMA = +1.4744 | std(g_L) = 1.3632 | grad = 0.5793
step  16940 | loss = -1.4875 | g_L = +1.4875 | EMA = +1.4695 | std(g_L) = 1.4093 | grad = 0.4654
step  16960 | loss = -1.4700 | g_L = +1.4700 | EMA = +1.4730 | std(g_L) = 1.3331 | grad = 0.3367
step  16980 | loss = -1.4555 | g_L = +1.4555 | EMA = +1.4630 | std(g_L) = 1.2284 | grad = 0.4599
step  17000 | loss = -1.4787 | g_L = +1.4787 | EMA = +1.4724 | std(g_L) = 1.2230 | grad = 0.2205
step  17020 | loss = -1.5501 | g_L = +1.5501 | EMA = +1.4895 | std(g_L) = 1.2487 | grad = 0.3453
step  17040 | loss = -1.3807 | g_L = +1.3807 | EMA = +1.4721 | std(g_L) = 1.4234 | grad = 0.1736
step  17060 | loss = -1.4882 | g_L = +1.4882 | EMA = +1.4761 | std(g_L) = 1.2550 | grad = 0.6679
step  17080 | loss = -1.4175 | g_L = +1.4175 | EMA = +1.4742 | std(g_L) = 1.5918 | grad = 0.4586
step  17100 | loss = -1.3784 | g_L = +1.3784 | EMA = +1.4675 | std(g_L) = 1.5162 | grad = 0.1881
step  17120 | loss = -1.4202 | g_L = +1.4202 | EMA = +1.4622 | std(g_L) = 1.4749 | grad = 0.5317
step  17140 | loss = -1.4696 | g_L = +1.4696 | EMA = +1.4754 | std(g_L) = 1.3863 | grad = 0.2526
step  17160 | loss = -1.5068 | g_L = +1.5068 | EMA = +1.4744 | std(g_L) = 1.4077 | grad = 0.2631
step  17180 | loss = -1.4805 | g_L = +1.4805 | EMA = +1.4765 | std(g_L) = 1.2026 | grad = 0.2905
step  17200 | loss = -1.3683 | g_L = +1.3683 | EMA = +1.4768 | std(g_L) = 1.2776 | grad = 0.3279
step  17220 | loss = -1.4025 | g_L = +1.4025 | EMA = +1.4675 | std(g_L) = 1.3196 | grad = 0.6992
step  17240 | loss = -1.5113 | g_L = +1.5113 | EMA = +1.4764 | std(g_L) = 1.2862 | grad = 0.5672
step  17260 | loss = -1.5397 | g_L = +1.5397 | EMA = +1.4863 | std(g_L) = 1.1293 | grad = 0.4207
step  17280 | loss = -1.4466 | g_L = +1.4466 | EMA = +1.4754 | std(g_L) = 1.2486 | grad = 0.8467
step  17300 | loss = -1.5552 | g_L = +1.5552 | EMA = +1.4859 | std(g_L) = 1.2114 | grad = 0.3478
step  17320 | loss = -1.5632 | g_L = +1.5632 | EMA = +1.4882 | std(g_L) = 1.2623 | grad = 0.2875
step  17340 | loss = -1.4085 | g_L = +1.4085 | EMA = +1.4735 | std(g_L) = 1.2826 | grad = 0.1056
step  17360 | loss = -1.4842 | g_L = +1.4842 | EMA = +1.4924 | std(g_L) = 1.3683 | grad = 0.2642
step  17380 | loss = -1.4895 | g_L = +1.4895 | EMA = +1.4777 | std(g_L) = 1.2285 | grad = 0.3201
step  17400 | loss = -1.4692 | g_L = +1.4692 | EMA = +1.4802 | std(g_L) = 1.2492 | grad = 0.2179
step  17420 | loss = -1.5022 | g_L = +1.5022 | EMA = +1.4788 | std(g_L) = 1.3849 | grad = 0.2143
step  17440 | loss = -1.4008 | g_L = +1.4008 | EMA = +1.4662 | std(g_L) = 1.2787 | grad = 0.5789
step  17460 | loss = -1.4482 | g_L = +1.4482 | EMA = +1.4764 | std(g_L) = 1.2917 | grad = 0.4432
step  17480 | loss = -1.4418 | g_L = +1.4418 | EMA = +1.4657 | std(g_L) = 1.3266 | grad = 0.2005
step  17500 | loss = -1.5100 | g_L = +1.5100 | EMA = +1.4768 | std(g_L) = 1.3260 | grad = 0.7290
step  17520 | loss = -1.4889 | g_L = +1.4889 | EMA = +1.4722 | std(g_L) = 1.2465 | grad = 0.2398
step  17540 | loss = -1.5428 | g_L = +1.5428 | EMA = +1.4762 | std(g_L) = 1.2748 | grad = 0.4043
step  17560 | loss = -1.4128 | g_L = +1.4128 | EMA = +1.4699 | std(g_L) = 1.3392 | grad = 0.1853
step  17580 | loss = -1.4610 | g_L = +1.4610 | EMA = +1.4771 | std(g_L) = 1.2543 | grad = 0.1785
step  17600 | loss = -1.4300 | g_L = +1.4300 | EMA = +1.4725 | std(g_L) = 1.5259 | grad = 0.3506
step  17620 | loss = -1.4639 | g_L = +1.4639 | EMA = +1.4689 | std(g_L) = 1.3313 | grad = 0.3427
step  17640 | loss = -1.4377 | g_L = +1.4377 | EMA = +1.4719 | std(g_L) = 1.2675 | grad = 0.2209
step  17660 | loss = -1.4662 | g_L = +1.4662 | EMA = +1.4824 | std(g_L) = 1.3129 | grad = 0.4661
step  17680 | loss = -1.4493 | g_L = +1.4493 | EMA = +1.4672 | std(g_L) = 1.3388 | grad = 0.3782
step  17700 | loss = -1.5768 | g_L = +1.5768 | EMA = +1.4798 | std(g_L) = 1.2724 | grad = 0.2217
step  17720 | loss = -1.4251 | g_L = +1.4251 | EMA = +1.4779 | std(g_L) = 1.3631 | grad = 0.2882
step  17740 | loss = -1.4794 | g_L = +1.4794 | EMA = +1.4793 | std(g_L) = 1.4164 | grad = 0.4099
step  17760 | loss = -1.4856 | g_L = +1.4856 | EMA = +1.4593 | std(g_L) = 1.3017 | grad = 0.1811
step  17780 | loss = -1.4147 | g_L = +1.4147 | EMA = +1.4746 | std(g_L) = 1.3041 | grad = 0.2457
step  17800 | loss = -1.4463 | g_L = +1.4463 | EMA = +1.4797 | std(g_L) = 1.2852 | grad = 0.1359
step  17820 | loss = -1.4028 | g_L = +1.4028 | EMA = +1.4745 | std(g_L) = 1.6693 | grad = 0.4802
step  17840 | loss = -1.5039 | g_L = +1.5039 | EMA = +1.4685 | std(g_L) = 1.2035 | grad = 0.2459
step  17860 | loss = -1.4804 | g_L = +1.4804 | EMA = +1.4866 | std(g_L) = 1.3652 | grad = 0.2953
step  17880 | loss = -1.4460 | g_L = +1.4460 | EMA = +1.4697 | std(g_L) = 1.3871 | grad = 1.0009
step  17900 | loss = -1.4872 | g_L = +1.4872 | EMA = +1.4839 | std(g_L) = 1.2538 | grad = 0.8186
step  17920 | loss = -1.5089 | g_L = +1.5089 | EMA = +1.4702 | std(g_L) = 1.3210 | grad = 0.2001
step  17940 | loss = -1.5493 | g_L = +1.5493 | EMA = +1.4802 | std(g_L) = 1.1936 | grad = 0.3722
step  17960 | loss = -1.5483 | g_L = +1.5483 | EMA = +1.4677 | std(g_L) = 1.2682 | grad = 0.1656
step  17980 | loss = -1.4447 | g_L = +1.4447 | EMA = +1.4820 | std(g_L) = 1.3922 | grad = 0.2782
step  18000 | loss = -1.4818 | g_L = +1.4818 | EMA = +1.4771 | std(g_L) = 1.5338 | grad = 1.2752
step  18020 | loss = -1.4341 | g_L = +1.4341 | EMA = +1.4617 | std(g_L) = 1.3515 | grad = 0.5602
step  18040 | loss = -1.4115 | g_L = +1.4115 | EMA = +1.4727 | std(g_L) = 1.3278 | grad = 0.3807
step  18060 | loss = -1.5725 | g_L = +1.5725 | EMA = +1.4792 | std(g_L) = 1.3063 | grad = 0.4261
step  18080 | loss = -1.4900 | g_L = +1.4900 | EMA = +1.4742 | std(g_L) = 1.2702 | grad = 0.3215
step  18100 | loss = -1.3977 | g_L = +1.3977 | EMA = +1.4648 | std(g_L) = 1.5594 | grad = 0.1406
step  18120 | loss = -1.4911 | g_L = +1.4911 | EMA = +1.4628 | std(g_L) = 1.2781 | grad = 1.1837
step  18140 | loss = -1.3536 | g_L = +1.3536 | EMA = +1.4676 | std(g_L) = 1.3144 | grad = 0.1551
step  18160 | loss = -1.5150 | g_L = +1.5150 | EMA = +1.4832 | std(g_L) = 1.1358 | grad = 0.5103
step  18180 | loss = -1.4539 | g_L = +1.4539 | EMA = +1.4615 | std(g_L) = 1.3312 | grad = 0.5071
step  18200 | loss = -1.4668 | g_L = +1.4668 | EMA = +1.4501 | std(g_L) = 1.2777 | grad = 0.1222
step  18220 | loss = -1.5301 | g_L = +1.5301 | EMA = +1.4723 | std(g_L) = 1.2677 | grad = 0.1852
step  18240 | loss = -1.5850 | g_L = +1.5850 | EMA = +1.4791 | std(g_L) = 1.2053 | grad = 0.4047
step  18260 | loss = -1.5276 | g_L = +1.5276 | EMA = +1.4762 | std(g_L) = 1.2501 | grad = 0.3918
step  18280 | loss = -1.6519 | g_L = +1.6519 | EMA = +1.4786 | std(g_L) = 1.2243 | grad = 0.7273
step  18300 | loss = -1.4852 | g_L = +1.4852 | EMA = +1.4613 | std(g_L) = 1.3148 | grad = 0.4245
step  18320 | loss = -1.4327 | g_L = +1.4327 | EMA = +1.4553 | std(g_L) = 1.3123 | grad = 0.6965
step  18340 | loss = -1.4528 | g_L = +1.4528 | EMA = +1.4618 | std(g_L) = 1.4644 | grad = 0.5450
step  18360 | loss = -1.5056 | g_L = +1.5056 | EMA = +1.4643 | std(g_L) = 1.3189 | grad = 0.4494
step  18380 | loss = -1.4759 | g_L = +1.4759 | EMA = +1.4776 | std(g_L) = 1.2569 | grad = 0.3612
step  18400 | loss = -1.4948 | g_L = +1.4948 | EMA = +1.4872 | std(g_L) = 1.2793 | grad = 0.2187
step  18420 | loss = -1.3838 | g_L = +1.3838 | EMA = +1.4755 | std(g_L) = 1.4294 | grad = 0.8118
step  18440 | loss = -1.5518 | g_L = +1.5518 | EMA = +1.4858 | std(g_L) = 1.3373 | grad = 0.1491
step  18460 | loss = -1.3713 | g_L = +1.3713 | EMA = +1.4811 | std(g_L) = 1.3660 | grad = 0.1693
step  18480 | loss = -1.5158 | g_L = +1.5158 | EMA = +1.4649 | std(g_L) = 1.4369 | grad = 1.0417
step  18500 | loss = -1.4758 | g_L = +1.4758 | EMA = +1.4674 | std(g_L) = 1.4583 | grad = 0.7829
step  18520 | loss = -1.4297 | g_L = +1.4297 | EMA = +1.4709 | std(g_L) = 1.2268 | grad = 0.3817
step  18540 | loss = -1.4198 | g_L = +1.4198 | EMA = +1.4725 | std(g_L) = 1.3884 | grad = 0.1483
step  18560 | loss = -1.3764 | g_L = +1.3764 | EMA = +1.4773 | std(g_L) = 1.3460 | grad = 0.8487
step  18580 | loss = -1.5449 | g_L = +1.5449 | EMA = +1.4738 | std(g_L) = 1.2143 | grad = 0.1390
step  18600 | loss = -1.5085 | g_L = +1.5085 | EMA = +1.4823 | std(g_L) = 1.3467 | grad = 0.1581
step  18620 | loss = -1.3855 | g_L = +1.3855 | EMA = +1.4935 | std(g_L) = 1.4650 | grad = 0.2332
step  18640 | loss = -1.5036 | g_L = +1.5036 | EMA = +1.4874 | std(g_L) = 1.3465 | grad = 0.4920
step  18660 | loss = -1.4571 | g_L = +1.4571 | EMA = +1.4878 | std(g_L) = 1.3489 | grad = 0.2619
step  18680 | loss = -1.5992 | g_L = +1.5992 | EMA = +1.4995 | std(g_L) = 1.2206 | grad = 0.4642
step  18700 | loss = -1.4286 | g_L = +1.4286 | EMA = +1.4951 | std(g_L) = 1.5429 | grad = 0.2181
step  18720 | loss = -1.4367 | g_L = +1.4367 | EMA = +1.4843 | std(g_L) = 1.3285 | grad = 0.1386
step  18740 | loss = -1.5229 | g_L = +1.5229 | EMA = +1.4738 | std(g_L) = 1.2223 | grad = 0.1405
step  18760 | loss = -1.4528 | g_L = +1.4528 | EMA = +1.4619 | std(g_L) = 1.2598 | grad = 0.2783
step  18780 | loss = -1.5013 | g_L = +1.5013 | EMA = +1.4828 | std(g_L) = 1.2155 | grad = 0.5848
step  18800 | loss = -1.5488 | g_L = +1.5488 | EMA = +1.4806 | std(g_L) = 1.2852 | grad = 0.2256
step  18820 | loss = -1.5023 | g_L = +1.5023 | EMA = +1.4968 | std(g_L) = 1.3286 | grad = 0.1049
step  18840 | loss = -1.4525 | g_L = +1.4525 | EMA = +1.4732 | std(g_L) = 1.2779 | grad = 0.0988
step  18860 | loss = -1.5018 | g_L = +1.5018 | EMA = +1.4731 | std(g_L) = 1.2476 | grad = 0.2787
step  18880 | loss = -1.4638 | g_L = +1.4638 | EMA = +1.4801 | std(g_L) = 1.3055 | grad = 0.3795
step  18900 | loss = -1.5236 | g_L = +1.5236 | EMA = +1.5001 | std(g_L) = 1.2557 | grad = 0.2465
step  18920 | loss = -1.4559 | g_L = +1.4559 | EMA = +1.4890 | std(g_L) = 1.3114 | grad = 0.4861
step  18940 | loss = -1.4729 | g_L = +1.4729 | EMA = +1.4723 | std(g_L) = 1.5794 | grad = 0.8833
step  18960 | loss = -1.5806 | g_L = +1.5806 | EMA = +1.4859 | std(g_L) = 1.3151 | grad = 0.1395
step  18980 | loss = -1.5870 | g_L = +1.5870 | EMA = +1.4986 | std(g_L) = 1.4330 | grad = 0.4642
step  19000 | loss = -1.4639 | g_L = +1.4639 | EMA = +1.4942 | std(g_L) = 1.3698 | grad = 0.2872
step  19020 | loss = -1.4591 | g_L = +1.4591 | EMA = +1.4858 | std(g_L) = 1.2912 | grad = 0.3081
step  19040 | loss = -1.4073 | g_L = +1.4073 | EMA = +1.4897 | std(g_L) = 1.3018 | grad = 0.6466
step  19060 | loss = -1.4923 | g_L = +1.4923 | EMA = +1.4857 | std(g_L) = 1.2199 | grad = 0.7274
step  19080 | loss = -1.5139 | g_L = +1.5139 | EMA = +1.4774 | std(g_L) = 1.1948 | grad = 0.2822
step  19100 | loss = -1.4867 | g_L = +1.4867 | EMA = +1.4745 | std(g_L) = 1.3562 | grad = 0.1707
step  19120 | loss = -1.4493 | g_L = +1.4493 | EMA = +1.4735 | std(g_L) = 1.2098 | grad = 0.5249
step  19140 | loss = -1.5356 | g_L = +1.5356 | EMA = +1.4786 | std(g_L) = 1.2689 | grad = 0.2123
step  19160 | loss = -1.4888 | g_L = +1.4888 | EMA = +1.4775 | std(g_L) = 1.2649 | grad = 0.6676
step  19180 | loss = -1.4654 | g_L = +1.4654 | EMA = +1.4823 | std(g_L) = 1.4223 | grad = 0.4721
step  19200 | loss = -1.5374 | g_L = +1.5374 | EMA = +1.4752 | std(g_L) = 1.4069 | grad = 0.3874
step  19220 | loss = -1.5602 | g_L = +1.5602 | EMA = +1.4868 | std(g_L) = 1.3558 | grad = 0.3638
step  19240 | loss = -1.5428 | g_L = +1.5428 | EMA = +1.4983 | std(g_L) = 1.3327 | grad = 0.6311
step  19260 | loss = -1.5179 | g_L = +1.5179 | EMA = +1.4847 | std(g_L) = 1.2362 | grad = 0.2262
step  19280 | loss = -1.4982 | g_L = +1.4982 | EMA = +1.4858 | std(g_L) = 1.3072 | grad = 0.6712
step  19300 | loss = -1.5059 | g_L = +1.5059 | EMA = +1.4919 | std(g_L) = 1.4639 | grad = 0.3932
step  19320 | loss = -1.4838 | g_L = +1.4838 | EMA = +1.4713 | std(g_L) = 1.3003 | grad = 0.4826
step  19340 | loss = -1.4937 | g_L = +1.4937 | EMA = +1.4757 | std(g_L) = 1.2793 | grad = 0.8016
step  19360 | loss = -1.6021 | g_L = +1.6021 | EMA = +1.4753 | std(g_L) = 1.2065 | grad = 0.7519
step  19380 | loss = -1.5303 | g_L = +1.5303 | EMA = +1.4801 | std(g_L) = 1.2726 | grad = 0.1894
step  19400 | loss = -1.4389 | g_L = +1.4389 | EMA = +1.4773 | std(g_L) = 1.5380 | grad = 0.1665
step  19420 | loss = -1.4483 | g_L = +1.4483 | EMA = +1.4560 | std(g_L) = 1.2016 | grad = 0.1984
step  19440 | loss = -1.5553 | g_L = +1.5553 | EMA = +1.4636 | std(g_L) = 1.1727 | grad = 0.8219
step  19460 | loss = -1.5869 | g_L = +1.5869 | EMA = +1.4978 | std(g_L) = 1.1972 | grad = 0.7648
step  19480 | loss = -1.4844 | g_L = +1.4844 | EMA = +1.4715 | std(g_L) = 1.3199 | grad = 0.9613
step  19500 | loss = -1.4667 | g_L = +1.4667 | EMA = +1.4637 | std(g_L) = 1.3556 | grad = 0.3641
step  19520 | loss = -1.4497 | g_L = +1.4497 | EMA = +1.4736 | std(g_L) = 1.2761 | grad = 0.2680
step  19540 | loss = -1.4449 | g_L = +1.4449 | EMA = +1.4763 | std(g_L) = 1.3734 | grad = 0.4131
step  19560 | loss = -1.4386 | g_L = +1.4386 | EMA = +1.4890 | std(g_L) = 1.3270 | grad = 0.2706
step  19580 | loss = -1.4986 | g_L = +1.4986 | EMA = +1.4989 | std(g_L) = 1.2278 | grad = 0.3208
step  19600 | loss = -1.5910 | g_L = +1.5910 | EMA = +1.5026 | std(g_L) = 1.4167 | grad = 0.4003
step  19620 | loss = -1.4126 | g_L = +1.4126 | EMA = +1.4872 | std(g_L) = 1.4587 | grad = 0.4117
step  19640 | loss = -1.5120 | g_L = +1.5120 | EMA = +1.4802 | std(g_L) = 1.2840 | grad = 0.1295
step  19660 | loss = -1.4688 | g_L = +1.4688 | EMA = +1.4836 | std(g_L) = 1.3498 | grad = 0.2810
step  19680 | loss = -1.4344 | g_L = +1.4344 | EMA = +1.4882 | std(g_L) = 1.2549 | grad = 0.6395
step  19700 | loss = -1.5311 | g_L = +1.5311 | EMA = +1.4690 | std(g_L) = 1.3070 | grad = 0.2267
step  19720 | loss = -1.4821 | g_L = +1.4821 | EMA = +1.4658 | std(g_L) = 1.3643 | grad = 0.7031
step  19740 | loss = -1.5372 | g_L = +1.5372 | EMA = +1.4645 | std(g_L) = 1.4375 | grad = 0.3520
step  19760 | loss = -1.3938 | g_L = +1.3938 | EMA = +1.4682 | std(g_L) = 1.3853 | grad = 0.3670
step  19780 | loss = -1.3857 | g_L = +1.3857 | EMA = +1.4762 | std(g_L) = 1.4190 | grad = 0.3702
step  19800 | loss = -1.4248 | g_L = +1.4248 | EMA = +1.4643 | std(g_L) = 1.2643 | grad = 0.7111
step  19820 | loss = -1.4743 | g_L = +1.4743 | EMA = +1.4794 | std(g_L) = 1.3378 | grad = 0.4547
step  19840 | loss = -1.5525 | g_L = +1.5525 | EMA = +1.4858 | std(g_L) = 1.2772 | grad = 0.3625
step  19860 | loss = -1.5170 | g_L = +1.5170 | EMA = +1.4822 | std(g_L) = 1.4236 | grad = 0.2152
step  19880 | loss = -1.5411 | g_L = +1.5411 | EMA = +1.4818 | std(g_L) = 1.3131 | grad = 0.3836
step  19900 | loss = -1.4752 | g_L = +1.4752 | EMA = +1.4770 | std(g_L) = 1.3185 | grad = 0.5452
step  19920 | loss = -1.6161 | g_L = +1.6161 | EMA = +1.4900 | std(g_L) = 1.2911 | grad = 0.1681
step  19940 | loss = -1.4486 | g_L = +1.4486 | EMA = +1.4857 | std(g_L) = 1.2995 | grad = 0.6463
step  19960 | loss = -1.4586 | g_L = +1.4586 | EMA = +1.4810 | std(g_L) = 1.4282 | grad = 0.2864
step  19980 | loss = -1.4871 | g_L = +1.4871 | EMA = +1.4708 | std(g_L) = 1.4366 | grad = 0.5666
step  20000 | loss = -1.3659 | g_L = +1.3659 | EMA = +1.4717 | std(g_L) = 1.2480 | grad = 0.4566
step  20020 | loss = -1.5517 | g_L = +1.5517 | EMA = +1.4874 | std(g_L) = 1.3346 | grad = 0.1083
step  20040 | loss = -1.4716 | g_L = +1.4716 | EMA = +1.4811 | std(g_L) = 1.4432 | grad = 0.1598
step  20060 | loss = -1.4973 | g_L = +1.4973 | EMA = +1.4881 | std(g_L) = 1.3927 | grad = 0.3684
step  20080 | loss = -1.5061 | g_L = +1.5061 | EMA = +1.4752 | std(g_L) = 1.2752 | grad = 0.2126
step  20100 | loss = -1.3610 | g_L = +1.3610 | EMA = +1.4806 | std(g_L) = 1.3141 | grad = 1.1313
step  20120 | loss = -1.5892 | g_L = +1.5892 | EMA = +1.4997 | std(g_L) = 1.3176 | grad = 0.2321
step  20140 | loss = -1.4049 | g_L = +1.4049 | EMA = +1.4861 | std(g_L) = 1.2078 | grad = 0.2815
step  20160 | loss = -1.5096 | g_L = +1.5096 | EMA = +1.4893 | std(g_L) = 1.4249 | grad = 0.4413
step  20180 | loss = -1.4404 | g_L = +1.4404 | EMA = +1.4803 | std(g_L) = 1.3116 | grad = 0.2517
step  20200 | loss = -1.4395 | g_L = +1.4395 | EMA = +1.4634 | std(g_L) = 1.2300 | grad = 0.2905
step  20220 | loss = -1.5246 | g_L = +1.5246 | EMA = +1.4807 | std(g_L) = 1.3467 | grad = 0.5241
step  20240 | loss = -1.5052 | g_L = +1.5052 | EMA = +1.4898 | std(g_L) = 1.4415 | grad = 0.4701
step  20260 | loss = -1.3911 | g_L = +1.3911 | EMA = +1.4811 | std(g_L) = 1.3753 | grad = 0.2692
step  20280 | loss = -1.5934 | g_L = +1.5934 | EMA = +1.4736 | std(g_L) = 1.2009 | grad = 0.3014
step  20300 | loss = -1.5001 | g_L = +1.5001 | EMA = +1.4830 | std(g_L) = 1.3590 | grad = 0.2099
step  20320 | loss = -1.4731 | g_L = +1.4731 | EMA = +1.4700 | std(g_L) = 1.2526 | grad = 0.2734
step  20340 | loss = -1.5279 | g_L = +1.5279 | EMA = +1.4828 | std(g_L) = 1.2461 | grad = 0.1607
step  20360 | loss = -1.4727 | g_L = +1.4727 | EMA = +1.4802 | std(g_L) = 1.2974 | grad = 0.4170
step  20380 | loss = -1.4670 | g_L = +1.4670 | EMA = +1.4792 | std(g_L) = 1.4720 | grad = 0.3725
step  20400 | loss = -1.4429 | g_L = +1.4429 | EMA = +1.4766 | std(g_L) = 1.4712 | grad = 0.2693
step  20420 | loss = -1.5670 | g_L = +1.5670 | EMA = +1.4880 | std(g_L) = 1.2268 | grad = 0.4549
step  20440 | loss = -1.5352 | g_L = +1.5352 | EMA = +1.4804 | std(g_L) = 1.1925 | grad = 0.3692
step  20460 | loss = -1.4768 | g_L = +1.4768 | EMA = +1.4845 | std(g_L) = 1.2918 | grad = 0.5758
step  20480 | loss = -1.5103 | g_L = +1.5103 | EMA = +1.4797 | std(g_L) = 1.2457 | grad = 0.5989
step  20500 | loss = -1.4482 | g_L = +1.4482 | EMA = +1.4789 | std(g_L) = 1.5546 | grad = 0.5806
step  20520 | loss = -1.4428 | g_L = +1.4428 | EMA = +1.4678 | std(g_L) = 1.4865 | grad = 0.4170
step  20540 | loss = -1.4173 | g_L = +1.4173 | EMA = +1.4779 | std(g_L) = 1.2837 | grad = 0.1468
step  20560 | loss = -1.3981 | g_L = +1.3981 | EMA = +1.4761 | std(g_L) = 1.3912 | grad = 0.1733
step  20580 | loss = -1.4267 | g_L = +1.4267 | EMA = +1.4825 | std(g_L) = 1.5140 | grad = 0.8134
step  20600 | loss = -1.5564 | g_L = +1.5564 | EMA = +1.4815 | std(g_L) = 1.2135 | grad = 0.4879
step  20620 | loss = -1.4986 | g_L = +1.4986 | EMA = +1.4728 | std(g_L) = 1.2133 | grad = 0.4696
step  20640 | loss = -1.4487 | g_L = +1.4487 | EMA = +1.4789 | std(g_L) = 1.2954 | grad = 0.9550
step  20660 | loss = -1.5294 | g_L = +1.5294 | EMA = +1.4891 | std(g_L) = 1.2555 | grad = 0.7300
step  20680 | loss = -1.5152 | g_L = +1.5152 | EMA = +1.4776 | std(g_L) = 1.3067 | grad = 0.4825
step  20700 | loss = -1.4942 | g_L = +1.4942 | EMA = +1.4813 | std(g_L) = 1.3479 | grad = 0.3662
step  20720 | loss = -1.5287 | g_L = +1.5287 | EMA = +1.4794 | std(g_L) = 1.3413 | grad = 0.5269
step  20740 | loss = -1.4271 | g_L = +1.4271 | EMA = +1.4698 | std(g_L) = 1.3704 | grad = 0.4169
step  20760 | loss = -1.5072 | g_L = +1.5072 | EMA = +1.4701 | std(g_L) = 1.3401 | grad = 0.1892
step  20780 | loss = -1.5211 | g_L = +1.5211 | EMA = +1.4765 | std(g_L) = 1.2828 | grad = 0.1832
step  20800 | loss = -1.4743 | g_L = +1.4743 | EMA = +1.4856 | std(g_L) = 1.2400 | grad = 0.8967
step  20820 | loss = -1.3729 | g_L = +1.3729 | EMA = +1.4737 | std(g_L) = 1.3908 | grad = 0.1439
step  20840 | loss = -1.5218 | g_L = +1.5218 | EMA = +1.4867 | std(g_L) = 1.2814 | grad = 0.2623
step  20860 | loss = -1.4608 | g_L = +1.4608 | EMA = +1.4832 | std(g_L) = 1.2491 | grad = 0.6092
step  20880 | loss = -1.4843 | g_L = +1.4843 | EMA = +1.4937 | std(g_L) = 1.3896 | grad = 0.3742
step  20900 | loss = -1.4982 | g_L = +1.4982 | EMA = +1.4774 | std(g_L) = 1.1739 | grad = 0.9344
step  20920 | loss = -1.4877 | g_L = +1.4877 | EMA = +1.5128 | std(g_L) = 1.3136 | grad = 0.8081
step  20940 | loss = -1.4993 | g_L = +1.4993 | EMA = +1.4927 | std(g_L) = 1.3153 | grad = 0.7021
step  20960 | loss = -1.4816 | g_L = +1.4816 | EMA = +1.4884 | std(g_L) = 1.4059 | grad = 0.2574
step  20980 | loss = -1.4690 | g_L = +1.4690 | EMA = +1.4820 | std(g_L) = 1.3661 | grad = 0.5703
step  21000 | loss = -1.4233 | g_L = +1.4233 | EMA = +1.4862 | std(g_L) = 1.2663 | grad = 0.2280
step  21020 | loss = -1.4580 | g_L = +1.4580 | EMA = +1.4850 | std(g_L) = 1.3544 | grad = 0.5521
step  21040 | loss = -1.5399 | g_L = +1.5399 | EMA = +1.4901 | std(g_L) = 1.2524 | grad = 0.4446
step  21060 | loss = -1.4924 | g_L = +1.4924 | EMA = +1.4740 | std(g_L) = 1.4115 | grad = 0.7915
step  21080 | loss = -1.4249 | g_L = +1.4249 | EMA = +1.4740 | std(g_L) = 1.2873 | grad = 0.3095
step  21100 | loss = -1.4577 | g_L = +1.4577 | EMA = +1.4790 | std(g_L) = 1.3898 | grad = 0.4697
step  21120 | loss = -1.5279 | g_L = +1.5279 | EMA = +1.4813 | std(g_L) = 1.2865 | grad = 0.4034
step  21140 | loss = -1.4079 | g_L = +1.4079 | EMA = +1.4776 | std(g_L) = 1.4181 | grad = 0.2723
step  21160 | loss = -1.4993 | g_L = +1.4993 | EMA = +1.4791 | std(g_L) = 1.2881 | grad = 0.3523
step  21180 | loss = -1.4189 | g_L = +1.4189 | EMA = +1.4776 | std(g_L) = 1.3957 | grad = 1.0803
step  21200 | loss = -1.5872 | g_L = +1.5872 | EMA = +1.4921 | std(g_L) = 1.1917 | grad = 0.5766
step  21220 | loss = -1.5274 | g_L = +1.5274 | EMA = +1.4874 | std(g_L) = 1.5169 | grad = 0.1762
step  21240 | loss = -1.5159 | g_L = +1.5159 | EMA = +1.4917 | std(g_L) = 1.2919 | grad = 0.1937
step  21260 | loss = -1.3558 | g_L = +1.3558 | EMA = +1.4730 | std(g_L) = 1.2297 | grad = 0.0891
step  21280 | loss = -1.5280 | g_L = +1.5280 | EMA = +1.4740 | std(g_L) = 1.4336 | grad = 0.2006
step  21300 | loss = -1.6023 | g_L = +1.6023 | EMA = +1.4796 | std(g_L) = 1.2625 | grad = 0.0938
step  21320 | loss = -1.6321 | g_L = +1.6321 | EMA = +1.4924 | std(g_L) = 1.2506 | grad = 0.3161
step  21340 | loss = -1.5227 | g_L = +1.5227 | EMA = +1.4817 | std(g_L) = 1.2829 | grad = 0.3841
step  21360 | loss = -1.3909 | g_L = +1.3909 | EMA = +1.4676 | std(g_L) = 1.2921 | grad = 0.5220
step  21380 | loss = -1.4576 | g_L = +1.4576 | EMA = +1.4831 | std(g_L) = 1.4141 | grad = 0.2562
step  21400 | loss = -1.4476 | g_L = +1.4476 | EMA = +1.4832 | std(g_L) = 1.2613 | grad = 0.6715
step  21420 | loss = -1.5014 | g_L = +1.5014 | EMA = +1.4874 | std(g_L) = 1.2874 | grad = 0.7509
step  21440 | loss = -1.4002 | g_L = +1.4002 | EMA = +1.4751 | std(g_L) = 1.4264 | grad = 1.1901
step  21460 | loss = -1.5491 | g_L = +1.5491 | EMA = +1.4597 | std(g_L) = 1.3329 | grad = 0.3544
step  21480 | loss = -1.4234 | g_L = +1.4234 | EMA = +1.4661 | std(g_L) = 1.5572 | grad = 0.4265
step  21500 | loss = -1.4987 | g_L = +1.4987 | EMA = +1.4770 | std(g_L) = 1.2707 | grad = 0.4033
step  21520 | loss = -1.5765 | g_L = +1.5765 | EMA = +1.4864 | std(g_L) = 1.3502 | grad = 0.5014
step  21540 | loss = -1.3616 | g_L = +1.3616 | EMA = +1.4724 | std(g_L) = 1.3220 | grad = 0.2812
step  21560 | loss = -1.4540 | g_L = +1.4540 | EMA = +1.4794 | std(g_L) = 1.3984 | grad = 0.2076
step  21580 | loss = -1.4750 | g_L = +1.4750 | EMA = +1.4958 | std(g_L) = 1.2284 | grad = 0.2126
step  21600 | loss = -1.4268 | g_L = +1.4268 | EMA = +1.4906 | std(g_L) = 1.2443 | grad = 0.3848
step  21620 | loss = -1.4538 | g_L = +1.4538 | EMA = +1.4854 | std(g_L) = 1.3324 | grad = 0.1037
step  21640 | loss = -1.5540 | g_L = +1.5540 | EMA = +1.4852 | std(g_L) = 1.3793 | grad = 0.1385
step  21660 | loss = -1.4312 | g_L = +1.4312 | EMA = +1.4876 | std(g_L) = 1.3368 | grad = 1.0207
step  21680 | loss = -1.5038 | g_L = +1.5038 | EMA = +1.4986 | std(g_L) = 1.3097 | grad = 0.8369
step  21700 | loss = -1.4412 | g_L = +1.4412 | EMA = +1.4945 | std(g_L) = 1.2873 | grad = 0.5275
step  21720 | loss = -1.5210 | g_L = +1.5210 | EMA = +1.4833 | std(g_L) = 1.3472 | grad = 0.2348
step  21740 | loss = -1.4630 | g_L = +1.4630 | EMA = +1.4931 | std(g_L) = 1.3350 | grad = 1.0122
step  21760 | loss = -1.5230 | g_L = +1.5230 | EMA = +1.4997 | std(g_L) = 1.3801 | grad = 0.2564
step  21780 | loss = -1.4517 | g_L = +1.4517 | EMA = +1.4956 | std(g_L) = 1.3423 | grad = 0.2032
step  21800 | loss = -1.5143 | g_L = +1.5143 | EMA = +1.4753 | std(g_L) = 1.2685 | grad = 0.2807
step  21820 | loss = -1.4441 | g_L = +1.4441 | EMA = +1.4715 | std(g_L) = 1.4867 | grad = 0.2273
step  21840 | loss = -1.5428 | g_L = +1.5428 | EMA = +1.4800 | std(g_L) = 1.3760 | grad = 0.1098
step  21860 | loss = -1.6013 | g_L = +1.6013 | EMA = +1.4909 | std(g_L) = 1.2123 | grad = 0.3141
step  21880 | loss = -1.4269 | g_L = +1.4269 | EMA = +1.4808 | std(g_L) = 1.4906 | grad = 0.1500
step  21900 | loss = -1.4741 | g_L = +1.4741 | EMA = +1.4932 | std(g_L) = 1.3033 | grad = 0.6030
step  21920 | loss = -1.4776 | g_L = +1.4776 | EMA = +1.4873 | std(g_L) = 1.1904 | grad = 0.3527
step  21940 | loss = -1.4139 | g_L = +1.4139 | EMA = +1.4908 | std(g_L) = 1.2278 | grad = 0.6384
step  21960 | loss = -1.5453 | g_L = +1.5453 | EMA = +1.4887 | std(g_L) = 1.2769 | grad = 0.2251
step  21980 | loss = -1.4003 | g_L = +1.4003 | EMA = +1.4875 | std(g_L) = 1.2421 | grad = 0.3101
step  22000 | loss = -1.5097 | g_L = +1.5097 | EMA = +1.4902 | std(g_L) = 1.4004 | grad = 0.1215
step  22020 | loss = -1.4211 | g_L = +1.4211 | EMA = +1.4938 | std(g_L) = 1.3005 | grad = 0.7949
step  22040 | loss = -1.4580 | g_L = +1.4580 | EMA = +1.4853 | std(g_L) = 1.2920 | grad = 0.3226
step  22060 | loss = -1.3957 | g_L = +1.3957 | EMA = +1.4888 | std(g_L) = 1.4418 | grad = 0.1624
step  22080 | loss = -1.5250 | g_L = +1.5250 | EMA = +1.4842 | std(g_L) = 1.3993 | grad = 0.2399
step  22100 | loss = -1.4795 | g_L = +1.4795 | EMA = +1.4805 | std(g_L) = 1.4395 | grad = 0.6897
step  22120 | loss = -1.4106 | g_L = +1.4106 | EMA = +1.4756 | std(g_L) = 1.3098 | grad = 0.2222
step  22140 | loss = -1.5189 | g_L = +1.5189 | EMA = +1.4834 | std(g_L) = 1.5216 | grad = 1.0815
step  22160 | loss = -1.4203 | g_L = +1.4203 | EMA = +1.4696 | std(g_L) = 1.5206 | grad = 0.4772
step  22180 | loss = -1.5775 | g_L = +1.5775 | EMA = +1.4737 | std(g_L) = 1.3290 | grad = 0.0957
step  22200 | loss = -1.6065 | g_L = +1.6065 | EMA = +1.4841 | std(g_L) = 1.2329 | grad = 0.2736
step  22220 | loss = -1.5598 | g_L = +1.5598 | EMA = +1.4877 | std(g_L) = 1.3002 | grad = 0.2847
step  22240 | loss = -1.4212 | g_L = +1.4212 | EMA = +1.4782 | std(g_L) = 1.3070 | grad = 0.5155
step  22260 | loss = -1.4918 | g_L = +1.4918 | EMA = +1.4855 | std(g_L) = 1.3743 | grad = 0.8522
step  22280 | loss = -1.5645 | g_L = +1.5645 | EMA = +1.4886 | std(g_L) = 1.2866 | grad = 0.1870
step  22300 | loss = -1.4144 | g_L = +1.4144 | EMA = +1.4788 | std(g_L) = 1.3781 | grad = 0.3136
step  22320 | loss = -1.4534 | g_L = +1.4534 | EMA = +1.4739 | std(g_L) = 1.3370 | grad = 0.1830
step  22340 | loss = -1.4900 | g_L = +1.4900 | EMA = +1.4746 | std(g_L) = 1.2390 | grad = 0.5133
step  22360 | loss = -1.4129 | g_L = +1.4129 | EMA = +1.4782 | std(g_L) = 1.3506 | grad = 0.1720
step  22380 | loss = -1.5744 | g_L = +1.5744 | EMA = +1.4927 | std(g_L) = 1.3550 | grad = 0.4119
step  22400 | loss = -1.4108 | g_L = +1.4108 | EMA = +1.5022 | std(g_L) = 1.2604 | grad = 0.0944
step  22420 | loss = -1.5363 | g_L = +1.5363 | EMA = +1.4979 | std(g_L) = 1.2325 | grad = 0.5468
step  22440 | loss = -1.4660 | g_L = +1.4660 | EMA = +1.4754 | std(g_L) = 1.4595 | grad = 0.3677
step  22460 | loss = -1.4498 | g_L = +1.4498 | EMA = +1.4739 | std(g_L) = 1.3037 | grad = 1.1322
step  22480 | loss = -1.3620 | g_L = +1.3620 | EMA = +1.4700 | std(g_L) = 1.5446 | grad = 0.4132
step  22500 | loss = -1.4435 | g_L = +1.4435 | EMA = +1.4655 | std(g_L) = 1.3381 | grad = 0.2791
step  22520 | loss = -1.4968 | g_L = +1.4968 | EMA = +1.4829 | std(g_L) = 1.3734 | grad = 0.2149
step  22540 | loss = -1.5140 | g_L = +1.5140 | EMA = +1.5001 | std(g_L) = 1.4000 | grad = 0.6922
step  22560 | loss = -1.4887 | g_L = +1.4887 | EMA = +1.4927 | std(g_L) = 1.1975 | grad = 0.3784
step  22580 | loss = -1.6401 | g_L = +1.6401 | EMA = +1.5008 | std(g_L) = 1.1869 | grad = 0.4941
step  22600 | loss = -1.4632 | g_L = +1.4632 | EMA = +1.5002 | std(g_L) = 1.2908 | grad = 0.7758
step  22620 | loss = -1.5353 | g_L = +1.5353 | EMA = +1.4892 | std(g_L) = 1.3234 | grad = 0.2823
step  22640 | loss = -1.4223 | g_L = +1.4223 | EMA = +1.4850 | std(g_L) = 1.3076 | grad = 0.8369
step  22660 | loss = -1.5727 | g_L = +1.5727 | EMA = +1.4783 | std(g_L) = 1.3197 | grad = 0.5970
step  22680 | loss = -1.5691 | g_L = +1.5691 | EMA = +1.4916 | std(g_L) = 1.3311 | grad = 1.1310
step  22700 | loss = -1.5246 | g_L = +1.5246 | EMA = +1.4685 | std(g_L) = 1.2658 | grad = 0.5739
step  22720 | loss = -1.4949 | g_L = +1.4949 | EMA = +1.4814 | std(g_L) = 1.4238 | grad = 0.7407
step  22740 | loss = -1.4633 | g_L = +1.4633 | EMA = +1.4824 | std(g_L) = 1.2290 | grad = 0.4198
step  22760 | loss = -1.4831 | g_L = +1.4831 | EMA = +1.4761 | std(g_L) = 1.3130 | grad = 0.2094
step  22780 | loss = -1.4645 | g_L = +1.4645 | EMA = +1.4814 | std(g_L) = 1.2751 | grad = 0.3897
step  22800 | loss = -1.5303 | g_L = +1.5303 | EMA = +1.4834 | std(g_L) = 1.3388 | grad = 0.5126
step  22820 | loss = -1.5107 | g_L = +1.5107 | EMA = +1.4931 | std(g_L) = 1.3120 | grad = 0.1499
step  22840 | loss = -1.5161 | g_L = +1.5161 | EMA = +1.4802 | std(g_L) = 1.1430 | grad = 0.8935
step  22860 | loss = -1.4508 | g_L = +1.4508 | EMA = +1.4791 | std(g_L) = 1.3576 | grad = 0.5191
step  22880 | loss = -1.3732 | g_L = +1.3732 | EMA = +1.4795 | std(g_L) = 1.7988 | grad = 0.1262
step  22900 | loss = -1.5132 | g_L = +1.5132 | EMA = +1.4861 | std(g_L) = 1.2963 | grad = 0.6429
step  22920 | loss = -1.4416 | g_L = +1.4416 | EMA = +1.4889 | std(g_L) = 1.5050 | grad = 0.1247
step  22940 | loss = -1.4616 | g_L = +1.4616 | EMA = +1.4937 | std(g_L) = 1.3166 | grad = 0.1684
step  22960 | loss = -1.3828 | g_L = +1.3828 | EMA = +1.4849 | std(g_L) = 1.3782 | grad = 0.3569
step  22980 | loss = -1.4736 | g_L = +1.4736 | EMA = +1.4911 | std(g_L) = 1.3126 | grad = 0.3058
step  23000 | loss = -1.4543 | g_L = +1.4543 | EMA = +1.4805 | std(g_L) = 1.2868 | grad = 0.6529
step  23020 | loss = -1.5056 | g_L = +1.5056 | EMA = +1.4848 | std(g_L) = 1.2802 | grad = 0.3584
step  23040 | loss = -1.2520 | g_L = +1.2520 | EMA = +1.4774 | std(g_L) = 1.3510 | grad = 0.3679
step  23060 | loss = -1.4493 | g_L = +1.4493 | EMA = +1.5028 | std(g_L) = 1.5166 | grad = 0.4886
step  23080 | loss = -1.5489 | g_L = +1.5489 | EMA = +1.4852 | std(g_L) = 1.2427 | grad = 0.3585
step  23100 | loss = -1.5206 | g_L = +1.5206 | EMA = +1.4784 | std(g_L) = 1.2985 | grad = 0.5189
step  23120 | loss = -1.5088 | g_L = +1.5088 | EMA = +1.4905 | std(g_L) = 1.3137 | grad = 0.2931
step  23140 | loss = -1.4923 | g_L = +1.4923 | EMA = +1.4855 | std(g_L) = 1.4262 | grad = 0.3237
step  23160 | loss = -1.4120 | g_L = +1.4120 | EMA = +1.4900 | std(g_L) = 1.4255 | grad = 0.2256
step  23180 | loss = -1.4931 | g_L = +1.4931 | EMA = +1.4999 | std(g_L) = 1.2967 | grad = 0.5972
step  23200 | loss = -1.4757 | g_L = +1.4757 | EMA = +1.5026 | std(g_L) = 1.3685 | grad = 0.6481
step  23220 | loss = -1.4732 | g_L = +1.4732 | EMA = +1.4889 | std(g_L) = 1.4724 | grad = 0.3377
step  23240 | loss = -1.4651 | g_L = +1.4651 | EMA = +1.4954 | std(g_L) = 1.3061 | grad = 0.5527
step  23260 | loss = -1.6276 | g_L = +1.6276 | EMA = +1.4946 | std(g_L) = 1.2213 | grad = 0.9050
step  23280 | loss = -1.4404 | g_L = +1.4404 | EMA = +1.4880 | std(g_L) = 1.3490 | grad = 0.1609
step  23300 | loss = -1.5566 | g_L = +1.5566 | EMA = +1.4831 | std(g_L) = 1.2985 | grad = 0.7109
step  23320 | loss = -1.4887 | g_L = +1.4887 | EMA = +1.4886 | std(g_L) = 1.2268 | grad = 0.9491
step  23340 | loss = -1.4888 | g_L = +1.4888 | EMA = +1.4877 | std(g_L) = 1.4008 | grad = 0.1972
step  23360 | loss = -1.4481 | g_L = +1.4481 | EMA = +1.4981 | std(g_L) = 1.3122 | grad = 1.2141
step  23380 | loss = -1.5086 | g_L = +1.5086 | EMA = +1.4902 | std(g_L) = 1.3317 | grad = 0.5099
step  23400 | loss = -1.5516 | g_L = +1.5516 | EMA = +1.4895 | std(g_L) = 1.2319 | grad = 0.7273
step  23420 | loss = -1.4486 | g_L = +1.4486 | EMA = +1.4847 | std(g_L) = 1.4965 | grad = 0.5360
step  23440 | loss = -1.5383 | g_L = +1.5383 | EMA = +1.4787 | std(g_L) = 1.2077 | grad = 0.8236
step  23460 | loss = -1.3791 | g_L = +1.3791 | EMA = +1.4687 | std(g_L) = 1.4465 | grad = 0.3771
step  23480 | loss = -1.4679 | g_L = +1.4679 | EMA = +1.4810 | std(g_L) = 1.1611 | grad = 0.3942
step  23500 | loss = -1.4410 | g_L = +1.4410 | EMA = +1.4839 | std(g_L) = 1.4202 | grad = 0.2838
step  23520 | loss = -1.4917 | g_L = +1.4917 | EMA = +1.4924 | std(g_L) = 1.3031 | grad = 0.1800
step  23540 | loss = -1.4128 | g_L = +1.4128 | EMA = +1.4927 | std(g_L) = 1.2904 | grad = 0.3068
step  23560 | loss = -1.3977 | g_L = +1.3977 | EMA = +1.4769 | std(g_L) = 1.5049 | grad = 0.3623
step  23580 | loss = -1.4179 | g_L = +1.4179 | EMA = +1.4827 | std(g_L) = 1.3652 | grad = 0.9588
step  23600 | loss = -1.5148 | g_L = +1.5148 | EMA = +1.4922 | std(g_L) = 1.5074 | grad = 0.1721
step  23620 | loss = -1.4882 | g_L = +1.4882 | EMA = +1.4954 | std(g_L) = 1.2189 | grad = 0.2271
step  23640 | loss = -1.4934 | g_L = +1.4934 | EMA = +1.4909 | std(g_L) = 1.3366 | grad = 0.4084
step  23660 | loss = -1.4777 | g_L = +1.4777 | EMA = +1.4912 | std(g_L) = 1.4321 | grad = 1.0898
step  23680 | loss = -1.5276 | g_L = +1.5276 | EMA = +1.5101 | std(g_L) = 1.2658 | grad = 0.2287
step  23700 | loss = -1.4722 | g_L = +1.4722 | EMA = +1.4869 | std(g_L) = 1.3233 | grad = 0.4407
step  23720 | loss = -1.5128 | g_L = +1.5128 | EMA = +1.4864 | std(g_L) = 1.3399 | grad = 0.3074
step  23740 | loss = -1.5051 | g_L = +1.5051 | EMA = +1.4747 | std(g_L) = 1.4774 | grad = 0.1545
step  23760 | loss = -1.4360 | g_L = +1.4360 | EMA = +1.4869 | std(g_L) = 1.3023 | grad = 0.3199
step  23780 | loss = -1.4108 | g_L = +1.4108 | EMA = +1.4868 | std(g_L) = 1.5234 | grad = 0.1114
step  23800 | loss = -1.5792 | g_L = +1.5792 | EMA = +1.5011 | std(g_L) = 1.1967 | grad = 0.6743
step  23820 | loss = -1.4767 | g_L = +1.4767 | EMA = +1.4987 | std(g_L) = 1.3514 | grad = 0.2571
step  23840 | loss = -1.5257 | g_L = +1.5257 | EMA = +1.4966 | std(g_L) = 1.4659 | grad = 0.2768
step  23860 | loss = -1.5241 | g_L = +1.5241 | EMA = +1.4838 | std(g_L) = 1.3017 | grad = 0.6283
step  23880 | loss = -1.5396 | g_L = +1.5396 | EMA = +1.4988 | std(g_L) = 1.3145 | grad = 0.2591
step  23900 | loss = -1.4219 | g_L = +1.4219 | EMA = +1.5002 | std(g_L) = 1.3319 | grad = 0.4126
step  23920 | loss = -1.4714 | g_L = +1.4714 | EMA = +1.4878 | std(g_L) = 1.4902 | grad = 0.7091
step  23940 | loss = -1.4649 | g_L = +1.4649 | EMA = +1.4744 | std(g_L) = 1.2897 | grad = 0.3921
step  23960 | loss = -1.3930 | g_L = +1.3930 | EMA = +1.4882 | std(g_L) = 1.3727 | grad = 0.8837
step  23980 | loss = -1.5120 | g_L = +1.5120 | EMA = +1.5019 | std(g_L) = 1.3743 | grad = 0.8352
step  24000 | loss = -1.5120 | g_L = +1.5120 | EMA = +1.5028 | std(g_L) = 1.4442 | grad = 0.1741
step  24020 | loss = -1.5350 | g_L = +1.5350 | EMA = +1.4949 | std(g_L) = 1.2279 | grad = 0.1296
step  24040 | loss = -1.4953 | g_L = +1.4953 | EMA = +1.4948 | std(g_L) = 1.2892 | grad = 0.2701
step  24060 | loss = -1.5286 | g_L = +1.5286 | EMA = +1.4857 | std(g_L) = 1.2764 | grad = 0.3813
step  24080 | loss = -1.5898 | g_L = +1.5898 | EMA = +1.5006 | std(g_L) = 1.2180 | grad = 0.7212
step  24100 | loss = -1.4964 | g_L = +1.4964 | EMA = +1.4718 | std(g_L) = 1.3051 | grad = 0.1148
step  24120 | loss = -1.4691 | g_L = +1.4691 | EMA = +1.4718 | std(g_L) = 1.2906 | grad = 1.1104
step  24140 | loss = -1.3514 | g_L = +1.3514 | EMA = +1.4732 | std(g_L) = 1.3430 | grad = 0.1555
step  24160 | loss = -1.5524 | g_L = +1.5524 | EMA = +1.4876 | std(g_L) = 1.2346 | grad = 0.3108
step  24180 | loss = -1.5159 | g_L = +1.5159 | EMA = +1.4989 | std(g_L) = 1.4075 | grad = 0.4641
step  24200 | loss = -1.5142 | g_L = +1.5142 | EMA = +1.4920 | std(g_L) = 1.3611 | grad = 1.3418
step  24220 | loss = -1.5629 | g_L = +1.5629 | EMA = +1.5061 | std(g_L) = 1.2161 | grad = 0.1887
step  24240 | loss = -1.6333 | g_L = +1.6333 | EMA = +1.5023 | std(g_L) = 1.2644 | grad = 0.1082
step  24260 | loss = -1.4529 | g_L = +1.4529 | EMA = +1.5004 | std(g_L) = 1.2215 | grad = 0.4288
step  24280 | loss = -1.4452 | g_L = +1.4452 | EMA = +1.4831 | std(g_L) = 1.3060 | grad = 0.4751
step  24300 | loss = -1.4775 | g_L = +1.4775 | EMA = +1.4819 | std(g_L) = 1.3325 | grad = 0.3722
step  24320 | loss = -1.6562 | g_L = +1.6562 | EMA = +1.4984 | std(g_L) = 1.3516 | grad = 0.2661
step  24340 | loss = -1.5553 | g_L = +1.5553 | EMA = +1.4916 | std(g_L) = 1.2984 | grad = 0.8266
step  24360 | loss = -1.5407 | g_L = +1.5407 | EMA = +1.4891 | std(g_L) = 1.2946 | grad = 0.2974
step  24380 | loss = -1.5555 | g_L = +1.5555 | EMA = +1.4946 | std(g_L) = 1.2503 | grad = 0.6347
step  24400 | loss = -1.4956 | g_L = +1.4956 | EMA = +1.4846 | std(g_L) = 1.3515 | grad = 0.9864
step  24420 | loss = -1.4658 | g_L = +1.4658 | EMA = +1.4875 | std(g_L) = 1.3649 | grad = 0.2304
step  24440 | loss = -1.4800 | g_L = +1.4800 | EMA = +1.4889 | std(g_L) = 1.1956 | grad = 0.2994
step  24460 | loss = -1.4367 | g_L = +1.4367 | EMA = +1.4850 | std(g_L) = 1.3934 | grad = 0.4283
step  24480 | loss = -1.4846 | g_L = +1.4846 | EMA = +1.4903 | std(g_L) = 1.2854 | grad = 0.2148
step  24500 | loss = -1.5159 | g_L = +1.5159 | EMA = +1.4982 | std(g_L) = 1.4026 | grad = 0.2167
step  24520 | loss = -1.4317 | g_L = +1.4317 | EMA = +1.4912 | std(g_L) = 1.2420 | grad = 0.5447
step  24540 | loss = -1.5345 | g_L = +1.5345 | EMA = +1.4965 | std(g_L) = 1.3133 | grad = 0.4117
step  24560 | loss = -1.5001 | g_L = +1.5001 | EMA = +1.4971 | std(g_L) = 1.2474 | grad = 0.4160
step  24580 | loss = -1.6108 | g_L = +1.6108 | EMA = +1.5063 | std(g_L) = 1.2527 | grad = 0.3453
step  24600 | loss = -1.5135 | g_L = +1.5135 | EMA = +1.4916 | std(g_L) = 1.3141 | grad = 0.5518
step  24620 | loss = -1.4252 | g_L = +1.4252 | EMA = +1.4907 | std(g_L) = 1.3942 | grad = 0.6621
step  24640 | loss = -1.5099 | g_L = +1.5099 | EMA = +1.4777 | std(g_L) = 1.2455 | grad = 0.2384
step  24660 | loss = -1.5238 | g_L = +1.5238 | EMA = +1.4854 | std(g_L) = 1.3031 | grad = 0.2430
step  24680 | loss = -1.6151 | g_L = +1.6151 | EMA = +1.4995 | std(g_L) = 1.2489 | grad = 0.1772
step  24700 | loss = -1.4615 | g_L = +1.4615 | EMA = +1.5068 | std(g_L) = 1.3137 | grad = 0.1456
step  24720 | loss = -1.4435 | g_L = +1.4435 | EMA = +1.4877 | std(g_L) = 1.3718 | grad = 0.4941
step  24740 | loss = -1.4380 | g_L = +1.4380 | EMA = +1.4896 | std(g_L) = 1.2517 | grad = 0.1659
step  24760 | loss = -1.4251 | g_L = +1.4251 | EMA = +1.4913 | std(g_L) = 1.3504 | grad = 0.3988
step  24780 | loss = -1.5337 | g_L = +1.5337 | EMA = +1.4927 | std(g_L) = 1.2616 | grad = 0.3916
step  24800 | loss = -1.5880 | g_L = +1.5880 | EMA = +1.4910 | std(g_L) = 1.2834 | grad = 1.0355
step  24820 | loss = -1.5300 | g_L = +1.5300 | EMA = +1.4861 | std(g_L) = 1.2713 | grad = 0.2729
step  24840 | loss = -1.5299 | g_L = +1.5299 | EMA = +1.4851 | std(g_L) = 1.5379 | grad = 0.3220
step  24860 | loss = -1.4971 | g_L = +1.4971 | EMA = +1.4796 | std(g_L) = 1.2700 | grad = 0.4404
step  24880 | loss = -1.4567 | g_L = +1.4567 | EMA = +1.4765 | std(g_L) = 1.2440 | grad = 0.5932
step  24900 | loss = -1.5152 | g_L = +1.5152 | EMA = +1.4862 | std(g_L) = 1.4039 | grad = 0.6647
step  24920 | loss = -1.5286 | g_L = +1.5286 | EMA = +1.4809 | std(g_L) = 1.3040 | grad = 0.4834
step  24940 | loss = -1.4739 | g_L = +1.4739 | EMA = +1.4829 | std(g_L) = 1.3548 | grad = 0.8078
step  24960 | loss = -1.4019 | g_L = +1.4019 | EMA = +1.4786 | std(g_L) = 1.3936 | grad = 0.7583
step  24980 | loss = -1.4477 | g_L = +1.4477 | EMA = +1.4843 | std(g_L) = 1.6021 | grad = 0.4566
step  25000 | loss = -1.6552 | g_L = +1.6552 | EMA = +1.4926 | std(g_L) = 1.2429 | grad = 0.3252
step  25020 | loss = -1.5439 | g_L = +1.5439 | EMA = +1.4963 | std(g_L) = 1.1838 | grad = 0.7565
step  25040 | loss = -1.5252 | g_L = +1.5252 | EMA = +1.4869 | std(g_L) = 1.3306 | grad = 0.8209
step  25060 | loss = -1.5839 | g_L = +1.5839 | EMA = +1.4811 | std(g_L) = 1.2387 | grad = 0.2428
step  25080 | loss = -1.3970 | g_L = +1.3970 | EMA = +1.4753 | std(g_L) = 1.4620 | grad = 0.1397
step  25100 | loss = -1.4882 | g_L = +1.4882 | EMA = +1.4928 | std(g_L) = 1.3413 | grad = 1.1552
step  25120 | loss = -1.5221 | g_L = +1.5221 | EMA = +1.4974 | std(g_L) = 1.2155 | grad = 0.4086
step  25140 | loss = -1.5261 | g_L = +1.5261 | EMA = +1.4929 | std(g_L) = 1.3138 | grad = 0.4781
step  25160 | loss = -1.5714 | g_L = +1.5714 | EMA = +1.4920 | std(g_L) = 1.2457 | grad = 0.7824
step  25180 | loss = -1.5015 | g_L = +1.5015 | EMA = +1.4973 | std(g_L) = 1.3319 | grad = 0.6284
step  25200 | loss = -1.3805 | g_L = +1.3805 | EMA = +1.4816 | std(g_L) = 1.4179 | grad = 0.2967
step  25220 | loss = -1.3530 | g_L = +1.3530 | EMA = +1.4736 | std(g_L) = 1.4480 | grad = 0.2045
step  25240 | loss = -1.5415 | g_L = +1.5415 | EMA = +1.4977 | std(g_L) = 1.2383 | grad = 0.6331
step  25260 | loss = -1.5271 | g_L = +1.5271 | EMA = +1.5168 | std(g_L) = 1.3135 | grad = 0.1587
step  25280 | loss = -1.4610 | g_L = +1.4610 | EMA = +1.4847 | std(g_L) = 1.3108 | grad = 0.6503
step  25300 | loss = -1.5151 | g_L = +1.5151 | EMA = +1.4834 | std(g_L) = 1.4045 | grad = 0.4564
step  25320 | loss = -1.4469 | g_L = +1.4469 | EMA = +1.4887 | std(g_L) = 1.3156 | grad = 0.7156
step  25340 | loss = -1.3629 | g_L = +1.3629 | EMA = +1.4734 | std(g_L) = 1.4582 | grad = 0.3144
step  25360 | loss = -1.5092 | g_L = +1.5092 | EMA = +1.4941 | std(g_L) = 1.2917 | grad = 0.3047
step  25380 | loss = -1.4656 | g_L = +1.4656 | EMA = +1.4856 | std(g_L) = 1.2995 | grad = 0.2048
step  25400 | loss = -1.4928 | g_L = +1.4928 | EMA = +1.4711 | std(g_L) = 1.2556 | grad = 0.3034
step  25420 | loss = -1.5086 | g_L = +1.5086 | EMA = +1.4800 | std(g_L) = 1.2540 | grad = 1.3865
step  25440 | loss = -1.5228 | g_L = +1.5228 | EMA = +1.4842 | std(g_L) = 1.4707 | grad = 0.9499
step  25460 | loss = -1.5578 | g_L = +1.5578 | EMA = +1.4802 | std(g_L) = 1.2912 | grad = 0.8870
step  25480 | loss = -1.4743 | g_L = +1.4743 | EMA = +1.5046 | std(g_L) = 1.3682 | grad = 0.3502
step  25500 | loss = -1.5601 | g_L = +1.5601 | EMA = +1.4941 | std(g_L) = 1.2238 | grad = 1.0845
step  25520 | loss = -1.4588 | g_L = +1.4588 | EMA = +1.4949 | std(g_L) = 1.3879 | grad = 0.1465
step  25540 | loss = -1.5881 | g_L = +1.5881 | EMA = +1.4907 | std(g_L) = 1.3037 | grad = 0.4739
step  25560 | loss = -1.5258 | g_L = +1.5258 | EMA = +1.4921 | std(g_L) = 1.4171 | grad = 0.3587
step  25580 | loss = -1.5376 | g_L = +1.5376 | EMA = +1.4937 | std(g_L) = 1.3181 | grad = 0.2833
step  25600 | loss = -1.5128 | g_L = +1.5128 | EMA = +1.5109 | std(g_L) = 1.3193 | grad = 0.8715
step  25620 | loss = -1.4453 | g_L = +1.4453 | EMA = +1.4864 | std(g_L) = 1.5008 | grad = 0.4539
step  25640 | loss = -1.4849 | g_L = +1.4849 | EMA = +1.4798 | std(g_L) = 1.3129 | grad = 0.2037
step  25660 | loss = -1.3764 | g_L = +1.3764 | EMA = +1.4826 | std(g_L) = 1.4742 | grad = 0.8221
step  25680 | loss = -1.4060 | g_L = +1.4060 | EMA = +1.4906 | std(g_L) = 1.4618 | grad = 0.3406
step  25700 | loss = -1.4988 | g_L = +1.4988 | EMA = +1.4990 | std(g_L) = 1.2621 | grad = 0.2728
step  25720 | loss = -1.5040 | g_L = +1.5040 | EMA = +1.4962 | std(g_L) = 1.3668 | grad = 0.6451
step  25740 | loss = -1.4642 | g_L = +1.4642 | EMA = +1.4944 | std(g_L) = 1.3357 | grad = 0.7263
step  25760 | loss = -1.5354 | g_L = +1.5354 | EMA = +1.4981 | std(g_L) = 1.3142 | grad = 0.1627
step  25780 | loss = -1.3955 | g_L = +1.3955 | EMA = +1.4864 | std(g_L) = 1.6052 | grad = 0.3283
step  25800 | loss = -1.4478 | g_L = +1.4478 | EMA = +1.4774 | std(g_L) = 1.3275 | grad = 0.4379
step  25820 | loss = -1.4387 | g_L = +1.4387 | EMA = +1.4748 | std(g_L) = 1.3707 | grad = 0.2536
step  25840 | loss = -1.4806 | g_L = +1.4806 | EMA = +1.4811 | std(g_L) = 1.3039 | grad = 0.3507
step  25860 | loss = -1.5061 | g_L = +1.5061 | EMA = +1.4774 | std(g_L) = 1.4193 | grad = 0.1680
step  25880 | loss = -1.4798 | g_L = +1.4798 | EMA = +1.4800 | std(g_L) = 1.3859 | grad = 1.0286
step  25900 | loss = -1.5099 | g_L = +1.5099 | EMA = +1.4819 | std(g_L) = 1.5554 | grad = 0.7395
step  25920 | loss = -1.4753 | g_L = +1.4753 | EMA = +1.4797 | std(g_L) = 1.2333 | grad = 1.3055
step  25940 | loss = -1.3433 | g_L = +1.3433 | EMA = +1.4747 | std(g_L) = 1.3633 | grad = 0.5628
step  25960 | loss = -1.5040 | g_L = +1.5040 | EMA = +1.4831 | std(g_L) = 1.2620 | grad = 0.7027
step  25980 | loss = -1.5073 | g_L = +1.5073 | EMA = +1.4831 | std(g_L) = 1.2784 | grad = 0.7341
step  26000 | loss = -1.4776 | g_L = +1.4776 | EMA = +1.4879 | std(g_L) = 1.3544 | grad = 0.9021
step  26020 | loss = -1.4458 | g_L = +1.4458 | EMA = +1.4944 | std(g_L) = 1.3957 | grad = 0.3756
step  26040 | loss = -1.4546 | g_L = +1.4546 | EMA = +1.4919 | std(g_L) = 1.3211 | grad = 0.3184
step  26060 | loss = -1.5201 | g_L = +1.5201 | EMA = +1.4848 | std(g_L) = 1.3758 | grad = 0.2453
step  26080 | loss = -1.5394 | g_L = +1.5394 | EMA = +1.4988 | std(g_L) = 1.3527 | grad = 0.2689
step  26100 | loss = -1.4540 | g_L = +1.4540 | EMA = +1.4940 | std(g_L) = 1.2861 | grad = 0.4204
step  26120 | loss = -1.5485 | g_L = +1.5485 | EMA = +1.4909 | std(g_L) = 1.1985 | grad = 1.0605
step  26140 | loss = -1.4384 | g_L = +1.4384 | EMA = +1.4798 | std(g_L) = 1.3566 | grad = 0.3607
step  26160 | loss = -1.3915 | g_L = +1.3915 | EMA = +1.4776 | std(g_L) = 1.3918 | grad = 0.8578
step  26180 | loss = -1.4996 | g_L = +1.4996 | EMA = +1.4775 | std(g_L) = 1.3897 | grad = 0.2199
step  26200 | loss = -1.4570 | g_L = +1.4570 | EMA = +1.4732 | std(g_L) = 1.2960 | grad = 0.1035
step  26220 | loss = -1.5056 | g_L = +1.5056 | EMA = +1.4795 | std(g_L) = 1.2291 | grad = 0.4859
step  26240 | loss = -1.4824 | g_L = +1.4824 | EMA = +1.4885 | std(g_L) = 1.5326 | grad = 1.1587
step  26260 | loss = -1.5062 | g_L = +1.5062 | EMA = +1.4882 | std(g_L) = 1.2936 | grad = 0.2060
step  26280 | loss = -1.4699 | g_L = +1.4699 | EMA = +1.4941 | std(g_L) = 1.2762 | grad = 0.9696
step  26300 | loss = -1.5066 | g_L = +1.5066 | EMA = +1.5006 | std(g_L) = 1.2879 | grad = 0.6644
step  26320 | loss = -1.4481 | g_L = +1.4481 | EMA = +1.5035 | std(g_L) = 1.2097 | grad = 0.9468
step  26340 | loss = -1.5066 | g_L = +1.5066 | EMA = +1.5070 | std(g_L) = 1.3085 | grad = 0.3621
step  26360 | loss = -1.3979 | g_L = +1.3979 | EMA = +1.4912 | std(g_L) = 1.7558 | grad = 0.8673
step  26380 | loss = -1.3650 | g_L = +1.3650 | EMA = +1.4948 | std(g_L) = 1.4217 | grad = 1.1476
step  26400 | loss = -1.5297 | g_L = +1.5297 | EMA = +1.4921 | std(g_L) = 1.3628 | grad = 0.2850
step  26420 | loss = -1.3933 | g_L = +1.3933 | EMA = +1.4714 | std(g_L) = 1.6867 | grad = 0.4546
step  26440 | loss = -1.4073 | g_L = +1.4073 | EMA = +1.4798 | std(g_L) = 1.4477 | grad = 0.1640
step  26460 | loss = -1.4098 | g_L = +1.4098 | EMA = +1.4876 | std(g_L) = 1.4804 | grad = 0.2334
step  26480 | loss = -1.5065 | g_L = +1.5065 | EMA = +1.4866 | std(g_L) = 1.2658 | grad = 0.5222
step  26500 | loss = -1.4782 | g_L = +1.4782 | EMA = +1.4906 | std(g_L) = 1.3767 | grad = 1.1442
step  26520 | loss = -1.4773 | g_L = +1.4773 | EMA = +1.4945 | std(g_L) = 1.3405 | grad = 1.3571
step  26540 | loss = -1.5592 | g_L = +1.5592 | EMA = +1.5039 | std(g_L) = 1.2683 | grad = 0.4063
step  26560 | loss = -1.3919 | g_L = +1.3919 | EMA = +1.5030 | std(g_L) = 1.4374 | grad = 0.2422
step  26580 | loss = -1.5141 | g_L = +1.5141 | EMA = +1.5036 | std(g_L) = 1.2737 | grad = 0.3888
step  26600 | loss = -1.4712 | g_L = +1.4712 | EMA = +1.4933 | std(g_L) = 1.3625 | grad = 0.3116
step  26620 | loss = -1.5447 | g_L = +1.5447 | EMA = +1.4879 | std(g_L) = 1.2174 | grad = 0.5156
step  26640 | loss = -1.3839 | g_L = +1.3839 | EMA = +1.5008 | std(g_L) = 1.4168 | grad = 0.4590
step  26660 | loss = -1.5116 | g_L = +1.5116 | EMA = +1.4907 | std(g_L) = 1.2538 | grad = 0.4957
step  26680 | loss = -1.5884 | g_L = +1.5884 | EMA = +1.4936 | std(g_L) = 1.2048 | grad = 0.1935
step  26700 | loss = -1.5663 | g_L = +1.5663 | EMA = +1.5023 | std(g_L) = 1.2363 | grad = 0.1699
step  26720 | loss = -1.5260 | g_L = +1.5260 | EMA = +1.4904 | std(g_L) = 1.3126 | grad = 0.3556
step  26740 | loss = -1.5241 | g_L = +1.5241 | EMA = +1.4993 | std(g_L) = 1.2612 | grad = 0.8026
step  26760 | loss = -1.4958 | g_L = +1.4958 | EMA = +1.4935 | std(g_L) = 1.2368 | grad = 0.8320
step  26780 | loss = -1.4777 | g_L = +1.4777 | EMA = +1.5012 | std(g_L) = 1.3647 | grad = 0.5238
step  26800 | loss = -1.4675 | g_L = +1.4675 | EMA = +1.4962 | std(g_L) = 1.4400 | grad = 0.2626
step  26820 | loss = -1.6221 | g_L = +1.6221 | EMA = +1.4990 | std(g_L) = 1.2849 | grad = 0.3779
step  26840 | loss = -1.5580 | g_L = +1.5580 | EMA = +1.4959 | std(g_L) = 1.3174 | grad = 0.1529
step  26860 | loss = -1.4947 | g_L = +1.4947 | EMA = +1.4862 | std(g_L) = 1.3483 | grad = 0.8043
step  26880 | loss = -1.5247 | g_L = +1.5247 | EMA = +1.5030 | std(g_L) = 1.2939 | grad = 1.9282
step  26900 | loss = -1.4351 | g_L = +1.4351 | EMA = +1.4956 | std(g_L) = 1.4686 | grad = 0.4274
step  26920 | loss = -1.3843 | g_L = +1.3843 | EMA = +1.4902 | std(g_L) = 1.3634 | grad = 1.0109
step  26940 | loss = -1.5540 | g_L = +1.5540 | EMA = +1.4859 | std(g_L) = 1.2310 | grad = 0.5157
step  26960 | loss = -1.3643 | g_L = +1.3643 | EMA = +1.4721 | std(g_L) = 1.3825 | grad = 0.3724
step  26980 | loss = -1.5505 | g_L = +1.5505 | EMA = +1.4844 | std(g_L) = 1.2462 | grad = 0.6526
step  27000 | loss = -1.4482 | g_L = +1.4482 | EMA = +1.4809 | std(g_L) = 1.4248 | grad = 0.2002
step  27020 | loss = -1.5597 | g_L = +1.5597 | EMA = +1.5068 | std(g_L) = 1.2242 | grad = 0.5317
step  27040 | loss = -1.5369 | g_L = +1.5369 | EMA = +1.4939 | std(g_L) = 1.1935 | grad = 0.8974
step  27060 | loss = -1.5029 | g_L = +1.5029 | EMA = +1.4854 | std(g_L) = 1.3344 | grad = 1.4626
step  27080 | loss = -1.4944 | g_L = +1.4944 | EMA = +1.4879 | std(g_L) = 1.2459 | grad = 0.9508
step  27100 | loss = -1.5036 | g_L = +1.5036 | EMA = +1.4882 | std(g_L) = 1.2608 | grad = 0.3823
step  27120 | loss = -1.4573 | g_L = +1.4573 | EMA = +1.4866 | std(g_L) = 1.4326 | grad = 1.0641
step  27140 | loss = -1.4569 | g_L = +1.4569 | EMA = +1.4962 | std(g_L) = 1.3365 | grad = 0.6617
step  27160 | loss = -1.5566 | g_L = +1.5566 | EMA = +1.5040 | std(g_L) = 1.1553 | grad = 0.2019
step  27180 | loss = -1.4839 | g_L = +1.4839 | EMA = +1.4886 | std(g_L) = 1.2511 | grad = 0.1814
step  27200 | loss = -1.4829 | g_L = +1.4829 | EMA = +1.4784 | std(g_L) = 1.3864 | grad = 0.5142
step  27220 | loss = -1.4475 | g_L = +1.4475 | EMA = +1.4741 | std(g_L) = 1.5060 | grad = 1.1343
step  27240 | loss = -1.5099 | g_L = +1.5099 | EMA = +1.4859 | std(g_L) = 1.3851 | grad = 0.7327
step  27260 | loss = -1.4365 | g_L = +1.4365 | EMA = +1.4807 | std(g_L) = 1.3088 | grad = 0.1814
step  27280 | loss = -1.4629 | g_L = +1.4629 | EMA = +1.4879 | std(g_L) = 1.2528 | grad = 0.3497
step  27300 | loss = -1.4590 | g_L = +1.4590 | EMA = +1.4949 | std(g_L) = 1.4005 | grad = 1.7422
step  27320 | loss = -1.4075 | g_L = +1.4075 | EMA = +1.4880 | std(g_L) = 1.3479 | grad = 0.3785
step  27340 | loss = -1.5053 | g_L = +1.5053 | EMA = +1.5056 | std(g_L) = 1.4809 | grad = 0.2309
step  27360 | loss = -1.3774 | g_L = +1.3774 | EMA = +1.4944 | std(g_L) = 1.4146 | grad = 0.2653
step  27380 | loss = -1.4920 | g_L = +1.4920 | EMA = +1.4965 | std(g_L) = 1.3422 | grad = 1.0364
step  27400 | loss = -1.5189 | g_L = +1.5189 | EMA = +1.4879 | std(g_L) = 1.2315 | grad = 0.4228
step  27420 | loss = -1.4276 | g_L = +1.4276 | EMA = +1.4693 | std(g_L) = 1.3573 | grad = 1.2695
step  27440 | loss = -1.4509 | g_L = +1.4509 | EMA = +1.4830 | std(g_L) = 1.2275 | grad = 0.5214
step  27460 | loss = -1.5138 | g_L = +1.5138 | EMA = +1.4763 | std(g_L) = 1.4382 | grad = 1.3315
step  27480 | loss = -1.3857 | g_L = +1.3857 | EMA = +1.4870 | std(g_L) = 1.3133 | grad = 0.4844
step  27500 | loss = -1.4596 | g_L = +1.4596 | EMA = +1.4898 | std(g_L) = 1.4195 | grad = 0.6306
step  27520 | loss = -1.5113 | g_L = +1.5113 | EMA = +1.4838 | std(g_L) = 1.2478 | grad = 0.3998
step  27540 | loss = -1.5362 | g_L = +1.5362 | EMA = +1.4783 | std(g_L) = 1.3198 | grad = 0.2500
step  27560 | loss = -1.4959 | g_L = +1.4959 | EMA = +1.4883 | std(g_L) = 1.3813 | grad = 0.4355
step  27580 | loss = -1.5194 | g_L = +1.5194 | EMA = +1.4880 | std(g_L) = 1.4063 | grad = 0.7992
step  27600 | loss = -1.5779 | g_L = +1.5779 | EMA = +1.5030 | std(g_L) = 1.3693 | grad = 0.3491
step  27620 | loss = -1.4526 | g_L = +1.4526 | EMA = +1.4977 | std(g_L) = 1.5453 | grad = 1.6465
step  27640 | loss = -1.5282 | g_L = +1.5282 | EMA = +1.4864 | std(g_L) = 1.3644 | grad = 1.5325
step  27660 | loss = -1.4761 | g_L = +1.4761 | EMA = +1.5020 | std(g_L) = 1.3917 | grad = 0.7019
step  27680 | loss = -1.5128 | g_L = +1.5128 | EMA = +1.4887 | std(g_L) = 1.2795 | grad = 0.6953
step  27700 | loss = -1.4725 | g_L = +1.4725 | EMA = +1.4905 | std(g_L) = 1.2521 | grad = 0.2975
step  27720 | loss = -1.4228 | g_L = +1.4228 | EMA = +1.4968 | std(g_L) = 1.5241 | grad = 0.5991
step  27740 | loss = -1.4848 | g_L = +1.4848 | EMA = +1.4887 | std(g_L) = 1.3118 | grad = 0.8192
step  27760 | loss = -1.4781 | g_L = +1.4781 | EMA = +1.4877 | std(g_L) = 1.2829 | grad = 0.3653
step  27780 | loss = -1.3864 | g_L = +1.3864 | EMA = +1.4830 | std(g_L) = 1.3724 | grad = 0.2362
step  27800 | loss = -1.6040 | g_L = +1.6040 | EMA = +1.4966 | std(g_L) = 1.1861 | grad = 0.2787
step  27820 | loss = -1.5365 | g_L = +1.5365 | EMA = +1.5053 | std(g_L) = 1.3059 | grad = 0.2565
step  27840 | loss = -1.4586 | g_L = +1.4586 | EMA = +1.4767 | std(g_L) = 1.5230 | grad = 0.7310
step  27860 | loss = -1.4694 | g_L = +1.4694 | EMA = +1.4806 | std(g_L) = 1.2336 | grad = 0.7085
step  27880 | loss = -1.4066 | g_L = +1.4066 | EMA = +1.4872 | std(g_L) = 1.4157 | grad = 0.3387
step  27900 | loss = -1.5233 | g_L = +1.5233 | EMA = +1.4901 | std(g_L) = 1.2348 | grad = 0.3728
step  27920 | loss = -1.4682 | g_L = +1.4682 | EMA = +1.4927 | std(g_L) = 1.2800 | grad = 0.2576
step  27940 | loss = -1.5440 | g_L = +1.5440 | EMA = +1.4899 | std(g_L) = 1.2963 | grad = 0.2883
step  27960 | loss = -1.4544 | g_L = +1.4544 | EMA = +1.4852 | std(g_L) = 1.4616 | grad = 0.6661
step  27980 | loss = -1.4528 | g_L = +1.4528 | EMA = +1.4858 | std(g_L) = 1.3764 | grad = 0.7730
step  28000 | loss = -1.5290 | g_L = +1.5290 | EMA = +1.4961 | std(g_L) = 1.2634 | grad = 0.3856
step  28020 | loss = -1.4349 | g_L = +1.4349 | EMA = +1.4919 | std(g_L) = 1.3348 | grad = 0.4532
step  28040 | loss = -1.5858 | g_L = +1.5858 | EMA = +1.5019 | std(g_L) = 1.2211 | grad = 0.7172
step  28060 | loss = -1.5245 | g_L = +1.5245 | EMA = +1.4991 | std(g_L) = 1.5693 | grad = 0.9329
step  28080 | loss = -1.4462 | g_L = +1.4462 | EMA = +1.4752 | std(g_L) = 1.2959 | grad = 1.6361
step  28100 | loss = -1.4297 | g_L = +1.4297 | EMA = +1.4834 | std(g_L) = 1.5280 | grad = 0.2926
step  28120 | loss = -1.5327 | g_L = +1.5327 | EMA = +1.4974 | std(g_L) = 1.2546 | grad = 1.0761
step  28140 | loss = -1.5481 | g_L = +1.5481 | EMA = +1.5074 | std(g_L) = 1.3942 | grad = 0.1986
step  28160 | loss = -1.4660 | g_L = +1.4660 | EMA = +1.4927 | std(g_L) = 1.3312 | grad = 0.7093
step  28180 | loss = -1.4137 | g_L = +1.4137 | EMA = +1.4849 | std(g_L) = 1.4759 | grad = 1.4063
step  28200 | loss = -1.5247 | g_L = +1.5247 | EMA = +1.5003 | std(g_L) = 1.2688 | grad = 0.6713
step  28220 | loss = -1.5721 | g_L = +1.5721 | EMA = +1.4993 | std(g_L) = 1.2156 | grad = 0.4024
step  28240 | loss = -1.4396 | g_L = +1.4396 | EMA = +1.4956 | std(g_L) = 1.3787 | grad = 0.5113
step  28260 | loss = -1.5563 | g_L = +1.5563 | EMA = +1.4929 | std(g_L) = 1.2196 | grad = 1.3506
step  28280 | loss = -1.4640 | g_L = +1.4640 | EMA = +1.5046 | std(g_L) = 1.2905 | grad = 1.1114
step  28300 | loss = -1.5545 | g_L = +1.5545 | EMA = +1.4844 | std(g_L) = 1.2934 | grad = 0.4154
step  28320 | loss = -1.4452 | g_L = +1.4452 | EMA = +1.4974 | std(g_L) = 1.4105 | grad = 0.3408
step  28340 | loss = -1.4456 | g_L = +1.4456 | EMA = +1.4800 | std(g_L) = 1.2189 | grad = 1.1664
step  28360 | loss = -1.4442 | g_L = +1.4442 | EMA = +1.4919 | std(g_L) = 1.4058 | grad = 0.5658
step  28380 | loss = -1.4918 | g_L = +1.4918 | EMA = +1.4905 | std(g_L) = 1.3253 | grad = 0.4934
step  28400 | loss = -1.4523 | g_L = +1.4523 | EMA = +1.4869 | std(g_L) = 1.3422 | grad = 0.3208
step  28420 | loss = -1.5097 | g_L = +1.5097 | EMA = +1.4852 | std(g_L) = 1.3270 | grad = 0.5862
step  28440 | loss = -1.5532 | g_L = +1.5532 | EMA = +1.4839 | std(g_L) = 1.1950 | grad = 0.5999
step  28460 | loss = -1.4011 | g_L = +1.4011 | EMA = +1.4872 | std(g_L) = 1.4944 | grad = 0.1883
step  28480 | loss = -1.4803 | g_L = +1.4803 | EMA = +1.4835 | std(g_L) = 1.4013 | grad = 0.2380
step  28500 | loss = -1.4325 | g_L = +1.4325 | EMA = +1.4796 | std(g_L) = 1.2173 | grad = 0.9099
step  28520 | loss = -1.5113 | g_L = +1.5113 | EMA = +1.4694 | std(g_L) = 1.2433 | grad = 0.8656
step  28540 | loss = -1.4959 | g_L = +1.4959 | EMA = +1.4816 | std(g_L) = 1.2896 | grad = 0.7615
step  28560 | loss = -1.5806 | g_L = +1.5806 | EMA = +1.4888 | std(g_L) = 1.2893 | grad = 0.8029
step  28580 | loss = -1.5146 | g_L = +1.5146 | EMA = +1.4905 | std(g_L) = 1.5057 | grad = 0.4374
step  28600 | loss = -1.5539 | g_L = +1.5539 | EMA = +1.4915 | std(g_L) = 1.3593 | grad = 0.1741
step  28620 | loss = -1.5823 | g_L = +1.5823 | EMA = +1.4979 | std(g_L) = 1.2573 | grad = 0.5450
step  28640 | loss = -1.5939 | g_L = +1.5939 | EMA = +1.4926 | std(g_L) = 1.4140 | grad = 1.0289
step  28660 | loss = -1.5674 | g_L = +1.5674 | EMA = +1.5035 | std(g_L) = 1.3424 | grad = 0.3865
step  28680 | loss = -1.4147 | g_L = +1.4147 | EMA = +1.4937 | std(g_L) = 1.4264 | grad = 0.9073
step  28700 | loss = -1.5328 | g_L = +1.5328 | EMA = +1.4872 | std(g_L) = 1.3421 | grad = 1.7293
step  28720 | loss = -1.5142 | g_L = +1.5142 | EMA = +1.4967 | std(g_L) = 1.5525 | grad = 0.4564
step  28740 | loss = -1.4629 | g_L = +1.4629 | EMA = +1.4810 | std(g_L) = 1.2519 | grad = 0.6598
step  28760 | loss = -1.5066 | g_L = +1.5066 | EMA = +1.4824 | std(g_L) = 1.5186 | grad = 0.6227
step  28780 | loss = -1.4986 | g_L = +1.4986 | EMA = +1.4821 | std(g_L) = 1.2917 | grad = 0.7337
step  28800 | loss = -1.5232 | g_L = +1.5232 | EMA = +1.5005 | std(g_L) = 1.2811 | grad = 0.7241
step  28820 | loss = -1.4400 | g_L = +1.4400 | EMA = +1.5013 | std(g_L) = 1.4287 | grad = 0.2090
step  28840 | loss = -1.5056 | g_L = +1.5056 | EMA = +1.5113 | std(g_L) = 1.4445 | grad = 0.6610
step  28860 | loss = -1.4807 | g_L = +1.4807 | EMA = +1.4970 | std(g_L) = 1.3953 | grad = 0.2592
step  28880 | loss = -1.5304 | g_L = +1.5304 | EMA = +1.5077 | std(g_L) = 1.3366 | grad = 0.5886
step  28900 | loss = -1.5812 | g_L = +1.5812 | EMA = +1.4978 | std(g_L) = 1.2360 | grad = 0.7862
step  28920 | loss = -1.4329 | g_L = +1.4329 | EMA = +1.4926 | std(g_L) = 1.6186 | grad = 0.2680
step  28940 | loss = -1.5367 | g_L = +1.5367 | EMA = +1.5062 | std(g_L) = 1.2614 | grad = 1.1512
step  28960 | loss = -1.4637 | g_L = +1.4637 | EMA = +1.5032 | std(g_L) = 1.3786 | grad = 1.0211
step  28980 | loss = -1.4762 | g_L = +1.4762 | EMA = +1.5009 | std(g_L) = 1.3692 | grad = 0.2567
step  29000 | loss = -1.5707 | g_L = +1.5707 | EMA = +1.5108 | std(g_L) = 1.2382 | grad = 0.1091
step  29020 | loss = -1.4944 | g_L = +1.4944 | EMA = +1.5145 | std(g_L) = 1.3212 | grad = 1.0447
step  29040 | loss = -1.4847 | g_L = +1.4847 | EMA = +1.5057 | std(g_L) = 1.3635 | grad = 0.6584
step  29060 | loss = -1.4022 | g_L = +1.4022 | EMA = +1.4891 | std(g_L) = 1.5904 | grad = 1.5252
step  29080 | loss = -1.3841 | g_L = +1.3841 | EMA = +1.4954 | std(g_L) = 1.5477 | grad = 0.5846
step  29100 | loss = -1.4518 | g_L = +1.4518 | EMA = +1.4869 | std(g_L) = 1.4420 | grad = 0.4216
step  29120 | loss = -1.4146 | g_L = +1.4146 | EMA = +1.4825 | std(g_L) = 1.3243 | grad = 0.5439
step  29140 | loss = -1.4447 | g_L = +1.4447 | EMA = +1.4890 | std(g_L) = 1.3352 | grad = 0.2492
step  29160 | loss = -1.5136 | g_L = +1.5136 | EMA = +1.5064 | std(g_L) = 1.3466 | grad = 0.4826
step  29180 | loss = -1.4430 | g_L = +1.4430 | EMA = +1.4954 | std(g_L) = 1.4400 | grad = 0.3920
step  29200 | loss = -1.4220 | g_L = +1.4220 | EMA = +1.5013 | std(g_L) = 1.3231 | grad = 0.3555
step  29220 | loss = -1.4396 | g_L = +1.4396 | EMA = +1.4955 | std(g_L) = 1.4655 | grad = 0.1590
step  29240 | loss = -1.4855 | g_L = +1.4855 | EMA = +1.4903 | std(g_L) = 1.6131 | grad = 0.7419
step  29260 | loss = -1.4635 | g_L = +1.4635 | EMA = +1.4901 | std(g_L) = 1.3020 | grad = 0.3528
step  29280 | loss = -1.5253 | g_L = +1.5253 | EMA = +1.4935 | std(g_L) = 1.4020 | grad = 0.5874
step  29300 | loss = -1.5002 | g_L = +1.5002 | EMA = +1.4921 | std(g_L) = 1.4322 | grad = 0.2373
step  29320 | loss = -1.4680 | g_L = +1.4680 | EMA = +1.4888 | std(g_L) = 1.2089 | grad = 0.1756
step  29340 | loss = -1.4663 | g_L = +1.4663 | EMA = +1.5086 | std(g_L) = 1.2858 | grad = 0.1027
step  29360 | loss = -1.4496 | g_L = +1.4496 | EMA = +1.4915 | std(g_L) = 1.3216 | grad = 0.1969
step  29380 | loss = -1.3999 | g_L = +1.3999 | EMA = +1.4745 | std(g_L) = 1.2452 | grad = 0.2092
step  29400 | loss = -1.4537 | g_L = +1.4537 | EMA = +1.4724 | std(g_L) = 1.3686 | grad = 0.4519
step  29420 | loss = -1.4813 | g_L = +1.4813 | EMA = +1.4866 | std(g_L) = 1.5249 | grad = 0.1428
step  29440 | loss = -1.4660 | g_L = +1.4660 | EMA = +1.4836 | std(g_L) = 1.3298 | grad = 0.2301
step  29460 | loss = -1.3898 | g_L = +1.3898 | EMA = +1.4819 | std(g_L) = 1.4686 | grad = 0.3535
step  29480 | loss = -1.4319 | g_L = +1.4319 | EMA = +1.4842 | std(g_L) = 1.3303 | grad = 0.6430
step  29500 | loss = -1.3674 | g_L = +1.3674 | EMA = +1.4894 | std(g_L) = 1.4537 | grad = 0.4545
step  29520 | loss = -1.3981 | g_L = +1.3981 | EMA = +1.4991 | std(g_L) = 1.3222 | grad = 0.3963
step  29540 | loss = -1.4821 | g_L = +1.4821 | EMA = +1.4882 | std(g_L) = 1.2818 | grad = 0.7827
step  29560 | loss = -1.4903 | g_L = +1.4903 | EMA = +1.4881 | std(g_L) = 1.1958 | grad = 0.5949
step  29580 | loss = -1.4171 | g_L = +1.4171 | EMA = +1.5036 | std(g_L) = 1.3368 | grad = 0.8064
step  29600 | loss = -1.4712 | g_L = +1.4712 | EMA = +1.4842 | std(g_L) = 1.2297 | grad = 0.5011
step  29620 | loss = -1.4459 | g_L = +1.4459 | EMA = +1.4976 | std(g_L) = 1.4258 | grad = 0.2513
step  29640 | loss = -1.4974 | g_L = +1.4974 | EMA = +1.5012 | std(g_L) = 1.4471 | grad = 0.4925
step  29660 | loss = -1.6070 | g_L = +1.6070 | EMA = +1.5089 | std(g_L) = 1.3554 | grad = 0.1259
step  29680 | loss = -1.5349 | g_L = +1.5349 | EMA = +1.5115 | std(g_L) = 1.3460 | grad = 0.4839
step  29700 | loss = -1.4769 | g_L = +1.4769 | EMA = +1.4936 | std(g_L) = 1.3815 | grad = 0.7665
step  29720 | loss = -1.5423 | g_L = +1.5423 | EMA = +1.4828 | std(g_L) = 1.3711 | grad = 0.1643
step  29740 | loss = -1.5371 | g_L = +1.5371 | EMA = +1.4913 | std(g_L) = 1.2993 | grad = 0.4239
step  29760 | loss = -1.5044 | g_L = +1.5044 | EMA = +1.4905 | std(g_L) = 1.2588 | grad = 0.1937
step  29780 | loss = -1.5052 | g_L = +1.5052 | EMA = +1.5024 | std(g_L) = 1.2763 | grad = 0.8753
step  29800 | loss = -1.5588 | g_L = +1.5588 | EMA = +1.4837 | std(g_L) = 1.2321 | grad = 0.4264
step  29820 | loss = -1.4919 | g_L = +1.4919 | EMA = +1.4963 | std(g_L) = 1.2598 | grad = 0.2263
step  29840 | loss = -1.4897 | g_L = +1.4897 | EMA = +1.4995 | std(g_L) = 1.2304 | grad = 0.5058
step  29860 | loss = -1.4967 | g_L = +1.4967 | EMA = +1.5035 | std(g_L) = 1.3444 | grad = 0.3500
step  29880 | loss = -1.5751 | g_L = +1.5751 | EMA = +1.5066 | std(g_L) = 1.2421 | grad = 0.2142
step  29900 | loss = -1.4124 | g_L = +1.4124 | EMA = +1.5017 | std(g_L) = 1.5362 | grad = 0.6033
step  29920 | loss = -1.6039 | g_L = +1.6039 | EMA = +1.5237 | std(g_L) = 1.2589 | grad = 0.7800
step  29940 | loss = -1.6515 | g_L = +1.6515 | EMA = +1.5007 | std(g_L) = 1.2477 | grad = 0.4169
step  29960 | loss = -1.5037 | g_L = +1.5037 | EMA = +1.4948 | std(g_L) = 1.2974 | grad = 0.4830
step  29980 | loss = -1.4969 | g_L = +1.4969 | EMA = +1.4950 | std(g_L) = 1.4278 | grad = 1.2209
step  30000 | loss = -1.5381 | g_L = +1.5381 | EMA = +1.4849 | std(g_L) = 1.3571 | grad = 0.1620
step  30020 | loss = -1.5001 | g_L = +1.5001 | EMA = +1.4922 | std(g_L) = 1.5555 | grad = 0.5121
step  30040 | loss = -1.4462 | g_L = +1.4462 | EMA = +1.4903 | std(g_L) = 1.3622 | grad = 0.2564
step  30060 | loss = -1.5026 | g_L = +1.5026 | EMA = +1.4918 | std(g_L) = 1.2797 | grad = 1.1225
step  30080 | loss = -1.4045 | g_L = +1.4045 | EMA = +1.4918 | std(g_L) = 1.3228 | grad = 0.9651
step  30100 | loss = -1.5026 | g_L = +1.5026 | EMA = +1.4847 | std(g_L) = 1.2472 | grad = 0.1832
step  30120 | loss = -1.4334 | g_L = +1.4334 | EMA = +1.4807 | std(g_L) = 1.3417 | grad = 1.0642
step  30140 | loss = -1.5759 | g_L = +1.5759 | EMA = +1.4788 | std(g_L) = 1.2995 | grad = 1.3392
step  30160 | loss = -1.5869 | g_L = +1.5869 | EMA = +1.5049 | std(g_L) = 1.2385 | grad = 0.3151
step  30180 | loss = -1.5077 | g_L = +1.5077 | EMA = +1.4953 | std(g_L) = 1.1442 | grad = 1.6596
step  30200 | loss = -1.4740 | g_L = +1.4740 | EMA = +1.5066 | std(g_L) = 1.3633 | grad = 0.1724
step  30220 | loss = -1.4265 | g_L = +1.4265 | EMA = +1.4980 | std(g_L) = 1.2840 | grad = 0.2416
step  30240 | loss = -1.6002 | g_L = +1.6002 | EMA = +1.4925 | std(g_L) = 1.2745 | grad = 0.1725
step  30260 | loss = -1.4882 | g_L = +1.4882 | EMA = +1.4961 | std(g_L) = 1.1930 | grad = 0.7208
step  30280 | loss = -1.4672 | g_L = +1.4672 | EMA = +1.4966 | std(g_L) = 1.2931 | grad = 0.5495
step  30300 | loss = -1.5338 | g_L = +1.5338 | EMA = +1.5105 | std(g_L) = 1.2236 | grad = 0.6251
step  30320 | loss = -1.5665 | g_L = +1.5665 | EMA = +1.5172 | std(g_L) = 1.4040 | grad = 0.5229
step  30340 | loss = -1.5159 | g_L = +1.5159 | EMA = +1.5125 | std(g_L) = 1.3105 | grad = 0.6850
step  30360 | loss = -1.5481 | g_L = +1.5481 | EMA = +1.5036 | std(g_L) = 1.3179 | grad = 0.6662
step  30380 | loss = -1.4432 | g_L = +1.4432 | EMA = +1.4892 | std(g_L) = 1.5041 | grad = 1.5048
step  30400 | loss = -1.4892 | g_L = +1.4892 | EMA = +1.4780 | std(g_L) = 1.3154 | grad = 1.2709
step  30420 | loss = -1.4384 | g_L = +1.4384 | EMA = +1.4984 | std(g_L) = 1.4043 | grad = 1.1570
step  30440 | loss = -1.5302 | g_L = +1.5302 | EMA = +1.4916 | std(g_L) = 1.4919 | grad = 0.6722
step  30460 | loss = -1.4748 | g_L = +1.4748 | EMA = +1.4866 | std(g_L) = 1.2700 | grad = 1.2816
step  30480 | loss = -1.5492 | g_L = +1.5492 | EMA = +1.4869 | std(g_L) = 1.3041 | grad = 1.0571
step  30500 | loss = -1.5044 | g_L = +1.5044 | EMA = +1.4967 | std(g_L) = 1.4852 | grad = 0.6106
step  30520 | loss = -1.5200 | g_L = +1.5200 | EMA = +1.5040 | std(g_L) = 1.3473 | grad = 0.8235
step  30540 | loss = -1.6307 | g_L = +1.6307 | EMA = +1.4986 | std(g_L) = 1.2186 | grad = 0.8916
step  30560 | loss = -1.4532 | g_L = +1.4532 | EMA = +1.4909 | std(g_L) = 1.3073 | grad = 0.1635
step  30580 | loss = -1.5525 | g_L = +1.5525 | EMA = +1.5024 | std(g_L) = 1.3401 | grad = 1.1716
step  30600 | loss = -1.4786 | g_L = +1.4786 | EMA = +1.4952 | std(g_L) = 1.3531 | grad = 1.0300
step  30620 | loss = -1.5313 | g_L = +1.5313 | EMA = +1.4815 | std(g_L) = 1.3213 | grad = 0.3050
step  30640 | loss = -1.5734 | g_L = +1.5734 | EMA = +1.5035 | std(g_L) = 1.3131 | grad = 0.1370
step  30660 | loss = -1.5717 | g_L = +1.5717 | EMA = +1.5028 | std(g_L) = 1.2888 | grad = 0.1922
step  30680 | loss = -1.5082 | g_L = +1.5082 | EMA = +1.4886 | std(g_L) = 1.3244 | grad = 0.8358
step  30700 | loss = -1.4160 | g_L = +1.4160 | EMA = +1.4949 | std(g_L) = 1.2847 | grad = 0.9172
step  30720 | loss = -1.5137 | g_L = +1.5137 | EMA = +1.5047 | std(g_L) = 1.2886 | grad = 0.3095
step  30740 | loss = -1.5876 | g_L = +1.5876 | EMA = +1.5043 | std(g_L) = 1.3983 | grad = 0.3249
step  30760 | loss = -1.5460 | g_L = +1.5460 | EMA = +1.4814 | std(g_L) = 1.4051 | grad = 0.6752
step  30780 | loss = -1.4457 | g_L = +1.4457 | EMA = +1.4853 | std(g_L) = 1.3304 | grad = 0.3080
step  30800 | loss = -1.5281 | g_L = +1.5281 | EMA = +1.4867 | std(g_L) = 1.2992 | grad = 0.2055
step  30820 | loss = -1.4173 | g_L = +1.4173 | EMA = +1.4868 | std(g_L) = 1.3983 | grad = 0.2155
step  30840 | loss = -1.5247 | g_L = +1.5247 | EMA = +1.4950 | std(g_L) = 1.1921 | grad = 0.6180
step  30860 | loss = -1.5482 | g_L = +1.5482 | EMA = +1.5002 | std(g_L) = 1.3409 | grad = 0.1254
step  30880 | loss = -1.5516 | g_L = +1.5516 | EMA = +1.5011 | std(g_L) = 1.3327 | grad = 0.2096
step  30900 | loss = -1.4367 | g_L = +1.4367 | EMA = +1.4925 | std(g_L) = 1.3528 | grad = 0.8641
step  30920 | loss = -1.4457 | g_L = +1.4457 | EMA = +1.4842 | std(g_L) = 1.4055 | grad = 0.3070
step  30940 | loss = -1.5105 | g_L = +1.5105 | EMA = +1.5000 | std(g_L) = 1.3525 | grad = 0.4300
step  30960 | loss = -1.4357 | g_L = +1.4357 | EMA = +1.5030 | std(g_L) = 1.3920 | grad = 0.6804
step  30980 | loss = -1.4954 | g_L = +1.4954 | EMA = +1.5036 | std(g_L) = 1.3122 | grad = 0.5969
step  31000 | loss = -1.5974 | g_L = +1.5974 | EMA = +1.4906 | std(g_L) = 1.2661 | grad = 1.1177
step  31020 | loss = -1.3403 | g_L = +1.3403 | EMA = +1.4853 | std(g_L) = 1.6368 | grad = 0.3306
step  31040 | loss = -1.5664 | g_L = +1.5664 | EMA = +1.4970 | std(g_L) = 1.3415 | grad = 0.1929
step  31060 | loss = -1.4536 | g_L = +1.4536 | EMA = +1.4954 | std(g_L) = 1.3388 | grad = 1.7621
step  31080 | loss = -1.4669 | g_L = +1.4669 | EMA = +1.5035 | std(g_L) = 1.3968 | grad = 0.3237
step  31100 | loss = -1.5116 | g_L = +1.5116 | EMA = +1.5064 | std(g_L) = 1.2795 | grad = 0.5195
step  31120 | loss = -1.4549 | g_L = +1.4549 | EMA = +1.4975 | std(g_L) = 1.5954 | grad = 0.2123
step  31140 | loss = -1.4094 | g_L = +1.4094 | EMA = +1.4915 | std(g_L) = 1.5195 | grad = 0.9309
step  31160 | loss = -1.6327 | g_L = +1.6327 | EMA = +1.5097 | std(g_L) = 1.1654 | grad = 0.2178
step  31180 | loss = -1.5219 | g_L = +1.5219 | EMA = +1.4980 | std(g_L) = 1.2492 | grad = 0.5362
step  31200 | loss = -1.5551 | g_L = +1.5551 | EMA = +1.4946 | std(g_L) = 1.3678 | grad = 1.1933
step  31220 | loss = -1.4752 | g_L = +1.4752 | EMA = +1.5032 | std(g_L) = 1.3073 | grad = 0.7145
step  31240 | loss = -1.4374 | g_L = +1.4374 | EMA = +1.4819 | std(g_L) = 1.4527 | grad = 0.2548
step  31260 | loss = -1.3335 | g_L = +1.3335 | EMA = +1.5024 | std(g_L) = 1.7437 | grad = 0.8723
step  31280 | loss = -1.4695 | g_L = +1.4695 | EMA = +1.5094 | std(g_L) = 1.2593 | grad = 0.3794
step  31300 | loss = -1.5218 | g_L = +1.5218 | EMA = +1.5018 | std(g_L) = 1.3504 | grad = 0.5740
step  31320 | loss = -1.4660 | g_L = +1.4660 | EMA = +1.4993 | std(g_L) = 1.4413 | grad = 0.3430
step  31340 | loss = -1.5690 | g_L = +1.5690 | EMA = +1.5051 | std(g_L) = 1.3073 | grad = 0.7291
step  31360 | loss = -1.5129 | g_L = +1.5129 | EMA = +1.4986 | std(g_L) = 1.2108 | grad = 0.3663
step  31380 | loss = -1.4217 | g_L = +1.4217 | EMA = +1.4835 | std(g_L) = 1.4361 | grad = 0.4146
step  31400 | loss = -1.5931 | g_L = +1.5931 | EMA = +1.4984 | std(g_L) = 1.3803 | grad = 0.4921
step  31420 | loss = -1.4931 | g_L = +1.4931 | EMA = +1.4886 | std(g_L) = 1.2722 | grad = 1.1130
step  31440 | loss = -1.5073 | g_L = +1.5073 | EMA = +1.4972 | std(g_L) = 1.2646 | grad = 0.4313
step  31460 | loss = -1.5562 | g_L = +1.5562 | EMA = +1.5091 | std(g_L) = 1.3349 | grad = 0.5118
step  31480 | loss = -1.4736 | g_L = +1.4736 | EMA = +1.5050 | std(g_L) = 1.6183 | grad = 0.4487
step  31500 | loss = -1.5291 | g_L = +1.5291 | EMA = +1.5087 | std(g_L) = 1.2785 | grad = 0.2769
step  31520 | loss = -1.4285 | g_L = +1.4285 | EMA = +1.4862 | std(g_L) = 1.2878 | grad = 0.3717
step  31540 | loss = -1.4756 | g_L = +1.4756 | EMA = +1.4833 | std(g_L) = 1.2595 | grad = 0.4904
step  31560 | loss = -1.5302 | g_L = +1.5302 | EMA = +1.5043 | std(g_L) = 1.3497 | grad = 0.7313
step  31580 | loss = -1.5179 | g_L = +1.5179 | EMA = +1.5149 | std(g_L) = 1.3736 | grad = 0.6443
step  31600 | loss = -1.4233 | g_L = +1.4233 | EMA = +1.4947 | std(g_L) = 1.3100 | grad = 0.3800
step  31620 | loss = -1.4680 | g_L = +1.4680 | EMA = +1.4935 | std(g_L) = 1.5373 | grad = 0.5658
step  31640 | loss = -1.4943 | g_L = +1.4943 | EMA = +1.5048 | std(g_L) = 1.2414 | grad = 0.7645
step  31660 | loss = -1.4373 | g_L = +1.4373 | EMA = +1.5171 | std(g_L) = 1.3666 | grad = 0.2477
step  31680 | loss = -1.4349 | g_L = +1.4349 | EMA = +1.5074 | std(g_L) = 1.2984 | grad = 0.7906
step  31700 | loss = -1.3959 | g_L = +1.3959 | EMA = +1.4904 | std(g_L) = 1.5522 | grad = 0.3253
step  31720 | loss = -1.5492 | g_L = +1.5492 | EMA = +1.5067 | std(g_L) = 1.1987 | grad = 0.2511
step  31740 | loss = -1.5226 | g_L = +1.5226 | EMA = +1.5022 | std(g_L) = 1.2107 | grad = 0.2506
step  31760 | loss = -1.4361 | g_L = +1.4361 | EMA = +1.4822 | std(g_L) = 1.2667 | grad = 0.5571
step  31780 | loss = -1.5557 | g_L = +1.5557 | EMA = +1.5042 | std(g_L) = 1.3055 | grad = 0.4955
step  31800 | loss = -1.5619 | g_L = +1.5619 | EMA = +1.5128 | std(g_L) = 1.2568 | grad = 0.1633
step  31820 | loss = -1.5013 | g_L = +1.5013 | EMA = +1.4975 | std(g_L) = 1.3748 | grad = 0.2481
step  31840 | loss = -1.5053 | g_L = +1.5053 | EMA = +1.5036 | std(g_L) = 1.4051 | grad = 0.8682
step  31860 | loss = -1.4424 | g_L = +1.4424 | EMA = +1.4850 | std(g_L) = 1.3524 | grad = 0.4070
step  31880 | loss = -1.5235 | g_L = +1.5235 | EMA = +1.4684 | std(g_L) = 1.2955 | grad = 0.2240
step  31900 | loss = -1.5587 | g_L = +1.5587 | EMA = +1.5116 | std(g_L) = 1.2927 | grad = 0.2865
step  31920 | loss = -1.4651 | g_L = +1.4651 | EMA = +1.4953 | std(g_L) = 1.2591 | grad = 0.7528
step  31940 | loss = -1.5102 | g_L = +1.5102 | EMA = +1.4942 | std(g_L) = 1.4006 | grad = 0.6627
step  31960 | loss = -1.3996 | g_L = +1.3996 | EMA = +1.4830 | std(g_L) = 1.5941 | grad = 0.6032
step  31980 | loss = -1.5669 | g_L = +1.5669 | EMA = +1.4896 | std(g_L) = 1.2450 | grad = 0.3416
step  32000 | loss = -1.5088 | g_L = +1.5088 | EMA = +1.5002 | std(g_L) = 1.3084 | grad = 0.9344
step  32020 | loss = -1.5148 | g_L = +1.5148 | EMA = +1.5020 | std(g_L) = 1.3613 | grad = 0.2305
step  32040 | loss = -1.4964 | g_L = +1.4964 | EMA = +1.5095 | std(g_L) = 1.3226 | grad = 0.1725
step  32060 | loss = -1.3853 | g_L = +1.3853 | EMA = +1.4882 | std(g_L) = 1.4226 | grad = 0.2604
step  32080 | loss = -1.4696 | g_L = +1.4696 | EMA = +1.4917 | std(g_L) = 1.2645 | grad = 0.3115
step  32100 | loss = -1.4777 | g_L = +1.4777 | EMA = +1.4915 | std(g_L) = 1.3339 | grad = 0.1203
step  32120 | loss = -1.4754 | g_L = +1.4754 | EMA = +1.5009 | std(g_L) = 1.3643 | grad = 0.1229
step  32140 | loss = -1.5536 | g_L = +1.5536 | EMA = +1.5156 | std(g_L) = 1.2355 | grad = 0.7227
step  32160 | loss = -1.4625 | g_L = +1.4625 | EMA = +1.5180 | std(g_L) = 1.3239 | grad = 0.4697
step  32180 | loss = -1.5196 | g_L = +1.5196 | EMA = +1.4973 | std(g_L) = 1.2680 | grad = 0.6430
step  32200 | loss = -1.5385 | g_L = +1.5385 | EMA = +1.5094 | std(g_L) = 1.2728 | grad = 0.9077
step  32220 | loss = -1.4828 | g_L = +1.4828 | EMA = +1.4999 | std(g_L) = 1.3991 | grad = 0.4649
step  32240 | loss = -1.5097 | g_L = +1.5097 | EMA = +1.4985 | std(g_L) = 1.2609 | grad = 0.3501
step  32260 | loss = -1.5165 | g_L = +1.5165 | EMA = +1.4769 | std(g_L) = 1.3488 | grad = 0.5812
step  32280 | loss = -1.4890 | g_L = +1.4890 | EMA = +1.4878 | std(g_L) = 1.2932 | grad = 0.2453
step  32300 | loss = -1.4949 | g_L = +1.4949 | EMA = +1.4980 | std(g_L) = 1.2548 | grad = 0.2681
step  32320 | loss = -1.5521 | g_L = +1.5521 | EMA = +1.4998 | std(g_L) = 1.2774 | grad = 0.4607
step  32340 | loss = -1.5416 | g_L = +1.5416 | EMA = +1.4964 | std(g_L) = 1.3653 | grad = 0.5438
step  32360 | loss = -1.5192 | g_L = +1.5192 | EMA = +1.5111 | std(g_L) = 1.3119 | grad = 1.2961
step  32380 | loss = -1.4726 | g_L = +1.4726 | EMA = +1.5004 | std(g_L) = 1.4242 | grad = 0.7790
step  32400 | loss = -1.3842 | g_L = +1.3842 | EMA = +1.4846 | std(g_L) = 1.3336 | grad = 0.3139
step  32420 | loss = -1.4295 | g_L = +1.4295 | EMA = +1.4904 | std(g_L) = 1.3604 | grad = 0.5102
step  32440 | loss = -1.5074 | g_L = +1.5074 | EMA = +1.4825 | std(g_L) = 1.5226 | grad = 0.1431
step  32460 | loss = -1.4408 | g_L = +1.4408 | EMA = +1.4875 | std(g_L) = 1.3452 | grad = 0.5889
step  32480 | loss = -1.6047 | g_L = +1.6047 | EMA = +1.5003 | std(g_L) = 1.2812 | grad = 0.5469
step  32500 | loss = -1.5642 | g_L = +1.5642 | EMA = +1.5028 | std(g_L) = 1.3080 | grad = 1.1083
step  32520 | loss = -1.4180 | g_L = +1.4180 | EMA = +1.4921 | std(g_L) = 1.3510 | grad = 0.9111
step  32540 | loss = -1.3911 | g_L = +1.3911 | EMA = +1.4836 | std(g_L) = 1.4014 | grad = 0.5185
step  32560 | loss = -1.4910 | g_L = +1.4910 | EMA = +1.4964 | std(g_L) = 1.3285 | grad = 0.2753
step  32580 | loss = -1.4610 | g_L = +1.4610 | EMA = +1.4996 | std(g_L) = 1.3282 | grad = 1.5407
step  32600 | loss = -1.4510 | g_L = +1.4510 | EMA = +1.4837 | std(g_L) = 1.5243 | grad = 0.2438
step  32620 | loss = -1.4799 | g_L = +1.4799 | EMA = +1.4950 | std(g_L) = 1.2646 | grad = 0.4701
step  32640 | loss = -1.4548 | g_L = +1.4548 | EMA = +1.4934 | std(g_L) = 1.3953 | grad = 0.1327
step  32660 | loss = -1.4164 | g_L = +1.4164 | EMA = +1.4828 | std(g_L) = 1.2750 | grad = 0.3416
step  32680 | loss = -1.4312 | g_L = +1.4312 | EMA = +1.4863 | std(g_L) = 1.4683 | grad = 0.5507
step  32700 | loss = -1.4897 | g_L = +1.4897 | EMA = +1.4929 | std(g_L) = 1.4005 | grad = 1.1260
step  32720 | loss = -1.5664 | g_L = +1.5664 | EMA = +1.4936 | std(g_L) = 1.2631 | grad = 0.5887
step  32740 | loss = -1.4456 | g_L = +1.4456 | EMA = +1.4901 | std(g_L) = 1.2796 | grad = 0.2219
step  32760 | loss = -1.5088 | g_L = +1.5088 | EMA = +1.4915 | std(g_L) = 1.2480 | grad = 0.3355
step  32780 | loss = -1.5676 | g_L = +1.5676 | EMA = +1.5144 | std(g_L) = 1.2888 | grad = 0.2615
step  32800 | loss = -1.5517 | g_L = +1.5517 | EMA = +1.5127 | std(g_L) = 1.3049 | grad = 0.2343
step  32820 | loss = -1.5781 | g_L = +1.5781 | EMA = +1.4911 | std(g_L) = 1.2834 | grad = 0.6530
step  32840 | loss = -1.4033 | g_L = +1.4033 | EMA = +1.5022 | std(g_L) = 1.3531 | grad = 0.4928
step  32860 | loss = -1.5699 | g_L = +1.5699 | EMA = +1.5116 | std(g_L) = 1.2716 | grad = 0.1310
step  32880 | loss = -1.5381 | g_L = +1.5381 | EMA = +1.5057 | std(g_L) = 1.1826 | grad = 0.7876
step  32900 | loss = -1.5667 | g_L = +1.5667 | EMA = +1.5043 | std(g_L) = 1.2376 | grad = 0.7430
step  32920 | loss = -1.4426 | g_L = +1.4426 | EMA = +1.5002 | std(g_L) = 1.3342 | grad = 0.6203
step  32940 | loss = -1.4430 | g_L = +1.4430 | EMA = +1.4914 | std(g_L) = 1.3738 | grad = 1.2162
step  32960 | loss = -1.5587 | g_L = +1.5587 | EMA = +1.5048 | std(g_L) = 1.2838 | grad = 0.3917
step  32980 | loss = -1.4507 | g_L = +1.4507 | EMA = +1.4999 | std(g_L) = 1.4709 | grad = 0.5800
step  33000 | loss = -1.5074 | g_L = +1.5074 | EMA = +1.5061 | std(g_L) = 1.3413 | grad = 0.3807
step  33020 | loss = -1.5184 | g_L = +1.5184 | EMA = +1.5024 | std(g_L) = 1.3060 | grad = 0.5763
step  33040 | loss = -1.4597 | g_L = +1.4597 | EMA = +1.4888 | std(g_L) = 1.2848 | grad = 0.3482
step  33060 | loss = -1.4837 | g_L = +1.4837 | EMA = +1.4858 | std(g_L) = 1.2715 | grad = 0.3148
step  33080 | loss = -1.5215 | g_L = +1.5215 | EMA = +1.4961 | std(g_L) = 1.2363 | grad = 0.1473
step  33100 | loss = -1.5130 | g_L = +1.5130 | EMA = +1.5137 | std(g_L) = 1.2391 | grad = 0.1942
step  33120 | loss = -1.3976 | g_L = +1.3976 | EMA = +1.4903 | std(g_L) = 1.3751 | grad = 0.7046
step  33140 | loss = -1.4612 | g_L = +1.4612 | EMA = +1.4861 | std(g_L) = 1.4413 | grad = 0.2793
step  33160 | loss = -1.5473 | g_L = +1.5473 | EMA = +1.4970 | std(g_L) = 1.3579 | grad = 0.5139
step  33180 | loss = -1.4550 | g_L = +1.4550 | EMA = +1.4807 | std(g_L) = 1.4423 | grad = 0.4706
step  33200 | loss = -1.6075 | g_L = +1.6075 | EMA = +1.4952 | std(g_L) = 1.4735 | grad = 0.5759
step  33220 | loss = -1.4275 | g_L = +1.4275 | EMA = +1.4894 | std(g_L) = 1.3641 | grad = 0.3114
step  33240 | loss = -1.5815 | g_L = +1.5815 | EMA = +1.4953 | std(g_L) = 1.2759 | grad = 0.4991
step  33260 | loss = -1.4935 | g_L = +1.4935 | EMA = +1.4896 | std(g_L) = 1.2008 | grad = 0.3924
step  33280 | loss = -1.5042 | g_L = +1.5042 | EMA = +1.4937 | std(g_L) = 1.2739 | grad = 0.2427
step  33300 | loss = -1.4653 | g_L = +1.4653 | EMA = +1.5042 | std(g_L) = 1.3804 | grad = 0.6479
step  33320 | loss = -1.4511 | g_L = +1.4511 | EMA = +1.4833 | std(g_L) = 1.3935 | grad = 0.1843
step  33340 | loss = -1.4730 | g_L = +1.4730 | EMA = +1.4962 | std(g_L) = 1.3317 | grad = 0.3363
step  33360 | loss = -1.5557 | g_L = +1.5557 | EMA = +1.4964 | std(g_L) = 1.2160 | grad = 0.2344
step  33380 | loss = -1.5208 | g_L = +1.5208 | EMA = +1.4860 | std(g_L) = 1.2537 | grad = 0.1473
step  33400 | loss = -1.4581 | g_L = +1.4581 | EMA = +1.4991 | std(g_L) = 1.2158 | grad = 0.7524
step  33420 | loss = -1.4847 | g_L = +1.4847 | EMA = +1.4974 | std(g_L) = 1.3191 | grad = 0.2176
step  33440 | loss = -1.5798 | g_L = +1.5798 | EMA = +1.5140 | std(g_L) = 1.3681 | grad = 1.0200
step  33460 | loss = -1.5245 | g_L = +1.5245 | EMA = +1.5034 | std(g_L) = 1.3366 | grad = 0.6423
step  33480 | loss = -1.4572 | g_L = +1.4572 | EMA = +1.4984 | std(g_L) = 1.3006 | grad = 0.5467
step  33500 | loss = -1.5564 | g_L = +1.5564 | EMA = +1.4989 | std(g_L) = 1.4172 | grad = 0.1624
step  33520 | loss = -1.5499 | g_L = +1.5499 | EMA = +1.5090 | std(g_L) = 1.2635 | grad = 0.2346
step  33540 | loss = -1.5237 | g_L = +1.5237 | EMA = +1.5112 | std(g_L) = 1.4601 | grad = 0.6811
step  33560 | loss = -1.3757 | g_L = +1.3757 | EMA = +1.4664 | std(g_L) = 1.5010 | grad = 0.3620
step  33580 | loss = -1.4683 | g_L = +1.4683 | EMA = +1.4694 | std(g_L) = 1.4466 | grad = 0.7127
step  33600 | loss = -1.5977 | g_L = +1.5977 | EMA = +1.4867 | std(g_L) = 1.1718 | grad = 0.2638
step  33620 | loss = -1.5614 | g_L = +1.5614 | EMA = +1.4946 | std(g_L) = 1.2232 | grad = 1.7419
step  33640 | loss = -1.4525 | g_L = +1.4525 | EMA = +1.4868 | std(g_L) = 1.3011 | grad = 1.2879
step  33660 | loss = -1.4483 | g_L = +1.4483 | EMA = +1.4951 | std(g_L) = 1.3403 | grad = 0.7816
step  33680 | loss = -1.4621 | g_L = +1.4621 | EMA = +1.4852 | std(g_L) = 1.4716 | grad = 0.8494
step  33700 | loss = -1.6166 | g_L = +1.6166 | EMA = +1.4788 | std(g_L) = 1.3226 | grad = 0.4140
step  33720 | loss = -1.4554 | g_L = +1.4554 | EMA = +1.4740 | std(g_L) = 1.2876 | grad = 0.6695
step  33740 | loss = -1.5901 | g_L = +1.5901 | EMA = +1.5052 | std(g_L) = 1.2639 | grad = 0.8121
step  33760 | loss = -1.5149 | g_L = +1.5149 | EMA = +1.5037 | std(g_L) = 1.2662 | grad = 0.2452
step  33780 | loss = -1.5575 | g_L = +1.5575 | EMA = +1.5241 | std(g_L) = 1.3369 | grad = 0.5565
step  33800 | loss = -1.4784 | g_L = +1.4784 | EMA = +1.4908 | std(g_L) = 1.2582 | grad = 0.8718
step  33820 | loss = -1.4926 | g_L = +1.4926 | EMA = +1.4963 | std(g_L) = 1.4876 | grad = 0.2890
step  33840 | loss = -1.5573 | g_L = +1.5573 | EMA = +1.5024 | std(g_L) = 1.2385 | grad = 0.9371
step  33860 | loss = -1.4994 | g_L = +1.4994 | EMA = +1.4980 | std(g_L) = 1.3610 | grad = 1.2280
step  33880 | loss = -1.6315 | g_L = +1.6315 | EMA = +1.5039 | std(g_L) = 1.1869 | grad = 0.8920
step  33900 | loss = -1.4246 | g_L = +1.4246 | EMA = +1.4967 | std(g_L) = 1.4105 | grad = 0.6364
step  33920 | loss = -1.5195 | g_L = +1.5195 | EMA = +1.4956 | std(g_L) = 1.4009 | grad = 0.2031
step  33940 | loss = -1.4786 | g_L = +1.4786 | EMA = +1.4835 | std(g_L) = 1.2040 | grad = 1.0373
step  33960 | loss = -1.4318 | g_L = +1.4318 | EMA = +1.4953 | std(g_L) = 1.3899 | grad = 0.3674
step  33980 | loss = -1.4992 | g_L = +1.4992 | EMA = +1.5014 | std(g_L) = 1.2856 | grad = 0.6271
step  34000 | loss = -1.5332 | g_L = +1.5332 | EMA = +1.5028 | std(g_L) = 1.3275 | grad = 0.2568
step  34020 | loss = -1.5030 | g_L = +1.5030 | EMA = +1.4967 | std(g_L) = 1.3340 | grad = 0.3090
step  34040 | loss = -1.4943 | g_L = +1.4943 | EMA = +1.4933 | std(g_L) = 1.3576 | grad = 0.2777
step  34060 | loss = -1.5144 | g_L = +1.5144 | EMA = +1.4931 | std(g_L) = 1.1998 | grad = 0.9188
step  34080 | loss = -1.4313 | g_L = +1.4313 | EMA = +1.4866 | std(g_L) = 1.4218 | grad = 0.3652
step  34100 | loss = -1.5188 | g_L = +1.5188 | EMA = +1.4931 | std(g_L) = 1.2788 | grad = 0.4487
step  34120 | loss = -1.5503 | g_L = +1.5503 | EMA = +1.4987 | std(g_L) = 1.3474 | grad = 1.4754
step  34140 | loss = -1.5829 | g_L = +1.5829 | EMA = +1.4978 | std(g_L) = 1.3147 | grad = 0.3456
step  34160 | loss = -1.4500 | g_L = +1.4500 | EMA = +1.4797 | std(g_L) = 1.3615 | grad = 0.6865
step  34180 | loss = -1.5015 | g_L = +1.5015 | EMA = +1.4933 | std(g_L) = 1.4299 | grad = 0.4707
step  34200 | loss = -1.4195 | g_L = +1.4195 | EMA = +1.4775 | std(g_L) = 1.2872 | grad = 0.9152
step  34220 | loss = -1.4584 | g_L = +1.4584 | EMA = +1.4888 | std(g_L) = 1.3039 | grad = 0.4682
step  34240 | loss = -1.4217 | g_L = +1.4217 | EMA = +1.4835 | std(g_L) = 1.5128 | grad = 0.5997
step  34260 | loss = -1.4974 | g_L = +1.4974 | EMA = +1.4861 | std(g_L) = 1.5206 | grad = 0.8393
step  34280 | loss = -1.5008 | g_L = +1.5008 | EMA = +1.4968 | std(g_L) = 1.3820 | grad = 0.5048
step  34300 | loss = -1.4707 | g_L = +1.4707 | EMA = +1.4918 | std(g_L) = 1.3091 | grad = 0.1020
step  34320 | loss = -1.5187 | g_L = +1.5187 | EMA = +1.5000 | std(g_L) = 1.2687 | grad = 0.2469
step  34340 | loss = -1.4864 | g_L = +1.4864 | EMA = +1.4983 | std(g_L) = 1.3484 | grad = 0.1647
step  34360 | loss = -1.4786 | g_L = +1.4786 | EMA = +1.4761 | std(g_L) = 1.5092 | grad = 0.1208
step  34380 | loss = -1.3934 | g_L = +1.3934 | EMA = +1.4901 | std(g_L) = 1.6312 | grad = 0.2578
step  34400 | loss = -1.4988 | g_L = +1.4988 | EMA = +1.5199 | std(g_L) = 1.3438 | grad = 0.3279
step  34420 | loss = -1.4038 | g_L = +1.4038 | EMA = +1.5056 | std(g_L) = 1.4427 | grad = 0.1683
step  34440 | loss = -1.5332 | g_L = +1.5332 | EMA = +1.4988 | std(g_L) = 1.2310 | grad = 0.5398
step  34460 | loss = -1.4773 | g_L = +1.4773 | EMA = +1.4959 | std(g_L) = 1.2765 | grad = 0.7087
step  34480 | loss = -1.4199 | g_L = +1.4199 | EMA = +1.4985 | std(g_L) = 1.3386 | grad = 0.2392
step  34500 | loss = -1.4522 | g_L = +1.4522 | EMA = +1.5133 | std(g_L) = 1.4342 | grad = 0.8454
step  34520 | loss = -1.5375 | g_L = +1.5375 | EMA = +1.5214 | std(g_L) = 1.3369 | grad = 0.2129
step  34540 | loss = -1.3431 | g_L = +1.3431 | EMA = +1.4963 | std(g_L) = 1.3899 | grad = 0.3722
step  34560 | loss = -1.6416 | g_L = +1.6416 | EMA = +1.5040 | std(g_L) = 1.2473 | grad = 0.2292
step  34580 | loss = -1.4237 | g_L = +1.4237 | EMA = +1.5071 | std(g_L) = 1.4488 | grad = 1.2164
step  34600 | loss = -1.6080 | g_L = +1.6080 | EMA = +1.5104 | std(g_L) = 1.2801 | grad = 1.2947
step  34620 | loss = -1.5426 | g_L = +1.5426 | EMA = +1.5059 | std(g_L) = 1.2840 | grad = 0.8225
step  34640 | loss = -1.4214 | g_L = +1.4214 | EMA = +1.5129 | std(g_L) = 1.2756 | grad = 0.9656
step  34660 | loss = -1.4572 | g_L = +1.4572 | EMA = +1.4890 | std(g_L) = 1.3973 | grad = 0.3024
step  34680 | loss = -1.5271 | g_L = +1.5271 | EMA = +1.5101 | std(g_L) = 1.2888 | grad = 0.8886
step  34700 | loss = -1.5518 | g_L = +1.5518 | EMA = +1.4877 | std(g_L) = 1.3571 | grad = 0.4047
step  34720 | loss = -1.5378 | g_L = +1.5378 | EMA = +1.4941 | std(g_L) = 1.2386 | grad = 0.3507
step  34740 | loss = -1.4670 | g_L = +1.4670 | EMA = +1.4866 | std(g_L) = 1.3953 | grad = 0.6417
step  34760 | loss = -1.5782 | g_L = +1.5782 | EMA = +1.4914 | std(g_L) = 1.2463 | grad = 0.2007
step  34780 | loss = -1.4296 | g_L = +1.4296 | EMA = +1.4971 | std(g_L) = 1.5158 | grad = 0.2254
step  34800 | loss = -1.5317 | g_L = +1.5317 | EMA = +1.5051 | std(g_L) = 1.3235 | grad = 0.7132
step  34820 | loss = -1.4841 | g_L = +1.4841 | EMA = +1.4917 | std(g_L) = 1.3867 | grad = 0.7932
step  34840 | loss = -1.5749 | g_L = +1.5749 | EMA = +1.4946 | std(g_L) = 1.3265 | grad = 0.3180
step  34860 | loss = -1.5536 | g_L = +1.5536 | EMA = +1.5056 | std(g_L) = 1.2845 | grad = 0.7941
step  34880 | loss = -1.4506 | g_L = +1.4506 | EMA = +1.4958 | std(g_L) = 1.2924 | grad = 0.1122
step  34900 | loss = -1.5411 | g_L = +1.5411 | EMA = +1.4933 | std(g_L) = 1.3883 | grad = 0.4170
step  34920 | loss = -1.5551 | g_L = +1.5551 | EMA = +1.4966 | std(g_L) = 1.3287 | grad = 0.4414
step  34940 | loss = -1.4986 | g_L = +1.4986 | EMA = +1.5034 | std(g_L) = 1.2625 | grad = 0.8036
step  34960 | loss = -1.5385 | g_L = +1.5385 | EMA = +1.5034 | std(g_L) = 1.2283 | grad = 0.5020
step  34980 | loss = -1.5199 | g_L = +1.5199 | EMA = +1.4971 | std(g_L) = 1.2932 | grad = 0.1866
step  35000 | loss = -1.4907 | g_L = +1.4907 | EMA = +1.5000 | std(g_L) = 1.4549 | grad = 0.4661
step  35020 | loss = -1.4239 | g_L = +1.4239 | EMA = +1.4878 | std(g_L) = 1.4815 | grad = 0.7307
step  35040 | loss = -1.4372 | g_L = +1.4372 | EMA = +1.5003 | std(g_L) = 1.2845 | grad = 1.2477
step  35060 | loss = -1.3815 | g_L = +1.3815 | EMA = +1.4923 | std(g_L) = 1.3373 | grad = 0.4568
step  35080 | loss = -1.4644 | g_L = +1.4644 | EMA = +1.4928 | std(g_L) = 1.5095 | grad = 0.5173
step  35100 | loss = -1.4778 | g_L = +1.4778 | EMA = +1.5010 | std(g_L) = 1.6534 | grad = 0.2394
step  35120 | loss = -1.4562 | g_L = +1.4562 | EMA = +1.4932 | std(g_L) = 1.4485 | grad = 1.0558
step  35140 | loss = -1.4579 | g_L = +1.4579 | EMA = +1.4810 | std(g_L) = 1.4046 | grad = 1.5031
step  35160 | loss = -1.5020 | g_L = +1.5020 | EMA = +1.4988 | std(g_L) = 1.3232 | grad = 0.8491
step  35180 | loss = -1.5476 | g_L = +1.5476 | EMA = +1.5174 | std(g_L) = 1.2770 | grad = 0.2564
step  35200 | loss = -1.4885 | g_L = +1.4885 | EMA = +1.5068 | std(g_L) = 1.2389 | grad = 0.8681
step  35220 | loss = -1.5083 | g_L = +1.5083 | EMA = +1.5120 | std(g_L) = 1.2727 | grad = 0.6526
step  35240 | loss = -1.4512 | g_L = +1.4512 | EMA = +1.4967 | std(g_L) = 1.5858 | grad = 1.2630
step  35260 | loss = -1.4397 | g_L = +1.4397 | EMA = +1.4885 | std(g_L) = 1.2348 | grad = 0.6378
step  35280 | loss = -1.5096 | g_L = +1.5096 | EMA = +1.5131 | std(g_L) = 1.3012 | grad = 1.2911
step  35300 | loss = -1.4690 | g_L = +1.4690 | EMA = +1.4886 | std(g_L) = 1.3378 | grad = 0.2541
step  35320 | loss = -1.5186 | g_L = +1.5186 | EMA = +1.4955 | std(g_L) = 1.2322 | grad = 0.1570
step  35340 | loss = -1.3971 | g_L = +1.3971 | EMA = +1.4826 | std(g_L) = 1.3309 | grad = 0.1851
step  35360 | loss = -1.4148 | g_L = +1.4148 | EMA = +1.5002 | std(g_L) = 1.4925 | grad = 0.4101
step  35380 | loss = -1.4656 | g_L = +1.4656 | EMA = +1.5020 | std(g_L) = 1.3047 | grad = 0.5196
step  35400 | loss = -1.5555 | g_L = +1.5555 | EMA = +1.4984 | std(g_L) = 1.2926 | grad = 0.5685
step  35420 | loss = -1.5627 | g_L = +1.5627 | EMA = +1.5080 | std(g_L) = 1.3547 | grad = 1.2700
step  35440 | loss = -1.4103 | g_L = +1.4103 | EMA = +1.4911 | std(g_L) = 1.4865 | grad = 1.6027
step  35460 | loss = -1.4142 | g_L = +1.4142 | EMA = +1.4928 | std(g_L) = 1.3195 | grad = 0.7136
step  35480 | loss = -1.4964 | g_L = +1.4964 | EMA = +1.4922 | std(g_L) = 1.4986 | grad = 0.8646
step  35500 | loss = -1.4836 | g_L = +1.4836 | EMA = +1.4915 | std(g_L) = 1.3143 | grad = 1.4453
step  35520 | loss = -1.4482 | g_L = +1.4482 | EMA = +1.5009 | std(g_L) = 1.3275 | grad = 0.3707
step  35540 | loss = -1.4808 | g_L = +1.4808 | EMA = +1.5043 | std(g_L) = 1.3705 | grad = 0.2149
step  35560 | loss = -1.4939 | g_L = +1.4939 | EMA = +1.4802 | std(g_L) = 1.2739 | grad = 1.0651
step  35580 | loss = -1.4829 | g_L = +1.4829 | EMA = +1.4868 | std(g_L) = 1.2906 | grad = 0.4523
step  35600 | loss = -1.4739 | g_L = +1.4739 | EMA = +1.4864 | std(g_L) = 1.3909 | grad = 0.6679
step  35620 | loss = -1.4361 | g_L = +1.4361 | EMA = +1.5108 | std(g_L) = 1.3861 | grad = 0.7032
step  35640 | loss = -1.5624 | g_L = +1.5624 | EMA = +1.5101 | std(g_L) = 1.2890 | grad = 0.5262
step  35660 | loss = -1.5078 | g_L = +1.5078 | EMA = +1.4863 | std(g_L) = 1.3719 | grad = 0.1098
step  35680 | loss = -1.4556 | g_L = +1.4556 | EMA = +1.4876 | std(g_L) = 1.4423 | grad = 0.8702
step  35700 | loss = -1.4784 | g_L = +1.4784 | EMA = +1.4852 | std(g_L) = 1.1760 | grad = 0.1825
step  35720 | loss = -1.3646 | g_L = +1.3646 | EMA = +1.4822 | std(g_L) = 1.4532 | grad = 0.1198
step  35740 | loss = -1.5395 | g_L = +1.5395 | EMA = +1.4865 | std(g_L) = 1.2248 | grad = 0.4185
step  35760 | loss = -1.3951 | g_L = +1.3951 | EMA = +1.5010 | std(g_L) = 1.4146 | grad = 1.3819
step  35780 | loss = -1.6087 | g_L = +1.6087 | EMA = +1.5090 | std(g_L) = 1.2435 | grad = 0.3751
step  35800 | loss = -1.4814 | g_L = +1.4814 | EMA = +1.4971 | std(g_L) = 1.3537 | grad = 0.7532
step  35820 | loss = -1.4385 | g_L = +1.4385 | EMA = +1.4919 | std(g_L) = 1.3419 | grad = 0.4138
step  35840 | loss = -1.4841 | g_L = +1.4841 | EMA = +1.4919 | std(g_L) = 1.3033 | grad = 0.2133
step  35860 | loss = -1.4315 | g_L = +1.4315 | EMA = +1.4917 | std(g_L) = 1.3752 | grad = 0.4668
step  35880 | loss = -1.4994 | g_L = +1.4994 | EMA = +1.4987 | std(g_L) = 1.2733 | grad = 0.5823
step  35900 | loss = -1.4011 | g_L = +1.4011 | EMA = +1.4849 | std(g_L) = 1.5149 | grad = 0.4468
step  35920 | loss = -1.4562 | g_L = +1.4562 | EMA = +1.5008 | std(g_L) = 1.5571 | grad = 0.6881
step  35940 | loss = -1.5476 | g_L = +1.5476 | EMA = +1.5101 | std(g_L) = 1.3300 | grad = 0.2010
step  35960 | loss = -1.4805 | g_L = +1.4805 | EMA = +1.5074 | std(g_L) = 1.4863 | grad = 0.4939
step  35980 | loss = -1.5555 | g_L = +1.5555 | EMA = +1.5106 | std(g_L) = 1.4532 | grad = 0.5621
step  36000 | loss = -1.6055 | g_L = +1.6055 | EMA = +1.4901 | std(g_L) = 1.2459 | grad = 0.8080
step  36020 | loss = -1.5130 | g_L = +1.5130 | EMA = +1.4912 | std(g_L) = 1.1859 | grad = 1.2365
step  36040 | loss = -1.5187 | g_L = +1.5187 | EMA = +1.4959 | std(g_L) = 1.3038 | grad = 0.2957
step  36060 | loss = -1.4303 | g_L = +1.4303 | EMA = +1.5022 | std(g_L) = 1.6030 | grad = 0.1432
step  36080 | loss = -1.4650 | g_L = +1.4650 | EMA = +1.5010 | std(g_L) = 1.2591 | grad = 0.8057
step  36100 | loss = -1.5217 | g_L = +1.5217 | EMA = +1.5060 | std(g_L) = 1.3716 | grad = 0.4696
step  36120 | loss = -1.4075 | g_L = +1.4075 | EMA = +1.5047 | std(g_L) = 1.2693 | grad = 0.1689
step  36140 | loss = -1.4943 | g_L = +1.4943 | EMA = +1.4949 | std(g_L) = 1.4708 | grad = 0.6489
step  36160 | loss = -1.5270 | g_L = +1.5270 | EMA = +1.4865 | std(g_L) = 1.3759 | grad = 1.2315
step  36180 | loss = -1.4357 | g_L = +1.4357 | EMA = +1.4966 | std(g_L) = 1.5151 | grad = 1.4026
step  36200 | loss = -1.4537 | g_L = +1.4537 | EMA = +1.5004 | std(g_L) = 1.3544 | grad = 0.6517
step  36220 | loss = -1.4687 | g_L = +1.4687 | EMA = +1.4988 | std(g_L) = 1.3103 | grad = 0.5251
step  36240 | loss = -1.5336 | g_L = +1.5336 | EMA = +1.4941 | std(g_L) = 1.3880 | grad = 0.5606
step  36260 | loss = -1.5019 | g_L = +1.5019 | EMA = +1.4880 | std(g_L) = 1.3020 | grad = 0.6034
step  36280 | loss = -1.5362 | g_L = +1.5362 | EMA = +1.4976 | std(g_L) = 1.2220 | grad = 0.6502
step  36300 | loss = -1.4174 | g_L = +1.4174 | EMA = +1.4954 | std(g_L) = 1.3355 | grad = 1.0202
step  36320 | loss = -1.5216 | g_L = +1.5216 | EMA = +1.4887 | std(g_L) = 1.2434 | grad = 0.5208
step  36340 | loss = -1.4955 | g_L = +1.4955 | EMA = +1.4951 | std(g_L) = 1.3014 | grad = 0.5117
step  36360 | loss = -1.5735 | g_L = +1.5735 | EMA = +1.4959 | std(g_L) = 1.3851 | grad = 0.5281
step  36380 | loss = -1.5371 | g_L = +1.5371 | EMA = +1.5055 | std(g_L) = 1.3424 | grad = 0.6932
step  36400 | loss = -1.4942 | g_L = +1.4942 | EMA = +1.4949 | std(g_L) = 1.5713 | grad = 0.2359
step  36420 | loss = -1.5316 | g_L = +1.5316 | EMA = +1.5077 | std(g_L) = 1.3835 | grad = 0.5229
step  36440 | loss = -1.4744 | g_L = +1.4744 | EMA = +1.4935 | std(g_L) = 1.3042 | grad = 0.6670
step  36460 | loss = -1.4812 | g_L = +1.4812 | EMA = +1.4993 | std(g_L) = 1.4244 | grad = 0.2462
step  36480 | loss = -1.4758 | g_L = +1.4758 | EMA = +1.4931 | std(g_L) = 1.3572 | grad = 1.0836
step  36500 | loss = -1.5511 | g_L = +1.5511 | EMA = +1.4988 | std(g_L) = 1.3464 | grad = 0.5409
step  36520 | loss = -1.4436 | g_L = +1.4436 | EMA = +1.5049 | std(g_L) = 1.2003 | grad = 0.3956
step  36540 | loss = -1.5378 | g_L = +1.5378 | EMA = +1.5039 | std(g_L) = 1.4019 | grad = 0.5813
step  36560 | loss = -1.4243 | g_L = +1.4243 | EMA = +1.4978 | std(g_L) = 1.3843 | grad = 0.5370
step  36580 | loss = -1.4434 | g_L = +1.4434 | EMA = +1.5009 | std(g_L) = 1.2832 | grad = 1.2405
step  36600 | loss = -1.4744 | g_L = +1.4744 | EMA = +1.4913 | std(g_L) = 1.2072 | grad = 0.1212
step  36620 | loss = -1.4019 | g_L = +1.4019 | EMA = +1.4899 | std(g_L) = 1.3241 | grad = 0.1279
step  36640 | loss = -1.5134 | g_L = +1.5134 | EMA = +1.4977 | std(g_L) = 1.2246 | grad = 0.7225
step  36660 | loss = -1.5126 | g_L = +1.5126 | EMA = +1.4930 | std(g_L) = 1.3673 | grad = 0.4898
step  36680 | loss = -1.5475 | g_L = +1.5475 | EMA = +1.5047 | std(g_L) = 1.3526 | grad = 0.8040
step  36700 | loss = -1.5140 | g_L = +1.5140 | EMA = +1.4979 | std(g_L) = 1.5374 | grad = 0.6997
step  36720 | loss = -1.5155 | g_L = +1.5155 | EMA = +1.5082 | std(g_L) = 1.4705 | grad = 0.2525
step  36740 | loss = -1.4050 | g_L = +1.4050 | EMA = +1.4916 | std(g_L) = 1.3888 | grad = 0.2072
step  36760 | loss = -1.4891 | g_L = +1.4891 | EMA = +1.4968 | std(g_L) = 1.3112 | grad = 0.6188
step  36780 | loss = -1.5718 | g_L = +1.5718 | EMA = +1.4892 | std(g_L) = 1.2940 | grad = 0.3418
step  36800 | loss = -1.5008 | g_L = +1.5008 | EMA = +1.4928 | std(g_L) = 1.2193 | grad = 0.5418
step  36820 | loss = -1.5386 | g_L = +1.5386 | EMA = +1.5041 | std(g_L) = 1.3384 | grad = 0.2488
step  36840 | loss = -1.5449 | g_L = +1.5449 | EMA = +1.5074 | std(g_L) = 1.2034 | grad = 1.1959
step  36860 | loss = -1.4882 | g_L = +1.4882 | EMA = +1.5001 | std(g_L) = 1.2976 | grad = 1.0668
step  36880 | loss = -1.5878 | g_L = +1.5878 | EMA = +1.5247 | std(g_L) = 1.2709 | grad = 0.1284
step  36900 | loss = -1.4912 | g_L = +1.4912 | EMA = +1.5038 | std(g_L) = 1.3173 | grad = 0.5483
step  36920 | loss = -1.3994 | g_L = +1.3994 | EMA = +1.4964 | std(g_L) = 1.3478 | grad = 0.3606
step  36940 | loss = -1.3962 | g_L = +1.3962 | EMA = +1.4934 | std(g_L) = 1.4871 | grad = 0.2462
step  36960 | loss = -1.4328 | g_L = +1.4328 | EMA = +1.4982 | std(g_L) = 1.3791 | grad = 0.5637
step  36980 | loss = -1.5117 | g_L = +1.5117 | EMA = +1.5006 | std(g_L) = 1.4279 | grad = 0.2041
step  37000 | loss = -1.5948 | g_L = +1.5948 | EMA = +1.5021 | std(g_L) = 1.1955 | grad = 0.7169
step  37020 | loss = -1.3954 | g_L = +1.3954 | EMA = +1.5133 | std(g_L) = 1.5838 | grad = 1.0755
step  37040 | loss = -1.5359 | g_L = +1.5359 | EMA = +1.5172 | std(g_L) = 1.3081 | grad = 0.3958
step  37060 | loss = -1.4363 | g_L = +1.4363 | EMA = +1.4995 | std(g_L) = 1.3270 | grad = 1.6757
step  37080 | loss = -1.5220 | g_L = +1.5220 | EMA = +1.5080 | std(g_L) = 1.3402 | grad = 0.2592
step  37100 | loss = -1.5084 | g_L = +1.5084 | EMA = +1.5063 | std(g_L) = 1.2621 | grad = 0.4799
step  37120 | loss = -1.5350 | g_L = +1.5350 | EMA = +1.5036 | std(g_L) = 1.3136 | grad = 0.9584
step  37140 | loss = -1.4958 | g_L = +1.4958 | EMA = +1.4977 | std(g_L) = 1.3771 | grad = 0.4008
step  37160 | loss = -1.5567 | g_L = +1.5567 | EMA = +1.5032 | std(g_L) = 1.2296 | grad = 0.6587
step  37180 | loss = -1.5450 | g_L = +1.5450 | EMA = +1.5036 | std(g_L) = 1.3060 | grad = 0.6114
step  37200 | loss = -1.4331 | g_L = +1.4331 | EMA = +1.4977 | std(g_L) = 1.3022 | grad = 0.3230
step  37220 | loss = -1.5955 | g_L = +1.5955 | EMA = +1.5199 | std(g_L) = 1.2672 | grad = 1.0461
step  37240 | loss = -1.5062 | g_L = +1.5062 | EMA = +1.5076 | std(g_L) = 1.3397 | grad = 1.0950
step  37260 | loss = -1.5623 | g_L = +1.5623 | EMA = +1.5092 | std(g_L) = 1.2540 | grad = 1.0453
step  37280 | loss = -1.5129 | g_L = +1.5129 | EMA = +1.5002 | std(g_L) = 1.2587 | grad = 0.3821
step  37300 | loss = -1.5222 | g_L = +1.5222 | EMA = +1.5104 | std(g_L) = 1.3470 | grad = 0.9753
step  37320 | loss = -1.5111 | g_L = +1.5111 | EMA = +1.5097 | std(g_L) = 1.3525 | grad = 1.3228
step  37340 | loss = -1.5084 | g_L = +1.5084 | EMA = +1.4996 | std(g_L) = 1.2551 | grad = 0.2546
step  37360 | loss = -1.5607 | g_L = +1.5607 | EMA = +1.5130 | std(g_L) = 1.1579 | grad = 1.1165
step  37380 | loss = -1.4943 | g_L = +1.4943 | EMA = +1.5079 | std(g_L) = 1.3861 | grad = 1.1728
step  37400 | loss = -1.4562 | g_L = +1.4562 | EMA = +1.4948 | std(g_L) = 1.2921 | grad = 0.5893
step  37420 | loss = -1.5370 | g_L = +1.5370 | EMA = +1.4920 | std(g_L) = 1.3724 | grad = 0.2824
step  37440 | loss = -1.5435 | g_L = +1.5435 | EMA = +1.5010 | std(g_L) = 1.2994 | grad = 0.3309
step  37460 | loss = -1.5545 | g_L = +1.5545 | EMA = +1.5013 | std(g_L) = 1.2473 | grad = 1.0990
step  37480 | loss = -1.5119 | g_L = +1.5119 | EMA = +1.4822 | std(g_L) = 1.2961 | grad = 0.3821
step  37500 | loss = -1.5433 | g_L = +1.5433 | EMA = +1.5007 | std(g_L) = 1.2636 | grad = 1.1360
step  37520 | loss = -1.5251 | g_L = +1.5251 | EMA = +1.5100 | std(g_L) = 1.2880 | grad = 0.5646
step  37540 | loss = -1.4096 | g_L = +1.4096 | EMA = +1.5072 | std(g_L) = 1.3869 | grad = 0.3372
step  37560 | loss = -1.4378 | g_L = +1.4378 | EMA = +1.4994 | std(g_L) = 1.5628 | grad = 0.2131
step  37580 | loss = -1.5229 | g_L = +1.5229 | EMA = +1.5024 | std(g_L) = 1.2377 | grad = 0.4341
step  37600 | loss = -1.4891 | g_L = +1.4891 | EMA = +1.4882 | std(g_L) = 1.3901 | grad = 0.2721
step  37620 | loss = -1.4079 | g_L = +1.4079 | EMA = +1.4950 | std(g_L) = 1.3343 | grad = 0.1296
step  37640 | loss = -1.4568 | g_L = +1.4568 | EMA = +1.5082 | std(g_L) = 1.3137 | grad = 1.1779
step  37660 | loss = -1.5684 | g_L = +1.5684 | EMA = +1.5216 | std(g_L) = 1.5595 | grad = 0.9543
step  37680 | loss = -1.6157 | g_L = +1.6157 | EMA = +1.5117 | std(g_L) = 1.1716 | grad = 1.0201
step  37700 | loss = -1.4772 | g_L = +1.4772 | EMA = +1.5022 | std(g_L) = 1.1734 | grad = 0.3990
step  37720 | loss = -1.4804 | g_L = +1.4804 | EMA = +1.5141 | std(g_L) = 1.3400 | grad = 0.4523
step  37740 | loss = -1.4129 | g_L = +1.4129 | EMA = +1.4994 | std(g_L) = 1.4602 | grad = 0.8563
step  37760 | loss = -1.5545 | g_L = +1.5545 | EMA = +1.5033 | std(g_L) = 1.2841 | grad = 0.2209
step  37780 | loss = -1.5842 | g_L = +1.5842 | EMA = +1.4935 | std(g_L) = 1.2440 | grad = 0.1834
step  37800 | loss = -1.4648 | g_L = +1.4648 | EMA = +1.4778 | std(g_L) = 1.4089 | grad = 0.3478
step  37820 | loss = -1.5367 | g_L = +1.5367 | EMA = +1.4994 | std(g_L) = 1.2256 | grad = 0.3932
step  37840 | loss = -1.5898 | g_L = +1.5898 | EMA = +1.5146 | std(g_L) = 1.1612 | grad = 0.2580
step  37860 | loss = -1.5215 | g_L = +1.5215 | EMA = +1.5133 | std(g_L) = 1.3317 | grad = 0.2690
step  37880 | loss = -1.3779 | g_L = +1.3779 | EMA = +1.4941 | std(g_L) = 1.3196 | grad = 2.0925
step  37900 | loss = -1.5428 | g_L = +1.5428 | EMA = +1.4946 | std(g_L) = 1.2143 | grad = 0.5674
step  37920 | loss = -1.5494 | g_L = +1.5494 | EMA = +1.4851 | std(g_L) = 1.3739 | grad = 0.1894
step  37940 | loss = -1.4587 | g_L = +1.4587 | EMA = +1.5069 | std(g_L) = 1.3888 | grad = 0.2749
step  37960 | loss = -1.4973 | g_L = +1.4973 | EMA = +1.5002 | std(g_L) = 1.3340 | grad = 0.2129
step  37980 | loss = -1.4969 | g_L = +1.4969 | EMA = +1.4924 | std(g_L) = 1.3854 | grad = 0.6395
step  38000 | loss = -1.4680 | g_L = +1.4680 | EMA = +1.5016 | std(g_L) = 1.1940 | grad = 0.6261
step  38020 | loss = -1.5279 | g_L = +1.5279 | EMA = +1.4998 | std(g_L) = 1.2824 | grad = 0.4918
step  38040 | loss = -1.5592 | g_L = +1.5592 | EMA = +1.5041 | std(g_L) = 1.1985 | grad = 1.3327
step  38060 | loss = -1.4650 | g_L = +1.4650 | EMA = +1.4959 | std(g_L) = 1.3316 | grad = 0.8653
step  38080 | loss = -1.5097 | g_L = +1.5097 | EMA = +1.4982 | std(g_L) = 1.3317 | grad = 1.1949
step  38100 | loss = -1.4467 | g_L = +1.4467 | EMA = +1.4940 | std(g_L) = 1.4323 | grad = 0.4189
step  38120 | loss = -1.5071 | g_L = +1.5071 | EMA = +1.4927 | std(g_L) = 1.2947 | grad = 0.8887
step  38140 | loss = -1.4650 | g_L = +1.4650 | EMA = +1.4986 | std(g_L) = 1.4470 | grad = 0.3118
step  38160 | loss = -1.4799 | g_L = +1.4799 | EMA = +1.4897 | std(g_L) = 1.3751 | grad = 1.1911
step  38180 | loss = -1.4558 | g_L = +1.4558 | EMA = +1.4891 | std(g_L) = 1.3895 | grad = 0.3108
step  38200 | loss = -1.5551 | g_L = +1.5551 | EMA = +1.5020 | std(g_L) = 1.2073 | grad = 0.1824
step  38220 | loss = -1.4895 | g_L = +1.4895 | EMA = +1.4838 | std(g_L) = 1.2284 | grad = 1.1262
step  38240 | loss = -1.4878 | g_L = +1.4878 | EMA = +1.4916 | std(g_L) = 1.4627 | grad = 0.4254
step  38260 | loss = -1.3665 | g_L = +1.3665 | EMA = +1.5138 | std(g_L) = 1.3153 | grad = 0.2997
step  38280 | loss = -1.3850 | g_L = +1.3850 | EMA = +1.4973 | std(g_L) = 1.5188 | grad = 0.5986
step  38300 | loss = -1.4621 | g_L = +1.4621 | EMA = +1.4965 | std(g_L) = 1.3446 | grad = 0.3436
step  38320 | loss = -1.5595 | g_L = +1.5595 | EMA = +1.5027 | std(g_L) = 1.3384 | grad = 0.7518
step  38340 | loss = -1.5232 | g_L = +1.5232 | EMA = +1.5042 | std(g_L) = 1.3713 | grad = 0.4584
step  38360 | loss = -1.5303 | g_L = +1.5303 | EMA = +1.4950 | std(g_L) = 1.2248 | grad = 0.8884
step  38380 | loss = -1.4519 | g_L = +1.4519 | EMA = +1.5004 | std(g_L) = 1.5307 | grad = 0.5268
step  38400 | loss = -1.4034 | g_L = +1.4034 | EMA = +1.4971 | std(g_L) = 1.3355 | grad = 0.2284
step  38420 | loss = -1.4804 | g_L = +1.4804 | EMA = +1.4876 | std(g_L) = 1.2156 | grad = 0.4222
step  38440 | loss = -1.4863 | g_L = +1.4863 | EMA = +1.4941 | std(g_L) = 1.2858 | grad = 0.5279
step  38460 | loss = -1.4744 | g_L = +1.4744 | EMA = +1.4987 | std(g_L) = 1.4063 | grad = 0.8298
step  38480 | loss = -1.5865 | g_L = +1.5865 | EMA = +1.5040 | std(g_L) = 1.2566 | grad = 0.8268
step  38500 | loss = -1.5054 | g_L = +1.5054 | EMA = +1.5011 | std(g_L) = 1.2874 | grad = 0.7224
step  38520 | loss = -1.4048 | g_L = +1.4048 | EMA = +1.4914 | std(g_L) = 1.4142 | grad = 0.6847
step  38540 | loss = -1.4284 | g_L = +1.4284 | EMA = +1.5063 | std(g_L) = 1.5586 | grad = 0.5690
step  38560 | loss = -1.5176 | g_L = +1.5176 | EMA = +1.4977 | std(g_L) = 1.2146 | grad = 0.3133
step  38580 | loss = -1.4747 | g_L = +1.4747 | EMA = +1.4969 | std(g_L) = 1.4127 | grad = 0.9244
step  38600 | loss = -1.5037 | g_L = +1.5037 | EMA = +1.4934 | std(g_L) = 1.3635 | grad = 1.0024
step  38620 | loss = -1.5590 | g_L = +1.5590 | EMA = +1.5006 | std(g_L) = 1.3903 | grad = 0.5669
step  38640 | loss = -1.4726 | g_L = +1.4726 | EMA = +1.5119 | std(g_L) = 1.2193 | grad = 0.3440
step  38660 | loss = -1.4432 | g_L = +1.4432 | EMA = +1.4907 | std(g_L) = 1.2925 | grad = 0.3388
step  38680 | loss = -1.5144 | g_L = +1.5144 | EMA = +1.4967 | std(g_L) = 1.3723 | grad = 0.3496
step  38700 | loss = -1.5062 | g_L = +1.5062 | EMA = +1.4902 | std(g_L) = 1.3153 | grad = 0.6558
step  38720 | loss = -1.5880 | g_L = +1.5880 | EMA = +1.5070 | std(g_L) = 1.2972 | grad = 0.6416
step  38740 | loss = -1.5623 | g_L = +1.5623 | EMA = +1.5076 | std(g_L) = 1.3088 | grad = 0.3563
step  38760 | loss = -1.4900 | g_L = +1.4900 | EMA = +1.4992 | std(g_L) = 1.3085 | grad = 0.1485
step  38780 | loss = -1.5133 | g_L = +1.5133 | EMA = +1.5049 | std(g_L) = 1.4188 | grad = 0.2780
step  38800 | loss = -1.5614 | g_L = +1.5614 | EMA = +1.4944 | std(g_L) = 1.2779 | grad = 0.7323
step  38820 | loss = -1.4480 | g_L = +1.4480 | EMA = +1.4908 | std(g_L) = 1.3400 | grad = 0.6311
step  38840 | loss = -1.5419 | g_L = +1.5419 | EMA = +1.4973 | std(g_L) = 1.2844 | grad = 0.8269
step  38860 | loss = -1.4816 | g_L = +1.4816 | EMA = +1.5004 | std(g_L) = 1.3860 | grad = 0.6949
step  38880 | loss = -1.5197 | g_L = +1.5197 | EMA = +1.4998 | std(g_L) = 1.2888 | grad = 0.1492
step  38900 | loss = -1.5207 | g_L = +1.5207 | EMA = +1.5078 | std(g_L) = 1.2838 | grad = 0.4623
step  38920 | loss = -1.4002 | g_L = +1.4002 | EMA = +1.4861 | std(g_L) = 1.3819 | grad = 0.4575
step  38940 | loss = -1.4883 | g_L = +1.4883 | EMA = +1.4948 | std(g_L) = 1.4030 | grad = 0.7997
step  38960 | loss = -1.3942 | g_L = +1.3942 | EMA = +1.4834 | std(g_L) = 1.4114 | grad = 0.2733
step  38980 | loss = -1.4969 | g_L = +1.4969 | EMA = +1.4947 | std(g_L) = 1.3696 | grad = 0.2009
step  39000 | loss = -1.5432 | g_L = +1.5432 | EMA = +1.5079 | std(g_L) = 1.2455 | grad = 0.4370
step  39020 | loss = -1.4520 | g_L = +1.4520 | EMA = +1.5148 | std(g_L) = 1.4799 | grad = 1.1072
step  39040 | loss = -1.3776 | g_L = +1.3776 | EMA = +1.5134 | std(g_L) = 1.3429 | grad = 0.5315
step  39060 | loss = -1.4529 | g_L = +1.4529 | EMA = +1.5274 | std(g_L) = 1.2606 | grad = 1.5153
step  39080 | loss = -1.6030 | g_L = +1.6030 | EMA = +1.5247 | std(g_L) = 1.3398 | grad = 0.8463
step  39100 | loss = -1.5546 | g_L = +1.5546 | EMA = +1.5078 | std(g_L) = 1.1827 | grad = 0.6941
step  39120 | loss = -1.4583 | g_L = +1.4583 | EMA = +1.5054 | std(g_L) = 1.5737 | grad = 0.4901
step  39140 | loss = -1.5469 | g_L = +1.5469 | EMA = +1.5039 | std(g_L) = 1.3256 | grad = 0.5362
step  39160 | loss = -1.4985 | g_L = +1.4985 | EMA = +1.4968 | std(g_L) = 1.3448 | grad = 0.3571
step  39180 | loss = -1.5220 | g_L = +1.5220 | EMA = +1.5049 | std(g_L) = 1.2811 | grad = 0.1961
step  39200 | loss = -1.4802 | g_L = +1.4802 | EMA = +1.4974 | std(g_L) = 1.3874 | grad = 0.7415
step  39220 | loss = -1.4944 | g_L = +1.4944 | EMA = +1.4975 | std(g_L) = 1.3539 | grad = 0.6256
step  39240 | loss = -1.4627 | g_L = +1.4627 | EMA = +1.4972 | std(g_L) = 1.3417 | grad = 0.4834
step  39260 | loss = -1.5303 | g_L = +1.5303 | EMA = +1.4869 | std(g_L) = 1.4630 | grad = 0.2644
step  39280 | loss = -1.4304 | g_L = +1.4304 | EMA = +1.4869 | std(g_L) = 1.2678 | grad = 0.5129
step  39300 | loss = -1.4817 | g_L = +1.4817 | EMA = +1.5049 | std(g_L) = 1.4891 | grad = 0.6578
step  39320 | loss = -1.4714 | g_L = +1.4714 | EMA = +1.4950 | std(g_L) = 1.4771 | grad = 0.5432
step  39340 | loss = -1.4128 | g_L = +1.4128 | EMA = +1.4941 | std(g_L) = 1.4498 | grad = 0.2224
step  39360 | loss = -1.5232 | g_L = +1.5232 | EMA = +1.5047 | std(g_L) = 1.2812 | grad = 0.4196
step  39380 | loss = -1.4678 | g_L = +1.4678 | EMA = +1.5009 | std(g_L) = 1.2660 | grad = 0.6558
step  39400 | loss = -1.4776 | g_L = +1.4776 | EMA = +1.4829 | std(g_L) = 1.4120 | grad = 0.6707
step  39420 | loss = -1.5273 | g_L = +1.5273 | EMA = +1.5031 | std(g_L) = 1.2163 | grad = 1.1906
step  39440 | loss = -1.5185 | g_L = +1.5185 | EMA = +1.4950 | std(g_L) = 1.2570 | grad = 0.3242
step  39460 | loss = -1.4564 | g_L = +1.4564 | EMA = +1.5045 | std(g_L) = 1.2923 | grad = 1.0202
step  39480 | loss = -1.4958 | g_L = +1.4958 | EMA = +1.4915 | std(g_L) = 1.3648 | grad = 0.3962
step  39500 | loss = -1.4806 | g_L = +1.4806 | EMA = +1.5006 | std(g_L) = 1.2379 | grad = 1.4972
step  39520 | loss = -1.4120 | g_L = +1.4120 | EMA = +1.4885 | std(g_L) = 1.3613 | grad = 1.9744
step  39540 | loss = -1.4611 | g_L = +1.4611 | EMA = +1.4757 | std(g_L) = 1.3723 | grad = 0.1783
step  39560 | loss = -1.4977 | g_L = +1.4977 | EMA = +1.4852 | std(g_L) = 1.2395 | grad = 1.0460
step  39580 | loss = -1.4974 | g_L = +1.4974 | EMA = +1.4914 | std(g_L) = 1.4112 | grad = 0.1412
step  39600 | loss = -1.5577 | g_L = +1.5577 | EMA = +1.5042 | std(g_L) = 1.2990 | grad = 0.9470
step  39620 | loss = -1.3976 | g_L = +1.3976 | EMA = +1.4993 | std(g_L) = 1.3569 | grad = 0.4812
step  39640 | loss = -1.5049 | g_L = +1.5049 | EMA = +1.4882 | std(g_L) = 1.2452 | grad = 0.9832
step  39660 | loss = -1.5507 | g_L = +1.5507 | EMA = +1.5007 | std(g_L) = 1.3018 | grad = 0.9559
step  39680 | loss = -1.5070 | g_L = +1.5070 | EMA = +1.5159 | std(g_L) = 1.3530 | grad = 0.3746
step  39700 | loss = -1.5873 | g_L = +1.5873 | EMA = +1.5121 | std(g_L) = 1.2566 | grad = 0.8055
step  39720 | loss = -1.5436 | g_L = +1.5436 | EMA = +1.5025 | std(g_L) = 1.2159 | grad = 0.9191
step  39740 | loss = -1.5085 | g_L = +1.5085 | EMA = +1.4895 | std(g_L) = 1.3160 | grad = 1.1983
step  39760 | loss = -1.5357 | g_L = +1.5357 | EMA = +1.4726 | std(g_L) = 1.2648 | grad = 0.6131
step  39780 | loss = -1.4677 | g_L = +1.4677 | EMA = +1.4858 | std(g_L) = 1.3187 | grad = 0.3780
step  39800 | loss = -1.5371 | g_L = +1.5371 | EMA = +1.4839 | std(g_L) = 1.2403 | grad = 0.2801
step  39820 | loss = -1.5426 | g_L = +1.5426 | EMA = +1.4919 | std(g_L) = 1.3150 | grad = 1.3269
step  39840 | loss = -1.5153 | g_L = +1.5153 | EMA = +1.4908 | std(g_L) = 1.3664 | grad = 0.4120
step  39860 | loss = -1.4756 | g_L = +1.4756 | EMA = +1.5016 | std(g_L) = 1.3998 | grad = 0.4196
step  39880 | loss = -1.4353 | g_L = +1.4353 | EMA = +1.5091 | std(g_L) = 1.4360 | grad = 0.9549
step  39900 | loss = -1.4573 | g_L = +1.4573 | EMA = +1.5011 | std(g_L) = 1.2902 | grad = 0.4495
step  39920 | loss = -1.4469 | g_L = +1.4469 | EMA = +1.4941 | std(g_L) = 1.5120 | grad = 0.2819
step  39940 | loss = -1.5686 | g_L = +1.5686 | EMA = +1.4937 | std(g_L) = 1.1999 | grad = 1.7691
step  39960 | loss = -1.3824 | g_L = +1.3824 | EMA = +1.4954 | std(g_L) = 1.4322 | grad = 0.5687
step  39980 | loss = -1.4729 | g_L = +1.4729 | EMA = +1.4937 | std(g_L) = 1.3516 | grad = 0.2234
step  40000 | loss = -1.5133 | g_L = +1.5133 | EMA = +1.4961 | std(g_L) = 1.3192 | grad = 1.3238
step  40020 | loss = -1.4296 | g_L = +1.4296 | EMA = +1.4955 | std(g_L) = 1.3830 | grad = 0.4425
step  40040 | loss = -1.4604 | g_L = +1.4604 | EMA = +1.4860 | std(g_L) = 1.3844 | grad = 0.4035
step  40060 | loss = -1.4674 | g_L = +1.4674 | EMA = +1.4880 | std(g_L) = 1.2684 | grad = 0.4274
step  40080 | loss = -1.5428 | g_L = +1.5428 | EMA = +1.5073 | std(g_L) = 1.4036 | grad = 0.4124
step  40100 | loss = -1.5187 | g_L = +1.5187 | EMA = +1.5028 | std(g_L) = 1.4397 | grad = 0.4375
step  40120 | loss = -1.5398 | g_L = +1.5398 | EMA = +1.5023 | std(g_L) = 1.2806 | grad = 1.2981
step  40140 | loss = -1.5321 | g_L = +1.5321 | EMA = +1.4802 | std(g_L) = 1.4050 | grad = 0.2238
step  40160 | loss = -1.4741 | g_L = +1.4741 | EMA = +1.4899 | std(g_L) = 1.3530 | grad = 1.1254
step  40180 | loss = -1.5074 | g_L = +1.5074 | EMA = +1.4818 | std(g_L) = 1.5283 | grad = 0.7136
step  40200 | loss = -1.5317 | g_L = +1.5317 | EMA = +1.4991 | std(g_L) = 1.3680 | grad = 0.2004
step  40220 | loss = -1.5676 | g_L = +1.5676 | EMA = +1.5121 | std(g_L) = 1.2966 | grad = 0.0973
step  40240 | loss = -1.4980 | g_L = +1.4980 | EMA = +1.5041 | std(g_L) = 1.3414 | grad = 1.4082
step  40260 | loss = -1.4465 | g_L = +1.4465 | EMA = +1.4944 | std(g_L) = 1.2727 | grad = 1.7797
step  40280 | loss = -1.4833 | g_L = +1.4833 | EMA = +1.4987 | std(g_L) = 1.4740 | grad = 0.2359
step  40300 | loss = -1.4936 | g_L = +1.4936 | EMA = +1.4882 | std(g_L) = 1.3159 | grad = 0.2220
step  40320 | loss = -1.5480 | g_L = +1.5480 | EMA = +1.4987 | std(g_L) = 1.3205 | grad = 0.3373
step  40340 | loss = -1.4856 | g_L = +1.4856 | EMA = +1.4968 | std(g_L) = 1.3713 | grad = 0.2546
step  40360 | loss = -1.5452 | g_L = +1.5452 | EMA = +1.4887 | std(g_L) = 1.2271 | grad = 0.3275
step  40380 | loss = -1.5477 | g_L = +1.5477 | EMA = +1.4777 | std(g_L) = 1.3095 | grad = 0.9124
step  40400 | loss = -1.4714 | g_L = +1.4714 | EMA = +1.4810 | std(g_L) = 1.2854 | grad = 0.7271
step  40420 | loss = -1.5293 | g_L = +1.5293 | EMA = +1.4899 | std(g_L) = 1.3616 | grad = 0.1609
step  40440 | loss = -1.5388 | g_L = +1.5388 | EMA = +1.4988 | std(g_L) = 1.2224 | grad = 0.3616
step  40460 | loss = -1.4404 | g_L = +1.4404 | EMA = +1.4964 | std(g_L) = 1.3959 | grad = 0.4328
step  40480 | loss = -1.4654 | g_L = +1.4654 | EMA = +1.4989 | std(g_L) = 1.3518 | grad = 0.2991
step  40500 | loss = -1.4049 | g_L = +1.4049 | EMA = +1.4984 | std(g_L) = 1.3371 | grad = 0.3115
step  40520 | loss = -1.5979 | g_L = +1.5979 | EMA = +1.5014 | std(g_L) = 1.3011 | grad = 0.8435
step  40540 | loss = -1.5169 | g_L = +1.5169 | EMA = +1.4984 | std(g_L) = 1.3012 | grad = 0.8510
step  40560 | loss = -1.3995 | g_L = +1.3995 | EMA = +1.4865 | std(g_L) = 1.4960 | grad = 0.8640
step  40580 | loss = -1.5304 | g_L = +1.5304 | EMA = +1.4981 | std(g_L) = 1.2065 | grad = 1.0472
step  40600 | loss = -1.5225 | g_L = +1.5225 | EMA = +1.5109 | std(g_L) = 1.4129 | grad = 0.3526
step  40620 | loss = -1.3853 | g_L = +1.3853 | EMA = +1.4998 | std(g_L) = 1.4383 | grad = 0.4841
step  40640 | loss = -1.4361 | g_L = +1.4361 | EMA = +1.4853 | std(g_L) = 1.4075 | grad = 0.2295
step  40660 | loss = -1.5189 | g_L = +1.5189 | EMA = +1.4984 | std(g_L) = 1.3688 | grad = 0.3933
step  40680 | loss = -1.6052 | g_L = +1.6052 | EMA = +1.5068 | std(g_L) = 1.1675 | grad = 0.1640
step  40700 | loss = -1.5187 | g_L = +1.5187 | EMA = +1.4945 | std(g_L) = 1.2992 | grad = 1.2406
step  40720 | loss = -1.5007 | g_L = +1.5007 | EMA = +1.4846 | std(g_L) = 1.3497 | grad = 0.1881
step  40740 | loss = -1.4675 | g_L = +1.4675 | EMA = +1.4891 | std(g_L) = 1.3074 | grad = 0.0894
step  40760 | loss = -1.5409 | g_L = +1.5409 | EMA = +1.5047 | std(g_L) = 1.4192 | grad = 0.5485
step  40780 | loss = -1.5459 | g_L = +1.5459 | EMA = +1.5042 | std(g_L) = 1.4405 | grad = 0.3908
step  40800 | loss = -1.5418 | g_L = +1.5418 | EMA = +1.5045 | std(g_L) = 1.3806 | grad = 0.6429
step  40820 | loss = -1.5494 | g_L = +1.5494 | EMA = +1.5112 | std(g_L) = 1.5164 | grad = 1.6725
step  40840 | loss = -1.4455 | g_L = +1.4455 | EMA = +1.5046 | std(g_L) = 1.3668 | grad = 0.3036
step  40860 | loss = -1.5719 | g_L = +1.5719 | EMA = +1.4913 | std(g_L) = 1.2370 | grad = 0.6894
step  40880 | loss = -1.4120 | g_L = +1.4120 | EMA = +1.4901 | std(g_L) = 1.5930 | grad = 0.5892
step  40900 | loss = -1.5115 | g_L = +1.5115 | EMA = +1.4913 | std(g_L) = 1.4059 | grad = 0.9228
step  40920 | loss = -1.5811 | g_L = +1.5811 | EMA = +1.4836 | std(g_L) = 1.4176 | grad = 0.6056
step  40940 | loss = -1.5293 | g_L = +1.5293 | EMA = +1.4824 | std(g_L) = 1.2577 | grad = 0.2602
step  40960 | loss = -1.5229 | g_L = +1.5229 | EMA = +1.4975 | std(g_L) = 1.3387 | grad = 0.6571
step  40980 | loss = -1.5659 | g_L = +1.5659 | EMA = +1.5139 | std(g_L) = 1.3178 | grad = 0.2551
step  41000 | loss = -1.5084 | g_L = +1.5084 | EMA = +1.4993 | std(g_L) = 1.4566 | grad = 0.5653
step  41020 | loss = -1.6202 | g_L = +1.6202 | EMA = +1.5084 | std(g_L) = 1.3117 | grad = 0.1061
step  41040 | loss = -1.5302 | g_L = +1.5302 | EMA = +1.5094 | std(g_L) = 1.2911 | grad = 0.9776
step  41060 | loss = -1.5519 | g_L = +1.5519 | EMA = +1.5122 | std(g_L) = 1.2471 | grad = 0.3660
step  41080 | loss = -1.4610 | g_L = +1.4610 | EMA = +1.4947 | std(g_L) = 1.2651 | grad = 0.3489
step  41100 | loss = -1.5161 | g_L = +1.5161 | EMA = +1.5079 | std(g_L) = 1.3402 | grad = 0.1688
step  41120 | loss = -1.4724 | g_L = +1.4724 | EMA = +1.5070 | std(g_L) = 1.3128 | grad = 0.5693
step  41140 | loss = -1.4431 | g_L = +1.4431 | EMA = +1.4851 | std(g_L) = 1.2790 | grad = 0.8074
step  41160 | loss = -1.4736 | g_L = +1.4736 | EMA = +1.4827 | std(g_L) = 1.3011 | grad = 0.7749
step  41180 | loss = -1.5524 | g_L = +1.5524 | EMA = +1.5016 | std(g_L) = 1.3530 | grad = 0.5068
step  41200 | loss = -1.4695 | g_L = +1.4695 | EMA = +1.4994 | std(g_L) = 1.3673 | grad = 0.9181
step  41220 | loss = -1.5154 | g_L = +1.5154 | EMA = +1.5153 | std(g_L) = 1.4239 | grad = 1.1752
step  41240 | loss = -1.4171 | g_L = +1.4171 | EMA = +1.5070 | std(g_L) = 1.4407 | grad = 1.4416
step  41260 | loss = -1.5380 | g_L = +1.5380 | EMA = +1.5091 | std(g_L) = 1.3234 | grad = 0.6779
step  41280 | loss = -1.5062 | g_L = +1.5062 | EMA = +1.5053 | std(g_L) = 1.3271 | grad = 0.4757
step  41300 | loss = -1.4548 | g_L = +1.4548 | EMA = +1.4923 | std(g_L) = 1.3858 | grad = 1.3379
step  41320 | loss = -1.5838 | g_L = +1.5838 | EMA = +1.4914 | std(g_L) = 1.2483 | grad = 0.1258
step  41340 | loss = -1.4979 | g_L = +1.4979 | EMA = +1.5036 | std(g_L) = 1.3569 | grad = 0.1331
step  41360 | loss = -1.4794 | g_L = +1.4794 | EMA = +1.5023 | std(g_L) = 1.3388 | grad = 0.2599
step  41380 | loss = -1.4637 | g_L = +1.4637 | EMA = +1.4929 | std(g_L) = 1.4509 | grad = 1.2110
step  41400 | loss = -1.6109 | g_L = +1.6109 | EMA = +1.5088 | std(g_L) = 1.2554 | grad = 0.9507
step  41420 | loss = -1.5272 | g_L = +1.5272 | EMA = +1.5112 | std(g_L) = 1.3284 | grad = 0.2074
step  41440 | loss = -1.4585 | g_L = +1.4585 | EMA = +1.4886 | std(g_L) = 1.5305 | grad = 0.1903
step  41460 | loss = -1.5245 | g_L = +1.5245 | EMA = +1.5027 | std(g_L) = 1.2128 | grad = 1.1772
step  41480 | loss = -1.3828 | g_L = +1.3828 | EMA = +1.4733 | std(g_L) = 1.3317 | grad = 0.2680
step  41500 | loss = -1.5888 | g_L = +1.5888 | EMA = +1.5025 | std(g_L) = 1.2365 | grad = 0.1797
step  41520 | loss = -1.5473 | g_L = +1.5473 | EMA = +1.5020 | std(g_L) = 1.3913 | grad = 0.4100
step  41540 | loss = -1.4657 | g_L = +1.4657 | EMA = +1.5007 | std(g_L) = 1.3629 | grad = 0.5496
step  41560 | loss = -1.4080 | g_L = +1.4080 | EMA = +1.4983 | std(g_L) = 1.5461 | grad = 1.1582
step  41580 | loss = -1.5090 | g_L = +1.5090 | EMA = +1.5093 | std(g_L) = 1.4998 | grad = 0.4900
step  41600 | loss = -1.5795 | g_L = +1.5795 | EMA = +1.5094 | std(g_L) = 1.2903 | grad = 0.6035
step  41620 | loss = -1.4248 | g_L = +1.4248 | EMA = +1.4915 | std(g_L) = 1.2649 | grad = 0.2472
step  41640 | loss = -1.4852 | g_L = +1.4852 | EMA = +1.4878 | std(g_L) = 1.2970 | grad = 0.5102
step  41660 | loss = -1.5603 | g_L = +1.5603 | EMA = +1.4992 | std(g_L) = 1.2831 | grad = 0.1668
step  41680 | loss = -1.4665 | g_L = +1.4665 | EMA = +1.4930 | std(g_L) = 1.3256 | grad = 0.4715
step  41700 | loss = -1.5510 | g_L = +1.5510 | EMA = +1.5070 | std(g_L) = 1.1912 | grad = 0.2260
step  41720 | loss = -1.5178 | g_L = +1.5178 | EMA = +1.5163 | std(g_L) = 1.2297 | grad = 0.2826
step  41740 | loss = -1.5002 | g_L = +1.5002 | EMA = +1.5091 | std(g_L) = 1.3429 | grad = 0.4695
step  41760 | loss = -1.4921 | g_L = +1.4921 | EMA = +1.4907 | std(g_L) = 1.4486 | grad = 0.7291
step  41780 | loss = -1.5452 | g_L = +1.5452 | EMA = +1.4999 | std(g_L) = 1.2261 | grad = 0.7091
step  41800 | loss = -1.4606 | g_L = +1.4606 | EMA = +1.5158 | std(g_L) = 1.2947 | grad = 0.3157
step  41820 | loss = -1.5352 | g_L = +1.5352 | EMA = +1.5005 | std(g_L) = 1.3961 | grad = 0.7022
step  41840 | loss = -1.5653 | g_L = +1.5653 | EMA = +1.4963 | std(g_L) = 1.3819 | grad = 0.5892
step  41860 | loss = -1.5090 | g_L = +1.5090 | EMA = +1.4931 | std(g_L) = 1.2461 | grad = 1.1922
step  41880 | loss = -1.4900 | g_L = +1.4900 | EMA = +1.4965 | std(g_L) = 1.2941 | grad = 0.2616
step  41900 | loss = -1.4875 | g_L = +1.4875 | EMA = +1.4954 | std(g_L) = 1.2494 | grad = 0.8139
step  41920 | loss = -1.4934 | g_L = +1.4934 | EMA = +1.4880 | std(g_L) = 1.3620 | grad = 0.8832
step  41940 | loss = -1.4811 | g_L = +1.4811 | EMA = +1.5042 | std(g_L) = 1.3044 | grad = 0.1871
step  41960 | loss = -1.5065 | g_L = +1.5065 | EMA = +1.5035 | std(g_L) = 1.2814 | grad = 0.3491
step  41980 | loss = -1.4992 | g_L = +1.4992 | EMA = +1.4953 | std(g_L) = 1.3343 | grad = 0.8973
step  42000 | loss = -1.5153 | g_L = +1.5153 | EMA = +1.4885 | std(g_L) = 1.3482 | grad = 0.7873
step  42020 | loss = -1.4536 | g_L = +1.4536 | EMA = +1.4989 | std(g_L) = 1.5074 | grad = 0.9042
step  42040 | loss = -1.4978 | g_L = +1.4978 | EMA = +1.5245 | std(g_L) = 1.3865 | grad = 1.3221
step  42060 | loss = -1.4679 | g_L = +1.4679 | EMA = +1.5020 | std(g_L) = 1.3451 | grad = 1.3858
step  42080 | loss = -1.4455 | g_L = +1.4455 | EMA = +1.4904 | std(g_L) = 1.4954 | grad = 0.7392
step  42100 | loss = -1.5201 | g_L = +1.5201 | EMA = +1.4903 | std(g_L) = 1.2999 | grad = 0.1816
step  42120 | loss = -1.4717 | g_L = +1.4717 | EMA = +1.4888 | std(g_L) = 1.4534 | grad = 1.1893
step  42140 | loss = -1.4332 | g_L = +1.4332 | EMA = +1.4829 | std(g_L) = 1.3866 | grad = 0.3352
step  42160 | loss = -1.4463 | g_L = +1.4463 | EMA = +1.4884 | std(g_L) = 1.3974 | grad = 1.0809
step  42180 | loss = -1.5542 | g_L = +1.5542 | EMA = +1.4958 | std(g_L) = 1.3661 | grad = 0.7228
step  42200 | loss = -1.4624 | g_L = +1.4624 | EMA = +1.5026 | std(g_L) = 1.2851 | grad = 0.7186
step  42220 | loss = -1.4729 | g_L = +1.4729 | EMA = +1.5140 | std(g_L) = 1.3872 | grad = 0.6536
step  42240 | loss = -1.5113 | g_L = +1.5113 | EMA = +1.5212 | std(g_L) = 1.3601 | grad = 0.2492
step  42260 | loss = -1.5302 | g_L = +1.5302 | EMA = +1.5195 | std(g_L) = 1.3736 | grad = 0.5522
step  42280 | loss = -1.4771 | g_L = +1.4771 | EMA = +1.5001 | std(g_L) = 1.4590 | grad = 0.6696
step  42300 | loss = -1.4633 | g_L = +1.4633 | EMA = +1.4794 | std(g_L) = 1.3550 | grad = 0.7425
step  42320 | loss = -1.4901 | g_L = +1.4901 | EMA = +1.4885 | std(g_L) = 1.2698 | grad = 0.4719
step  42340 | loss = -1.5523 | g_L = +1.5523 | EMA = +1.4944 | std(g_L) = 1.2659 | grad = 0.6911
step  42360 | loss = -1.4455 | g_L = +1.4455 | EMA = +1.5038 | std(g_L) = 1.2727 | grad = 0.2823
step  42380 | loss = -1.5481 | g_L = +1.5481 | EMA = +1.4928 | std(g_L) = 1.1737 | grad = 0.8241
step  42400 | loss = -1.5304 | g_L = +1.5304 | EMA = +1.5020 | std(g_L) = 1.3585 | grad = 0.5826
step  42420 | loss = -1.4670 | g_L = +1.4670 | EMA = +1.5045 | std(g_L) = 1.2118 | grad = 0.1811
step  42440 | loss = -1.4792 | g_L = +1.4792 | EMA = +1.4828 | std(g_L) = 1.2197 | grad = 0.2007
step  42460 | loss = -1.5580 | g_L = +1.5580 | EMA = +1.4980 | std(g_L) = 1.2966 | grad = 0.2691
step  42480 | loss = -1.3806 | g_L = +1.3806 | EMA = +1.4915 | std(g_L) = 1.4410 | grad = 0.3652
step  42500 | loss = -1.5675 | g_L = +1.5675 | EMA = +1.4873 | std(g_L) = 1.3155 | grad = 0.2007
step  42520 | loss = -1.5368 | g_L = +1.5368 | EMA = +1.4928 | std(g_L) = 1.2413 | grad = 0.2613
step  42540 | loss = -1.4710 | g_L = +1.4710 | EMA = +1.4939 | std(g_L) = 1.4029 | grad = 0.6224
step  42560 | loss = -1.5420 | g_L = +1.5420 | EMA = +1.4972 | std(g_L) = 1.2734 | grad = 0.2288
step  42580 | loss = -1.5094 | g_L = +1.5094 | EMA = +1.4986 | std(g_L) = 1.4163 | grad = 0.6041
step  42600 | loss = -1.4658 | g_L = +1.4658 | EMA = +1.5034 | std(g_L) = 1.3946 | grad = 0.2862
step  42620 | loss = -1.5567 | g_L = +1.5567 | EMA = +1.5218 | std(g_L) = 1.3580 | grad = 0.2227
step  42640 | loss = -1.5051 | g_L = +1.5051 | EMA = +1.5021 | std(g_L) = 1.4070 | grad = 0.7245
step  42660 | loss = -1.4836 | g_L = +1.4836 | EMA = +1.4992 | std(g_L) = 1.2331 | grad = 0.5888
step  42680 | loss = -1.5084 | g_L = +1.5084 | EMA = +1.5023 | std(g_L) = 1.2960 | grad = 0.4213
step  42700 | loss = -1.5032 | g_L = +1.5032 | EMA = +1.4981 | std(g_L) = 1.2561 | grad = 0.5924
step  42720 | loss = -1.4015 | g_L = +1.4015 | EMA = +1.4962 | std(g_L) = 1.4736 | grad = 0.8677
step  42740 | loss = -1.5103 | g_L = +1.5103 | EMA = +1.4998 | std(g_L) = 1.3224 | grad = 1.3832
step  42760 | loss = -1.5053 | g_L = +1.5053 | EMA = +1.4976 | std(g_L) = 1.3258 | grad = 0.8177
step  42780 | loss = -1.4895 | g_L = +1.4895 | EMA = +1.4868 | std(g_L) = 1.3127 | grad = 0.7062
step  42800 | loss = -1.6309 | g_L = +1.6309 | EMA = +1.5144 | std(g_L) = 1.3322 | grad = 1.1529
step  42820 | loss = -1.4533 | g_L = +1.4533 | EMA = +1.4972 | std(g_L) = 1.4371 | grad = 0.1845
step  42840 | loss = -1.5417 | g_L = +1.5417 | EMA = +1.5120 | std(g_L) = 1.3098 | grad = 0.3058
step  42860 | loss = -1.5271 | g_L = +1.5271 | EMA = +1.5047 | std(g_L) = 1.3098 | grad = 0.5705
step  42880 | loss = -1.6056 | g_L = +1.6056 | EMA = +1.5077 | std(g_L) = 1.2270 | grad = 0.7001
step  42900 | loss = -1.5879 | g_L = +1.5879 | EMA = +1.4988 | std(g_L) = 1.3187 | grad = 0.7078
step  42920 | loss = -1.4814 | g_L = +1.4814 | EMA = +1.4914 | std(g_L) = 1.4368 | grad = 0.9392
step  42940 | loss = -1.4966 | g_L = +1.4966 | EMA = +1.5187 | std(g_L) = 1.3060 | grad = 1.0979
step  42960 | loss = -1.6087 | g_L = +1.6087 | EMA = +1.5174 | std(g_L) = 1.2701 | grad = 0.6531
step  42980 | loss = -1.4557 | g_L = +1.4557 | EMA = +1.4972 | std(g_L) = 1.3007 | grad = 0.8094
step  43000 | loss = -1.4523 | g_L = +1.4523 | EMA = +1.5048 | std(g_L) = 1.3307 | grad = 0.5949
step  43020 | loss = -1.4573 | g_L = +1.4573 | EMA = +1.4890 | std(g_L) = 1.2913 | grad = 0.2912
step  43040 | loss = -1.5479 | g_L = +1.5479 | EMA = +1.4868 | std(g_L) = 1.2736 | grad = 0.4123
step  43060 | loss = -1.5498 | g_L = +1.5498 | EMA = +1.4831 | std(g_L) = 1.2302 | grad = 0.6108
step  43080 | loss = -1.4876 | g_L = +1.4876 | EMA = +1.4874 | std(g_L) = 1.2269 | grad = 1.2265
step  43100 | loss = -1.4747 | g_L = +1.4747 | EMA = +1.4895 | std(g_L) = 1.2403 | grad = 1.4563
step  43120 | loss = -1.5427 | g_L = +1.5427 | EMA = +1.5050 | std(g_L) = 1.2666 | grad = 0.1722
step  43140 | loss = -1.5314 | g_L = +1.5314 | EMA = +1.4884 | std(g_L) = 1.2221 | grad = 0.9282
step  43160 | loss = -1.5197 | g_L = +1.5197 | EMA = +1.4967 | std(g_L) = 1.2874 | grad = 0.4346
step  43180 | loss = -1.5516 | g_L = +1.5516 | EMA = +1.5107 | std(g_L) = 1.5198 | grad = 1.3165
step  43200 | loss = -1.5550 | g_L = +1.5550 | EMA = +1.5156 | std(g_L) = 1.2408 | grad = 0.2795
step  43220 | loss = -1.4642 | g_L = +1.4642 | EMA = +1.4959 | std(g_L) = 1.2722 | grad = 0.6105
step  43240 | loss = -1.5274 | g_L = +1.5274 | EMA = +1.4936 | std(g_L) = 1.2556 | grad = 0.6470
step  43260 | loss = -1.5135 | g_L = +1.5135 | EMA = +1.5068 | std(g_L) = 1.4383 | grad = 0.8709
step  43280 | loss = -1.4257 | g_L = +1.4257 | EMA = +1.4932 | std(g_L) = 1.2226 | grad = 0.9140
step  43300 | loss = -1.5011 | g_L = +1.5011 | EMA = +1.5082 | std(g_L) = 1.2809 | grad = 0.3766
step  43320 | loss = -1.5018 | g_L = +1.5018 | EMA = +1.4891 | std(g_L) = 1.4312 | grad = 1.0281
step  43340 | loss = -1.4714 | g_L = +1.4714 | EMA = +1.5042 | std(g_L) = 1.4735 | grad = 0.6347
step  43360 | loss = -1.4467 | g_L = +1.4467 | EMA = +1.4922 | std(g_L) = 1.4273 | grad = 0.4433
step  43380 | loss = -1.5108 | g_L = +1.5108 | EMA = +1.4958 | std(g_L) = 1.3213 | grad = 0.9315
step  43400 | loss = -1.5728 | g_L = +1.5728 | EMA = +1.4891 | std(g_L) = 1.3250 | grad = 0.4816
step  43420 | loss = -1.5244 | g_L = +1.5244 | EMA = +1.5041 | std(g_L) = 1.3456 | grad = 1.0602
step  43440 | loss = -1.5419 | g_L = +1.5419 | EMA = +1.5188 | std(g_L) = 1.4248 | grad = 0.2680
step  43460 | loss = -1.4884 | g_L = +1.4884 | EMA = +1.5014 | std(g_L) = 1.4530 | grad = 0.2256
step  43480 | loss = -1.4533 | g_L = +1.4533 | EMA = +1.5021 | std(g_L) = 1.4269 | grad = 0.8288
step  43500 | loss = -1.5233 | g_L = +1.5233 | EMA = +1.4876 | std(g_L) = 1.3936 | grad = 0.2711
step  43520 | loss = -1.5858 | g_L = +1.5858 | EMA = +1.5011 | std(g_L) = 1.3186 | grad = 0.8281
step  43540 | loss = -1.3708 | g_L = +1.3708 | EMA = +1.4916 | std(g_L) = 1.8576 | grad = 0.6022
step  43560 | loss = -1.5065 | g_L = +1.5065 | EMA = +1.4939 | std(g_L) = 1.3627 | grad = 0.1975
step  43580 | loss = -1.5262 | g_L = +1.5262 | EMA = +1.5043 | std(g_L) = 1.3812 | grad = 0.6299
step  43600 | loss = -1.4692 | g_L = +1.4692 | EMA = +1.4867 | std(g_L) = 1.5049 | grad = 1.1742
step  43620 | loss = -1.4394 | g_L = +1.4394 | EMA = +1.4809 | std(g_L) = 1.2776 | grad = 0.7681
step  43640 | loss = -1.4716 | g_L = +1.4716 | EMA = +1.4922 | std(g_L) = 1.3124 | grad = 0.1982
step  43660 | loss = -1.5001 | g_L = +1.5001 | EMA = +1.4952 | std(g_L) = 1.5347 | grad = 2.0944
step  43680 | loss = -1.6489 | g_L = +1.6489 | EMA = +1.5062 | std(g_L) = 1.2745 | grad = 1.5273
step  43700 | loss = -1.5718 | g_L = +1.5718 | EMA = +1.5072 | std(g_L) = 1.3658 | grad = 0.4675
step  43720 | loss = -1.4524 | g_L = +1.4524 | EMA = +1.4953 | std(g_L) = 1.3929 | grad = 0.1189
step  43740 | loss = -1.4896 | g_L = +1.4896 | EMA = +1.4852 | std(g_L) = 1.2339 | grad = 0.4581
step  43760 | loss = -1.4204 | g_L = +1.4204 | EMA = +1.4766 | std(g_L) = 1.4791 | grad = 0.6006
step  43780 | loss = -1.4255 | g_L = +1.4255 | EMA = +1.4911 | std(g_L) = 1.7284 | grad = 0.2796
step  43800 | loss = -1.6299 | g_L = +1.6299 | EMA = +1.4977 | std(g_L) = 1.2954 | grad = 1.0945
step  43820 | loss = -1.4527 | g_L = +1.4527 | EMA = +1.4999 | std(g_L) = 1.2896 | grad = 0.5567
step  43840 | loss = -1.4941 | g_L = +1.4941 | EMA = +1.4906 | std(g_L) = 1.2589 | grad = 0.7134
step  43860 | loss = -1.4481 | g_L = +1.4481 | EMA = +1.5003 | std(g_L) = 1.3730 | grad = 0.5873
step  43880 | loss = -1.5406 | g_L = +1.5406 | EMA = +1.4983 | std(g_L) = 1.2969 | grad = 0.4389
step  43900 | loss = -1.4333 | g_L = +1.4333 | EMA = +1.4993 | std(g_L) = 1.5156 | grad = 0.6900
step  43920 | loss = -1.4518 | g_L = +1.4518 | EMA = +1.4973 | std(g_L) = 1.2080 | grad = 1.2840
step  43940 | loss = -1.4743 | g_L = +1.4743 | EMA = +1.4924 | std(g_L) = 1.2768 | grad = 0.6803
step  43960 | loss = -1.5314 | g_L = +1.5314 | EMA = +1.4961 | std(g_L) = 1.4314 | grad = 0.9364
step  43980 | loss = -1.4549 | g_L = +1.4549 | EMA = +1.4875 | std(g_L) = 1.4803 | grad = 0.6044
step  44000 | loss = -1.5087 | g_L = +1.5087 | EMA = +1.4958 | std(g_L) = 1.2996 | grad = 0.2296
step  44020 | loss = -1.4832 | g_L = +1.4832 | EMA = +1.4944 | std(g_L) = 1.4032 | grad = 0.1886
step  44040 | loss = -1.3642 | g_L = +1.3642 | EMA = +1.4793 | std(g_L) = 1.3854 | grad = 0.8639
step  44060 | loss = -1.6411 | g_L = +1.6411 | EMA = +1.5028 | std(g_L) = 1.3053 | grad = 0.3361
step  44080 | loss = -1.4413 | g_L = +1.4413 | EMA = +1.4842 | std(g_L) = 1.4192 | grad = 0.3367
step  44100 | loss = -1.5003 | g_L = +1.5003 | EMA = +1.4956 | std(g_L) = 1.3351 | grad = 0.9535
step  44120 | loss = -1.5117 | g_L = +1.5117 | EMA = +1.5057 | std(g_L) = 1.3333 | grad = 0.1047
step  44140 | loss = -1.5624 | g_L = +1.5624 | EMA = +1.4924 | std(g_L) = 1.2470 | grad = 1.3918
step  44160 | loss = -1.5120 | g_L = +1.5120 | EMA = +1.5028 | std(g_L) = 1.2458 | grad = 1.1329
step  44180 | loss = -1.5110 | g_L = +1.5110 | EMA = +1.5028 | std(g_L) = 1.2929 | grad = 0.4928
step  44200 | loss = -1.4466 | g_L = +1.4466 | EMA = +1.4952 | std(g_L) = 1.3571 | grad = 0.1624
step  44220 | loss = -1.5169 | g_L = +1.5169 | EMA = +1.5010 | std(g_L) = 1.2871 | grad = 0.6159
step  44240 | loss = -1.3989 | g_L = +1.3989 | EMA = +1.4829 | std(g_L) = 1.2778 | grad = 0.2492
step  44260 | loss = -1.5612 | g_L = +1.5612 | EMA = +1.4977 | std(g_L) = 1.2426 | grad = 1.3407
step  44280 | loss = -1.4592 | g_L = +1.4592 | EMA = +1.4953 | std(g_L) = 1.3417 | grad = 0.8175
step  44300 | loss = -1.5306 | g_L = +1.5306 | EMA = +1.4942 | std(g_L) = 1.3066 | grad = 0.5095
step  44320 | loss = -1.4430 | g_L = +1.4430 | EMA = +1.5045 | std(g_L) = 1.3219 | grad = 0.3011
step  44340 | loss = -1.4558 | g_L = +1.4558 | EMA = +1.4751 | std(g_L) = 1.3538 | grad = 0.6005
step  44360 | loss = -1.5417 | g_L = +1.5417 | EMA = +1.4996 | std(g_L) = 1.2981 | grad = 1.1620
step  44380 | loss = -1.4818 | g_L = +1.4818 | EMA = +1.5180 | std(g_L) = 1.3134 | grad = 0.2207
step  44400 | loss = -1.4592 | g_L = +1.4592 | EMA = +1.5001 | std(g_L) = 1.3416 | grad = 0.5000
step  44420 | loss = -1.4158 | g_L = +1.4158 | EMA = +1.4899 | std(g_L) = 1.4126 | grad = 1.3398
step  44440 | loss = -1.4650 | g_L = +1.4650 | EMA = +1.5069 | std(g_L) = 1.4026 | grad = 0.4138
step  44460 | loss = -1.5422 | g_L = +1.5422 | EMA = +1.5023 | std(g_L) = 1.4135 | grad = 0.3254
step  44480 | loss = -1.4879 | g_L = +1.4879 | EMA = +1.4978 | std(g_L) = 1.2417 | grad = 0.2867
step  44500 | loss = -1.5395 | g_L = +1.5395 | EMA = +1.4992 | std(g_L) = 1.3010 | grad = 1.0877
step  44520 | loss = -1.5010 | g_L = +1.5010 | EMA = +1.4818 | std(g_L) = 1.2757 | grad = 0.9102
step  44540 | loss = -1.6308 | g_L = +1.6308 | EMA = +1.4967 | std(g_L) = 1.2120 | grad = 0.4908
step  44560 | loss = -1.4691 | g_L = +1.4691 | EMA = +1.5032 | std(g_L) = 1.2615 | grad = 0.9968
step  44580 | loss = -1.5560 | g_L = +1.5560 | EMA = +1.5079 | std(g_L) = 1.1997 | grad = 0.8820
step  44600 | loss = -1.6037 | g_L = +1.6037 | EMA = +1.5138 | std(g_L) = 1.3723 | grad = 0.2588
step  44620 | loss = -1.5656 | g_L = +1.5656 | EMA = +1.5240 | std(g_L) = 1.2528 | grad = 1.0792
step  44640 | loss = -1.5530 | g_L = +1.5530 | EMA = +1.5097 | std(g_L) = 1.3891 | grad = 0.2976
step  44660 | loss = -1.4894 | g_L = +1.4894 | EMA = +1.5105 | std(g_L) = 1.3586 | grad = 1.0128
step  44680 | loss = -1.5114 | g_L = +1.5114 | EMA = +1.5258 | std(g_L) = 1.3554 | grad = 0.2938
step  44700 | loss = -1.5538 | g_L = +1.5538 | EMA = +1.5064 | std(g_L) = 1.3063 | grad = 0.2710
step  44720 | loss = -1.4993 | g_L = +1.4993 | EMA = +1.5149 | std(g_L) = 1.5400 | grad = 1.0223
step  44740 | loss = -1.4728 | g_L = +1.4728 | EMA = +1.4959 | std(g_L) = 1.2193 | grad = 0.5777
step  44760 | loss = -1.5496 | g_L = +1.5496 | EMA = +1.5045 | std(g_L) = 1.4051 | grad = 0.1555
step  44780 | loss = -1.4227 | g_L = +1.4227 | EMA = +1.5058 | std(g_L) = 1.4406 | grad = 0.1672
step  44800 | loss = -1.5189 | g_L = +1.5189 | EMA = +1.5119 | std(g_L) = 1.2039 | grad = 0.9093
step  44820 | loss = -1.5146 | g_L = +1.5146 | EMA = +1.5043 | std(g_L) = 1.3745 | grad = 0.2530
step  44840 | loss = -1.5203 | g_L = +1.5203 | EMA = +1.5156 | std(g_L) = 1.5154 | grad = 0.8504
step  44860 | loss = -1.5465 | g_L = +1.5465 | EMA = +1.4941 | std(g_L) = 1.2283 | grad = 0.2941
step  44880 | loss = -1.5634 | g_L = +1.5634 | EMA = +1.4895 | std(g_L) = 1.2646 | grad = 0.7295
step  44900 | loss = -1.5045 | g_L = +1.5045 | EMA = +1.4994 | std(g_L) = 1.2154 | grad = 0.1024
step  44920 | loss = -1.5025 | g_L = +1.5025 | EMA = +1.5027 | std(g_L) = 1.2522 | grad = 0.8929
step  44940 | loss = -1.5499 | g_L = +1.5499 | EMA = +1.5134 | std(g_L) = 1.3809 | grad = 1.1189
step  44960 | loss = -1.4521 | g_L = +1.4521 | EMA = +1.5073 | std(g_L) = 1.2747 | grad = 0.7725
step  44980 | loss = -1.4380 | g_L = +1.4380 | EMA = +1.5026 | std(g_L) = 1.3728 | grad = 0.3278
step  45000 | loss = -1.5076 | g_L = +1.5076 | EMA = +1.5075 | std(g_L) = 1.3261 | grad = 0.6153
step  45020 | loss = -1.4746 | g_L = +1.4746 | EMA = +1.5090 | std(g_L) = 1.4571 | grad = 0.3001
step  45040 | loss = -1.4302 | g_L = +1.4302 | EMA = +1.4877 | std(g_L) = 1.2683 | grad = 0.9120
step  45060 | loss = -1.3837 | g_L = +1.3837 | EMA = +1.4846 | std(g_L) = 1.4686 | grad = 0.2472
step  45080 | loss = -1.5339 | g_L = +1.5339 | EMA = +1.4974 | std(g_L) = 1.1815 | grad = 0.7214
step  45100 | loss = -1.5761 | g_L = +1.5761 | EMA = +1.5036 | std(g_L) = 1.2929 | grad = 1.9742
step  45120 | loss = -1.4613 | g_L = +1.4613 | EMA = +1.4932 | std(g_L) = 1.3959 | grad = 0.9558
step  45140 | loss = -1.5093 | g_L = +1.5093 | EMA = +1.5058 | std(g_L) = 1.3068 | grad = 1.1005
step  45160 | loss = -1.4459 | g_L = +1.4459 | EMA = +1.4973 | std(g_L) = 1.5189 | grad = 1.0597
step  45180 | loss = -1.5547 | g_L = +1.5547 | EMA = +1.5063 | std(g_L) = 1.3211 | grad = 0.5442
step  45200 | loss = -1.5370 | g_L = +1.5370 | EMA = +1.5181 | std(g_L) = 1.3657 | grad = 0.1374
step  45220 | loss = -1.5966 | g_L = +1.5966 | EMA = +1.5106 | std(g_L) = 1.2382 | grad = 0.5456
step  45240 | loss = -1.5555 | g_L = +1.5555 | EMA = +1.5145 | std(g_L) = 1.1856 | grad = 0.3419
step  45260 | loss = -1.4413 | g_L = +1.4413 | EMA = +1.4850 | std(g_L) = 1.4366 | grad = 0.5750
step  45280 | loss = -1.4436 | g_L = +1.4436 | EMA = +1.4839 | std(g_L) = 1.4280 | grad = 0.5376
step  45300 | loss = -1.4854 | g_L = +1.4854 | EMA = +1.4757 | std(g_L) = 1.4815 | grad = 0.3867
step  45320 | loss = -1.5077 | g_L = +1.5077 | EMA = +1.4848 | std(g_L) = 1.3562 | grad = 0.7565
step  45340 | loss = -1.5202 | g_L = +1.5202 | EMA = +1.5106 | std(g_L) = 1.4241 | grad = 0.9648
step  45360 | loss = -1.4210 | g_L = +1.4210 | EMA = +1.4972 | std(g_L) = 1.3874 | grad = 0.9843
step  45380 | loss = -1.5706 | g_L = +1.5706 | EMA = +1.5032 | std(g_L) = 1.2350 | grad = 0.4454
step  45400 | loss = -1.4715 | g_L = +1.4715 | EMA = +1.5000 | std(g_L) = 1.4714 | grad = 1.5272
step  45420 | loss = -1.5348 | g_L = +1.5348 | EMA = +1.4983 | std(g_L) = 1.4141 | grad = 1.0312
step  45440 | loss = -1.5571 | g_L = +1.5571 | EMA = +1.5056 | std(g_L) = 1.2680 | grad = 0.1869
step  45460 | loss = -1.5173 | g_L = +1.5173 | EMA = +1.5041 | std(g_L) = 1.3622 | grad = 0.1526
step  45480 | loss = -1.5281 | g_L = +1.5281 | EMA = +1.5047 | std(g_L) = 1.2030 | grad = 0.8760
step  45500 | loss = -1.5647 | g_L = +1.5647 | EMA = +1.5066 | std(g_L) = 1.2597 | grad = 0.2838
step  45520 | loss = -1.5255 | g_L = +1.5255 | EMA = +1.5006 | std(g_L) = 1.2397 | grad = 0.3450
step  45540 | loss = -1.4527 | g_L = +1.4527 | EMA = +1.4863 | std(g_L) = 1.4031 | grad = 0.8976
step  45560 | loss = -1.6027 | g_L = +1.6027 | EMA = +1.5104 | std(g_L) = 1.2956 | grad = 0.3416
step  45580 | loss = -1.5224 | g_L = +1.5224 | EMA = +1.5086 | std(g_L) = 1.2875 | grad = 0.2653
step  45600 | loss = -1.4775 | g_L = +1.4775 | EMA = +1.5061 | std(g_L) = 1.3211 | grad = 0.4719
step  45620 | loss = -1.4759 | g_L = +1.4759 | EMA = +1.5069 | std(g_L) = 1.3667 | grad = 0.3930
step  45640 | loss = -1.5415 | g_L = +1.5415 | EMA = +1.5058 | std(g_L) = 1.2884 | grad = 1.0219
step  45660 | loss = -1.5813 | g_L = +1.5813 | EMA = +1.4999 | std(g_L) = 1.3170 | grad = 1.3079
step  45680 | loss = -1.5870 | g_L = +1.5870 | EMA = +1.5093 | std(g_L) = 1.2127 | grad = 0.5173
step  45700 | loss = -1.4206 | g_L = +1.4206 | EMA = +1.5039 | std(g_L) = 1.3246 | grad = 1.1611
step  45720 | loss = -1.5154 | g_L = +1.5154 | EMA = +1.5167 | std(g_L) = 1.4987 | grad = 1.8245
step  45740 | loss = -1.6633 | g_L = +1.6633 | EMA = +1.5168 | std(g_L) = 1.2428 | grad = 0.1199
step  45760 | loss = -1.4999 | g_L = +1.4999 | EMA = +1.5125 | std(g_L) = 1.4825 | grad = 0.1441
step  45780 | loss = -1.4937 | g_L = +1.4937 | EMA = +1.5091 | std(g_L) = 1.5250 | grad = 0.6726
step  45800 | loss = -1.5627 | g_L = +1.5627 | EMA = +1.5029 | std(g_L) = 1.2936 | grad = 1.0747
step  45820 | loss = -1.4322 | g_L = +1.4322 | EMA = +1.4781 | std(g_L) = 1.4757 | grad = 0.3489
step  45840 | loss = -1.5667 | g_L = +1.5667 | EMA = +1.4916 | std(g_L) = 1.1680 | grad = 0.2310
step  45860 | loss = -1.5302 | g_L = +1.5302 | EMA = +1.4869 | std(g_L) = 1.2590 | grad = 0.3272
step  45880 | loss = -1.5749 | g_L = +1.5749 | EMA = +1.4907 | std(g_L) = 1.2424 | grad = 0.1932
step  45900 | loss = -1.4503 | g_L = +1.4503 | EMA = +1.5083 | std(g_L) = 1.4976 | grad = 1.5526
step  45920 | loss = -1.4959 | g_L = +1.4959 | EMA = +1.5154 | std(g_L) = 1.4143 | grad = 0.2057
step  45940 | loss = -1.5179 | g_L = +1.5179 | EMA = +1.5083 | std(g_L) = 1.4898 | grad = 1.0338
step  45960 | loss = -1.5970 | g_L = +1.5970 | EMA = +1.5009 | std(g_L) = 1.2448 | grad = 1.1836
step  45980 | loss = -1.4771 | g_L = +1.4771 | EMA = +1.5081 | std(g_L) = 1.3357 | grad = 0.7434
step  46000 | loss = -1.5802 | g_L = +1.5802 | EMA = +1.5091 | std(g_L) = 1.3361 | grad = 1.0628
step  46020 | loss = -1.5787 | g_L = +1.5787 | EMA = +1.5204 | std(g_L) = 1.2262 | grad = 1.1609
step  46040 | loss = -1.5283 | g_L = +1.5283 | EMA = +1.5202 | std(g_L) = 1.5723 | grad = 1.0172
step  46060 | loss = -1.5172 | g_L = +1.5172 | EMA = +1.5115 | std(g_L) = 1.3233 | grad = 0.3634
step  46080 | loss = -1.6074 | g_L = +1.6074 | EMA = +1.5250 | std(g_L) = 1.3940 | grad = 0.2393
step  46100 | loss = -1.4464 | g_L = +1.4464 | EMA = +1.5113 | std(g_L) = 1.2926 | grad = 1.9758
step  46120 | loss = -1.5576 | g_L = +1.5576 | EMA = +1.5186 | std(g_L) = 1.2719 | grad = 0.5136
step  46140 | loss = -1.4657 | g_L = +1.4657 | EMA = +1.5054 | std(g_L) = 1.2909 | grad = 1.6654
step  46160 | loss = -1.5092 | g_L = +1.5092 | EMA = +1.4895 | std(g_L) = 1.3350 | grad = 0.7154
step  46180 | loss = -1.4923 | g_L = +1.4923 | EMA = +1.4795 | std(g_L) = 1.4087 | grad = 0.8671
step  46200 | loss = -1.6159 | g_L = +1.6159 | EMA = +1.4992 | std(g_L) = 1.2953 | grad = 1.5142
step  46220 | loss = -1.5157 | g_L = +1.5157 | EMA = +1.5135 | std(g_L) = 1.3355 | grad = 0.6707
step  46240 | loss = -1.4158 | g_L = +1.4158 | EMA = +1.5180 | std(g_L) = 1.3081 | grad = 0.6160
step  46260 | loss = -1.5628 | g_L = +1.5628 | EMA = +1.5053 | std(g_L) = 1.3668 | grad = 0.6128
step  46280 | loss = -1.5124 | g_L = +1.5124 | EMA = +1.4914 | std(g_L) = 1.3332 | grad = 0.8099
step  46300 | loss = -1.5597 | g_L = +1.5597 | EMA = +1.5117 | std(g_L) = 1.2959 | grad = 0.6808
step  46320 | loss = -1.5640 | g_L = +1.5640 | EMA = +1.5191 | std(g_L) = 1.2523 | grad = 1.0350
step  46340 | loss = -1.6424 | g_L = +1.6424 | EMA = +1.5045 | std(g_L) = 1.2384 | grad = 0.1191
step  46360 | loss = -1.4474 | g_L = +1.4474 | EMA = +1.4966 | std(g_L) = 1.3629 | grad = 0.1083
step  46380 | loss = -1.4701 | g_L = +1.4701 | EMA = +1.4998 | std(g_L) = 1.3967 | grad = 0.1253
step  46400 | loss = -1.5353 | g_L = +1.5353 | EMA = +1.5013 | std(g_L) = 1.2696 | grad = 0.2676
step  46420 | loss = -1.4985 | g_L = +1.4985 | EMA = +1.4984 | std(g_L) = 1.4603 | grad = 0.2549
step  46440 | loss = -1.4821 | g_L = +1.4821 | EMA = +1.4881 | std(g_L) = 1.2279 | grad = 0.2571
step  46460 | loss = -1.5951 | g_L = +1.5951 | EMA = +1.5070 | std(g_L) = 1.3744 | grad = 0.3709
step  46480 | loss = -1.4799 | g_L = +1.4799 | EMA = +1.5138 | std(g_L) = 1.2594 | grad = 0.4785
step  46500 | loss = -1.5685 | g_L = +1.5685 | EMA = +1.5085 | std(g_L) = 1.2814 | grad = 0.4961
step  46520 | loss = -1.4897 | g_L = +1.4897 | EMA = +1.5016 | std(g_L) = 1.4927 | grad = 0.7161
step  46540 | loss = -1.5105 | g_L = +1.5105 | EMA = +1.5039 | std(g_L) = 1.3370 | grad = 0.7089
step  46560 | loss = -1.4760 | g_L = +1.4760 | EMA = +1.5085 | std(g_L) = 1.3112 | grad = 0.6423
step  46580 | loss = -1.4110 | g_L = +1.4110 | EMA = +1.5029 | std(g_L) = 1.4146 | grad = 0.3788
step  46600 | loss = -1.4394 | g_L = +1.4394 | EMA = +1.5052 | std(g_L) = 1.3451 | grad = 0.6905
step  46620 | loss = -1.5734 | g_L = +1.5734 | EMA = +1.5291 | std(g_L) = 1.2629 | grad = 0.8430
step  46640 | loss = -1.4174 | g_L = +1.4174 | EMA = +1.5128 | std(g_L) = 1.3330 | grad = 0.5005
step  46660 | loss = -1.4471 | g_L = +1.4471 | EMA = +1.4951 | std(g_L) = 1.2192 | grad = 0.6366
step  46680 | loss = -1.5362 | g_L = +1.5362 | EMA = +1.5090 | std(g_L) = 1.2701 | grad = 0.3491
step  46700 | loss = -1.5309 | g_L = +1.5309 | EMA = +1.5059 | std(g_L) = 1.3418 | grad = 0.2344
step  46720 | loss = -1.4969 | g_L = +1.4969 | EMA = +1.5125 | std(g_L) = 1.3284 | grad = 0.5635
step  46740 | loss = -1.5213 | g_L = +1.5213 | EMA = +1.4779 | std(g_L) = 1.3121 | grad = 0.4662
step  46760 | loss = -1.5020 | g_L = +1.5020 | EMA = +1.4836 | std(g_L) = 1.2428 | grad = 0.1046
step  46780 | loss = -1.4325 | g_L = +1.4325 | EMA = +1.4815 | std(g_L) = 1.3302 | grad = 0.8036
step  46800 | loss = -1.5219 | g_L = +1.5219 | EMA = +1.4955 | std(g_L) = 1.2176 | grad = 0.8654
step  46820 | loss = -1.5205 | g_L = +1.5205 | EMA = +1.5025 | std(g_L) = 1.2434 | grad = 0.3085
step  46840 | loss = -1.4515 | g_L = +1.4515 | EMA = +1.5099 | std(g_L) = 1.2968 | grad = 1.3251
step  46860 | loss = -1.4806 | g_L = +1.4806 | EMA = +1.5090 | std(g_L) = 1.4922 | grad = 1.4344
step  46880 | loss = -1.5628 | g_L = +1.5628 | EMA = +1.5072 | std(g_L) = 1.2803 | grad = 0.3778
step  46900 | loss = -1.4794 | g_L = +1.4794 | EMA = +1.5057 | std(g_L) = 1.2997 | grad = 0.6158
step  46920 | loss = -1.5074 | g_L = +1.5074 | EMA = +1.5132 | std(g_L) = 1.3422 | grad = 0.3690
step  46940 | loss = -1.4617 | g_L = +1.4617 | EMA = +1.4965 | std(g_L) = 1.3605 | grad = 0.5267
step  46960 | loss = -1.5045 | g_L = +1.5045 | EMA = +1.5049 | std(g_L) = 1.2983 | grad = 0.3310
step  46980 | loss = -1.6475 | g_L = +1.6475 | EMA = +1.4962 | std(g_L) = 1.3144 | grad = 0.3648
step  47000 | loss = -1.5347 | g_L = +1.5347 | EMA = +1.5052 | std(g_L) = 1.3039 | grad = 0.5358
step  47020 | loss = -1.5665 | g_L = +1.5665 | EMA = +1.4920 | std(g_L) = 1.4938 | grad = 0.4939
step  47040 | loss = -1.4386 | g_L = +1.4386 | EMA = +1.4977 | std(g_L) = 1.2683 | grad = 0.6105
step  47060 | loss = -1.4439 | g_L = +1.4439 | EMA = +1.4999 | std(g_L) = 1.4134 | grad = 0.4163
step  47080 | loss = -1.4774 | g_L = +1.4774 | EMA = +1.4938 | std(g_L) = 1.3655 | grad = 0.6790
step  47100 | loss = -1.5733 | g_L = +1.5733 | EMA = +1.5153 | std(g_L) = 1.2536 | grad = 0.5787
step  47120 | loss = -1.4761 | g_L = +1.4761 | EMA = +1.5130 | std(g_L) = 1.2936 | grad = 0.2312
step  47140 | loss = -1.4713 | g_L = +1.4713 | EMA = +1.4931 | std(g_L) = 1.3664 | grad = 0.4236
step  47160 | loss = -1.5140 | g_L = +1.5140 | EMA = +1.4872 | std(g_L) = 1.3706 | grad = 0.2253
step  47180 | loss = -1.6053 | g_L = +1.6053 | EMA = +1.5070 | std(g_L) = 1.2606 | grad = 0.2277
step  47200 | loss = -1.5039 | g_L = +1.5039 | EMA = +1.4996 | std(g_L) = 1.2262 | grad = 0.7631
step  47220 | loss = -1.5157 | g_L = +1.5157 | EMA = +1.5086 | std(g_L) = 1.2992 | grad = 1.4991
step  47240 | loss = -1.4611 | g_L = +1.4611 | EMA = +1.5003 | std(g_L) = 1.3251 | grad = 0.9292
step  47260 | loss = -1.5581 | g_L = +1.5581 | EMA = +1.5041 | std(g_L) = 1.4643 | grad = 0.6124
step  47280 | loss = -1.4981 | g_L = +1.4981 | EMA = +1.5094 | std(g_L) = 1.3426 | grad = 0.2821
step  47300 | loss = -1.4058 | g_L = +1.4058 | EMA = +1.5010 | std(g_L) = 1.3775 | grad = 1.2376
step  47320 | loss = -1.5509 | g_L = +1.5509 | EMA = +1.4957 | std(g_L) = 1.3386 | grad = 0.9502
step  47340 | loss = -1.4801 | g_L = +1.4801 | EMA = +1.4978 | std(g_L) = 1.4887 | grad = 0.1391
step  47360 | loss = -1.5399 | g_L = +1.5399 | EMA = +1.5063 | std(g_L) = 1.3686 | grad = 0.1015
step  47380 | loss = -1.5123 | g_L = +1.5123 | EMA = +1.4960 | std(g_L) = 1.2693 | grad = 0.4763
step  47400 | loss = -1.4388 | g_L = +1.4388 | EMA = +1.5012 | std(g_L) = 1.4714 | grad = 0.8655
step  47420 | loss = -1.5215 | g_L = +1.5215 | EMA = +1.4970 | std(g_L) = 1.2777 | grad = 0.2588
step  47440 | loss = -1.5339 | g_L = +1.5339 | EMA = +1.4909 | std(g_L) = 1.4145 | grad = 0.1598
step  47460 | loss = -1.5035 | g_L = +1.5035 | EMA = +1.4931 | std(g_L) = 1.3533 | grad = 1.0998
step  47480 | loss = -1.4620 | g_L = +1.4620 | EMA = +1.4970 | std(g_L) = 1.4586 | grad = 0.1606
step  47500 | loss = -1.5229 | g_L = +1.5229 | EMA = +1.4956 | std(g_L) = 1.3752 | grad = 0.3078
step  47520 | loss = -1.5656 | g_L = +1.5656 | EMA = +1.4957 | std(g_L) = 1.2109 | grad = 0.5102
step  47540 | loss = -1.5639 | g_L = +1.5639 | EMA = +1.5021 | std(g_L) = 1.2966 | grad = 1.3018
step  47560 | loss = -1.5481 | g_L = +1.5481 | EMA = +1.4966 | std(g_L) = 1.3204 | grad = 0.5136
step  47580 | loss = -1.4204 | g_L = +1.4204 | EMA = +1.4949 | std(g_L) = 1.2539 | grad = 0.3118
step  47600 | loss = -1.4466 | g_L = +1.4466 | EMA = +1.4988 | std(g_L) = 1.4234 | grad = 0.4316
step  47620 | loss = -1.4094 | g_L = +1.4094 | EMA = +1.5063 | std(g_L) = 1.3681 | grad = 0.2202
step  47640 | loss = -1.4779 | g_L = +1.4779 | EMA = +1.5110 | std(g_L) = 1.3856 | grad = 0.4705
step  47660 | loss = -1.4754 | g_L = +1.4754 | EMA = +1.4994 | std(g_L) = 1.2897 | grad = 0.1855
step  47680 | loss = -1.5453 | g_L = +1.5453 | EMA = +1.4997 | std(g_L) = 1.3322 | grad = 0.5465
step  47700 | loss = -1.5566 | g_L = +1.5566 | EMA = +1.5048 | std(g_L) = 1.2439 | grad = 0.2414
step  47720 | loss = -1.5387 | g_L = +1.5387 | EMA = +1.4975 | std(g_L) = 1.3147 | grad = 1.0995
step  47740 | loss = -1.5678 | g_L = +1.5678 | EMA = +1.5017 | std(g_L) = 1.3173 | grad = 0.3318
step  47760 | loss = -1.6022 | g_L = +1.6022 | EMA = +1.5178 | std(g_L) = 1.1652 | grad = 1.3639
step  47780 | loss = -1.4962 | g_L = +1.4962 | EMA = +1.5141 | std(g_L) = 1.2717 | grad = 1.7909
step  47800 | loss = -1.4027 | g_L = +1.4027 | EMA = +1.4991 | std(g_L) = 1.2523 | grad = 1.4323
step  47820 | loss = -1.4689 | g_L = +1.4689 | EMA = +1.4914 | std(g_L) = 1.4141 | grad = 0.2243
step  47840 | loss = -1.5541 | g_L = +1.5541 | EMA = +1.4931 | std(g_L) = 1.2931 | grad = 0.7284
step  47860 | loss = -1.5137 | g_L = +1.5137 | EMA = +1.4967 | std(g_L) = 1.2096 | grad = 1.6273
step  47880 | loss = -1.5514 | g_L = +1.5514 | EMA = +1.5041 | std(g_L) = 1.4070 | grad = 0.3356
step  47900 | loss = -1.5255 | g_L = +1.5255 | EMA = +1.5004 | std(g_L) = 1.1753 | grad = 1.0922
step  47920 | loss = -1.3837 | g_L = +1.3837 | EMA = +1.4821 | std(g_L) = 1.3617 | grad = 0.6964
step  47940 | loss = -1.4084 | g_L = +1.4084 | EMA = +1.4959 | std(g_L) = 1.5124 | grad = 0.1942
step  47960 | loss = -1.4572 | g_L = +1.4572 | EMA = +1.5036 | std(g_L) = 1.3691 | grad = 1.8024
step  47980 | loss = -1.5309 | g_L = +1.5309 | EMA = +1.4980 | std(g_L) = 1.3102 | grad = 0.2412
step  48000 | loss = -1.5095 | g_L = +1.5095 | EMA = +1.5037 | std(g_L) = 1.3137 | grad = 0.6812
step  48020 | loss = -1.6146 | g_L = +1.6146 | EMA = +1.5159 | std(g_L) = 1.2149 | grad = 0.4019
step  48040 | loss = -1.4456 | g_L = +1.4456 | EMA = +1.5011 | std(g_L) = 1.4834 | grad = 0.4558
step  48060 | loss = -1.5113 | g_L = +1.5113 | EMA = +1.5236 | std(g_L) = 1.2802 | grad = 1.3808
step  48080 | loss = -1.6043 | g_L = +1.6043 | EMA = +1.5077 | std(g_L) = 1.3183 | grad = 0.5789
step  48100 | loss = -1.5166 | g_L = +1.5166 | EMA = +1.5079 | std(g_L) = 1.3840 | grad = 0.3744
step  48120 | loss = -1.4888 | g_L = +1.4888 | EMA = +1.5163 | std(g_L) = 1.4759 | grad = 0.6101
step  48140 | loss = -1.4422 | g_L = +1.4422 | EMA = +1.5065 | std(g_L) = 1.4647 | grad = 0.7446
step  48160 | loss = -1.4612 | g_L = +1.4612 | EMA = +1.5166 | std(g_L) = 1.3944 | grad = 0.6450
step  48180 | loss = -1.5003 | g_L = +1.5003 | EMA = +1.4979 | std(g_L) = 1.4819 | grad = 1.4367
step  48200 | loss = -1.5165 | g_L = +1.5165 | EMA = +1.4957 | std(g_L) = 1.3390 | grad = 1.6748
step  48220 | loss = -1.4929 | g_L = +1.4929 | EMA = +1.4989 | std(g_L) = 1.4803 | grad = 0.1441
step  48240 | loss = -1.5764 | g_L = +1.5764 | EMA = +1.4964 | std(g_L) = 1.2998 | grad = 0.7390
step  48260 | loss = -1.4630 | g_L = +1.4630 | EMA = +1.5057 | std(g_L) = 1.3027 | grad = 0.4431
step  48280 | loss = -1.4695 | g_L = +1.4695 | EMA = +1.5091 | std(g_L) = 1.4290 | grad = 1.1698
step  48300 | loss = -1.5798 | g_L = +1.5798 | EMA = +1.4984 | std(g_L) = 1.2316 | grad = 0.1746
step  48320 | loss = -1.5155 | g_L = +1.5155 | EMA = +1.4918 | std(g_L) = 1.2544 | grad = 0.2862
step  48340 | loss = -1.4855 | g_L = +1.4855 | EMA = +1.4995 | std(g_L) = 1.3267 | grad = 0.4415
step  48360 | loss = -1.3616 | g_L = +1.3616 | EMA = +1.4987 | std(g_L) = 1.3322 | grad = 0.4723
step  48380 | loss = -1.4953 | g_L = +1.4953 | EMA = +1.5016 | std(g_L) = 1.4327 | grad = 0.1589
step  48400 | loss = -1.5152 | g_L = +1.5152 | EMA = +1.5021 | std(g_L) = 1.3174 | grad = 0.3983
step  48420 | loss = -1.5778 | g_L = +1.5778 | EMA = +1.5116 | std(g_L) = 1.1731 | grad = 0.4824
step  48440 | loss = -1.5275 | g_L = +1.5275 | EMA = +1.5114 | std(g_L) = 1.3900 | grad = 0.6252
step  48460 | loss = -1.4044 | g_L = +1.4044 | EMA = +1.5047 | std(g_L) = 1.2684 | grad = 1.2685
step  48480 | loss = -1.5058 | g_L = +1.5058 | EMA = +1.5039 | std(g_L) = 1.3534 | grad = 0.4292
step  48500 | loss = -1.5351 | g_L = +1.5351 | EMA = +1.4958 | std(g_L) = 1.1743 | grad = 0.9470
step  48520 | loss = -1.5125 | g_L = +1.5125 | EMA = +1.4946 | std(g_L) = 1.2768 | grad = 0.2072
step  48540 | loss = -1.6148 | g_L = +1.6148 | EMA = +1.5071 | std(g_L) = 1.2963 | grad = 0.9586
step  48560 | loss = -1.4916 | g_L = +1.4916 | EMA = +1.5198 | std(g_L) = 1.2374 | grad = 0.6757
step  48580 | loss = -1.4901 | g_L = +1.4901 | EMA = +1.5086 | std(g_L) = 1.2798 | grad = 0.3849
step  48600 | loss = -1.4824 | g_L = +1.4824 | EMA = +1.5102 | std(g_L) = 1.3900 | grad = 0.2853
step  48620 | loss = -1.4996 | g_L = +1.4996 | EMA = +1.5025 | std(g_L) = 1.3389 | grad = 0.2017
step  48640 | loss = -1.4307 | g_L = +1.4307 | EMA = +1.4939 | std(g_L) = 1.3458 | grad = 0.5949
step  48660 | loss = -1.5096 | g_L = +1.5096 | EMA = +1.5028 | std(g_L) = 1.4033 | grad = 1.0559
step  48680 | loss = -1.5001 | g_L = +1.5001 | EMA = +1.5105 | std(g_L) = 1.4128 | grad = 0.4089
step  48700 | loss = -1.5103 | g_L = +1.5103 | EMA = +1.5134 | std(g_L) = 1.3425 | grad = 0.6328
step  48720 | loss = -1.5542 | g_L = +1.5542 | EMA = +1.5157 | std(g_L) = 1.1914 | grad = 1.8183
step  48740 | loss = -1.5276 | g_L = +1.5276 | EMA = +1.4928 | std(g_L) = 1.2543 | grad = 0.4305
step  48760 | loss = -1.5329 | g_L = +1.5329 | EMA = +1.5095 | std(g_L) = 1.3276 | grad = 0.1073
step  48780 | loss = -1.5175 | g_L = +1.5175 | EMA = +1.5023 | std(g_L) = 1.3777 | grad = 1.2303
step  48800 | loss = -1.4485 | g_L = +1.4485 | EMA = +1.4914 | std(g_L) = 1.4078 | grad = 0.4102
step  48820 | loss = -1.4596 | g_L = +1.4596 | EMA = +1.4965 | std(g_L) = 1.3914 | grad = 0.8230
step  48840 | loss = -1.4850 | g_L = +1.4850 | EMA = +1.4989 | std(g_L) = 1.3138 | grad = 0.2035
step  48860 | loss = -1.4915 | g_L = +1.4915 | EMA = +1.4893 | std(g_L) = 1.4185 | grad = 0.5589
step  48880 | loss = -1.4630 | g_L = +1.4630 | EMA = +1.4900 | std(g_L) = 1.4970 | grad = 0.3159
step  48900 | loss = -1.4499 | g_L = +1.4499 | EMA = +1.4850 | std(g_L) = 1.2955 | grad = 0.7054
step  48920 | loss = -1.5473 | g_L = +1.5473 | EMA = +1.4952 | std(g_L) = 1.3637 | grad = 0.3778
step  48940 | loss = -1.4920 | g_L = +1.4920 | EMA = +1.5025 | std(g_L) = 1.2853 | grad = 1.3695
step  48960 | loss = -1.4708 | g_L = +1.4708 | EMA = +1.5072 | std(g_L) = 1.3056 | grad = 0.4096
step  48980 | loss = -1.5301 | g_L = +1.5301 | EMA = +1.5018 | std(g_L) = 1.2939 | grad = 0.5290
step  49000 | loss = -1.4922 | g_L = +1.4922 | EMA = +1.5009 | std(g_L) = 1.2666 | grad = 0.9515
step  49020 | loss = -1.5349 | g_L = +1.5349 | EMA = +1.4978 | std(g_L) = 1.5368 | grad = 1.3686
step  49040 | loss = -1.5328 | g_L = +1.5328 | EMA = +1.4945 | std(g_L) = 1.2822 | grad = 1.0939
step  49060 | loss = -1.4801 | g_L = +1.4801 | EMA = +1.4970 | std(g_L) = 1.2745 | grad = 0.4657
step  49080 | loss = -1.5001 | g_L = +1.5001 | EMA = +1.5020 | std(g_L) = 1.2291 | grad = 1.0385
step  49100 | loss = -1.5317 | g_L = +1.5317 | EMA = +1.5090 | std(g_L) = 1.1994 | grad = 0.1017
step  49120 | loss = -1.4532 | g_L = +1.4532 | EMA = +1.5126 | std(g_L) = 1.4106 | grad = 0.1355
step  49140 | loss = -1.5052 | g_L = +1.5052 | EMA = +1.5125 | std(g_L) = 1.3855 | grad = 0.7977
step  49160 | loss = -1.3928 | g_L = +1.3928 | EMA = +1.5140 | std(g_L) = 1.2904 | grad = 0.3301
step  49180 | loss = -1.5037 | g_L = +1.5037 | EMA = +1.4957 | std(g_L) = 1.4345 | grad = 0.2770
step  49200 | loss = -1.4911 | g_L = +1.4911 | EMA = +1.4945 | std(g_L) = 1.2868 | grad = 0.7744
step  49220 | loss = -1.4094 | g_L = +1.4094 | EMA = +1.4900 | std(g_L) = 1.2791 | grad = 0.5984
step  49240 | loss = -1.5756 | g_L = +1.5756 | EMA = +1.4995 | std(g_L) = 1.2819 | grad = 0.1971
step  49260 | loss = -1.4502 | g_L = +1.4502 | EMA = +1.5052 | std(g_L) = 1.3304 | grad = 0.6397
step  49280 | loss = -1.4163 | g_L = +1.4163 | EMA = +1.4943 | std(g_L) = 1.3079 | grad = 1.5531
step  49300 | loss = -1.4580 | g_L = +1.4580 | EMA = +1.5092 | std(g_L) = 1.2063 | grad = 0.3476
step  49320 | loss = -1.4834 | g_L = +1.4834 | EMA = +1.5040 | std(g_L) = 1.2497 | grad = 0.2674
step  49340 | loss = -1.5276 | g_L = +1.5276 | EMA = +1.5031 | std(g_L) = 1.1966 | grad = 0.1893
step  49360 | loss = -1.5277 | g_L = +1.5277 | EMA = +1.4982 | std(g_L) = 1.2493 | grad = 0.9224
step  49380 | loss = -1.5203 | g_L = +1.5203 | EMA = +1.4991 | std(g_L) = 1.4021 | grad = 0.5085
step  49400 | loss = -1.5298 | g_L = +1.5298 | EMA = +1.5099 | std(g_L) = 1.3438 | grad = 0.4121
step  49420 | loss = -1.4704 | g_L = +1.4704 | EMA = +1.4862 | std(g_L) = 1.3608 | grad = 0.6785
step  49440 | loss = -1.4447 | g_L = +1.4447 | EMA = +1.4912 | std(g_L) = 1.4143 | grad = 0.5401
step  49460 | loss = -1.4817 | g_L = +1.4817 | EMA = +1.4836 | std(g_L) = 1.3298 | grad = 0.1700
step  49480 | loss = -1.4098 | g_L = +1.4098 | EMA = +1.4997 | std(g_L) = 1.5844 | grad = 0.1769
step  49500 | loss = -1.5129 | g_L = +1.5129 | EMA = +1.4983 | std(g_L) = 1.3103 | grad = 1.0990
step  49520 | loss = -1.4932 | g_L = +1.4932 | EMA = +1.4956 | std(g_L) = 1.2675 | grad = 0.8119
step  49540 | loss = -1.4829 | g_L = +1.4829 | EMA = +1.5018 | std(g_L) = 1.3582 | grad = 0.5160
step  49560 | loss = -1.5389 | g_L = +1.5389 | EMA = +1.4862 | std(g_L) = 1.2523 | grad = 1.0120
step  49580 | loss = -1.5249 | g_L = +1.5249 | EMA = +1.4945 | std(g_L) = 1.1862 | grad = 0.9755
step  49600 | loss = -1.4942 | g_L = +1.4942 | EMA = +1.5004 | std(g_L) = 1.1913 | grad = 0.3154
step  49620 | loss = -1.5939 | g_L = +1.5939 | EMA = +1.5046 | std(g_L) = 1.2477 | grad = 1.3714
step  49640 | loss = -1.4424 | g_L = +1.4424 | EMA = +1.5053 | std(g_L) = 1.3112 | grad = 0.1989
step  49660 | loss = -1.4671 | g_L = +1.4671 | EMA = +1.4865 | std(g_L) = 1.2415 | grad = 0.7504
step  49680 | loss = -1.4665 | g_L = +1.4665 | EMA = +1.4937 | std(g_L) = 1.5536 | grad = 0.1676
step  49700 | loss = -1.4863 | g_L = +1.4863 | EMA = +1.5033 | std(g_L) = 1.2911 | grad = 0.4936
step  49720 | loss = -1.5268 | g_L = +1.5268 | EMA = +1.5147 | std(g_L) = 1.4293 | grad = 0.1970
step  49740 | loss = -1.5941 | g_L = +1.5941 | EMA = +1.4972 | std(g_L) = 1.2280 | grad = 0.3501
step  49760 | loss = -1.5663 | g_L = +1.5663 | EMA = +1.4877 | std(g_L) = 1.2391 | grad = 0.6272
step  49780 | loss = -1.4859 | g_L = +1.4859 | EMA = +1.5076 | std(g_L) = 1.2330 | grad = 0.4610
step  49800 | loss = -1.4592 | g_L = +1.4592 | EMA = +1.4909 | std(g_L) = 1.4931 | grad = 1.3081
step  49820 | loss = -1.5065 | g_L = +1.5065 | EMA = +1.4956 | std(g_L) = 1.2835 | grad = 1.1175
step  49840 | loss = -1.4705 | g_L = +1.4705 | EMA = +1.5046 | std(g_L) = 1.2613 | grad = 1.5027
step  49860 | loss = -1.5094 | g_L = +1.5094 | EMA = +1.5108 | std(g_L) = 1.3727 | grad = 1.2544
step  49880 | loss = -1.5590 | g_L = +1.5590 | EMA = +1.5153 | std(g_L) = 1.3368 | grad = 0.3137
step  49900 | loss = -1.5665 | g_L = +1.5665 | EMA = +1.5089 | std(g_L) = 1.2496 | grad = 0.1643
step  49920 | loss = -1.5088 | g_L = +1.5088 | EMA = +1.4782 | std(g_L) = 1.3546 | grad = 0.5004
step  49940 | loss = -1.5570 | g_L = +1.5570 | EMA = +1.4905 | std(g_L) = 1.4281 | grad = 0.5468
step  49960 | loss = -1.5030 | g_L = +1.5030 | EMA = +1.4942 | std(g_L) = 1.2631 | grad = 0.6198
step  49980 | loss = -1.4586 | g_L = +1.4586 | EMA = +1.5208 | std(g_L) = 1.1983 | grad = 0.8633
step  50000 | loss = -1.4987 | g_L = +1.4987 | EMA = +1.5074 | std(g_L) = 1.4772 | grad = 1.3555
Model saved.
