scenario,seed,method,step,examples,compute_seconds,data_seconds,train_seconds,train_mse,validation_rmse,best_validation_rmse
physical_fixed,11,deepsets,0,0,0.0,0.0,0.0,,0.44827132885165316,0.44827132885165316
physical_fixed,11,deepsets,100,51200,0.13767331675626338,0.047899896278977394,0.18557321303524077,0.04924056536518037,0.12750833187836844,0.12750833187836844
physical_fixed,11,deepsets,200,102400,0.27164418587926775,0.09556721523404121,0.36721140111330897,0.01658556907437742,0.1268999680811063,0.1268999680811063
physical_fixed,11,deepsets,300,153600,0.4063400193117559,0.1480858080321923,0.5544258273439482,0.016499131564050914,0.12442169220489373,0.12442169220489373
physical_fixed,11,deepsets,400,204800,0.5408105385722592,0.19585549738258123,0.7366660359548405,0.013498223954811692,0.10531414976925374,0.10531414976925374
physical_fixed,11,deepsets,500,256000,0.6746538858860731,0.24353497009724379,0.9181888559833169,0.010929263941943646,0.10494137548674522,0.10494137548674522
physical_fixed,11,deepsets,600,307200,0.8077435888117179,0.2926592458970845,1.1004028347088024,0.010856750728562474,0.1049058120627635,0.1049058120627635
physical_fixed,11,deepsets,700,358400,0.9403491842094809,0.3402445699321106,1.2805937541415915,0.010998686756938696,0.10490482809728503,0.10490482809728503
physical_fixed,11,deepsets,800,409600,1.0737945404835045,0.38784189347643405,1.4616364339599386,0.011015694560483099,0.10576329215886401,0.10490482809728503
physical_fixed,11,deepsets,900,460800,1.2078606769209728,0.43688888649921864,1.6447495634201914,0.011086521055549383,0.10502009144489365,0.10490482809728503
physical_fixed,11,deepsets,1000,512000,1.340147411217913,0.4843081959988922,1.8244556072168052,0.01078270104713738,0.10492668573612716,0.10490482809728503
physical_fixed,11,deepsets,1100,563200,1.4731356342090294,0.5318101061275229,2.0049457403365523,0.010759473564103245,0.10516190923332777,0.10490482809728503
physical_fixed,11,deepsets,1200,614400,1.6071969225304201,0.5796465043677017,2.186843426898122,0.010922371903434395,0.10605878459128318,0.10490482809728503
physical_fixed,11,deepsets,1300,665600,1.7412419759202749,0.6287158703198656,2.3699578462401405,0.010919124651700259,0.10479310845363188,0.10479310845363188
physical_fixed,11,deepsets,1400,716800,1.9163328565191478,0.6941584314918146,2.6104912880109623,0.010939655648544431,0.10501589047600353,0.10479310845363188
physical_fixed,11,deepsets,1500,768000,2.0468105897307396,0.7500140757765621,2.7968246655073017,0.010950755057856441,0.1047893830220567,0.1047893830220567
physical_fixed,11,deepsets,1600,819200,2.160183765576221,0.7972260382957757,2.9574098038719967,0.011031467318534851,0.1051035557640192,0.1047893830220567
physical_fixed,11,deepsets,1700,870400,2.2731053043389693,0.8443981787422672,3.1175034830812365,0.010889593483880163,0.1047530516663742,0.1047530516663742
physical_fixed,11,deepsets,1800,921600,2.386067798710428,0.8917466577840969,3.277814456494525,0.01093001825734973,0.10500112027712752,0.1047530516663742
physical_fixed,11,deepsets,1900,972800,2.498854169389233,0.939052413450554,3.437906582839787,0.011004750924184918,0.10484762954707962,0.1047530516663742
physical_fixed,11,deepsets,2000,1024000,2.612028322648257,0.9865318791707978,3.598560201819055,0.011019633915275336,0.10474302645648063,0.10474302645648063
physical_fixed,11,deepsets,2100,1075200,2.725582578452304,1.03444558090996,3.760028159362264,0.010794410211965443,0.10533025086940062,0.10474302645648063
physical_fixed,11,deepsets,2200,1126400,2.838767024804838,1.0815726044820622,3.9203396292869,0.011056056851521135,0.10522982484702723,0.10474302645648063
physical_fixed,11,deepsets,2300,1177600,2.9516745574073866,1.12863461766392,4.0803091750713065,0.0108733981102705,0.10474851899590584,0.10474302645648063
physical_fixed,11,deepsets,2400,1228800,3.0650565798860043,1.1758039036067203,4.240860483492725,0.01090662445873022,0.10491262466160428,0.10474302645648063
physical_fixed,11,deepsets,2500,1280000,3.178020548890345,1.223084770841524,4.401105319731869,0.010832997877150774,0.10499943586618082,0.10474302645648063
physical_fixed,11,deepsets,2600,1331200,3.290926160989329,1.2700378192821518,4.560963980271481,0.010987593894824385,0.1049889338665761,0.10474302645648063
physical_fixed,11,deepsets,2700,1382400,3.404472444904968,1.3174026363994926,4.721875081304461,0.010810846481472253,0.10521583030023542,0.10474302645648063
physical_fixed,11,deepsets,2800,1433600,3.5212438624585047,1.3664899420691654,4.88773380452767,0.011079554706811904,0.10609767745106179,0.10474302645648063
physical_fixed,11,deepsets,2900,1484800,3.634319229167886,1.4136719886446372,5.047991217812523,0.010875556711107492,0.10568330475980398,0.10474302645648063
physical_fixed,11,deepsets,3000,1536000,3.7481935045216233,1.461495713563636,5.209689218085259,0.010825796406716109,0.10472062555329588,0.10472062555329588
physical_fixed,11,raw,0,0,0.0,0.0,0.0,,0.45024747065847004,0.45024747065847004
physical_fixed,11,raw,100,51200,0.0808469271287322,0.04766967007890344,0.12851659720763564,0.03466858448460698,0.13225198133884072,0.13225198133884072
physical_fixed,11,raw,200,102400,0.16372555179987103,0.09450399945490062,0.25822955125477165,0.017909335512667893,0.13215625957716795,0.13215625957716795
physical_fixed,11,raw,300,153600,0.2546100040199235,0.141706220805645,0.3963162248255685,0.018132082913070918,0.1320707857252613,0.1320707857252613
physical_fixed,11,raw,400,204800,0.3451263877796009,0.18849354167468846,0.5336199294542894,0.017885149586945773,0.13189287762250693,0.13189287762250693
physical_fixed,11,raw,500,256000,0.4356716007459909,0.23527408484369516,0.670945685589686,0.017941321656107904,0.13175404349638015,0.13175404349638015
physical_fixed,11,raw,600,307200,0.5259477206273004,0.282151737017557,0.8080994576448575,0.01779393367469311,0.13153754404379941,0.13153754404379941
physical_fixed,11,raw,700,358400,0.6165953299496323,0.3290483448654413,0.9456436748150736,0.01789762415923178,0.13133042490929886,0.13133042490929886
physical_fixed,11,raw,800,409600,0.7072963037062436,0.37594531348440796,1.0832416171906516,0.01760400098748505,0.1309048035291855,0.1309048035291855
physical_fixed,11,raw,900,460800,0.7980200127931312,0.4229292633244768,1.220949276117608,0.017548694843426346,0.12984839987042848,0.12984839987042848
physical_fixed,11,raw,1000,512000,0.8885987417306751,0.470025779097341,1.358624520828016,0.016902658017352225,0.12840815037365436,0.12840815037365436
physical_fixed,11,raw,1100,563200,0.9818893375340849,0.5171550289960578,1.4990443665301427,0.016788669554516675,0.12758619142436162,0.12758619142436162
physical_fixed,11,raw,1200,614400,1.067098077852279,0.5637449169298634,1.6308429947821423,0.016405579606071113,0.12468311811490217,0.12468311811490217
physical_fixed,11,raw,1300,665600,1.14568931912072,0.6107247958425432,1.7564141149632633,0.015512437075376511,0.11982791297252664,0.11982791297252664
physical_fixed,11,raw,1400,716800,1.2247257246635854,0.6575850592926145,1.8823107839561999,0.01441911588422954,0.11525278840162359,0.11525278840162359
physical_fixed,11,raw,1500,768000,1.3032700542826205,0.7043433887884021,2.0076134430710226,0.013633892443031072,0.11428558370028787,0.11428558370028787
physical_fixed,11,raw,1600,819200,1.381870198296383,0.7511394766625017,2.1330096749588847,0.0125670962408185,0.10975450960029173,0.10975450960029173
physical_fixed,11,raw,1700,870400,1.4603905539261177,0.7977519449777901,2.258142498903908,0.011920072278007865,0.1074355453695316,0.1074355453695316
physical_fixed,11,raw,1800,921600,1.539652963168919,0.8447190672159195,2.3843720303848386,0.011607952890917659,0.10859028275184858,0.1074355453695316
physical_fixed,11,raw,1900,972800,1.619146038661711,0.892801271751523,2.511947310413234,0.011661857161670923,0.10635953197584695,0.10635953197584695
physical_fixed,11,raw,2000,1024000,1.6980032961582765,0.9395840037614107,2.637587299919687,0.011596884923055767,0.10791309815967558,0.10635953197584695
physical_fixed,11,raw,2100,1075200,1.776423456496559,0.9863190576434135,2.7627425141399726,0.01133332185447216,0.10843476934396507,0.10635953197584695
physical_fixed,11,raw,2200,1126400,1.8551044627092779,1.0330035174265504,2.8881079801358283,0.011483481973409653,0.10620313467697041,0.10620313467697041
physical_fixed,11,raw,2300,1177600,1.9337580067804083,1.0795861711958423,3.0133441779762506,0.01131813444197178,0.10627070011153648,0.10620313467697041
physical_fixed,11,raw,2400,1228800,2.0125377990771085,1.1262162268394604,3.138754025916569,0.011368244541808964,0.10816718109503254,0.10620313467697041
physical_fixed,11,raw,2500,1280000,2.091116357361898,1.1729311043163761,3.264047461678274,0.01128994026221335,0.10619621471802357,0.10619621471802357
physical_fixed,11,raw,2600,1331200,2.1702037561917678,1.2197327658068389,3.3899365219986066,0.011432515811175109,0.10669360685936652,0.10619621471802357
physical_fixed,11,raw,2700,1382400,2.2489259807625785,1.2664388335542753,3.515364814316854,0.01116896040737629,0.10580897322439131,0.10580897322439131
physical_fixed,11,raw,2800,1433600,2.327404755516909,1.3132785863708705,3.6406833418877795,0.01147463509812951,0.10610116590765473,0.10580897322439131
physical_fixed,11,raw,2900,1484800,2.4061472562607378,1.359918883186765,3.766066139447503,0.011184498835355043,0.10654911620403454,0.10580897322439131
physical_fixed,11,raw,3000,1536000,2.485804755240679,1.4071589786326513,3.89296373387333,0.011295575071126223,0.10602732590730843,0.10580897322439131
physical_fixed,11,mean_var,0,0,0.0,0.0,0.0,,0.4292422337413321,0.4292422337413321
physical_fixed,11,mean_var,100,51200,0.08612366812303662,0.04769358201883733,0.13381725014187396,0.03475919778458774,0.12667896321858904,0.12667896321858904
physical_fixed,11,mean_var,200,102400,0.17069995356723666,0.09474534494802356,0.2654452985152602,0.015945691633969545,0.122491138508055,0.122491138508055
physical_fixed,11,mean_var,300,153600,0.25537475338205695,0.14182947715744376,0.3972042305395007,0.014224944300949574,0.10978962868009019,0.10978962868009019
physical_fixed,11,mean_var,400,204800,0.3400904970476404,0.18863643996883184,0.5287269370164722,0.011216531815007329,0.1050621025506282,0.1050621025506282
physical_fixed,11,mean_var,500,256000,0.4247584445402026,0.2355886382283643,0.6603470827685669,0.010853714430704714,0.10485351601267608,0.10485351601267608
physical_fixed,11,mean_var,600,307200,0.5093228586483747,0.2825364872114733,0.791859345859848,0.010734050953760742,0.10491276897177453,0.10485351601267608
physical_fixed,11,mean_var,700,358400,0.5942979434039444,0.32957655587233603,0.9238744992762804,0.010955342091619968,0.10475079444260248,0.10475079444260248
physical_fixed,11,mean_var,800,409600,0.6786687950370833,0.37628897617105395,1.0549577712081373,0.01095898157916963,0.1051537522840177,0.10475079444260248
physical_fixed,11,mean_var,900,460800,0.7630775794386864,0.4233210734091699,1.1863986528478563,0.011038594665005803,0.10470439587479013,0.10470439587479013
physical_fixed,11,mean_var,1000,512000,0.848012964357622,0.47087462234776467,1.3188875867053866,0.010718173170462251,0.1047272431729769,0.10470439587479013
physical_fixed,11,mean_var,1100,563200,0.9325131436344236,0.5180924852611497,1.4506056288955733,0.010756968287751079,0.10474034988164266,0.10470439587479013
physical_fixed,11,mean_var,1200,614400,1.0169291622005403,0.5649801053805277,1.581909267581068,0.010882482975721358,0.1048350465414646,0.10470439587479013
physical_fixed,11,mean_var,1300,665600,1.1014508751686662,0.6117912314366549,1.7132421066053212,0.010944497836753726,0.10472187061749873,0.10470439587479013
physical_fixed,11,mean_var,1400,716800,1.1856337792705745,0.6585739492438734,1.8442077285144478,0.01089439395815134,0.10520385986949388,0.10470439587479013
physical_fixed,11,mean_var,1500,768000,1.270333428750746,0.7053365913452581,1.975670020096004,0.010934209069237113,0.10469006701457965,0.10469006701457965
physical_fixed,11,mean_var,1600,819200,1.3550972387893125,0.7521224517840892,2.1072196905734017,0.010982664255425333,0.1049521213832221,0.10469006701457965
physical_fixed,11,mean_var,1700,870400,1.4395300870528445,0.7990339891985059,2.2385640762513503,0.01083596440963447,0.10477301324863154,0.10469006701457965
physical_fixed,11,mean_var,1800,921600,1.5239039385924116,0.8458861284889281,2.3697900670813397,0.010910467207431794,0.10474204166688895,0.10469006701457965
physical_fixed,11,mean_var,1900,972800,1.6083601182326674,0.8928482508054003,2.5012083690380678,0.010978162074461579,0.10471766763352798,0.10469006701457965
physical_fixed,11,mean_var,2000,1024000,1.6926978619303554,0.9398161048302427,2.632513966760598,0.011032717917114496,0.104764203150135,0.10469006701457965
physical_fixed,11,mean_var,2100,1075200,1.777092307806015,0.9867947014281526,2.7638870092341676,0.010804792353883385,0.10468100484974739,0.10468100484974739
physical_fixed,11,mean_var,2200,1126400,1.861787267611362,1.033572273212485,2.895359540823847,0.011013022633269429,0.1046917825767849,0.10468100484974739
physical_fixed,11,mean_var,2300,1177600,1.9462694653775543,1.0805187558289617,3.026788221206516,0.01090873527340591,0.10501756128827106,0.10468100484974739
physical_fixed,11,mean_var,2400,1228800,2.0311397432815284,1.127310732146725,3.1584504754282534,0.01088020377792418,0.10490155488758869,0.10468100484974739
physical_fixed,11,mean_var,2500,1280000,2.1156477642944083,1.1743113689590245,3.289959133253433,0.010805732170119882,0.10478973391676184,0.10468100484974739
physical_fixed,11,mean_var,2600,1331200,2.2000516324769706,1.2213537479983643,3.421405380475335,0.010963752977550029,0.10470850224690699,0.10468100484974739
physical_fixed,11,mean_var,2700,1382400,2.2844041892094538,1.2683129615616053,3.552717150771059,0.010784354489296676,0.10473311030242428,0.10468100484974739
physical_fixed,11,mean_var,2800,1433600,2.368808816303499,1.3152939275605604,3.6841027438640594,0.011065131640061737,0.1046691932012271,0.1046691932012271
physical_fixed,11,mean_var,2900,1484800,2.453588585020043,1.3622200605459511,3.815808645565994,0.010843746988102794,0.10534634646251105,0.1046691932012271
physical_fixed,11,mean_var,3000,1536000,2.5399798976723105,1.4100627092411742,3.9500426069134846,0.01081043716520071,0.10487682091785411,0.1046691932012271
physical_fixed,11,expanded_stats,0,0,0.0,0.0,0.0,,0.44042837905049326,0.44042837905049326
physical_fixed,11,expanded_stats,100,51200,0.10069764929357916,0.047107555670663714,0.14780520496424288,0.03372904596850276,0.13049442739708375,0.13049442739708375
physical_fixed,11,expanded_stats,200,102400,0.20089138904586434,0.09416997723747045,0.2950613662833348,0.01705361284315586,0.12801389171183464,0.12801389171183464
physical_fixed,11,expanded_stats,300,153600,0.3017069111810997,0.1410537576302886,0.4427606688113883,0.01630293296650052,0.12247844355811882,0.12247844355811882
physical_fixed,11,expanded_stats,400,204800,0.40264900133479387,0.18804824200924486,0.5906972433440387,0.01355034033767879,0.10769395710188381,0.10769395710188381
physical_fixed,11,expanded_stats,500,256000,0.5032854560995474,0.2350227035349235,0.7383081596344709,0.011160584641620517,0.10531153510580675,0.10531153510580675
physical_fixed,11,expanded_stats,600,307200,0.6032919170102105,0.2821134952828288,0.8854054122930393,0.010930681452155113,0.10513953305332063,0.10513953305332063
physical_fixed,11,expanded_stats,700,358400,0.7035852522822097,0.3291205591522157,1.0327058114344254,0.011094379182904958,0.10499718559395742,0.10499718559395742
physical_fixed,11,expanded_stats,800,409600,0.8038241472095251,0.37618294497951865,1.1800070921890438,0.011052337493747472,0.10536789455818611,0.10499718559395742
physical_fixed,11,expanded_stats,900,460800,0.9043446012074128,0.4233384053222835,1.3276830065296963,0.011161568285897374,0.10489967784508994,0.10489967784508994
physical_fixed,11,expanded_stats,1000,512000,1.004732506815344,0.4702935710083693,1.4750260778237134,0.01083344048820436,0.10513186708494465,0.10489967784508994
physical_fixed,11,expanded_stats,1100,563200,1.1052955072373152,0.5172944024670869,1.622589909704402,0.010811017993837595,0.10489794474194424,0.10489794474194424
physical_fixed,11,expanded_stats,1200,614400,1.2058944053715095,0.5644074680749327,1.7703018734464422,0.010989770609885454,0.10636433094384741,0.10489794474194424
physical_fixed,11,expanded_stats,1300,665600,1.306489113601856,0.611521766637452,1.9180108802393079,0.010984606938436628,0.10479938004479372,0.10479938004479372
physical_fixed,11,expanded_stats,1400,716800,1.4070568270981312,0.6585556644713506,2.065612491569482,0.010991805801168084,0.1053847974714659,0.10479938004479372
physical_fixed,11,expanded_stats,1500,768000,1.5070109233492985,0.7056385601172224,2.212649483466521,0.01099337799474597,0.10473656537429034,0.10473656537429034
physical_fixed,11,expanded_stats,1600,819200,1.6066308541921899,0.7525959679624066,2.3592268221545964,0.011032075043767691,0.10528422379037179,0.10473656537429034
physical_fixed,11,expanded_stats,1700,870400,1.7071349484613165,0.7995159131241962,2.5066508615855128,0.010943486196920276,0.10476883605758099,0.10473656537429034
physical_fixed,11,expanded_stats,1800,921600,1.8070818884298205,0.846486818161793,2.6535687065916136,0.010948508465662598,0.10521593204913096,0.10473656537429034
physical_fixed,11,expanded_stats,1900,972800,1.908305689226836,0.8933957397239283,2.8017014289507642,0.011040374664589762,0.1047488911110209,0.10473656537429034
physical_fixed,11,expanded_stats,2000,1024000,2.0084308987716213,0.940436563687399,2.9488674624590203,0.011055166535079479,0.10467440815907379,0.10467440815907379
physical_fixed,11,expanded_stats,2100,1075200,2.10826021223329,0.9874707479029894,3.0957309601362795,0.01080736294388771,0.1049952924942018,0.10467440815907379
physical_fixed,11,expanded_stats,2200,1126400,2.2083119669696316,1.0345610734075308,3.2428730403771624,0.011076087327674032,0.1053890084151077,0.10467440815907379
physical_fixed,11,expanded_stats,2300,1177600,2.308434839360416,1.0815372988581657,3.3899721382185817,0.010908457227051258,0.10466885396554682,0.10466885396554682
physical_fixed,11,expanded_stats,2400,1228800,2.4086946203606203,1.1284873815020546,3.537182001862675,0.010912086451426148,0.10479661984781745,0.10466885396554682
physical_fixed,11,expanded_stats,2500,1280000,2.508969674119726,1.175472307833843,3.6844419819535688,0.010869246497750283,0.1049753430352264,0.10466885396554682
physical_fixed,11,expanded_stats,2600,1331200,2.6109327842714265,1.2232892306055874,3.834222014877014,0.010998158380389214,0.10478269057807407,0.10466885396554682
physical_fixed,11,expanded_stats,2700,1382400,2.711274130269885,1.2704896163195372,3.9817637465894222,0.0108223298471421,0.10538601358599976,0.10466885396554682
physical_fixed,11,expanded_stats,2800,1433600,2.811226935707964,1.3174564378568903,4.128683373564854,0.011105022802948951,0.10607539059861469,0.10466885396554682
physical_fixed,11,expanded_stats,2900,1484800,2.9114614261779934,1.364349069306627,4.27581049548462,0.010885127754881978,0.10575491566607016,0.10466885396554682
physical_fixed,11,expanded_stats,3000,1536000,3.0112575539387763,1.4112838129512966,4.422541366890073,0.010826884461566806,0.10476496908348293,0.10466885396554682
physical_fixed,22,raw,0,0,0.0,0.0,0.0,,0.6614904657195912,0.6614904657195912
physical_fixed,22,raw,100,51200,0.07971358578652143,0.047193994047120214,0.12690757983364165,0.06131060965359211,0.13995256564274833,0.13995256564274833
physical_fixed,22,raw,200,102400,0.15895418892614543,0.09411682386416942,0.25307101279031485,0.01843829868361354,0.1399321821033175,0.1399321821033175
physical_fixed,22,raw,300,153600,0.2381561336806044,0.14078836678527296,0.37894450046587735,0.018462307900190354,0.13983445517916784,0.13983445517916784
physical_fixed,22,raw,400,204800,0.3172051387373358,0.18749244033824652,0.5046975790755823,0.018459584899246692,0.13979142678945555,0.13979142678945555
physical_fixed,22,raw,500,256000,0.39651973615400493,0.23427380551584065,0.6307935416698456,0.018709430154412985,0.13970463930613905,0.13970463930613905
physical_fixed,22,raw,600,307200,0.47566624521277845,0.2810916363960132,0.7567578816087916,0.018609640728682278,0.13973850878934513,0.13970463930613905
physical_fixed,22,raw,700,358400,0.5546132393646985,0.32800990366376936,0.8826231430284679,0.018440591730177404,0.13949516523847197,0.13949516523847197
physical_fixed,22,raw,800,409600,0.6337122393306345,0.37494979007169604,1.0086620294023305,0.018514589983969928,0.13925392278439672,0.13925392278439672
physical_fixed,22,raw,900,460800,0.712882169871591,0.42187209997791797,1.134754269849509,0.018588673695921897,0.1391580054605419,0.1391580054605419
physical_fixed,22,raw,1000,512000,0.7918243202148005,0.4686038983054459,1.2604282185202464,0.018472570460289717,0.13899740620943576,0.13899740620943576
physical_fixed,22,raw,1100,563200,0.8710293167969212,0.5155891213798895,1.3866184381768107,0.01816820152103901,0.13892317737658424,0.13892317737658424
physical_fixed,22,raw,1200,614400,0.9503925861790776,0.5625260544475168,1.5129186406265944,0.01827996232546866,0.13883499236352018,0.13883499236352018
physical_fixed,22,raw,1300,665600,1.0295516372425482,0.60941799194552,1.6389696291880682,0.01823636468499899,0.13854709281815678,0.13854709281815678
physical_fixed,22,raw,1400,716800,1.1088158395141363,0.6563484577927738,1.7651642973069102,0.018044473081827165,0.1384570112053748,0.1384570112053748
physical_fixed,22,raw,1500,768000,1.187893806840293,0.7031581571791321,1.8910519640194252,0.018109388928860427,0.13815596652135098,0.13815596652135098
physical_fixed,22,raw,1600,819200,1.2675321568967775,0.7502026320435107,2.017734788940288,0.0182658882252872,0.13785377784956254,0.13785377784956254
physical_fixed,22,raw,1700,870400,1.3466716527473181,0.7972580924397334,2.1439297451870516,0.017890868801623584,0.1374771934874178,0.1374771934874178
physical_fixed,22,raw,1800,921600,1.4258157095173374,0.8443420316325501,2.2701577411498874,0.017852737866342068,0.13731269182565858,0.13731269182565858
physical_fixed,22,raw,1900,972800,1.505267433123663,0.8912836734671146,2.3965511065907776,0.017741510346531868,0.1366307603972368,0.1366307603972368
physical_fixed,22,raw,2000,1024000,1.5844546119915321,0.938137938035652,2.522592550027184,0.01776566251181066,0.1360059202179796,0.1360059202179796
physical_fixed,22,raw,2100,1075200,1.6637252510990947,0.9851178200915456,2.6488430711906403,0.017478066235780715,0.13490904119452687,0.13490904119452687
physical_fixed,22,raw,2200,1126400,1.7427281517302617,1.0318771916208789,2.7746053433511406,0.017068616738542916,0.1329472047858553,0.1329472047858553
physical_fixed,22,raw,2300,1177600,1.8218547644792125,1.0786576104583219,2.9005123749375343,0.01662395453080535,0.13046677038995602,0.13046677038995602
physical_fixed,22,raw,2400,1228800,1.9016809478634968,1.1258084950968623,3.027489442960359,0.0160398109536618,0.1262009612411318,0.1262009612411318
physical_fixed,22,raw,2500,1280000,1.9819677736377344,1.1736823442624882,3.1556501179002225,0.014883550694212317,0.12064886664003142,0.12064886664003142
physical_fixed,22,raw,2600,1331200,2.062129151658155,1.221090562758036,3.283219714416191,0.01344573431648314,0.11274540006633882,0.11274540006633882
physical_fixed,22,raw,2700,1382400,2.1429265359183773,1.2690090604592115,3.411935596377589,0.013146668756380677,0.11300989830826827,0.11274540006633882
physical_fixed,22,raw,2800,1433600,2.2218233189778402,1.315750436624512,3.5375737556023523,0.012018314190208912,0.10840517421309719,0.10840517421309719
physical_fixed,22,raw,2900,1484800,2.3009400769369677,1.362521868897602,3.6634619458345696,0.0115489471424371,0.11213984874230057,0.10840517421309719
physical_fixed,22,raw,3000,1536000,2.3803280879510567,1.409313379554078,3.7896414675051346,0.011496933875605464,0.10856147633759763,0.10840517421309719
physical_fixed,22,mean_var,0,0,0.0,0.0,0.0,,0.6628123148617704,0.6628123148617704
physical_fixed,22,mean_var,100,51200,0.0847139738034457,0.04695790319237858,0.13167187699582428,0.053464971324428914,0.13389081673866113,0.13389081673866113
physical_fixed,22,mean_var,200,102400,0.16936389391776174,0.09392341773491353,0.26328731165267527,0.016559800803661345,0.13071253641014474,0.13071253641014474
physical_fixed,22,mean_var,300,153600,0.2535775798605755,0.1409279927611351,0.3945055726217106,0.015386931812390685,0.12331559559636775,0.12331559559636775
physical_fixed,22,mean_var,400,204800,0.3381791606079787,0.18785630736965686,0.5260354679776356,0.01273369364440441,0.1076099749523602,0.1076099749523602
physical_fixed,22,mean_var,500,256000,0.42262698896229267,0.2346852832706645,0.6573122722329572,0.011136678690090775,0.10624097240089832,0.10624097240089832
physical_fixed,22,mean_var,600,307200,0.5073574755806476,0.28165382996667176,0.7890113055473194,0.011066520530730485,0.10563380991053396,0.10563380991053396
physical_fixed,22,mean_var,700,358400,0.5914378102170303,0.3284551101969555,0.9198929204139858,0.010764203304424881,0.1055107900304619,0.1055107900304619
physical_fixed,22,mean_var,800,409600,0.6760182803263888,0.3752313853474334,1.0512496656738222,0.011028990652412175,0.10559556684329054,0.1055107900304619
physical_fixed,22,mean_var,900,460800,0.7604994038119912,0.42203453730326146,1.1825339411152527,0.010924324430525302,0.10543150000433543,0.10543150000433543
physical_fixed,22,mean_var,1000,512000,0.8447713893838227,0.4689319123281166,1.3137033017119393,0.011017860127612949,0.10535573856367553,0.10535573856367553
physical_fixed,22,mean_var,1100,563200,0.9290504086529836,0.5158902604598552,1.4449406691128388,0.01094403188675642,0.10549139511283213,0.10535573856367553
physical_fixed,22,mean_var,1200,614400,1.013465715572238,0.5628045111661777,1.5762702267384157,0.010851545119658112,0.10534081082228058,0.10534081082228058
physical_fixed,22,mean_var,1300,665600,1.0979626968037337,0.6098108732840046,1.7077735700877383,0.010844549061730505,0.10564060163906698,0.10534081082228058
physical_fixed,22,mean_var,1400,716800,1.1821456387406215,0.6565876951208338,1.8387333338614553,0.010881767766550183,0.10532625374320176,0.10532625374320176
physical_fixed,22,mean_var,1500,768000,1.2668728578137234,0.7034722748212516,1.970345132634975,0.010847510490566491,0.10536575230865813,0.10532625374320176
physical_fixed,22,mean_var,1600,819200,1.351455430034548,0.7503724694252014,2.1018278994597495,0.010951262479647995,0.10531348035190698,0.10531348035190698
physical_fixed,22,mean_var,1700,870400,1.4359456379897892,0.7972165872342885,2.2331622252240777,0.010792989516630769,0.10558479198886615,0.10531348035190698
physical_fixed,22,mean_var,1800,921600,1.5203208400635049,0.8441371244844049,2.36445796454791,0.010833368916064502,0.10568164491999323,0.10531348035190698
physical_fixed,22,mean_var,1900,972800,1.6045586840482429,0.8909395262598991,2.495498210308142,0.010844046138226987,0.10560960722575273,0.10531348035190698
physical_fixed,22,mean_var,2000,1024000,1.6887798721436411,0.9377074902877212,2.6264873624313623,0.010974462246522307,0.10534078346631667,0.10531348035190698
physical_fixed,22,mean_var,2100,1075200,1.7728894718457013,0.9846656369045377,2.757555108750239,0.010956858545541763,0.10566319379473643,0.10531348035190698
physical_fixed,22,mean_var,2200,1126400,1.8575668259290978,1.0316790326032788,2.8892458585323766,0.010916477320715785,0.10528846453798071,0.10528846453798071
physical_fixed,22,mean_var,2300,1177600,1.9424529678653926,1.0786806021351367,3.0211335700005293,0.010908279707655311,0.10538005411121368,0.10528846453798071
physical_fixed,22,mean_var,2400,1228800,2.0274212587391958,1.1255929068429396,3.1530141655821353,0.011062057120725513,0.10570088570345912,0.10528846453798071
physical_fixed,22,mean_var,2500,1280000,2.1123590623028576,1.1729964255355299,3.2853554878383875,0.01092728708870709,0.10536878744282577,0.10528846453798071
physical_fixed,22,mean_var,2600,1331200,2.197585886809975,1.2204610732151195,3.4180469600250944,0.010875722402706742,0.10541735560287467,0.10528846453798071
physical_fixed,22,mean_var,2700,1382400,2.2819253674242646,1.2674653171561658,3.5493906845804304,0.01084585439413786,0.10555664184239383,0.10528846453798071
physical_fixed,22,mean_var,2800,1433600,2.3668765207985416,1.3142277082661167,3.6811042290646583,0.010932540260255337,0.10532233604919625,0.10528846453798071
physical_fixed,22,mean_var,2900,1484800,2.45117109362036,1.361111328820698,3.812282422441058,0.01098575654439628,0.10574498610549836,0.10528846453798071
physical_fixed,22,mean_var,3000,1536000,2.535698604420759,1.408136239508167,3.9438348439289257,0.01089221639558673,0.10549667713235407,0.10528846453798071
physical_fixed,22,expanded_stats,0,0,0.0,0.0,0.0,,0.6539462222832771,0.6539462222832771
physical_fixed,22,expanded_stats,100,51200,0.10129886912181973,0.04731502430513501,0.14861389342695475,0.05354518644511699,0.13801943401711717,0.13801943401711717
physical_fixed,22,expanded_stats,200,102400,0.20212741335853934,0.09438478259835392,0.29651219595689327,0.017568598724901675,0.135327776208781,0.135327776208781
physical_fixed,22,expanded_stats,300,153600,0.30330220598261803,0.1413133731111884,0.44461557909380645,0.01685522785410285,0.1317584132559221,0.1317584132559221
physical_fixed,22,expanded_stats,400,204800,0.4045562249375507,0.18824662326369435,0.5928028482012451,0.015577293261885642,0.12402679890984347,0.12402679890984347
physical_fixed,22,expanded_stats,500,256000,0.505197268910706,0.23542271938640624,0.7406199882971123,0.01322961449623108,0.10962882427561638,0.10962882427561638
physical_fixed,22,expanded_stats,600,307200,0.6060911379754543,0.282534628524445,0.8886257664998993,0.011538053052499891,0.10758982010308958,0.10758982010308958
physical_fixed,22,expanded_stats,700,358400,0.7134533479111269,0.3305045732995495,1.0439579212106764,0.01103428822942078,0.10668801482545291,0.10668801482545291
physical_fixed,22,expanded_stats,800,409600,0.825985069735907,0.37790385400876403,1.203888923744671,0.0112526585906744,0.10620168309291132,0.10620168309291132
physical_fixed,22,expanded_stats,900,460800,0.9383636623388156,0.425219677737914,1.3635833400767297,0.011089512025937437,0.106751515037866,0.10620168309291132
physical_fixed,22,expanded_stats,1000,512000,1.0504652600502595,0.4724798434181139,1.5229451034683734,0.011136094136163592,0.10701632591041611,0.10620168309291132
physical_fixed,22,expanded_stats,1100,563200,1.1631209870101884,0.5196886194171384,1.6828096064273268,0.011050453288480639,0.1063838139303766,0.10620168309291132
physical_fixed,22,expanded_stats,1200,614400,1.2756853768369183,0.5670451513724402,1.8427305282093585,0.0109270612988621,0.10586349495622256,0.10586349495622256
physical_fixed,22,expanded_stats,1300,665600,1.388063205871731,0.6143295951187611,2.002392800990492,0.01092864416539669,0.10619541482398667,0.10586349495622256
physical_fixed,22,expanded_stats,1400,716800,1.500382746104151,0.6617416398366913,2.1621243859408423,0.01095008585602045,0.10592595850420256,0.10586349495622256
physical_fixed,22,expanded_stats,1500,768000,1.612247921875678,0.7090963805094361,2.321344302385114,0.010871293200179934,0.105719934349534,0.105719934349534
physical_fixed,22,expanded_stats,1600,819200,1.7241608229232952,0.7563000493682921,2.4804608722915873,0.011012499975040555,0.1056693094643067,0.1056693094643067
physical_fixed,22,expanded_stats,1700,870400,1.8363560792058706,0.8035470092436299,2.6399030884495005,0.01086990499868989,0.10560535243662211,0.10560535243662211
physical_fixed,22,expanded_stats,1800,921600,1.9494464043527842,0.850865216110833,2.800311620463617,0.01090006017126143,0.10609265428472174,0.10560535243662211
physical_fixed,22,expanded_stats,1900,972800,2.0553159724222496,0.8981957378564402,2.95351171027869,0.010902104992419481,0.10597820252948312,0.10560535243662211
physical_fixed,22,expanded_stats,2000,1024000,2.1557368392823264,0.9453722491161898,3.101109088398516,0.011013349443674087,0.10561594326473998,0.10560535243662211
physical_fixed,22,expanded_stats,2100,1075200,2.258512073662132,0.9935900381533429,3.252102111815475,0.011001397632062435,0.10594779599040809,0.10560535243662211
physical_fixed,22,expanded_stats,2200,1126400,2.3596037136157975,1.0406819590134546,3.400285672629252,0.011023317193612457,0.10568086508529281,0.10560535243662211
physical_fixed,22,expanded_stats,2300,1177600,2.460362321231514,1.087806599913165,3.548168921144679,0.010987512804567813,0.10565791302709956,0.10560535243662211
physical_fixed,22,expanded_stats,2400,1228800,2.5613628503633663,1.134896534611471,3.6962593849748373,0.011086027212440968,0.10563879502451627,0.10560535243662211
physical_fixed,22,expanded_stats,2500,1280000,2.662179135135375,1.1820950985420495,3.8442742336774245,0.01094751562923193,0.10552029460300395,0.10552029460300395
physical_fixed,22,expanded_stats,2600,1331200,2.763162225135602,1.2292325373273343,3.9923947624629363,0.010903983945026993,0.10565877849241782,0.10552029460300395
physical_fixed,22,expanded_stats,2700,1382400,2.8640636063646525,1.2765259984880686,4.140589604852721,0.0108619543351233,0.10655823711085485,0.10552029460300395
physical_fixed,22,expanded_stats,2800,1433600,2.965282111777924,1.3236530694412068,4.288935181219131,0.010952266603708268,0.10561665440033602,0.10552029460300395
physical_fixed,22,expanded_stats,2900,1484800,3.0663961094105616,1.3708704727469012,4.437266582157463,0.011032168939709663,0.10568470267208149,0.10552029460300395
physical_fixed,22,expanded_stats,3000,1536000,3.1673099558101967,1.4181699936743826,4.585479949484579,0.010952023174613714,0.10585581031294135,0.10552029460300395
physical_fixed,22,deepsets,0,0,0.0,0.0,0.0,,0.6642397340462209,0.6642397340462209
physical_fixed,22,deepsets,100,51200,0.11591823259368539,0.04737466643564403,0.16329289902932942,0.10317925976589322,0.13399949553200852,0.13399949553200852
physical_fixed,22,deepsets,200,102400,0.230240308213979,0.09481048618908972,0.3250507944030687,0.01687163032591343,0.13362426946290076,0.13362426946290076
physical_fixed,22,deepsets,300,153600,0.3461965922033414,0.14315023086965084,0.48934682307299227,0.01673826058395207,0.1324723161094511,0.1324723161094511
physical_fixed,22,deepsets,400,204800,0.4628732610726729,0.19183083483949304,0.6547040959121659,0.016163345808163285,0.12743603973569087,0.12743603973569087
physical_fixed,22,deepsets,500,256000,0.5771949515910819,0.2393563068471849,0.8165512584382668,0.013211655411869288,0.10637776841948203,0.10637776841948203
physical_fixed,22,deepsets,600,307200,0.6911604923661798,0.2867986523779109,0.9779591447440907,0.011270009726285935,0.10581519050538403,0.10581519050538403
physical_fixed,22,deepsets,700,358400,0.8056437351042405,0.3345356264617294,1.1401793615659699,0.010804721256718039,0.10566027600254678,0.10566027600254678
physical_fixed,22,deepsets,800,409600,0.9199292139383033,0.3819570268969983,1.3018862408353016,0.011108081992715598,0.10560515422091787,0.10560515422091787
physical_fixed,22,deepsets,900,460800,1.0346932370448485,0.4298212475841865,1.464514484629035,0.010965373469516634,0.10578851729266381,0.10560515422091787
physical_fixed,22,deepsets,1000,512000,1.1489706467837095,0.47728214925155044,1.62625279603526,0.011050282381474971,0.10660279526252317,0.10560515422091787
physical_fixed,22,deepsets,1100,563200,1.2630361811025068,0.5247443872503936,1.7877805683529004,0.010974063007161021,0.1058927576007111,0.10560515422091787
physical_fixed,22,deepsets,1200,614400,1.377236467320472,0.5721700746798888,1.9494065420003608,0.010874828333035111,0.1054742852551255,0.1054742852551255
physical_fixed,22,deepsets,1300,665600,1.4911330761387944,0.6195810801582411,2.1107141562970355,0.01087612240575254,0.1056462954951522,0.1054742852551255
physical_fixed,22,deepsets,1400,716800,1.6052075354382396,0.6669710940914229,2.2721786295296624,0.010894926069304346,0.10568234567369217,0.1054742852551255
physical_fixed,22,deepsets,1500,768000,1.7204412196297199,0.7148500402690843,2.435291259898804,0.010833497121930123,0.10550409956783602,0.1054742852551255
physical_fixed,22,deepsets,1600,819200,1.835235541104339,0.7626974411541596,2.5979329822584987,0.01093988511711359,0.10549958889066137,0.1054742852551255
physical_fixed,22,deepsets,1700,870400,1.9492995094042271,0.8100942129967734,2.7593937224010006,0.0108095049764961,0.10536807065884828,0.10536807065884828
physical_fixed,22,deepsets,1800,921600,2.0635238472605124,0.8574629223439842,2.9209867696044967,0.010867360327392817,0.10585512685079336,0.10536807065884828
physical_fixed,22,deepsets,1900,972800,2.177590993931517,0.9049183676252142,3.082509361556731,0.010866159740835428,0.1057223848431388,0.10536807065884828
physical_fixed,22,deepsets,2000,1024000,2.2916389545425773,0.9522135170409456,3.243852471583523,0.010995530309155583,0.10537369164779387,0.10536807065884828
physical_fixed,22,deepsets,2100,1075200,2.405792410019785,0.9997052820399404,3.4054976920597255,0.010958353746682406,0.10575894491832474,0.10536807065884828
physical_fixed,22,deepsets,2200,1126400,2.519905867171474,1.047116159577854,3.567022026749328,0.010963272145017982,0.10543966722482226,0.10536807065884828
physical_fixed,22,deepsets,2300,1177600,2.6342584390658885,1.094628392253071,3.7288868313189596,0.010942543614655733,0.10532371763814333,0.10532371763814333
physical_fixed,22,deepsets,2400,1228800,2.748618283891119,1.1420142465503886,3.8906325304415077,0.011040357537567616,0.1053852858023734,0.10532371763814333
physical_fixed,22,deepsets,2500,1280000,2.862539627123624,1.1893034368986264,4.0518430640222505,0.010925103770568967,0.10539783135121901,0.10532371763814333
physical_fixed,22,deepsets,2600,1331200,2.9768389622913674,1.236599784111604,4.2134387464029714,0.010868046861141921,0.10539736047973612,0.10532371763814333
physical_fixed,22,deepsets,2700,1382400,3.0912042361451313,1.2841184580465779,4.375322694191709,0.010838530994951724,0.10619049163433934,0.10532371763814333
physical_fixed,22,deepsets,2800,1433600,3.205021626316011,1.3315460440935567,4.536567670409568,0.010918350825086236,0.10535373976825106,0.10532371763814333
physical_fixed,22,deepsets,2900,1484800,3.3201204317156225,1.3791303761536255,4.699250807869248,0.010997304711490869,0.10568730519085665,0.10532371763814333
physical_fixed,22,deepsets,3000,1536000,3.4345487121026963,1.4265716146910563,4.861120326793753,0.010919015733525156,0.10583958410959293,0.10532371763814333
physical_fixed,33,mean_var,0,0,0.0,0.0,0.0,,0.55124403845705,0.55124403845705
physical_fixed,33,mean_var,100,51200,0.08499225624836981,0.0470137451775372,0.13200600142590702,0.03671104982495308,0.12947186262938695,0.12947186262938695
physical_fixed,33,mean_var,200,102400,0.1696848792489618,0.09390002849977463,0.26358490774873644,0.016094882693141698,0.12407047112122058,0.12407047112122058
physical_fixed,33,mean_var,300,153600,0.25453484954778105,0.14095708564855158,0.39549193519633263,0.014252500887960196,0.1124114790994113,0.1124114790994113
physical_fixed,33,mean_var,400,204800,0.33888479392044246,0.18828796688467264,0.5271727608051151,0.011501741306856274,0.10401614375848049,0.10401614375848049
physical_fixed,33,mean_var,500,256000,0.4237610161071643,0.23540649854112417,0.6591675146482885,0.011009800676256419,0.10340595437207258,0.10340595437207258
physical_fixed,33,mean_var,600,307200,0.5082013191422448,0.28253619640599936,0.7907375155482441,0.01083366272971034,0.10322103868636541,0.10322103868636541
physical_fixed,33,mean_var,700,358400,0.5926196710206568,0.32945318322163075,0.9220728542422876,0.010965279890224338,0.10313682562709119,0.10313682562709119
physical_fixed,33,mean_var,800,409600,0.6773279762128368,0.37626729067415,1.0535952668869868,0.010919408341869712,0.10306450577837532,0.10306450577837532
physical_fixed,33,mean_var,900,460800,0.7621133611537516,0.42309738392941654,1.1852107450831681,0.01094753896817565,0.10305875998609165,0.10305875998609165
physical_fixed,33,mean_var,1000,512000,0.8480287506245077,0.4706838622223586,1.3187126128468663,0.010922845304012298,0.10324713478762469,0.10305875998609165
physical_fixed,33,mean_var,1100,563200,0.9340611634543166,0.5183547622291371,1.4524159256834537,0.011112578520551324,0.10368442131009348,0.10305875998609165
physical_fixed,33,mean_var,1200,614400,1.0187802001601085,0.5653491914272308,1.5841293915873393,0.01105972334742546,0.10313307607943568,0.10305875998609165
physical_fixed,33,mean_var,1300,665600,1.1034695018315688,0.6123919207602739,1.7158614225918427,0.010938797742128373,0.10319311391655099,0.10305875998609165
physical_fixed,33,mean_var,1400,716800,1.188458326505497,0.6594645114382729,1.84792283794377,0.010877268305048347,0.10316734633612769,0.10305875998609165
physical_fixed,33,mean_var,1500,768000,1.2732054883381352,0.706318651442416,1.9795241397805512,0.010882445080205798,0.10383641455614022,0.10305875998609165
physical_fixed,33,mean_var,1600,819200,1.3579072495922446,0.7532071155728772,2.111114365165122,0.010966293951496483,0.10354321752906778,0.10305875998609165
physical_fixed,33,mean_var,1700,870400,1.4426643764600158,0.8000695236260071,2.242733900086023,0.010960470056161284,0.10359762791090892,0.10305875998609165
physical_fixed,33,mean_var,1800,921600,1.5272379223024473,0.846880818833597,2.3741187411360443,0.010812916485592723,0.10306585101366547,0.10305875998609165
physical_fixed,33,mean_var,1900,972800,1.611917293164879,0.8938791546970606,2.5057964478619397,0.010893549183383583,0.10341104913338867,0.10305875998609165
physical_fixed,33,mean_var,2000,1024000,1.6965411579003558,0.9408476675162092,2.637388825416565,0.010930721992626785,0.10299775578043718,0.10299775578043718
physical_fixed,33,mean_var,2100,1075200,1.7813654124038294,0.9879066194407642,2.7692720318445936,0.010957296481356025,0.1037234814709886,0.10299775578043718
physical_fixed,33,mean_var,2200,1126400,1.8658370620105416,1.0347867141244933,2.900623776135035,0.010832195729017257,0.10304844234182273,0.10299775578043718
physical_fixed,33,mean_var,2300,1177600,1.9503801787504926,1.0817073200596496,3.0320874988101423,0.010956806112080813,0.10331513662071244,0.10299775578043718
physical_fixed,33,mean_var,2400,1228800,2.0351577397668734,1.1286418949021026,3.163799634668976,0.010812264485284686,0.1029770079878537,0.1029770079878537
physical_fixed,33,mean_var,2500,1280000,2.119797418010421,1.1756946055684239,3.295492023578845,0.010914082685485483,0.10303584592356536,0.1029770079878537
physical_fixed,33,mean_var,2600,1331200,2.205091610434465,1.2226728666573763,3.4277644770918414,0.010975310243666173,0.10296198450536138,0.10296198450536138
physical_fixed,33,mean_var,2700,1382400,2.2897086086450145,1.2696335556684062,3.5593421643134207,0.010915811154991389,0.10298871033852786,0.10296198450536138
physical_fixed,33,mean_var,2800,1433600,2.3744271042523906,1.3163444554666057,3.6907715597189963,0.010796563317999244,0.10308048687270589,0.10296198450536138
physical_fixed,33,mean_var,2900,1484800,2.4591341573977843,1.3631952439900488,3.822329401387833,0.010890049329027533,0.10316280473388731,0.10296198450536138
physical_fixed,33,mean_var,3000,1536000,2.544292484293692,1.4101900367531925,3.9544825210468844,0.011098035480827093,0.10300502197794456,0.10296198450536138
physical_fixed,33,expanded_stats,0,0,0.0,0.0,0.0,,0.4895716218970302,0.4895716218970302
physical_fixed,33,expanded_stats,100,51200,0.1015233111102134,0.04724575416184962,0.14876906527206302,0.029130559945479036,0.1313024013789777,0.1313024013789777
physical_fixed,33,expanded_stats,200,102400,0.20230875129345804,0.09459484508261085,0.2969035963760689,0.016458282629027963,0.1244551385019151,0.1244551385019151
physical_fixed,33,expanded_stats,300,153600,0.3031995693454519,0.14163737720809877,0.44483694655355066,0.013345557730644941,0.10538285745948248,0.10538285745948248
physical_fixed,33,expanded_stats,400,204800,0.4042370970128104,0.1888210434699431,0.5930581404827535,0.011045707939192653,0.1039247521482896,0.1039247521482896
physical_fixed,33,expanded_stats,500,256000,0.5050685608293861,0.23603725736029446,0.7411058181896806,0.011043196255341172,0.10344359299976769,0.10344359299976769
physical_fixed,33,expanded_stats,600,307200,0.606146858073771,0.28319654311053455,0.8893434011843055,0.010875393133610488,0.10333029843929167,0.10333029843929167
physical_fixed,33,expanded_stats,700,358400,0.7072679218836129,0.33028631296474487,1.0375542348483577,0.011115470165386797,0.10349185682623047,0.10333029843929167
physical_fixed,33,expanded_stats,800,409600,0.8084272748092189,0.37717595661524683,1.1856032314244658,0.010987191665917636,0.10328362719852685,0.10328362719852685
physical_fixed,33,expanded_stats,900,460800,0.9112766647012904,0.4254377337638289,1.3367143984651193,0.010977719016373157,0.10315582168702063,0.10315582168702063
physical_fixed,33,expanded_stats,1000,512000,1.0117083875229582,0.4724331988254562,1.4841415863484144,0.010985302962362766,0.10312881813309227,0.10312881813309227
physical_fixed,33,expanded_stats,1100,563200,1.1127220559865236,0.5195397455245256,1.6322618015110493,0.011105586579069494,0.10596202115150226,0.10312881813309227
physical_fixed,33,expanded_stats,1200,614400,1.2132284884573892,0.5667957523837686,1.7800242408411577,0.011103585166856646,0.10331320074066967,0.10312881813309227
physical_fixed,33,expanded_stats,1300,665600,1.3139439859660342,0.6140012526884675,1.9279452386545017,0.010952867735177278,0.10318382141959277,0.10312881813309227
physical_fixed,33,expanded_stats,1400,716800,1.4152041798224673,0.6610457102069631,2.0762498900294304,0.010858325753360987,0.1031648376418394,0.10312881813309227
physical_fixed,33,expanded_stats,1500,768000,1.515817107516341,0.7081155822379515,2.2239326897542924,0.010909083327278494,0.1045656280455274,0.10312881813309227
physical_fixed,33,expanded_stats,1600,819200,1.616624778835103,0.7551210533129051,2.371745832148008,0.010962922759354114,0.10339752045472211,0.10312881813309227
physical_fixed,33,expanded_stats,1700,870400,1.7169181073550135,0.8021298118401319,2.5190479191951454,0.010971044078469277,0.10302676560030827,0.10302676560030827
physical_fixed,33,expanded_stats,1800,921600,1.8180550709366798,0.849258569884114,2.667313640820794,0.010808659018948674,0.10361429017879556,0.10302676560030827
physical_fixed,33,expanded_stats,1900,972800,1.91872340394184,0.896300983033143,2.815024386974983,0.01089207362383604,0.10297132388485877,0.10297132388485877
physical_fixed,33,expanded_stats,2000,1024000,2.019492748309858,0.9431829743552953,2.9626757226651534,0.010869484487921,0.10292390471543554,0.10292390471543554
physical_fixed,33,expanded_stats,2100,1075200,2.120629928074777,0.9901660433970392,3.1107959714718163,0.011038671592250466,0.10294004668644648,0.10292390471543554
physical_fixed,33,expanded_stats,2200,1126400,2.2210859291953966,1.037165576359257,3.2582515055546537,0.010882144905626773,0.10326656437672478,0.10292390471543554
physical_fixed,33,expanded_stats,2300,1177600,2.3218946770066395,1.0841215432155877,3.4060162202222273,0.010985186202451586,0.10303221823191858,0.10292390471543554
physical_fixed,33,expanded_stats,2400,1228800,2.4439744119299576,1.138937791227363,3.5829122031573206,0.010844244193285703,0.10292149135774344,0.10292149135774344
physical_fixed,33,expanded_stats,2500,1280000,2.5631977720186114,1.1924351404886693,3.7556329125072807,0.010978512736037373,0.10305262732125557,0.10292149135774344
physical_fixed,33,expanded_stats,2600,1331200,2.6624202363891527,1.2389728490961716,3.9013930854853243,0.01099834726192057,0.10293993229728077,0.10292149135774344
physical_fixed,33,expanded_stats,2700,1382400,2.761756331077777,1.2855587162775919,4.047315047355369,0.01089243557304144,0.10338047681557193,0.10292149135774344
physical_fixed,33,expanded_stats,2800,1433600,2.8611530227353796,1.332196316216141,4.193349338951521,0.010870793927460909,0.10344049638744704,0.10292149135774344
physical_fixed,33,expanded_stats,2900,1484800,2.960054117022082,1.3788006390677765,4.338854756089859,0.010939727518707514,0.10289553780552378,0.10289553780552378
physical_fixed,33,expanded_stats,3000,1536000,3.0587620896985754,1.425277037662454,4.484039127361029,0.011094421204179526,0.10291826031908916,0.10289553780552378
physical_fixed,33,deepsets,0,0,0.0,0.0,0.0,,0.5585499618233061,0.5585499618233061
physical_fixed,33,deepsets,100,51200,0.11441999790258706,0.04686688492074609,0.16128688282333314,0.0531877703871578,0.13008740134588404,0.13008740134588404
physical_fixed,33,deepsets,200,102400,0.22778018284589052,0.09370029787532985,0.3214804807212204,0.01666246123611927,0.12815019987635873,0.12815019987635873
physical_fixed,33,deepsets,300,153600,0.34028076427057385,0.1404838952003047,0.48076465947087854,0.015474878810346126,0.11812711443708314,0.11812711443708314
physical_fixed,33,deepsets,400,204800,0.45418413111474365,0.18761394114699215,0.6417980722617358,0.01179440806619823,0.10352630244713645,0.10352630244713645
physical_fixed,33,deepsets,500,256000,0.5681826216168702,0.2349625596543774,0.8031451812712476,0.011017350936308503,0.10340475790437317,0.10340475790437317
physical_fixed,33,deepsets,600,307200,0.6810909159248695,0.2817517265211791,0.9628426424460486,0.010842546978965402,0.10385304609597243,0.10340475790437317
physical_fixed,33,deepsets,700,358400,0.7939765254268423,0.32846938737202436,1.1224459127988666,0.011041221180930734,0.1031554047994696,0.1031554047994696
physical_fixed,33,deepsets,800,409600,0.9068144802004099,0.3751920312643051,1.282006511464715,0.01096214103512466,0.10338630372773551,0.1031554047994696
physical_fixed,33,deepsets,900,460800,1.0197702307486907,0.42189272481482476,1.4416629555635154,0.01094294094480574,0.10314000239290523,0.10314000239290523
physical_fixed,33,deepsets,1000,512000,1.1328061470994726,0.4686178433476016,1.6014239904470742,0.01093973827548325,0.10330169722780665,0.10314000239290523
physical_fixed,33,deepsets,1100,563200,1.2457206572871655,0.5154679614352062,1.7611886187223718,0.01112529806792736,0.10340530942292807,0.10314000239290523
physical_fixed,33,deepsets,1200,614400,1.3586554009234533,0.5622098221210763,1.9208652230445296,0.011051984196528792,0.10368728577172433,0.10314000239290523
physical_fixed,33,deepsets,1300,665600,1.471483696019277,0.6089503193506971,2.080434015369974,0.010951579306274653,0.10301414700153844,0.10301414700153844
physical_fixed,33,deepsets,1400,716800,1.5852104605874047,0.6556732923490927,2.2408837529364973,0.010852173054590821,0.10304536247926642,0.10301414700153844
physical_fixed,33,deepsets,1500,768000,1.6979738964000717,0.702377324574627,2.4003512209746987,0.010906407414004206,0.10351961900802496,0.10301414700153844
physical_fixed,33,deepsets,1600,819200,1.8136001342209056,0.7510122685926035,2.564612402813509,0.010937929023057222,0.10400534432550337,0.10301414700153844
physical_fixed,33,deepsets,1700,870400,1.927037779125385,0.7982193939387798,2.725257173064165,0.010921590812504291,0.10301011316926864,0.10301011316926864
physical_fixed,33,deepsets,1800,921600,2.040287290350534,0.8454255650285631,2.885712855379097,0.01080150851048529,0.10326681847987723,0.10301011316926864
physical_fixed,33,deepsets,1900,972800,2.153277028584853,0.8926500965608284,3.045927125145681,0.01087910721078515,0.10305304017820693,0.10301011316926864
physical_fixed,33,deepsets,2000,1024000,2.2665357822552323,0.9399014970986173,3.2064372793538496,0.010893712863326072,0.10295130477858543,0.10295130477858543
physical_fixed,33,deepsets,2100,1075200,2.37967198388651,0.9872105859685689,3.366882569855079,0.01100464883260429,0.10300196915622539,0.10295130477858543
physical_fixed,33,deepsets,2200,1126400,2.492754501174204,1.0344288139604032,3.5271833151346073,0.010891670063138008,0.10292859163172183,0.10292859163172183
physical_fixed,33,deepsets,2300,1177600,2.605757222045213,1.081585034262389,3.687342256307602,0.010989569332450629,0.1035343163525748,0.10292859163172183
physical_fixed,33,deepsets,2400,1228800,2.7190471632638946,1.1288090355228633,3.847856198786758,0.010818236703053118,0.10294475206223695,0.10292859163172183
physical_fixed,33,deepsets,2500,1280000,2.8321474557742476,1.1760455399053171,4.008192995679565,0.010964948032051326,0.1031970459135155,0.10292859163172183
physical_fixed,33,deepsets,2600,1331200,2.9455340964486822,1.223176263156347,4.168710359605029,0.01098111156374216,0.1029321100152238,0.10292859163172183
physical_fixed,33,deepsets,2700,1382400,3.0587838125647977,1.27042297529988,4.329206787864678,0.010917270900681614,0.10381204876634705,0.10292859163172183
physical_fixed,33,deepsets,2800,1433600,3.172825821209699,1.3180554463760927,4.490881267585792,0.010829006517305971,0.10346023653378518,0.10292859163172183
physical_fixed,33,deepsets,2900,1484800,3.287043284624815,1.3658190236892551,4.65286230831407,0.01094234530813992,0.10323319112125844,0.10292859163172183
physical_fixed,33,deepsets,3000,1536000,3.4001953286351636,1.4128188099712133,4.813014138606377,0.01110056127421558,0.10293468990938381,0.10292859163172183
physical_fixed,33,raw,0,0,0.0,0.0,0.0,,0.5031920102192513,0.5031920102192513
physical_fixed,33,raw,100,51200,0.07949820812791586,0.04685475991573185,0.1263529680436477,0.03220054804347455,0.13578459423741704,0.13578459423741704
physical_fixed,33,raw,200,102400,0.15826791676227003,0.09367876464966685,0.2519466814119369,0.01823006539605558,0.1353954358044757,0.1353954358044757
physical_fixed,33,raw,300,153600,0.23714248661417514,0.14064238592982292,0.37778487254399806,0.01805664675310254,0.13501208270727527,0.13501208270727527
physical_fixed,33,raw,400,204800,0.3158657536841929,0.18734882457647473,0.5032145782606676,0.018085121065378188,0.13444470513220041,0.13444470513220041
physical_fixed,33,raw,500,256000,0.3947598274098709,0.23438627389259636,0.6291461013024673,0.017864313283935188,0.13372301230934236,0.13372301230934236
physical_fixed,33,raw,600,307200,0.47386779624503106,0.2813021173933521,0.7551699136383832,0.017896337024867533,0.1328744796155393,0.1328744796155393
physical_fixed,33,raw,700,358400,0.5528847560053691,0.32812919840216637,0.8810139544075355,0.017794950641691686,0.13303678182015452,0.1328744796155393
physical_fixed,33,raw,800,409600,0.6319094052305445,0.37501467438414693,1.0069240796146914,0.01728827548213303,0.13201443509871125,0.13201443509871125
physical_fixed,33,raw,900,460800,0.7107907753670588,0.4219459602609277,1.1327367356279865,0.01672483142465353,0.12915728575133928,0.12915728575133928
physical_fixed,33,raw,1000,512000,0.7895484970649704,0.4687708489364013,1.2583193460013717,0.016413500402122735,0.1275966220927464,0.1275966220927464
physical_fixed,33,raw,1100,563200,0.8684418834745884,0.5156090507516637,1.3840509342262521,0.01613393919542432,0.1262385163683184,0.1262385163683184
physical_fixed,33,raw,1200,614400,0.9471622573910281,0.5625721651595086,1.5097344225505367,0.01545921272598207,0.12022114666414822,0.12022114666414822
physical_fixed,33,raw,1300,665600,1.0257991453399882,0.609409177210182,1.6352083225501701,0.014418137520551681,0.12553275351681661,0.12022114666414822
physical_fixed,33,raw,1400,716800,1.1042877152794972,0.656274281674996,1.7605619969544932,0.01373508428223431,0.11233033709199154,0.11233033709199154
physical_fixed,33,raw,1500,768000,1.183118661516346,0.7032517467159778,1.8863704082323238,0.012695587808266282,0.11030073825006174,0.11030073825006174
physical_fixed,33,raw,1600,819200,1.2619434049120173,0.7500214703613892,2.0119648752734065,0.012986100325360895,0.11249613929655086,0.11030073825006174
physical_fixed,33,raw,1700,870400,1.3407150891143829,0.7968605272471905,2.1375756163615733,0.012026640670374036,0.1069337394171403,0.1069337394171403
physical_fixed,33,raw,1800,921600,1.4193627381464466,0.8437489256029949,2.2631116637494415,0.011772948056459428,0.10561525093835314,0.10561525093835314
physical_fixed,33,raw,1900,972800,1.498029826907441,0.8908209522487596,2.3888507791562006,0.011426553903147578,0.10826858576464679,0.10561525093835314
physical_fixed,33,raw,2000,1024000,1.5767835539299995,0.9377201504539698,2.5145037043839693,0.01196496675722301,0.104804870120714,0.104804870120714
physical_fixed,33,raw,2100,1075200,1.6559088077628985,0.9847888420335948,2.6406976497964934,0.011724421624094247,0.10878871634430455,0.104804870120714
physical_fixed,33,raw,2200,1126400,1.7347492915578187,1.0316995678003877,2.7664488593582064,0.011720617860555648,0.10815593018362739,0.104804870120714
physical_fixed,33,raw,2300,1177600,1.8136185077019036,1.078773315763101,2.8923918234650046,0.011540675181895494,0.1054426057213017,0.104804870120714
physical_fixed,33,raw,2400,1228800,1.8926248421194032,1.125776976114139,3.018401818233542,0.011408675694838166,0.10463202379125769,0.10463202379125769
physical_fixed,33,raw,2500,1280000,1.9713568754959852,1.172663523349911,3.144020398845896,0.01159656247124076,0.10617566240480077,0.10463202379125769
physical_fixed,33,raw,2600,1331200,2.050152712268755,1.2195783368078992,3.269731049076654,0.011845897631719709,0.10535432969510136,0.10463202379125769
physical_fixed,33,raw,2700,1382400,2.128966878168285,1.2665735847549513,3.395540462923236,0.011324946731328965,0.10474705378602298,0.10463202379125769
physical_fixed,33,raw,2800,1433600,2.2087178381625563,1.3140517964493483,3.5227696346119046,0.011320896409451962,0.10487194255869081,0.10463202379125769
physical_fixed,33,raw,2900,1484800,2.288514187792316,1.3614363119704649,3.649950499762781,0.011328766234219073,0.11223675730096627,0.10463202379125769
physical_fixed,33,raw,3000,1536000,2.3674163575051352,1.4084872617386281,3.7759036192437634,0.011731601767241955,0.1047830150626235,0.10463202379125769
physical_snr,11,deepsets,0,0,0.0,0.0,0.0,,0.44715209542822837,0.44715209542822837
physical_snr,11,deepsets,100,51200,0.11399513459764421,0.04970898828469217,0.16370412288233638,0.04919471796602011,0.11462665056121978,0.11462665056121978
physical_snr,11,deepsets,200,102400,0.22724911000113934,0.0993559651542455,0.32660507515538484,0.011824191501364111,0.10489743294191214,0.10489743294191214
physical_snr,11,deepsets,300,153600,0.34063470747787505,0.14897081721574068,0.48960552469361573,0.011297178491950034,0.1036791749865019,0.1036791749865019
physical_snr,11,deepsets,400,204800,0.4545986674493179,0.1987616141559556,0.6533602816052735,0.011036793496459722,0.10336132606727721,0.10336132606727721
physical_snr,11,deepsets,500,256000,0.5685083855642006,0.24867447977885604,0.8171828653430566,0.01098584153689444,0.10321093454949737,0.10321093454949737
physical_snr,11,deepsets,600,307200,0.6826121397316456,0.2985435758018866,0.9811557155335322,0.010948957391083241,0.10305625299670207,0.10305625299670207
physical_snr,11,deepsets,700,358400,0.7964876110199839,0.34830907569266856,1.1447966867126524,0.010998521847650409,0.1033906187451927,0.10305625299670207
physical_snr,11,deepsets,800,409600,0.9102793091442436,0.3979503884911537,1.3082296976353973,0.010862860279157758,0.10290330153134951,0.10290330153134951
physical_snr,11,deepsets,900,460800,1.0240117463981733,0.4476869738427922,1.4716987202409655,0.010865348223596812,0.10320660841813853,0.10290330153134951
physical_snr,11,deepsets,1000,512000,1.137493030866608,0.49719032761640847,1.6346833584830165,0.010720956502482296,0.10263175799066601,0.10263175799066601
physical_snr,11,deepsets,1100,563200,1.2510921036591753,0.5468897389946505,1.7979818426538259,0.010826015640050172,0.10287469316686844,0.10263175799066601
physical_snr,11,deepsets,1200,614400,1.3646885644411668,0.5964402336394414,1.9611287980806082,0.010970149412751198,0.10253535181374329,0.10253535181374329
physical_snr,11,deepsets,1300,665600,1.4788580832537264,0.646148762316443,2.1250068455701694,0.010852334168739618,0.10261225181864644,0.10253535181374329
physical_snr,11,deepsets,1400,716800,1.5930109566543251,0.6959855784662068,2.288996535120532,0.010937046688050032,0.1025980755271953,0.10253535181374329
physical_snr,11,deepsets,1500,768000,1.707190676475875,0.7457770396722481,2.452967716148123,0.010880375551059841,0.10262335321516626,0.10253535181374329
physical_snr,11,deepsets,1600,819200,1.8205525558441877,0.7954105420503765,2.6159630978945643,0.010794435320422053,0.10195929017007123,0.10195929017007123
physical_snr,11,deepsets,1700,870400,1.9340097580570728,0.8451119544915855,2.7791217125486583,0.010735657149925828,0.10178884575502996,0.10178884575502996
physical_snr,11,deepsets,1800,921600,2.047609857399948,0.8948090027552098,2.9424188601551577,0.010639890544116497,0.10225250977731905,0.10178884575502996
physical_snr,11,deepsets,1900,972800,2.160672416794114,0.9444174729287624,3.1050898897228763,0.010777060911059379,0.10187485662464855,0.10178884575502996
physical_snr,11,deepsets,2000,1024000,2.2741705098887905,0.993979002465494,3.2681495123542845,0.010580315347760915,0.10125408812572653,0.10125408812572653
physical_snr,11,deepsets,2100,1075200,2.388224422931671,1.0439083498204127,3.432132772752084,0.010290466407313943,0.10159327101852757,0.10125408812572653
physical_snr,11,deepsets,2200,1126400,2.5026412600418553,1.0941776423715055,3.5968189024133608,0.010430029565468431,0.10034263904038476,0.10034263904038476
physical_snr,11,deepsets,2300,1177600,2.617293603369035,1.1437020420562476,3.7609956454252824,0.010291931750252843,0.10014912407405753,0.10014912407405753
physical_snr,11,deepsets,2400,1228800,2.73204456071835,1.1933335948269814,3.9253781555453315,0.010236287480220199,0.09948652114445447,0.09948652114445447
physical_snr,11,deepsets,2500,1280000,2.8466308227507398,1.2430572995217517,4.0896881222724915,0.010053507443517446,0.09934407943589017,0.09934407943589017
physical_snr,11,deepsets,2600,1331200,2.9610046149464324,1.2927491498412564,4.253753764787689,0.010082709826529026,0.09915047307309577,0.09915047307309577
physical_snr,11,deepsets,2700,1382400,3.075457309256308,1.3423742230515927,4.4178315323079005,0.009973722631111742,0.09988607409973876,0.09915047307309577
physical_snr,11,deepsets,2800,1433600,3.1895159871783108,1.392104439320974,4.581620426499285,0.009946265332400799,0.10004279279691665,0.09915047307309577
physical_snr,11,deepsets,2900,1484800,3.30405775597319,1.4417667449451983,4.745824500918388,0.009896035762503743,0.09940193138617978,0.09915047307309577
physical_snr,11,deepsets,3000,1536000,3.418445357121527,1.4914413177175447,4.909886674839072,0.009816901199519635,0.09866000400511196,0.09866000400511196
physical_snr,11,raw,0,0,0.0,0.0,0.0,,0.44442691246277777,0.44442691246277777
physical_snr,11,raw,100,51200,0.08057518035639077,0.049348881002515554,0.12992406135890633,0.06511003568768502,0.21162017372461442,0.21162017372461442
physical_snr,11,raw,200,102400,0.16073099395725876,0.09866526862606406,0.2593962625833228,0.03418850230053067,0.12717257936881832,0.12717257936881832
physical_snr,11,raw,300,153600,0.24100949720013887,0.1478184839943424,0.38882798119448125,0.01433311203494668,0.11402947865569114,0.11402947865569114
physical_snr,11,raw,400,204800,0.32094268884975463,0.19694049446843565,0.5178831833181903,0.013199347211048007,0.11177979024566864,0.11177979024566864
physical_snr,11,raw,500,256000,0.4008159564109519,0.2459867325378582,0.6468026889488101,0.012667518155649305,0.11171131696035676,0.11171131696035676
physical_snr,11,raw,600,307200,0.48053765995427966,0.2950026907492429,0.7755403507035226,0.012390741407871246,0.10714734396478691,0.10714734396478691
physical_snr,11,raw,700,358400,0.5599902126705274,0.34399821679107845,0.9039884294616058,0.011883698925375939,0.1060074320802182,0.1060074320802182
physical_snr,11,raw,800,409600,0.6398740779841319,0.3931445190683007,1.0330185970524326,0.011523545794188976,0.10488484950969111,0.10488484950969111
physical_snr,11,raw,900,460800,0.7192624816671014,0.44217925530392677,1.1614417369710281,0.011351719489321113,0.10687569008687839,0.10488484950969111
physical_snr,11,raw,1000,512000,0.7984364812728018,0.4912551683373749,1.2896916496101767,0.011268555894494056,0.10433748089001098,0.10433748089001098
physical_snr,11,raw,1100,563200,0.8774958568392321,0.540322913788259,1.4178187706274912,0.01132224059663713,0.10925228760232009,0.10433748089001098
physical_snr,11,raw,1200,614400,0.9566499218344688,0.5893898692447692,1.546039791079238,0.011501430915668607,0.10574898577857905,0.10433748089001098
physical_snr,11,raw,1300,665600,1.0356099533382803,0.6383873575832695,1.6739973109215498,0.01132927855476737,0.10454336498866927,0.10433748089001098
physical_snr,11,raw,1400,716800,1.1149279054952785,0.6873663027072325,1.802294208202511,0.011526976143941284,0.10427273909039417,0.10427273909039417
physical_snr,11,raw,1500,768000,1.1944847300183028,0.7364814300090075,1.9309661600273103,0.0114301026891917,0.10436731377436152,0.10427273909039417
physical_snr,11,raw,1600,819200,1.2738511267816648,0.7855834036599845,2.0594345304416493,0.011412933515384794,0.10416117339673063,0.10416117339673063
physical_snr,11,raw,1700,870400,1.3533398911822587,0.8346667281584814,2.18800661934074,0.01132735885679722,0.1041545945470594,0.1041545945470594
physical_snr,11,raw,1800,921600,1.4334636977873743,0.8843523013638332,2.3178159991512075,0.011321269255131484,0.1040851383832769,0.1040851383832769
physical_snr,11,raw,1900,972800,1.5136012366274372,0.9340074770152569,2.447608713642694,0.01154977947473526,0.10409708675877266,0.1040851383832769
physical_snr,11,raw,2000,1024000,1.5926901525817811,0.9831189028918743,2.5758090554736555,0.011322607370093465,0.10420342824764088,0.1040851383832769
physical_snr,11,raw,2100,1075200,1.6719623105600476,1.0322256431682035,2.704187953728251,0.011138775702565908,0.10438545101232939,0.1040851383832769
physical_snr,11,raw,2200,1126400,1.7512298813089728,1.0812655681511387,2.8324954494601116,0.01134901694022119,0.10427446755708134,0.1040851383832769
physical_snr,11,raw,2300,1177600,1.8304060605587438,1.1303164423443377,2.9607225029030815,0.011384928217157721,0.1044976782214341,0.1040851383832769
physical_snr,11,raw,2400,1228800,1.9097083943197504,1.179506982327439,3.0892153766471893,0.011268203780055046,0.10429894442372546,0.1040851383832769
physical_snr,11,raw,2500,1280000,1.988901273929514,1.2285833843052387,3.2174846582347527,0.011285656243562698,0.10409960029016027,0.1040851383832769
physical_snr,11,raw,2600,1331200,2.068179048364982,1.2775458105606958,3.345724858925678,0.01134960631839931,0.10413312807596876,0.1040851383832769
physical_snr,11,raw,2700,1382400,2.1476297141052783,1.3269413892412558,3.474571103346534,0.011083060204982757,0.10399319682538004,0.10399319682538004
physical_snr,11,raw,2800,1433600,2.2268335020635277,1.3760478805052117,3.6028813825687394,0.011219058502465486,0.10453174829461541,0.10399319682538004
physical_snr,11,raw,2900,1484800,2.3065121670952067,1.4252035587560385,3.7317157258512452,0.011285167103633285,0.10431153394923928,0.10399319682538004
physical_snr,11,raw,3000,1536000,2.385723333340138,1.474267894984223,3.859991228324361,0.011126894047483802,0.10483439648802823,0.10399319682538004
physical_snr,11,mean_var,0,0,0.0,0.0,0.0,,0.4313919572495681,0.4313919572495681
physical_snr,11,mean_var,100,51200,0.08485334005672485,0.04915226891171187,0.13400560896843672,0.03659085754305124,0.11144687206111441,0.11144687206111441
physical_snr,11,mean_var,200,102400,0.16950768372043967,0.09829198138322681,0.2677996651036665,0.011883628414943814,0.10603789743060224,0.10603789743060224
physical_snr,11,mean_var,300,153600,0.25399356870912015,0.1474151681177318,0.40140873682685196,0.011533525642007589,0.10452924302936635,0.10452924302936635
physical_snr,11,mean_var,400,204800,0.3390835140598938,0.19659857917577028,0.5356820932356641,0.01120658385567367,0.10408781699584903,0.10408781699584903
physical_snr,11,mean_var,500,256000,0.42369809246156365,0.2456687573576346,0.6693668498191983,0.011090156631544232,0.10362953593828225,0.10362953593828225
physical_snr,11,mean_var,600,307200,0.5082840240793303,0.29485554434359074,0.803139568422921,0.01101215898990631,0.10329892577442257,0.10329892577442257
physical_snr,11,mean_var,700,358400,0.5925361228873953,0.34386656479910016,0.9364026876864955,0.01099816320464015,0.10369751616965574,0.10329892577442257
physical_snr,11,mean_var,800,409600,0.6769059451762587,0.39267746557015926,1.069583410746418,0.01082604233175516,0.10278377105363885,0.10278377105363885
physical_snr,11,mean_var,900,460800,0.7613908073399216,0.44166393647901714,1.2030547438189387,0.01072910794056952,0.1022125002617024,0.1022125002617024
physical_snr,11,mean_var,1000,512000,0.8460887328255922,0.4907881886465475,1.3368769214721397,0.010441711395978928,0.10142665974901305,0.10142665974901305
physical_snr,11,mean_var,1100,563200,0.9304261351935565,0.5398979770252481,1.4703241122188047,0.010364328445866704,0.10278820508191079,0.10142665974901305
physical_snr,11,mean_var,1200,614400,1.015239806380123,0.5890596205135807,1.6042994268937036,0.01028407114557922,0.1007814366606088,0.1007814366606088
physical_snr,11,mean_var,1300,665600,1.099596049869433,0.6381557818967849,1.737751831766218,0.01004943335428834,0.09880960550515709,0.09880960550515709
physical_snr,11,mean_var,1400,716800,1.1841942843748257,0.6872447850182652,1.871439069393091,0.010006988551467658,0.09821976908936479,0.09821976908936479
physical_snr,11,mean_var,1500,768000,1.2686635919380933,0.7363595785573125,2.005023170495406,0.00977668110281229,0.09761103295363872,0.09761103295363872
physical_snr,11,mean_var,1600,819200,1.352954891626723,0.7855130622629076,2.1384679538896307,0.009775650314986705,0.09829503436637915,0.09761103295363872
physical_snr,11,mean_var,1700,870400,1.4375144366640598,0.8346176201011986,2.2721320567652583,0.009596617165952922,0.09773725783446965,0.09761103295363872
physical_snr,11,mean_var,1800,921600,1.5237887010443956,0.884932580171153,2.4087212812155485,0.009589787786826492,0.09730345002656483,0.09730345002656483
physical_snr,11,mean_var,1900,972800,1.6083034090697765,0.9339600327657536,2.54226344183553,0.009728937852196395,0.09710290962143613,0.09710290962143613
physical_snr,11,mean_var,2000,1024000,1.6930087049258873,0.9830361290369183,2.6760448339628056,0.009538229764439165,0.09707138068903509,0.09707138068903509
physical_snr,11,mean_var,2100,1075200,1.7775433153146878,1.0321915621170774,2.809734877431765,0.009366664248518645,0.0976232885156045,0.09707138068903509
physical_snr,11,mean_var,2200,1126400,1.8621811056509614,1.0813121112296358,2.943493216880597,0.009595363466069103,0.09703842894207074,0.09703842894207074
physical_snr,11,mean_var,2300,1177600,1.9466614965349436,1.1304106920724735,3.077072188607417,0.00955203794874251,0.09752879665834356,0.09703842894207074
physical_snr,11,mean_var,2400,1228800,2.0310348420171067,1.1796211382606998,3.2106559802778065,0.009603490885347128,0.09716910895311975,0.09703842894207074
physical_snr,11,mean_var,2500,1280000,2.115433362778276,1.2288287684787065,3.3442621312569827,0.009466679291799665,0.09697470603699469,0.09697470603699469
physical_snr,11,mean_var,2600,1331200,2.200070856953971,1.2780877554323524,3.4781586123863235,0.009494490935467184,0.0968478531475385,0.0968478531475385
physical_snr,11,mean_var,2700,1382400,2.284515358041972,1.3272989615797997,3.6118143196217716,0.009388028755784034,0.09709038946934477,0.0968478531475385
physical_snr,11,mean_var,2800,1433600,2.3687859680503607,1.376349278842099,3.7451352468924597,0.009408013476058841,0.09714290596508923,0.0968478531475385
physical_snr,11,mean_var,2900,1484800,2.4531811992637813,1.4253732328070328,3.878554432070814,0.009378375145606696,0.09712876292427336,0.0968478531475385
physical_snr,11,mean_var,3000,1536000,2.53760357783176,1.474437236902304,4.012040814734064,0.009344006599858403,0.09698016356744782,0.0968478531475385
physical_snr,11,expanded_stats,0,0,0.0,0.0,0.0,,0.43942989963339274,0.43942989963339274
physical_snr,11,expanded_stats,100,51200,0.10070352593902498,0.04959859908558428,0.15030212502460927,0.03461883559823036,0.11804205661658142,0.11804205661658142
physical_snr,11,expanded_stats,200,102400,0.2012216766597703,0.0991849354468286,0.3004066121065989,0.013173405127599836,0.11089253879897833,0.11089253879897833
physical_snr,11,expanded_stats,300,153600,0.301977107883431,0.14900130091700703,0.45097840880043805,0.012121995752677322,0.1055974816966217,0.1055974816966217
physical_snr,11,expanded_stats,400,204800,0.40267435065470636,0.1985903645399958,0.6012647151947021,0.010993632869794965,0.10162413818697297,0.10162413818697297
physical_snr,11,expanded_stats,500,256000,0.5029385942034423,0.24801451375242323,0.7509531079558656,0.010187847260385751,0.09968270070240572,0.09968270070240572
physical_snr,11,expanded_stats,600,307200,0.6034319711616263,0.29756330035161227,0.9009952715132385,0.009832629840821028,0.09856476034711807,0.09856476034711807
physical_snr,11,expanded_stats,700,358400,0.7039766412926838,0.3471571382833645,1.0511337795760483,0.009696193430572748,0.09866233414739609,0.09856476034711807
physical_snr,11,expanded_stats,800,409600,0.804574494366534,0.39674777153413743,1.2013222659006715,0.0096512869047001,0.09760268955255473,0.09760268955255473
physical_snr,11,expanded_stats,900,460800,0.9051930531859398,0.4463849284220487,1.3515779816079885,0.009559032274410129,0.09767715933813945,0.09760268955255473
physical_snr,11,expanded_stats,1000,512000,1.0057538740802556,0.4959141076542437,1.5016679817344993,0.009381162384524942,0.0972109736478438,0.0972109736478438
physical_snr,11,expanded_stats,1100,563200,1.106313565513119,0.5455215675756335,1.6518351330887526,0.00937546330038458,0.09742015398918304,0.0972109736478438
physical_snr,11,expanded_stats,1200,614400,1.2068893902469426,0.5952011061599478,1.8020904964068905,0.009503267863765359,0.09716646920135856,0.09716646920135856
physical_snr,11,expanded_stats,1300,665600,1.3073012676322833,0.6447418462485075,1.9520431138807908,0.009504962349310517,0.09678915146569828,0.09678915146569828
physical_snr,11,expanded_stats,1400,716800,1.409072789712809,0.6949380876030773,2.1040108773158863,0.009533319883048534,0.0969623088279881,0.09678915146569828
physical_snr,11,expanded_stats,1500,768000,1.510620195651427,0.7452122869435698,2.2558324825949967,0.00942315809428692,0.09654294268218606,0.09654294268218606
physical_snr,11,expanded_stats,1600,819200,1.6108562996378168,0.794755662442185,2.405611962080002,0.009401034656912088,0.09653353095417928,0.09653353095417928
physical_snr,11,expanded_stats,1700,870400,1.711035512154922,0.8441890118410811,2.555224523996003,0.009314530156552791,0.09745969929740962,0.09653353095417928
physical_snr,11,expanded_stats,1800,921600,1.811360415420495,0.8935748947551474,2.7049353101756424,0.009284251518547535,0.09752998416780524,0.09653353095417928
physical_snr,11,expanded_stats,1900,972800,1.9118732290808111,0.9429998454870656,2.8548730745678768,0.009376752562820912,0.09633374362949448,0.09633374362949448
physical_snr,11,expanded_stats,2000,1024000,2.0121443254174665,0.9925383968511596,3.004682722268626,0.009235124015249311,0.09616510481929212,0.09616510481929212
physical_snr,11,expanded_stats,2100,1075200,2.112539890455082,1.0419736737385392,3.1545135641936213,0.009112187935970724,0.096585770666683,0.09616510481929212
physical_snr,11,expanded_stats,2200,1126400,2.2127339422004297,1.0914234353695065,3.304157377569936,0.009334452473558486,0.09636772069185931,0.09616510481929212
physical_snr,11,expanded_stats,2300,1177600,2.3128794566728175,1.1409731216263026,3.45385257829912,0.009295984972268342,0.09658567306369557,0.09616510481929212
physical_snr,11,expanded_stats,2400,1228800,2.4132340262876824,1.1904285629279912,3.6036625892156735,0.009376920200884343,0.09642770387055703,0.09616510481929212
physical_snr,11,expanded_stats,2500,1280000,2.5136507434071973,1.2398449134780094,3.7534956568852067,0.009202954578213393,0.0966522990973812,0.09616510481929212
physical_snr,11,expanded_stats,2600,1331200,2.6138964468846098,1.2892649858258665,3.903161432710476,0.009225389654748142,0.0963226519016557,0.09616510481929212
physical_snr,11,expanded_stats,2700,1382400,2.71415412647184,1.338686647824943,4.052840774296783,0.00915876538027078,0.09660454722575144,0.09616510481929212
physical_snr,11,expanded_stats,2800,1433600,2.814415923669003,1.3880855207098648,4.202501444378868,0.009180735009722411,0.09644517448798877,0.09616510481929212
physical_snr,11,expanded_stats,2900,1484800,2.9147143894806504,1.4375572598073632,4.352271649288014,0.009172678841277957,0.0965898145870725,0.09616510481929212
physical_snr,11,expanded_stats,3000,1536000,3.0148263908922672,1.4869907937245443,4.501817184616812,0.00912293942645192,0.09643577060003367,0.09616510481929212
physical_snr,22,raw,0,0,0.0,0.0,0.0,,0.6652315726676853,0.6652315726676853
physical_snr,22,raw,100,51200,0.07986561954021454,0.049281537416391075,0.1291471569566056,0.10875920571386814,0.22027168073041625,0.22027168073041625
physical_snr,22,raw,200,102400,0.159226069226861,0.09855291387066245,0.25777898309752345,0.04486524496227503,0.21288737039655442,0.21288737039655442
physical_snr,22,raw,300,153600,0.23865019949153066,0.14778642589226365,0.3864366253837943,0.04372563876211643,0.2119196672136783,0.2119196672136783
physical_snr,22,raw,400,204800,0.3182120784185827,0.19700947450473905,0.5152215529233217,0.043943232037127015,0.21167402683765033,0.21167402683765033
physical_snr,22,raw,500,256000,0.3974402300082147,0.24633121537044644,0.6437714453786612,0.0442122944816947,0.21158502397744472,0.21158502397744472
physical_snr,22,raw,600,307200,0.47695161344017833,0.2954460288165137,0.772397642256692,0.044074972830712794,0.21154749065274947,0.21154749065274947
physical_snr,22,raw,700,358400,0.5561578320339322,0.34460817521903664,0.9007660072529688,0.04363716524094343,0.21152927194851803,0.21152927194851803
physical_snr,22,raw,800,409600,0.6357169423718005,0.393823828198947,1.0295407705707476,0.04418851666152477,0.21151623923875662,0.21151623923875662
physical_snr,22,raw,900,460800,0.7151224453700706,0.442978601786308,1.1581010471563786,0.0441279399767518,0.2115081259713336,0.2115081259713336
physical_snr,22,raw,1000,512000,0.795095102977939,0.4928950562607497,1.2879901592386886,0.044082565680146214,0.21150281495954154,0.21150281495954154
physical_snr,22,raw,1100,563200,0.8753941579489037,0.5427873118314892,1.418181469780393,0.04369023710489273,0.21149767120469962,0.21149767120469962
physical_snr,22,raw,1200,614400,0.9545586623717099,0.5920267809415236,1.5465854433132336,0.04366367436945438,0.2114917100114896,0.2114917100114896
physical_snr,22,raw,1300,665600,1.0338724323082715,0.6411729477113113,1.6750453800195828,0.043673934191465376,0.2114825837336473,0.2114825837336473
physical_snr,22,raw,1400,716800,1.1133279650239274,0.6903483897913247,1.8036763548152521,0.04335168518126011,0.21146812729913245,0.21146812729913245
physical_snr,22,raw,1500,768000,1.1924814466619864,0.7395420634420589,1.9320235101040453,0.043700965940952304,0.21143644054004768,0.21143644054004768
physical_snr,22,raw,1600,819200,1.2720428392058238,0.7887910291319713,2.060833868337795,0.04380990505218506,0.21119370789991462,0.21119370789991462
physical_snr,22,raw,1700,870400,1.3513246898073703,0.8379705478437245,2.189295237651095,0.04401750478893519,0.21150317583842507,0.21119370789991462
physical_snr,22,raw,1800,921600,1.4308244079584256,0.8870841924799606,2.317908600438386,0.04358084976673126,0.21150222982567615,0.21119370789991462
physical_snr,22,raw,1900,972800,1.5100358399795368,0.9361639749258757,2.4461998149054125,0.0436592149361968,0.21150120151464705,0.21119370789991462
physical_snr,22,raw,2000,1024000,1.5894102576421574,0.9852798525243998,2.574690110166557,0.04394388217478991,0.2115001669990864,0.21119370789991462
physical_snr,22,raw,2100,1075200,1.6688888638745993,1.0345703185303137,2.703459182404913,0.04429799661040306,0.21149904943994619,0.21119370789991462
physical_snr,22,raw,2200,1126400,1.7486432126024738,1.083973379805684,2.832616592408158,0.0437791258841753,0.21149786110037838,0.21119370789991462
physical_snr,22,raw,2300,1177600,1.828425387502648,1.1332894874503836,2.9617148749530315,0.043994802944362164,0.2114965396465507,0.21119370789991462
physical_snr,22,raw,2400,1228800,1.9082539924420416,1.1827025373931974,3.090956529835239,0.04415324471890927,0.21149504746838677,0.21119370789991462
physical_snr,22,raw,2500,1280000,1.9893244882114232,1.23267757659778,3.222002064809203,0.04414053417742252,0.21149344339260234,0.21119370789991462
physical_snr,22,raw,2600,1331200,2.0693327562185004,1.2821989674121141,3.3515317236306146,0.043612961657345295,0.2114915523497282,0.21119370789991462
physical_snr,22,raw,2700,1382400,2.148888191441074,1.3316486249677837,3.4805368164088577,0.0435115173086524,0.21148940016424325,0.21119370789991462
physical_snr,22,raw,2800,1433600,2.2284057894721627,1.3809244112344459,3.6093302007066086,0.04405539061874151,0.21148689976085558,0.21119370789991462
physical_snr,22,raw,2900,1484800,2.3080996678909287,1.4302089777775109,3.7383086456684396,0.04394234798848629,0.21148370233083574,0.21119370789991462
physical_snr,22,raw,3000,1536000,2.388361022225581,1.4799255053512752,3.8682865275768563,0.04360067214816809,0.21147943949056075,0.21119370789991462
physical_snr,22,mean_var,0,0,0.0,0.0,0.0,,0.6593103519676632,0.6593103519676632
physical_snr,22,mean_var,100,51200,0.0855532274581492,0.04936452116817236,0.13491774862632155,0.05726492236368358,0.12786922384171004,0.12786922384171004
physical_snr,22,mean_var,200,102400,0.17061517748516053,0.09875171480234712,0.26936689228750765,0.012717888513579965,0.1128320603533501,0.1128320603533501
physical_snr,22,mean_var,300,153600,0.2557837248314172,0.14807959750760347,0.40386332233902067,0.011637011198326946,0.11011582997530975,0.11011582997530975
physical_snr,22,mean_var,400,204800,0.3406215774593875,0.19740547600667924,0.5380270534660667,0.01138620059005916,0.10889397367885281,0.10889397367885281
physical_snr,22,mean_var,500,256000,0.425254289759323,0.246778343222104,0.672032632981427,0.011335497396066785,0.10839065377155621,0.10839065377155621
physical_snr,22,mean_var,600,307200,0.5099973103497177,0.2961460930528119,0.8061434034025297,0.011214052699506283,0.10807026872341437,0.10807026872341437
physical_snr,22,mean_var,700,358400,0.5944580171490088,0.34542808996047825,0.9398861071094871,0.011066433386877178,0.10768781393819564,0.10768781393819564
physical_snr,22,mean_var,800,409600,0.679418352432549,0.3947832005796954,1.0742015530122444,0.01103028434328735,0.10723012186820192,0.10723012186820192
physical_snr,22,mean_var,900,460800,0.7643889195751399,0.4441674906993285,1.2085564102744684,0.011015482796356082,0.10662746504258713,0.10662746504258713
physical_snr,22,mean_var,1000,512000,0.8519269353710115,0.4950716339517385,1.34699856932275,0.010889399964362383,0.10591579667238746,0.10591579667238746
physical_snr,22,mean_var,1100,563200,0.9375806644093245,0.5446909181773663,1.4822715825866908,0.010669534308835864,0.10514978199266568,0.10514978199266568
physical_snr,22,mean_var,1200,614400,1.0221161551307887,0.5941042858175933,1.616220440948382,0.01057925001718104,0.10421531034833684,0.10421531034833684
physical_snr,22,mean_var,1300,665600,1.107036824338138,0.6435020719654858,1.750538896303624,0.010309318555518985,0.10283926405873946,0.10283926405873946
physical_snr,22,mean_var,1400,716800,1.1925749575020745,0.6933485593181103,1.8859235168201849,0.010070239435881376,0.10198777446425743,0.10198777446425743
physical_snr,22,mean_var,1500,768000,1.27717057405971,0.7426458348054439,2.019816408865154,0.010113229695707559,0.1012185242697518,0.1012185242697518
physical_snr,22,mean_var,1600,819200,1.3621306886198,0.7919727741973475,2.1541034628171474,0.00990244918037206,0.10036132004615664,0.10036132004615664
physical_snr,22,mean_var,1700,870400,1.4471410432597622,0.8413835077080876,2.28852455096785,0.009718703487887979,0.10011801394384903,0.10011801394384903
physical_snr,22,mean_var,1800,921600,1.5336547967744991,0.8913771682418883,2.4250319650163874,0.009631052333861589,0.09897775068045422,0.09897775068045422
physical_snr,22,mean_var,1900,972800,1.6187883880920708,0.9407566785812378,2.5595450666733086,0.009614977077580989,0.09865488860574514,0.09865488860574514
physical_snr,22,mean_var,2000,1024000,1.7046999398153275,0.9906699892599136,2.695369929075241,0.009598628277890384,0.09851874291961417,0.09851874291961417
physical_snr,22,mean_var,2100,1075200,1.8235014495439827,1.0574525921838358,2.8809540417278185,0.009649717267602682,0.09827720841849384,0.09827720841849384
physical_snr,22,mean_var,2200,1126400,1.981011422467418,1.1369618590688333,3.1179732815362513,0.009518580613657832,0.0982604820562692,0.0982604820562692
physical_snr,22,mean_var,2300,1177600,2.0645459431689233,1.1857115490129218,3.250257492181845,0.009595018308609725,0.09821874693605319,0.09821874693605319
physical_snr,22,mean_var,2400,1228800,2.147900400450453,1.234401531633921,3.382301932084374,0.009650182174518705,0.09860521954859498,0.09821874693605319
physical_snr,22,mean_var,2500,1280000,2.232826388790272,1.2831602119840682,3.5159866007743403,0.009534932770766318,0.09842648263869787,0.09821874693605319
physical_snr,22,mean_var,2600,1331200,2.3187507699476555,1.3331051021814346,3.65185587212909,0.009396095857955516,0.09784612653498109,0.09784612653498109
physical_snr,22,mean_var,2700,1382400,2.4035958480089903,1.3824942917563021,3.7860901397652924,0.009469732046127319,0.09862325651510362,0.09784612653498109
physical_snr,22,mean_var,2800,1433600,2.4885278557194397,1.4319004642311484,3.920428319950588,0.009375114748254419,0.09872196844064851,0.09784612653498109
physical_snr,22,mean_var,2900,1484800,2.5733708947664127,1.481307493057102,4.054678387823515,0.009439947158098221,0.09783111083662487,0.09783111083662487
physical_snr,22,mean_var,3000,1536000,2.6584168223198503,1.5308725937502459,4.189289416070096,0.009440098777413369,0.09782228391591284,0.09782228391591284
physical_snr,22,expanded_stats,0,0,0.0,0.0,0.0,,0.6500941868255682,0.6500941868255682
physical_snr,22,expanded_stats,100,51200,0.10222748084925115,0.049992297776043415,0.15221977862529457,0.05672461530193686,0.1294005592037244,0.1294005592037244
physical_snr,22,expanded_stats,200,102400,0.20381943963002414,0.10007632069755346,0.3038957603275776,0.014010470109060407,0.11667276406850063,0.11667276406850063
physical_snr,22,expanded_stats,300,153600,0.30912086949683726,0.15189906116575003,0.4610199306625873,0.012056139893829823,0.10828018478379516,0.10828018478379516
physical_snr,22,expanded_stats,400,204800,0.41011851583607495,0.20153174980077893,0.6116502656368539,0.010654724547639488,0.10212743347273014,0.10212743347273014
physical_snr,22,expanded_stats,500,256000,0.5111132903257385,0.2512706806883216,0.7623839710140601,0.01011738132685423,0.10080186211894526,0.10080186211894526
physical_snr,22,expanded_stats,600,307200,0.6132720692548901,0.30149913881905377,0.9147712080739439,0.009927409868687391,0.09989213971354745,0.09989213971354745
physical_snr,22,expanded_stats,700,358400,0.7149715651758015,0.35160878323949873,1.0665803484153003,0.009639999708160757,0.09899013931321535,0.09899013931321535
physical_snr,22,expanded_stats,800,409600,0.8156314188381657,0.401383099029772,1.2170145178679377,0.009658562210388482,0.09920890723565756,0.09899013931321535
physical_snr,22,expanded_stats,900,460800,0.9161971451248974,0.4509905370650813,1.3671876821899787,0.009593116221949458,0.09899317702270947,0.09899013931321535
physical_snr,22,expanded_stats,1000,512000,1.0169124227249995,0.5006013499805704,1.5175137727055699,0.00953790321946144,0.0982301531873177,0.0982301531873177
physical_snr,22,expanded_stats,1100,563200,1.117764801485464,0.5503638064255938,1.6681286079110578,0.009534186953678726,0.09837707916598244,0.0982301531873177
physical_snr,22,expanded_stats,1200,614400,1.2182708679465577,0.6000871596625075,1.8183580276090652,0.009459817698225379,0.09847809387641064,0.0982301531873177
physical_snr,22,expanded_stats,1300,665600,1.3192356629297137,0.6496521994704381,1.9688878624001518,0.009425201546400785,0.09744937912262362,0.09744937912262362
physical_snr,22,expanded_stats,1400,716800,1.420113174826838,0.6992697224486619,2.1193828972755,0.009271033313125373,0.09753106271964866,0.09744937912262362
physical_snr,22,expanded_stats,1500,768000,1.521166421356611,0.7491874356055632,2.270353856962174,0.009482374293729662,0.09794558586601736,0.09744937912262362
physical_snr,22,expanded_stats,1600,819200,1.6221435096813366,0.7990931053645909,2.4212366150459275,0.0093987044878304,0.09756896667909927,0.09744937912262362
physical_snr,22,expanded_stats,1700,870400,1.7230613239808008,0.8489402458071709,2.5720015697879717,0.009302658010274172,0.09713088562079784,0.09713088562079784
physical_snr,22,expanded_stats,1800,921600,1.824005831615068,0.8987137281801552,2.722719559795223,0.00931147651746869,0.09706164736000268,0.09706164736000268
physical_snr,22,expanded_stats,1900,972800,1.9249453130178154,0.9485974804265425,2.873542793444358,0.009355315761640668,0.09729808795701528,0.09706164736000268
physical_snr,22,expanded_stats,2000,1024000,2.0262026701821014,0.998422532575205,3.0246252027573064,0.009354143436066806,0.09720344829584662,0.09706164736000268
physical_snr,22,expanded_stats,2100,1075200,2.127297155908309,1.0483243585331365,3.1756215144414455,0.009432768952101468,0.09691713780705875,0.09691713780705875
physical_snr,22,expanded_stats,2200,1126400,2.228592467843555,1.0981369622750208,3.3267294301185757,0.009341972060501575,0.09712491352479559,0.09691713780705875
physical_snr,22,expanded_stats,2300,1177600,2.3297566757537425,1.1479631873080507,3.477719863061793,0.009435556516982614,0.09704746309761167,0.09691713780705875
physical_snr,22,expanded_stats,2400,1228800,2.43086162104737,1.1978432782925665,3.6287048993399367,0.009503448125906288,0.09697594743875756,0.09691713780705875
physical_snr,22,expanded_stats,2500,1280000,2.5316850611707196,1.247702142689377,3.7793872038600966,0.009349008328281344,0.0973828664513955,0.09691713780705875
physical_snr,22,expanded_stats,2600,1331200,2.6328331265831366,1.2976557065267116,3.930488833109848,0.009201943832449615,0.09659678807576187,0.09659678807576187
physical_snr,22,expanded_stats,2700,1382400,2.733742528129369,1.3475285378517583,4.081271065981127,0.009256537854671478,0.09686327044994984,0.09659678807576187
physical_snr,22,expanded_stats,2800,1433600,2.8351067019393668,1.3974840660812333,4.2325907680206,0.009225852596573532,0.09749982757425016,0.09659678807576187
physical_snr,22,expanded_stats,2900,1484800,2.936358074308373,1.4473576385062188,4.383715712814592,0.009226548131555318,0.09663378174778298,0.09659678807576187
physical_snr,22,expanded_stats,3000,1536000,3.037494267337024,1.4971820252249017,4.534676292561926,0.009353429386392236,0.09652656386337487,0.09652656386337487
physical_snr,22,deepsets,0,0,0.0,0.0,0.0,,0.6642755166744772,0.6642755166744772
physical_snr,22,deepsets,100,51200,0.11592818587087095,0.05007652787026018,0.16600471374113113,0.106075296420604,0.13668953785410143,0.13668953785410143
physical_snr,22,deepsets,200,102400,0.23154676822014153,0.10034029057715088,0.3318870587972924,0.013330365009605884,0.11097586825960887,0.11097586825960887
physical_snr,22,deepsets,300,153600,0.3453693628543988,0.1500644136685878,0.4954337765229866,0.011264888681471347,0.10838818863723015,0.10838818863723015
physical_snr,22,deepsets,400,204800,0.45925368333701044,0.19981325848493725,0.6590669418219477,0.011093791946768761,0.10751909667630212,0.10751909667630212
physical_snr,22,deepsets,500,256000,0.5733956752810627,0.2495442780200392,0.8229399533011019,0.011079287929460406,0.10704984914438498,0.10704984914438498
physical_snr,22,deepsets,600,307200,0.6876027033431455,0.2992389240534976,0.9868416273966432,0.010977976620197297,0.10684503481106683,0.10684503481106683
physical_snr,22,deepsets,700,358400,0.8016635018866509,0.3488586957100779,1.1505221975967288,0.010857275472953915,0.10667586590024512,0.10667586590024512
physical_snr,22,deepsets,800,409600,0.9154637233586982,0.3983912533149123,1.3138549766736105,0.010863570384681226,0.10649102222765211,0.10649102222765211
physical_snr,22,deepsets,900,460800,1.0296259911265224,0.4479595854645595,1.477585576591082,0.010925415139645338,0.10652269082051032,0.10649102222765211
physical_snr,22,deepsets,1000,512000,1.14379517827183,0.49759495235048234,1.6413901306223124,0.010893186666071414,0.10633938152946695,0.10633938152946695
physical_snr,22,deepsets,1100,563200,1.257899200776592,0.5472508094972,1.8051500102737918,0.010811651954427362,0.10638396310302192,0.10633938152946695
physical_snr,22,deepsets,1200,614400,1.3718178962590173,0.5968834583181888,1.968701354577206,0.010850725444033742,0.1067544825102309,0.10633938152946695
physical_snr,22,deepsets,1300,665600,1.4856824377784505,0.6465942426584661,2.1322766804369166,0.010763471759855748,0.10631927495759066,0.10631927495759066
physical_snr,22,deepsets,1400,716800,1.5998486781027168,0.6962897274643183,2.296138405567035,0.01069372182711959,0.10643824631287435,0.10631927495759066
physical_snr,22,deepsets,1500,768000,1.714165594195947,0.7461162700783461,2.460281864274293,0.010782772293314338,0.10633994243192173,0.10631927495759066
physical_snr,22,deepsets,1600,819200,1.8284353368217126,0.7958811250282452,2.6243164618499577,0.010874631199985742,0.10597465434774138,0.10597465434774138
physical_snr,22,deepsets,1700,870400,1.942531690816395,0.8455103768501431,2.788042067666538,0.01075255055911839,0.10611095100716968,0.10597465434774138
physical_snr,22,deepsets,1800,921600,2.0566109429346398,0.8951993132941425,2.9518102562287822,0.01074403832666576,0.10587975495138588,0.10587975495138588
physical_snr,22,deepsets,1900,972800,2.1708795736776665,0.9447941459948197,3.115673719672486,0.010748511413112283,0.10585606710488368,0.10585606710488368
physical_snr,22,deepsets,2000,1024000,2.2852218074258417,0.9943131215404719,3.2795349289663136,0.01081208698451519,0.10640400567927677,0.10585606710488368
physical_snr,22,deepsets,2100,1075200,2.3994565384928137,1.0439740895526484,3.443430628045462,0.010774420294910669,0.10534290133124798,0.10534290133124798
physical_snr,22,deepsets,2200,1126400,2.513879672042094,1.093613874167204,3.607493546209298,0.010686081228777766,0.10582533055491128,0.10534290133124798
physical_snr,22,deepsets,2300,1177600,2.6281331130303442,1.1432235406246036,3.771356653654948,0.010809304723516107,0.10744750727269782,0.10534290133124798
physical_snr,22,deepsets,2400,1228800,2.743041746551171,1.193254355690442,3.936296102241613,0.010855819927528501,0.10507419580629346,0.10507419580629346
physical_snr,22,deepsets,2500,1280000,2.8604908895213157,1.2449016374303028,4.1053925269516185,0.010705986088141798,0.10535264516533335,0.10507419580629346
physical_snr,22,deepsets,2600,1331200,2.9762691525975242,1.2951076232129708,4.271376775810495,0.010539931328967213,0.10470333060228941,0.10470333060228941
physical_snr,22,deepsets,2700,1382400,3.090530736139044,1.3447706766892225,4.435301412828267,0.010648249685764312,0.10472432421645729,0.10470333060228941
physical_snr,22,deepsets,2800,1433600,3.204787806374952,1.3944898676127195,4.599277673987672,0.010559181161224842,0.10516905753277482,0.10470333060228941
physical_snr,22,deepsets,2900,1484800,3.319005253375508,1.4442045412724838,4.763209794647992,0.010528070544824004,0.10514803609542096,0.10470333060228941
physical_snr,22,deepsets,3000,1536000,3.4331301569473,1.493941118940711,4.927071275888011,0.010597399463877081,0.10446267164504655,0.10446267164504655
physical_snr,33,mean_var,0,0,0.0,0.0,0.0,,0.5495113234416373,0.5495113234416373
physical_snr,33,mean_var,100,51200,0.0855343583971262,0.04949374671559781,0.135028105112724,0.039606633223593236,0.11628510868868853,0.11628510868868853
physical_snr,33,mean_var,200,102400,0.17033137963153422,0.09904656803701073,0.26937794766854495,0.012111714221537112,0.10844031800644509,0.10844031800644509
physical_snr,33,mean_var,300,153600,0.25539330451283604,0.14864446816500276,0.4040377726778388,0.011251593763008714,0.1066385775389231,0.1066385775389231
physical_snr,33,mean_var,400,204800,0.34026358590926975,0.19827136606909335,0.5385349519783631,0.01116687037050724,0.10627818933086913,0.10627818933086913
physical_snr,33,mean_var,500,256000,0.42534415738191456,0.24788460065610707,0.6732287580380216,0.011013168487697839,0.10617743150484826,0.10617743150484826
physical_snr,33,mean_var,600,307200,0.5102557744830847,0.297509454889223,0.8077652293723077,0.011050192844122649,0.10592160831430861,0.10592160831430861
physical_snr,33,mean_var,700,358400,0.5953431890811771,0.34707234788220376,0.9424155369633809,0.011121015846729278,0.1057083204656067,0.1057083204656067
physical_snr,33,mean_var,800,409600,0.680189368664287,0.3966730892425403,1.0768624579068273,0.010910177379846573,0.10511826717883398,0.10511826717883398
physical_snr,33,mean_var,900,460800,0.7650062085594982,0.44620958296582103,1.2112157915253192,0.010686588175594806,0.10440130472218151,0.10440130472218151
physical_snr,33,mean_var,1000,512000,0.8499375623650849,0.49595970334485173,1.3458972657099366,0.0105138545576483,0.10379575018020132,0.10379575018020132
physical_snr,33,mean_var,1100,563200,0.9348754247184843,0.5455950858304277,1.480470510548912,0.01045463447459042,0.10375048090223302,0.10375048090223302
physical_snr,33,mean_var,1200,614400,1.0197712644003332,0.5951641448773444,1.6149354092776775,0.010281298458576203,0.10283176037910066,0.10283176037910066
physical_snr,33,mean_var,1300,665600,1.1047536972910166,0.6447795329149812,1.7495332302059978,0.010121504925191403,0.10159981737281959,0.10159981737281959
physical_snr,33,mean_var,1400,716800,1.1898462679237127,0.6943451320985332,1.884191400022246,0.010196145037189125,0.1001342755374684,0.1001342755374684
physical_snr,33,mean_var,1500,768000,1.274759300518781,0.7438661470077932,2.018625447526574,0.009889642130583525,0.0995271701024294,0.0995271701024294
physical_snr,33,mean_var,1600,819200,1.3598974166670814,0.7934069224866107,2.153304339153692,0.009772168835625053,0.09936183594940637,0.09936183594940637
physical_snr,33,mean_var,1700,870400,1.4449715507216752,0.8428658952470869,2.287837445968762,0.009629852324724197,0.09897330109000631,0.09897330109000631
physical_snr,33,mean_var,1800,921600,1.5298779698787257,0.8925073309801519,2.4223853008588776,0.009743734584189952,0.09909294942627363,0.09897330109000631
physical_snr,33,mean_var,1900,972800,1.6149242089595646,0.9420526436297223,2.556976852589287,0.009471027334220707,0.09821173216167217,0.09821173216167217
physical_snr,33,mean_var,2000,1024000,1.6998652523616329,0.9915589470183477,2.6914241993799806,0.009530707220546901,0.09805484270683952,0.09805484270683952
physical_snr,33,mean_var,2100,1075200,1.7858012183569372,1.0416644437937066,2.8274656621506438,0.00964995943941176,0.09894429781480409,0.09805484270683952
physical_snr,33,mean_var,2200,1126400,1.8717913193395361,1.0917130659800023,2.9635043853195384,0.009480814831331372,0.0992109869947623,0.09805484270683952
physical_snr,33,mean_var,2300,1177600,1.9564904916333035,1.1410961020737886,3.097586593707092,0.009627636903896928,0.0979865696110493,0.0979865696110493
physical_snr,33,mean_var,2400,1228800,2.0415778468595818,1.1906150140566751,3.232192860916257,0.00958233912475407,0.09776470996352539,0.09776470996352539
physical_snr,33,mean_var,2500,1280000,2.1263698793482035,1.2401316572213545,3.366501536569558,0.009500580141320825,0.09759231978702351,0.09759231978702351
physical_snr,33,mean_var,2600,1331200,2.211283133015968,1.2896340382285416,3.5009171712445095,0.009594282461330294,0.09842394677441496,0.09759231978702351
physical_snr,33,mean_var,2700,1382400,2.2962034504162148,1.3390575901139528,3.6352610405301675,0.009472128804773092,0.09819597962451183,0.09759231978702351
physical_snr,33,mean_var,2800,1433600,2.3813246209174395,1.3884975297842175,3.769822150701657,0.009449479775503278,0.09773926568784787,0.09759231978702351
physical_snr,33,mean_var,2900,1484800,2.4661665342282504,1.4379213615320623,3.9040878957603127,0.009396797441877425,0.09792751900155518,0.09759231978702351
physical_snr,33,mean_var,3000,1536000,2.551324979751371,1.4873752827988937,4.038700262550265,0.009519030102528631,0.0978128277264455,0.09759231978702351
physical_snr,33,expanded_stats,0,0,0.0,0.0,0.0,,0.484869857784499,0.484869857784499
physical_snr,33,expanded_stats,100,51200,0.10107009555213153,0.04978313483297825,0.15085323038510978,0.028365871468558908,0.11998895267885815,0.11998895267885815
physical_snr,33,expanded_stats,200,102400,0.20193358650431037,0.09933301096316427,0.30126659746747464,0.013375090714544059,0.11378227632157338,0.11378227632157338
physical_snr,33,expanded_stats,300,153600,0.302847919636406,0.14902756037190557,0.45187548000831157,0.012068508565425873,0.10801213980889002,0.10801213980889002
physical_snr,33,expanded_stats,400,204800,0.4038532115519047,0.19886110606603324,0.6027143176179379,0.010953659778460861,0.10286496147681976,0.10286496147681976
physical_snr,33,expanded_stats,500,256000,0.5044426855165511,0.24848206364549696,0.7529247491620481,0.010083306021988392,0.10140219155842334,0.10140219155842334
physical_snr,33,expanded_stats,600,307200,0.6050046294694766,0.2981231207959354,0.903127750265412,0.010004186294972897,0.1004027518470018,0.1004027518470018
physical_snr,33,expanded_stats,700,358400,0.7055142286699265,0.34779500402510166,1.0533092326950282,0.00995663766283542,0.10020566869541046,0.10020566869541046
physical_snr,33,expanded_stats,800,409600,0.8062298626173288,0.39742523815948516,1.203655100776814,0.009811674291267992,0.10013489784282016,0.10013489784282016
physical_snr,33,expanded_stats,900,460800,0.9067909813020378,0.4471722518792376,1.3539632331812754,0.009645838979631663,0.09947343820559493,0.09947343820559493
physical_snr,33,expanded_stats,1000,512000,1.0072829260025173,0.4969571008114144,1.5042400268139318,0.009633140908554196,0.09941892610810481,0.09941892610810481
physical_snr,33,expanded_stats,1100,563200,1.1081461565336213,0.5466686235740781,1.6548147801076993,0.009631662885658443,0.09959884402738259,0.09941892610810481
physical_snr,33,expanded_stats,1200,614400,1.2086764019913971,0.5964398219948635,1.8051162239862606,0.009586323145776987,0.09859381647394161,0.09859381647394161
physical_snr,33,expanded_stats,1300,665600,1.3092096113832667,0.6461115464335307,1.9553211578167975,0.009588516154326498,0.09848340215928746,0.09848340215928746
physical_snr,33,expanded_stats,1400,716800,1.4097420374164358,0.6958447166252881,2.105586754041724,0.009664450362324715,0.09840194308318335,0.09840194308318335
physical_snr,33,expanded_stats,1500,768000,1.510397323523648,0.7456129899946973,2.2560103135183454,0.00950358020607382,0.09777965647446658,0.09777965647446658
physical_snr,33,expanded_stats,1600,819200,1.6109060104936361,0.7952886364655569,2.406194646959193,0.009453748082742096,0.09770557397753857,0.09770557397753857
physical_snr,33,expanded_stats,1700,870400,1.712671217508614,0.8455280306516215,2.5581992481602356,0.009351576543413103,0.09766319315931872,0.09766319315931872
physical_snr,33,expanded_stats,1800,921600,1.815381151624024,0.8964219320332631,2.711803083657287,0.009442346724681557,0.09801794897301788,0.09766319315931872
physical_snr,33,expanded_stats,1900,972800,1.9971375279128551,0.9757195325801149,2.97285706049297,0.009218747988343238,0.09730254001669261,0.09730254001669261
physical_snr,33,expanded_stats,2000,1024000,2.1363036188995466,1.039392867591232,3.1756964864907786,0.0093093391507864,0.09729989088052411,0.09729989088052411
physical_snr,33,expanded_stats,2100,1075200,2.2355843681143597,1.0885650654090568,3.3241494335234165,0.009440866643562912,0.09769767399502996,0.09729989088052411
physical_snr,33,expanded_stats,2200,1126400,2.3360068226465955,1.1383539187954739,3.4743607414420694,0.009229427124373614,0.09746726965061733,0.09729989088052411
physical_snr,33,expanded_stats,2300,1177600,2.434931234223768,1.187461259891279,3.622392494115047,0.009417975889518856,0.09704942359404,0.09704942359404
physical_snr,33,expanded_stats,2400,1228800,2.5340293053304777,1.2367023510159925,3.77073165634647,0.009334855335764588,0.09697207262109706,0.09697207262109706
physical_snr,33,expanded_stats,2500,1280000,2.633084519649856,1.285886091995053,3.918970611644909,0.00933840029872954,0.09689882326597274,0.09689882326597274
physical_snr,33,expanded_stats,2600,1331200,2.7322073138784617,1.3351480920100585,4.06735540588852,0.009407997527159751,0.09746924735055043,0.09689882326597274
physical_snr,33,expanded_stats,2700,1382400,2.8313462312798947,1.3843382199993357,4.21568445127923,0.009261439368128777,0.09676042691700473,0.09676042691700473
physical_snr,33,expanded_stats,2800,1433600,2.9305225966963917,1.433634209446609,4.364156806143001,0.009165736711584032,0.09692161079899406,0.09676042691700473
physical_snr,33,expanded_stats,2900,1484800,3.029665694455616,1.482789525645785,4.512455220101401,0.009173998152837157,0.0967971983598739,0.09676042691700473
physical_snr,33,expanded_stats,3000,1536000,3.1287908868398517,1.5319968810072169,4.660787767847069,0.009293094528838992,0.0971380163972358,0.09676042691700473
physical_snr,33,deepsets,0,0,0.0,0.0,0.0,,0.5595514469826136,0.5595514469826136
physical_snr,33,deepsets,100,51200,0.11530029436107725,0.049473665305413306,0.16477395966649055,0.058069853177294135,0.11782535911062757,0.11782535911062757
physical_snr,33,deepsets,200,102400,0.229275057092309,0.0987789451610297,0.3280540022533387,0.01212913385592401,0.10892657077973981,0.10892657077973981
physical_snr,33,deepsets,300,153600,0.3425468758214265,0.14798868726938963,0.49053556309081614,0.011351387212052942,0.10700513502616163,0.10700513502616163
physical_snr,33,deepsets,400,204800,0.4561904846923426,0.19735399971250445,0.653544484404847,0.011154311886057257,0.10614844637156493,0.10614844637156493
physical_snr,33,deepsets,500,256000,0.5695757530629635,0.24667354952543974,0.8162493025884032,0.010929084168747067,0.10579777455573414,0.10579777455573414
physical_snr,33,deepsets,600,307200,0.6832196947652847,0.29598431242629886,0.9792040071915835,0.010949707105755806,0.10554888122613879,0.10554888122613879
physical_snr,33,deepsets,700,358400,0.7969373015221208,0.3452771280426532,1.142214429564774,0.011020774338394403,0.10528509336105514,0.10528509336105514
physical_snr,33,deepsets,800,409600,0.910849204286933,0.39461768500041217,1.3054668892873451,0.010860430421307682,0.1053583342187221,0.10528509336105514
physical_snr,33,deepsets,900,460800,1.0244235444115475,0.4437993741594255,1.468222918570973,0.010761407958343626,0.10537621312515849,0.10528509336105514
physical_snr,33,deepsets,1000,512000,1.1379389849025756,0.49304517614655197,1.6309841610491276,0.010778934583067895,0.10540301709561616,0.10528509336105514
physical_snr,33,deepsets,1100,563200,1.2532329676905647,0.5432746303267777,1.7965075980173424,0.010884808944538235,0.10522557225806717,0.10522557225806717
physical_snr,33,deepsets,1200,614400,1.3665270645869896,0.592528248205781,1.9590553127927706,0.010814199959859251,0.10512643156043767,0.10512643156043767
physical_snr,33,deepsets,1300,665600,1.4806344788521528,0.6420850948197767,2.1227195736719295,0.010823769979178905,0.10504463943866897,0.10504463943866897
physical_snr,33,deepsets,1400,716800,1.5942334547871724,0.6913214474916458,2.285554902278818,0.010806012023240328,0.10474796078641106,0.10474796078641106
physical_snr,33,deepsets,1500,768000,1.707730813883245,0.7404824804980308,2.4482132943812758,0.010747433146461845,0.10489605313144826,0.10474796078641106
physical_snr,33,deepsets,1600,819200,1.8210348148131743,0.7895506916102022,2.6105855064233765,0.010719166668131948,0.10450403069181187,0.10450403069181187
physical_snr,33,deepsets,1700,870400,1.9344270632136613,0.8388433188665658,2.773270382080227,0.010582241909578443,0.10456227161680276,0.10450403069181187
physical_snr,33,deepsets,1800,921600,2.047898941207677,0.888140375027433,2.93603931623511,0.010688644051551819,0.10476760558707897,0.10450403069181187
physical_snr,33,deepsets,1900,972800,2.1611581256147474,0.9373896971810609,3.0985478227958083,0.010512350872159005,0.10559288739219516,0.10450403069181187
physical_snr,33,deepsets,2000,1024000,2.274660018272698,0.9867933944333345,3.2614534127060324,0.010620061066001654,0.10394604040995721,0.10394604040995721
physical_snr,33,deepsets,2100,1075200,2.388013534247875,1.0359753384254873,3.4239888726733625,0.010656957728788257,0.10427897821622983,0.10394604040995721
physical_snr,33,deepsets,2200,1126400,2.501340947463177,1.0852179925423115,3.5865589400054887,0.010494689252227544,0.10384102988448818,0.10384102988448818
physical_snr,33,deepsets,2300,1177600,2.61481788137462,1.1343875455204397,3.7492054268950596,0.010503126652911305,0.10390018717381981,0.10384102988448818
physical_snr,33,deepsets,2400,1228800,2.728297342429869,1.1836809039814398,3.9119782464113086,0.010453459480777383,0.1033372816460533,0.1033372816460533
physical_snr,33,deepsets,2500,1280000,2.8416414237581193,1.232967598713003,4.074609022471122,0.01047845182940364,0.10318141640454023,0.10318141640454023
physical_snr,33,deepsets,2600,1331200,2.9546656648162752,1.282076591742225,4.2367422565585,0.01047227437607944,0.10322447438104439,0.10318141640454023
physical_snr,33,deepsets,2700,1382400,3.0679744166554883,1.3313341301400214,4.39930854679551,0.01027612610720098,0.10282218518467395,0.10282218518467395
physical_snr,33,deepsets,2800,1433600,3.181505339569412,1.3806301999138668,4.562135539483279,0.010306320562958717,0.10274636277614724,0.10274636277614724
physical_snr,33,deepsets,2900,1484800,3.2950603801291436,1.429892249405384,4.724952629534528,0.010198443615809082,0.10264295756743845,0.10264295756743845
physical_snr,33,deepsets,3000,1536000,3.408378441235982,1.4790891512529925,4.887467592488974,0.010283465310931206,0.10278844004080734,0.10264295756743845
physical_snr,33,raw,0,0,0.0,0.0,0.0,,0.518639127664014,0.518639127664014
physical_snr,33,raw,100,51200,0.07885291730053723,0.04906452412251383,0.12791744142305106,0.06910996548831463,0.2150811047883287,0.2150811047883287
physical_snr,33,raw,200,102400,0.15738573274575174,0.09807241871021688,0.2554581514559686,0.04423502411693334,0.2114775680745863,0.2114775680745863
physical_snr,33,raw,300,153600,0.2360159318195656,0.14703582739457488,0.3830517592141405,0.043641797341406344,0.2109243144507826,0.2109243144507826
physical_snr,33,raw,400,204800,0.3145073360064998,0.19599131972063333,0.5104986557271332,0.043892759755253793,0.21077300851204123,0.21077300851204123
physical_snr,33,raw,500,256000,0.3938743966864422,0.24556505994405597,0.6394394566304982,0.043560097813606265,0.2107130655980927,0.2107130655980927
physical_snr,33,raw,600,307200,0.47323223017156124,0.2950442727888003,0.7682765029603615,0.04402077876031399,0.21068150729053972,0.21068150729053972
physical_snr,33,raw,700,358400,0.5514807602157816,0.3440508240601048,0.8955315842758864,0.044131352417171005,0.2106542713144895,0.2106542713144895
physical_snr,33,raw,800,409600,0.6302610603161156,0.39299568184651434,1.02325674216263,0.04356990568339825,0.21061224003492948,0.21061224003492948
physical_snr,33,raw,900,460800,0.7087526835966855,0.44181661552283913,1.1505692991195247,0.04344010151922703,0.21040343864253852,0.21040343864253852
physical_snr,33,raw,1000,512000,0.7873474915977567,0.49072837771382183,1.2780758693115786,0.043124121837317946,0.21029761473682246,0.21029761473682246
physical_snr,33,raw,1100,563200,0.8659198514651507,0.5396260534180328,1.4055459048831835,0.043930436000227925,0.21011789252945526,0.21011789252945526
physical_snr,33,raw,1200,614400,0.9444776377640665,0.5886391481617466,1.533116785925813,0.04403014875948429,0.20967162116092447,0.20967162116092447
physical_snr,33,raw,1300,665600,1.023166268831119,0.6375466225435957,1.6607128913747147,0.04313657086342573,0.2059243068339465,0.2059243068339465
physical_snr,33,raw,1400,716800,1.1015808811644092,0.6863944849465042,1.7879753661109135,0.021465433929115534,0.1103824641929962,0.1103824641929962
physical_snr,33,raw,1500,768000,1.179990945267491,0.7352333134040236,1.9152242586715147,0.011639818642288446,0.10739312212448492,0.10739312212448492
physical_snr,33,raw,1600,819200,1.2608859310857952,0.7854217684362084,2.0463076995220035,0.011321784313768148,0.10696449713145009,0.10696449713145009
physical_snr,33,raw,1700,870400,1.3410936085274443,0.8355606575496495,2.176654266077094,0.011082695471122861,0.10660880398407392,0.10660880398407392
physical_snr,33,raw,1800,921600,1.4204356611007825,0.8848810982890427,2.305316759389825,0.011189348939806222,0.1071677296530356,0.10660880398407392
physical_snr,33,raw,1900,972800,1.499576196190901,0.9343463997356594,2.4339225959265605,0.010958503792062401,0.10736483155999248,0.10660880398407392
physical_snr,33,raw,2000,1024000,1.5788817800348625,0.9838829775108024,2.562764757545665,0.011105310088023543,0.10655405455585522,0.10655405455585522
physical_snr,33,raw,2100,1075200,1.6581726121949032,1.0333152336534113,2.6914878458483145,0.01118452581577003,0.10662422812156098,0.10655405455585522
physical_snr,33,raw,2200,1126400,1.7377798596862704,1.0828242743154988,2.820604134001769,0.010998390903696418,0.10642178093971677,0.10642178093971677
physical_snr,33,raw,2300,1177600,1.8173493389040232,1.1321782896993682,2.9495276286033913,0.011073423875495791,0.10631727019071464,0.10631727019071464
physical_snr,33,raw,2400,1228800,1.8968532413709909,1.1815579293761402,3.078411170747131,0.010995227284729481,0.10600282288317021,0.10600282288317021
physical_snr,33,raw,2500,1280000,1.9763852385804057,1.23106268432457,3.2074479229049757,0.011087780352681875,0.10620688513750107,0.10600282288317021
physical_snr,33,raw,2600,1331200,2.0558870203094557,1.2805297516752034,3.336416771984659,0.011120396424084902,0.10677632295089348,0.10600282288317021
physical_snr,33,raw,2700,1382400,2.1355256595415995,1.329929279629141,3.4654549391707405,0.010959777384996414,0.10646387303890717,0.10600282288317021
physical_snr,33,raw,2800,1433600,2.2154109936673194,1.3794356791768223,3.5948466728441417,0.011025967877358198,0.10651849056267503,0.10600282288317021
physical_snr,33,raw,2900,1484800,2.2949451316380873,1.428743652999401,3.7236887846374884,0.010921462951228023,0.10587348513215625,0.10587348513215625
physical_snr,33,raw,3000,1536000,2.37428800330963,1.478307661251165,3.852595664560795,0.011038775565102696,0.10638622393115789,0.10587348513215625
uniform_fixed,11,deepsets,0,0,0.0,0.0,0.0,,0.3038367961120301,0.3038367961120301
uniform_fixed,11,deepsets,100,51200,0.11537122260779142,0.0504334467696026,0.16580466937739402,0.058642439348623156,0.11304151103084703,0.11304151103084703
uniform_fixed,11,deepsets,200,102400,0.22922911727800965,0.1008223567623645,0.33005147404037416,0.012750953435897827,0.11103954177054705,0.11103954177054705
uniform_fixed,11,deepsets,300,153600,0.3435485754162073,0.15182027616538107,0.4953688515815884,0.01249142298474908,0.11025240065387677,0.11025240065387677
uniform_fixed,11,deepsets,400,204800,0.46029397984966636,0.20441275730263442,0.6647067371523008,0.012353893285617232,0.10958356443373335,0.10958356443373335
uniform_fixed,11,deepsets,500,256000,0.5738230801653117,0.2549355257069692,0.8287586058722809,0.012657371712848545,0.1094103249544235,0.1094103249544235
uniform_fixed,11,deepsets,600,307200,0.6874551823129877,0.305275147780776,0.9927303300937638,0.012202910771593451,0.10946778866229667,0.1094103249544235
uniform_fixed,11,deepsets,700,358400,0.8010185086168349,0.3559662231709808,1.1569847317878157,0.012539577912539243,0.10897141665172136,0.10897141665172136
uniform_fixed,11,deepsets,800,409600,0.9143112772144377,0.40632590116001666,1.3206371783744544,0.012360669113695622,0.10933496223449733,0.10897141665172136
uniform_fixed,11,deepsets,900,460800,1.0276365065947175,0.4565351257333532,1.4841716323280707,0.01220590053126216,0.1087957054338756,0.1087957054338756
uniform_fixed,11,deepsets,1000,512000,1.1410556089831516,0.5069396237377077,1.6479952327208593,0.012319062687456608,0.11010967171093623,0.1087957054338756
uniform_fixed,11,deepsets,1100,563200,1.2542117673438042,0.5573064144700766,1.8115181818138808,0.012305487729609012,0.10917164142209285,0.1087957054338756
uniform_fixed,11,deepsets,1200,614400,1.3676603072090074,0.6076726897154003,1.9753329969244078,0.01233054580166936,0.11023013264070063,0.1087957054338756
uniform_fixed,11,deepsets,1300,665600,1.4808897450566292,0.6580120215658098,2.138901766622439,0.0123312646150589,0.10890763969511104,0.1087957054338756
uniform_fixed,11,deepsets,1400,716800,1.594303413759917,0.7083685491234064,2.3026719628833234,0.012410598816350102,0.10903517779315061,0.1087957054338756
uniform_fixed,11,deepsets,1500,768000,1.707681405940093,0.7586088214302436,2.4662902273703367,0.012409700509160758,0.1106648496302874,0.1087957054338756
uniform_fixed,11,deepsets,1600,819200,1.8213411575416103,0.8091991186374798,2.63054027617909,0.012282639089971781,0.10873231955903662,0.10873231955903662
uniform_fixed,11,deepsets,1700,870400,1.9346165569731966,0.8594870201777667,2.7941035771509632,0.012293350324034691,0.1086826537682349,0.1086826537682349
uniform_fixed,11,deepsets,1800,921600,2.0482820223551244,0.909811966586858,2.9580939889419824,0.012225941689684987,0.10975908509772071,0.1086826537682349
uniform_fixed,11,deepsets,1900,972800,2.161595243611373,0.960205857292749,3.121801100904122,0.012447248566895724,0.1086398778403863,0.1086398778403863
uniform_fixed,11,deepsets,2000,1024000,2.276564921019599,1.0107454676181078,3.2873103886377066,0.01232332019135356,0.10883594262532223,0.1086398778403863
uniform_fixed,11,deepsets,2100,1075200,2.390591162722558,1.0611599622061476,3.4517511249287054,0.012337295366451144,0.10868993417106391,0.1086398778403863
uniform_fixed,11,deepsets,2200,1126400,2.504536539898254,1.111603502300568,3.616140042198822,0.012290880111977457,0.10861865169744898,0.10861865169744898
uniform_fixed,11,deepsets,2300,1177600,2.6200247635133564,1.1630737164523453,3.7830984799657017,0.01213351440615952,0.10859192908798405,0.10859192908798405
uniform_fixed,11,deepsets,2400,1228800,2.734008382773027,1.2135659670457244,3.947574349818751,0.01222687928006053,0.10930137460385891,0.10859192908798405
uniform_fixed,11,deepsets,2500,1280000,2.847984846215695,1.2641549864783883,4.1121398326940835,0.01237163037993014,0.1087366054167312,0.10859192908798405
uniform_fixed,11,deepsets,2600,1331200,2.962696539820172,1.314706432982348,4.27740297280252,0.012201764611527324,0.10857512633056803,0.10857512633056803
uniform_fixed,11,deepsets,2700,1382400,3.0774703194620088,1.3659089242573828,4.4433792437193915,0.012335441010072827,0.10872767868688776,0.10857512633056803
uniform_fixed,11,deepsets,2800,1433600,3.1920777243794873,1.4167575511382893,4.608835275517777,0.01229877802543342,0.10879000422253439,0.10857512633056803
uniform_fixed,11,deepsets,2900,1484800,3.3057087525958195,1.4672647229162976,4.772973475512117,0.01212843249551952,0.1085827681645884,0.10857512633056803
uniform_fixed,11,deepsets,3000,1536000,3.422678707167506,1.5193023026222363,4.9419810097897425,0.012433627275750042,0.10884616667556771,0.10857512633056803
uniform_fixed,11,raw,0,0,0.0,0.0,0.0,,0.3037205946808368,0.3037205946808368
uniform_fixed,11,raw,100,51200,0.08117256918922067,0.050728780683130026,0.1319013498723507,0.07530593276023864,0.2396251003580868,0.2396251003580868
uniform_fixed,11,raw,200,102400,0.16076493868604302,0.10074230295140296,0.261507241637446,0.03749311862513423,0.15091983505730538,0.15091983505730538
uniform_fixed,11,raw,300,153600,0.24243675149045885,0.15205270855221897,0.3944894600426778,0.020181161127984525,0.13486007616591808,0.13486007616591808
uniform_fixed,11,raw,400,204800,0.32173893705476075,0.2021181705640629,0.5238571076188236,0.01751788828521967,0.12874664875342032,0.12874664875342032
uniform_fixed,11,raw,500,256000,0.40097657626029104,0.2522009739186615,0.6531775501789525,0.01671591351740062,0.13249911461291464,0.12874664875342032
uniform_fixed,11,raw,600,307200,0.4813246385892853,0.30269162415061146,0.7840162627398968,0.01624226717278361,0.12558877547548913,0.12558877547548913
uniform_fixed,11,raw,700,358400,0.5615978387650102,0.3534016909543425,0.9149995297193527,0.01591628790833056,0.12176240728884132,0.12176240728884132
uniform_fixed,11,raw,800,409600,0.6407339563593268,0.40335210179910064,1.0440860581584275,0.015532391956076025,0.12273749059998655,0.12176240728884132
uniform_fixed,11,raw,900,460800,0.720785504207015,0.45403548574540764,1.1748209899524227,0.014741645716130734,0.12336117888379015,0.12176240728884132
uniform_fixed,11,raw,1000,512000,0.8003961659269407,0.5041986823780462,1.304594848304987,0.014596736496314407,0.11823981438691279,0.11823981438691279
uniform_fixed,11,raw,1100,563200,0.8796525734942406,0.5543243441497907,1.4339769176440313,0.014021473797038197,0.1164475550640045,0.1164475550640045
uniform_fixed,11,raw,1200,614400,0.9589759646914899,0.6043387996032834,1.5633147642947733,0.014437170205637813,0.11566304964500496,0.11566304964500496
uniform_fixed,11,raw,1300,665600,1.0380790075287223,0.6544404227752239,1.6925194303039461,0.01373373394832015,0.1159237996683819,0.11566304964500496
uniform_fixed,11,raw,1400,716800,1.1176007491303608,0.7045611712383106,1.8221619203686714,0.014243600629270077,0.11416460424169649,0.11416460424169649
uniform_fixed,11,raw,1500,768000,1.1968348036753014,0.7545730852289125,1.951407888904214,0.013419900862500072,0.11343750529701822,0.11343750529701822
uniform_fixed,11,raw,1600,819200,1.275897006620653,0.8046104139648378,2.0805074205854908,0.013269715253263712,0.11543089554404339,0.11343750529701822
uniform_fixed,11,raw,1700,870400,1.355979181244038,0.8551982413046062,2.2111774225486442,0.013465736173093318,0.1173590223110783,0.11343750529701822
uniform_fixed,11,raw,1800,921600,1.4354811212979257,0.9053365623112768,2.3408176836092025,0.013587913969531655,0.11386908305437271,0.11343750529701822
uniform_fixed,11,raw,1900,972800,1.514891272294335,0.955427402164787,2.470318674459122,0.013197754230350255,0.11250963774922973,0.11250963774922973
uniform_fixed,11,raw,2000,1024000,1.5940761803649366,1.0054968855110928,2.5995730658760294,0.01308628431521356,0.11438116547923322,0.11250963774922973
uniform_fixed,11,raw,2100,1075200,1.6733999201096594,1.055678787874058,2.7290787079837173,0.013388448469340801,0.11537509764618076,0.11250963774922973
uniform_fixed,11,raw,2200,1126400,1.7525591069133952,1.1058123395778239,2.858371446491219,0.013192766774445773,0.11770871375652656,0.11250963774922973
uniform_fixed,11,raw,2300,1177600,1.832078995066695,1.156012111576274,2.988091106642969,0.013159489836543798,0.12169806287844046,0.11250963774922973
uniform_fixed,11,raw,2400,1228800,1.911356674041599,1.2061179031152278,3.117474577156827,0.012918337788432837,0.1123735781140575,0.1123735781140575
uniform_fixed,11,raw,2500,1280000,1.990416643442586,1.2560975778615102,3.2465142213040963,0.013364126672968268,0.12420645470681088,0.1123735781140575
uniform_fixed,11,raw,2600,1331200,2.072378669283353,1.3076784767908975,3.3800571460742503,0.013503891602158546,0.11384270381218956,0.1123735781140575
uniform_fixed,11,raw,2700,1382400,2.1538936882279813,1.3589624182786793,3.5128561065066606,0.012870142497122287,0.11234344770623628,0.11234344770623628
uniform_fixed,11,raw,2800,1433600,2.2339484210824594,1.409377698902972,3.6433261199854314,0.013059754967689513,0.11361039947538834,0.11234344770623628
uniform_fixed,11,raw,2900,1484800,2.31316938449163,1.4593212048057467,3.7724905892973766,0.013171529499813914,0.11466047595405165,0.11234344770623628
uniform_fixed,11,raw,3000,1536000,2.392262115608901,1.509313534363173,3.9015756499720737,0.012963910009711982,0.11179214340406861,0.11179214340406861
uniform_fixed,11,mean_var,0,0,0.0,0.0,0.0,,0.2979261885055182,0.2979261885055182
uniform_fixed,11,mean_var,100,51200,0.08532320929225534,0.05021679401397705,0.1355400033062324,0.03953531310893595,0.11391169422938495,0.11391169422938495
uniform_fixed,11,mean_var,200,102400,0.17025594285223633,0.10025951685383916,0.2705154597060755,0.0127366135828197,0.11027459950630551,0.11027459950630551
uniform_fixed,11,mean_var,300,153600,0.2551323469961062,0.1503987800097093,0.4055311270058155,0.012453248472884298,0.11027436732547286,0.11027436732547286
uniform_fixed,11,mean_var,400,204800,0.3397618009475991,0.20048045180737972,0.5402422527549788,0.012326849745586515,0.11084699402085726,0.11027436732547286
uniform_fixed,11,mean_var,500,256000,0.4245490556349978,0.2505887309089303,0.6751377865439281,0.01248850354924798,0.10947920355485491,0.10947920355485491
uniform_fixed,11,mean_var,600,307200,0.5091797698987648,0.300702398060821,0.8098821679595858,0.012177592013031244,0.10929648168449012,0.10929648168449012
uniform_fixed,11,mean_var,700,358400,0.5939545870060101,0.35099717346020043,0.9449517604662105,0.012489833924919367,0.10919566811572493,0.10919566811572493
uniform_fixed,11,mean_var,800,409600,0.6785288382088766,0.401063579833135,1.0795924180420116,0.012334188632667064,0.10884668165768528,0.10884668165768528
uniform_fixed,11,mean_var,900,460800,0.7631845459109172,0.45114678679965436,1.2143313327105716,0.012172677107155323,0.10869318694063478,0.10869318694063478
uniform_fixed,11,mean_var,1000,512000,0.8479567534523085,0.5012949077645317,1.3492516612168401,0.01220441421493888,0.10869597540058153,0.10869318694063478
uniform_fixed,11,mean_var,1100,563200,0.9324568291194737,0.5513824861263856,1.4838393152458593,0.012216621041297913,0.10889997417851947,0.10869318694063478
uniform_fixed,11,mean_var,1200,614400,1.0170740222092718,0.6014332605991513,1.618507282808423,0.012294525420293212,0.1092490110952054,0.10869318694063478
uniform_fixed,11,mean_var,1300,665600,1.1017631058348343,0.6513514838879928,1.753114589722827,0.012272129878401756,0.10858888057920062,0.10858888057920062
uniform_fixed,11,mean_var,1400,716800,1.1865624609636143,0.7012158455327153,1.8877783064963296,0.01239657925441861,0.10968314193635507,0.10858888057920062
uniform_fixed,11,mean_var,1500,768000,1.27129071962554,0.751137537881732,2.022428257507272,0.012284179860725998,0.10857390305046974,0.10857390305046974
uniform_fixed,11,mean_var,1600,819200,1.3559273278806359,0.8009569854475558,2.1568843133281916,0.012146398900076747,0.10874762714633011,0.10857390305046974
uniform_fixed,11,mean_var,1700,870400,1.440634454949759,0.8509237979305908,2.2915582528803498,0.012250218754634262,0.10861659808508434,0.10857390305046974
uniform_fixed,11,mean_var,1800,921600,1.5252525205723941,0.9008687761379406,2.4261212967103347,0.012217361815273761,0.11123849682205364,0.10857390305046974
uniform_fixed,11,mean_var,1900,972800,1.6097404003376141,0.9507679395610467,2.560508339898661,0.012379302131012081,0.10850881165352363,0.10850881165352363
uniform_fixed,11,mean_var,2000,1024000,1.694133222103119,1.0006768016610295,2.6948100237641484,0.012298654243350029,0.10854854105795464,0.10850881165352363
uniform_fixed,11,mean_var,2100,1075200,1.778780188295059,1.0505882141878828,2.8293684024829417,0.01231564996764064,0.10862133236289503,0.10850881165352363
uniform_fixed,11,mean_var,2200,1126400,1.863338497118093,1.100381875410676,2.963720372528769,0.012242554733529688,0.10865653427812672,0.10850881165352363
uniform_fixed,11,mean_var,2300,1177600,1.947820616303943,1.150371354422532,3.098191970726475,0.01213717102073133,0.10957732211299172,0.10850881165352363
uniform_fixed,11,mean_var,2400,1228800,2.03276632016059,1.2003787608118728,3.233145080972463,0.012176634250208736,0.10989210135367332,0.10850881165352363
uniform_fixed,11,mean_var,2500,1280000,2.1196230156347156,1.2515818213578314,3.371204836992547,0.012471648082137108,0.10856547880452187,0.10850881165352363
uniform_fixed,11,mean_var,2600,1331200,2.204167635529302,1.3015749782789499,3.505742613808252,0.012201012866571546,0.10880394171258233,0.10850881165352363
uniform_fixed,11,mean_var,2700,1382400,2.2887856086017564,1.3514848686754704,3.6402704772772267,0.012259043306112289,0.10857439715441415,0.10850881165352363
uniform_fixed,11,mean_var,2800,1433600,2.3734486650209874,1.4014274193905294,3.774876084411517,0.012284206617623568,0.1088099096887449,0.10850881165352363
uniform_fixed,11,mean_var,2900,1484800,2.4581139346119016,1.451371893286705,3.9094858278986067,0.012133367639034987,0.10853418004102361,0.10850881165352363
uniform_fixed,11,mean_var,3000,1536000,2.542844396433793,1.5013008818496019,4.044145278283395,0.012280731396749615,0.1085293747345053,0.10850881165352363
uniform_fixed,11,expanded_stats,0,0,0.0,0.0,0.0,,0.30039759277921696,0.30039759277921696
uniform_fixed,11,expanded_stats,100,51200,0.1007920135743916,0.05038306978531182,0.15117508335970342,0.043878070963546636,0.12158337810437418,0.12158337810437418
uniform_fixed,11,expanded_stats,200,102400,0.20106430526357144,0.10066875861957669,0.30173306388314813,0.013009365387260914,0.10912674541697115,0.10912674541697115
uniform_fixed,11,expanded_stats,300,153600,0.30150145397055894,0.1509967822348699,0.45249823620542884,0.012435497120022773,0.10901900026619772,0.10901900026619772
uniform_fixed,11,expanded_stats,400,204800,0.4018993100617081,0.20137064799200743,0.6032699580537155,0.01230463918298483,0.10918601890378317,0.10901900026619772
uniform_fixed,11,expanded_stats,500,256000,0.5021645843517035,0.2517126287566498,0.7538772131083533,0.012602755911648273,0.10875969716773724,0.10875969716773724
uniform_fixed,11,expanded_stats,600,307200,0.6024501919746399,0.3020753862801939,0.9045255782548338,0.01215570418164134,0.10883262177019569,0.10875969716773724
uniform_fixed,11,expanded_stats,700,358400,0.7027502524433658,0.35241993446834385,1.0551701869117096,0.012505899854004384,0.10895085182341446,0.10875969716773724
uniform_fixed,11,expanded_stats,800,409600,0.8029229633975774,0.40259743493516,1.2055203983327374,0.012323001921176911,0.1088212068058908,0.10875969716773724
uniform_fixed,11,expanded_stats,900,460800,0.9033301589079201,0.4529127194546163,1.3562428783625364,0.012189962575212121,0.10856667945646903,0.10856667945646903
uniform_fixed,11,expanded_stats,1000,512000,1.0034995020832866,0.5032508310396224,1.506750333122909,0.012276241444051266,0.10891043536413104,0.10856667945646903
uniform_fixed,11,expanded_stats,1100,563200,1.104014146141708,0.5536070017842576,1.6576211479259655,0.012254726504907013,0.10862787544814108,0.10856667945646903
uniform_fixed,11,expanded_stats,1200,614400,1.204189929063432,0.6039407422067598,1.8081306712701917,0.01231010327115655,0.1097700270064337,0.10856667945646903
uniform_fixed,11,expanded_stats,1300,665600,1.304447388392873,0.6542806872166693,1.9587280756095424,0.012323091756552457,0.10845616230906473,0.10845616230906473
uniform_fixed,11,expanded_stats,1400,716800,1.4046405223198235,0.7046697082696483,2.1093102305894718,0.0124043052457273,0.10948571115959013,0.10845616230906473
uniform_fixed,11,expanded_stats,1500,768000,1.505078432150185,0.7549556640442461,2.260034096194431,0.012356213089078664,0.10902708422766799,0.10845616230906473
uniform_fixed,11,expanded_stats,1600,819200,1.605110959499143,0.8051936657866463,2.4103046252857894,0.012190627502277493,0.10850096795667555,0.10845616230906473
uniform_fixed,11,expanded_stats,1700,870400,1.7054034721804783,0.8554844741011038,2.560887946281582,0.012275954158976674,0.10871579178771765,0.10845616230906473
uniform_fixed,11,expanded_stats,1800,921600,1.8055757001275197,0.9057159416843206,2.7112916418118402,0.012220956273376942,0.11005732919360862,0.10845616230906473
uniform_fixed,11,expanded_stats,1900,972800,1.9058245363412425,0.95596378587652,2.8617883222177625,0.012444569962099195,0.10859514151646803,0.10845616230906473
uniform_fixed,11,expanded_stats,2000,1024000,2.0807174482615665,1.0352730869781226,3.115990535239689,0.012300958214327693,0.10861615401842913,0.10845616230906473
uniform_fixed,11,expanded_stats,2100,1075200,2.1840991898206994,1.0865061780204996,3.270605367841199,0.012310832627117635,0.10839385399011256,0.10839385399011256
uniform_fixed,11,expanded_stats,2200,1126400,2.283067600801587,1.1362939535174519,3.419361554319039,0.012263273764401674,0.10843354695724458,0.10839385399011256
uniform_fixed,11,expanded_stats,2300,1177600,2.3820122008910403,1.1860404663020745,3.5680526671931148,0.012136240992695092,0.10842441526511414,0.10839385399011256
uniform_fixed,11,expanded_stats,2400,1228800,2.4806784314569086,1.2357731562806293,3.716451587737538,0.012211045539006591,0.10951939859477393,0.10839385399011256
uniform_fixed,11,expanded_stats,2500,1280000,2.5798201170982793,1.285495993681252,3.8653161107795313,0.012398068923503161,0.10846221721073496,0.10839385399011256
uniform_fixed,11,expanded_stats,2600,1331200,2.678860768559389,1.3351441577542573,4.014004926313646,0.01218192072585225,0.10846160824607064,0.10839385399011256
uniform_fixed,11,expanded_stats,2700,1382400,2.7780759333400056,1.3849771318491548,4.16305306518916,0.012350011933594942,0.10860766183330936,0.10839385399011256
uniform_fixed,11,expanded_stats,2800,1433600,2.877263686270453,1.434797583031468,4.312061269301921,0.012270791102200746,0.1083523786256007,0.1083523786256007
uniform_fixed,11,expanded_stats,2900,1484800,2.976434381096624,1.4846426900476217,4.461077071144246,0.012117801597341896,0.1085593587560959,0.1083523786256007
uniform_fixed,11,expanded_stats,3000,1536000,3.0754005395574495,1.5343724262202159,4.609772965777665,0.012355211265385151,0.10852427033633556,0.1083523786256007
uniform_fixed,22,raw,0,0,0.0,0.0,0.0,,0.42915356142990035,0.42915356142990035
uniform_fixed,22,raw,100,51200,0.07873407215811312,0.04945047036744654,0.12818454252555966,0.09899785228073597,0.3035291459924838,0.3035291459924838
uniform_fixed,22,raw,200,102400,0.1573999160900712,0.09902854647953063,0.25642846256960183,0.08645388692617416,0.28310636162411784,0.28310636162411784
uniform_fixed,22,raw,300,153600,0.23530379205476493,0.14855000062379986,0.3838537926785648,0.0652399855479598,0.21089870739725802,0.21089870739725802
uniform_fixed,22,raw,400,204800,0.31351109768729657,0.19822445791214705,0.5117355555994436,0.028452244624495505,0.14671947673545346,0.14671947673545346
uniform_fixed,22,raw,500,256000,0.3917929964372888,0.24785626830998808,0.6396492647472769,0.017169560957700013,0.13109273719486073,0.13109273719486073
uniform_fixed,22,raw,600,307200,0.4699423392303288,0.29745986487250775,0.7674022041028365,0.01595587738789618,0.12753823867797112,0.12753823867797112
uniform_fixed,22,raw,700,358400,0.5482585742138326,0.3468794303480536,0.8951380045618862,0.0148644704464823,0.12140929828299153,0.12140929828299153
uniform_fixed,22,raw,800,409600,0.6263166661374271,0.3963016124907881,1.0226182786282152,0.014500039136037231,0.11851710803691497,0.11851710803691497
uniform_fixed,22,raw,900,460800,0.7044488344108686,0.4457707537803799,1.1502195881912485,0.014147895695641637,0.1170928252662952,0.1170928252662952
uniform_fixed,22,raw,1000,512000,0.7824502039002255,0.4952224618755281,1.2776726657757536,0.013995260866358876,0.11541221979476213,0.11541221979476213
uniform_fixed,22,raw,1100,563200,0.860566652030684,0.5446421401575208,1.4052087921882048,0.01345928492024541,0.11878556896804633,0.11541221979476213
uniform_fixed,22,raw,1200,614400,0.9386079319519922,0.5943248604889959,1.5329327924409881,0.01355936288833618,0.11825137969329025,0.11541221979476213
uniform_fixed,22,raw,1300,665600,1.016651088022627,0.6438285453477874,1.6604796333704144,0.013776915343478323,0.11419284544740559,0.11419284544740559
uniform_fixed,22,raw,1400,716800,1.095065995119512,0.6933953157858923,1.7884613109054044,0.013840347304940223,0.11439930810041102,0.11419284544740559
uniform_fixed,22,raw,1500,768000,1.173170708003454,0.7429695100290701,1.916140218032524,0.013230174863711,0.11405173143486275,0.11405173143486275
uniform_fixed,22,raw,1600,819200,1.2512899783905596,0.792442420264706,2.0437323986552656,0.013688611779361964,0.11493481167920672,0.11405173143486275
uniform_fixed,22,raw,1700,870400,1.3293570030946285,0.8419438577257097,2.171300860820338,0.01320368024520576,0.11349405480353257,0.11349405480353257
uniform_fixed,22,raw,1800,921600,1.4083963349694386,0.8920628847554326,2.300459219724871,0.013153474945574999,0.11651096753614744,0.11349405480353257
uniform_fixed,22,raw,1900,972800,1.4877363360719755,0.9423382467357442,2.4300745828077197,0.01306559769436717,0.12241791619429297,0.11349405480353257
uniform_fixed,22,raw,2000,1024000,1.5656737136887386,0.9917713056784123,2.557445019367151,0.013167355014011263,0.11347498784682518,0.11347498784682518
uniform_fixed,22,raw,2100,1075200,1.6439256345620379,1.0413712421432137,2.6852968767052516,0.013287967732176185,0.11535620438213076,0.11347498784682518
uniform_fixed,22,raw,2200,1126400,1.7220488202292472,1.0909768339479342,2.8130256541771814,0.012840577587485313,0.1132106676949216,0.1132106676949216
uniform_fixed,22,raw,2300,1177600,1.8003012125845999,1.1405457307118922,2.940846943296492,0.013118573948740959,0.11621994785198315,0.1132106676949216
uniform_fixed,22,raw,2400,1228800,1.8783669753465801,1.1900327778421342,3.0683997531887144,0.013544682282954454,0.11532508440102994,0.1132106676949216
uniform_fixed,22,raw,2500,1280000,1.9564057984389365,1.2395227403612807,3.195928538800217,0.013266243413090706,0.11436416076765345,0.1132106676949216
uniform_fixed,22,raw,2600,1331200,2.034539907355793,1.289173282799311,3.323713190155104,0.01303434444591403,0.11292636187983808,0.11292636187983808
uniform_fixed,22,raw,2700,1382400,2.1135004439856857,1.3392765310127288,3.4527769749984145,0.01292719935066998,0.11279093588328055,0.11279093588328055
uniform_fixed,22,raw,2800,1433600,2.1916550655150786,1.3888358498224989,3.5804909153375775,0.013150355126708747,0.1157449559624269,0.11279093588328055
uniform_fixed,22,raw,2900,1484800,2.2699494963744655,1.438405800028704,3.7083552964031696,0.012918291287496686,0.11615976118338049,0.11279093588328055
uniform_fixed,22,raw,3000,1536000,2.3481587211135775,1.4878952325088903,3.836053953622468,0.012904903907328845,0.11783567097829672,0.11279093588328055
uniform_fixed,22,mean_var,0,0,0.0,0.0,0.0,,0.43027049219931324,0.43027049219931324
uniform_fixed,22,mean_var,100,51200,0.0841665331972763,0.049623418832197785,0.13378995202947408,0.060293745547533036,0.1301693172929632,0.1301693172929632
uniform_fixed,22,mean_var,200,102400,0.1678590988740325,0.09914849989581853,0.26700759876985103,0.013734108051285148,0.11303485329412702,0.11303485329412702
uniform_fixed,22,mean_var,300,153600,0.25131208915263414,0.14866347145289183,0.39997556060552597,0.01243249704129994,0.11126948409321573,0.11126948409321573
uniform_fixed,22,mean_var,400,204800,0.3350831069983542,0.19825778459198773,0.5333408915903419,0.012418825980275869,0.11138475027596764,0.11126948409321573
uniform_fixed,22,mean_var,500,256000,0.4188702550018206,0.24795633554458618,0.6668265905464068,0.012602407485246658,0.11175670849141749,0.11126948409321573
uniform_fixed,22,mean_var,600,307200,0.5024140567984432,0.2976285992190242,0.8000426560174674,0.012326248409226536,0.11079416743450907,0.11079416743450907
uniform_fixed,22,mean_var,700,358400,0.5861338132526726,0.34729533013887703,0.9334291433915496,0.012230963530018926,0.11044484816450353,0.11044484816450353
uniform_fixed,22,mean_var,800,409600,0.669810137944296,0.3967414159560576,1.0665515539003536,0.012202342730015516,0.11053191032773961,0.11044484816450353
uniform_fixed,22,mean_var,900,460800,0.7534595839679241,0.44624572817701846,1.1997053121449426,0.012543165776878595,0.11211080371070876,0.11044484816450353
uniform_fixed,22,mean_var,1000,512000,0.8370916976127774,0.4957583984360099,1.3328500960487872,0.012409879099577666,0.11050260825042607,0.11044484816450353
uniform_fixed,22,mean_var,1100,563200,0.9207245255820453,0.5452716952422634,1.4659962208243087,0.012164574218913912,0.11041170698910545,0.11041170698910545
uniform_fixed,22,mean_var,1200,614400,1.004271604004316,0.5947689878521487,1.5990405918564647,0.012193436659872532,0.11056873754840067,0.11041170698910545
uniform_fixed,22,mean_var,1300,665600,1.08792048424948,0.6442411900497973,1.7321616742992774,0.01239589674398303,0.11093520482969238,0.11041170698910545
uniform_fixed,22,mean_var,1400,716800,1.1714159027906135,0.6937911072745919,1.8652070100652054,0.01219968986697495,0.11029433957766546,0.11029433957766546
uniform_fixed,22,mean_var,1500,768000,1.2550571854226291,0.7433558166958392,1.9984130021184683,0.012416315693408252,0.11073712851598823,0.11029433957766546
uniform_fixed,22,mean_var,1600,819200,1.3385277594206855,0.7928885803557932,2.1314163397764787,0.012366071864962578,0.11050380991891733,0.11029433957766546
uniform_fixed,22,mean_var,1700,870400,1.4220962804974988,0.8423713158117607,2.2644675963092595,0.012153694992884994,0.11038957713907548,0.11029433957766546
uniform_fixed,22,mean_var,1800,921600,1.5072642522864044,0.8929224765161052,2.4001867288025096,0.012135582603514194,0.11060175955407571,0.11029433957766546
uniform_fixed,22,mean_var,1900,972800,1.5906549334758893,0.9423620495945215,2.533016983070411,0.012106964439153671,0.1106805825198044,0.11029433957766546
uniform_fixed,22,mean_var,2000,1024000,1.674141286406666,0.9918464284855872,2.6659877148922533,0.012274654190987349,0.11064292342681169,0.11029433957766546
uniform_fixed,22,mean_var,2100,1075200,1.7578697352437302,1.0413427132880315,2.7992124485317618,0.01218974307179451,0.11032650874600235,0.11029433957766546
uniform_fixed,22,mean_var,2200,1126400,1.842111783917062,1.0908677644329146,2.9329795483499765,0.012089024949818849,0.11079056417977812,0.11029433957766546
uniform_fixed,22,mean_var,2300,1177600,1.9255556364078075,1.1403231234289706,3.065878759836778,0.012300088461488485,0.11035091038695745,0.11029433957766546
uniform_fixed,22,mean_var,2400,1228800,2.009235444944352,1.189773884601891,3.199009329546243,0.012267084745690226,0.11063173065002235,0.11029433957766546
uniform_fixed,22,mean_var,2500,1280000,2.092937756096944,1.2392368256114423,3.3321745817083865,0.01229536828584969,0.11029455009978786,0.11029433957766546
uniform_fixed,22,mean_var,2600,1331200,2.176338163437322,1.288687082589604,3.4650252460269257,0.012286970606073738,0.11028136174111233,0.11028136174111233
uniform_fixed,22,mean_var,2700,1382400,2.260172405396588,1.3383443359052762,3.5985167413018644,0.012193046221509575,0.11066003140285632,0.11028136174111233
uniform_fixed,22,mean_var,2800,1433600,2.3437815117649734,1.3877730175154284,3.7315545292804018,0.012282982962206005,0.11043387154075086,0.11028136174111233
uniform_fixed,22,mean_var,2900,1484800,2.4273153429385275,1.4372963977511972,3.8646117406897247,0.012212779577821494,0.11055106409005121,0.11028136174111233
uniform_fixed,22,mean_var,3000,1536000,2.510719511192292,1.4867816736223176,3.9975011848146096,0.012118418868631124,0.11223427413784995,0.11028136174111233
uniform_fixed,22,expanded_stats,0,0,0.0,0.0,0.0,,0.42331547620721044,0.42331547620721044
uniform_fixed,22,expanded_stats,100,51200,0.09912875713780522,0.04975360259413719,0.14888235973194242,0.06596490636467933,0.1881692807291034,0.1881692807291034
uniform_fixed,22,expanded_stats,200,102400,0.19796224555466324,0.09939481632318348,0.2973570618778467,0.020055529344826937,0.11765312950614061,0.11765312950614061
uniform_fixed,22,expanded_stats,300,153600,0.2965610941173509,0.14917550387326628,0.44573659799061716,0.013152816547080875,0.11209810654476658,0.11209810654476658
uniform_fixed,22,expanded_stats,400,204800,0.3954994026571512,0.19890746008604765,0.5944068627431989,0.012680622227489948,0.1116677171297018,0.1116677171297018
uniform_fixed,22,expanded_stats,500,256000,0.4943025942193344,0.2486261398298666,0.742928734049201,0.012636048747226595,0.11123512663633216,0.11123512663633216
uniform_fixed,22,expanded_stats,600,307200,0.5936155540402979,0.29851700889412314,0.892132562934421,0.012440515458583832,0.11074426459803768,0.11074426459803768
uniform_fixed,22,expanded_stats,700,358400,0.6925263145240024,0.34836995997466147,1.0408962744986638,0.012259880928322673,0.11194906833464838,0.11074426459803768
uniform_fixed,22,expanded_stats,800,409600,0.7911817418644205,0.39802076236810535,1.1892025042325258,0.012238761344924569,0.11040990025788006,0.11040990025788006
uniform_fixed,22,expanded_stats,900,460800,0.8901244103908539,0.44774438557215035,1.3378687959630042,0.01252976997755468,0.11044596652232216,0.11040990025788006
uniform_fixed,22,expanded_stats,1000,512000,0.988729570293799,0.4974984689615667,1.4862280392553657,0.01234938107430935,0.11106383778764604,0.11040990025788006
uniform_fixed,22,expanded_stats,1100,563200,1.0876696918858215,0.5472038581501693,1.6348735500359908,0.012223646221682429,0.11031788795477587,0.11031788795477587
uniform_fixed,22,expanded_stats,1200,614400,1.1862842350965366,0.5969039336778224,1.783188168774359,0.012196355080232025,0.11110708073534913,0.11031788795477587
uniform_fixed,22,expanded_stats,1300,665600,1.284855976817198,0.6466591981006786,1.9315151749178767,0.012366910595446826,0.11033164959182623,0.11031788795477587
uniform_fixed,22,expanded_stats,1400,716800,1.3834671945078298,0.6962829739786685,2.0797501684864983,0.012210344187915325,0.11053823129844605,0.11031788795477587
uniform_fixed,22,expanded_stats,1500,768000,1.483202772331424,0.7466047616908327,2.2298075340222567,0.012395525109022856,0.11258274836062186,0.11031788795477587
uniform_fixed,22,expanded_stats,1600,819200,1.5827597983879969,0.7966894842684269,2.3794492826564237,0.01228672480210662,0.11169332643837734,0.11031788795477587
uniform_fixed,22,expanded_stats,1700,870400,1.6816440731054172,0.8464654355775565,2.5281095086829737,0.012356388857588172,0.11155004304045534,0.11031788795477587
uniform_fixed,22,expanded_stats,1800,921600,1.7803834173828363,0.8961246389662847,2.676508056349121,0.012166775735095144,0.11023089187984539,0.11023089187984539
uniform_fixed,22,expanded_stats,1900,972800,1.878969584358856,0.9458109894767404,2.8247805738355964,0.01213148127309978,0.1105394375238512,0.11023089187984539
uniform_fixed,22,expanded_stats,2000,1024000,1.9779582793125883,0.9955069615971297,2.973465240909718,0.012402626676484943,0.11014101801592693,0.11014101801592693
uniform_fixed,22,expanded_stats,2100,1075200,2.0765918798279017,1.0451986807165667,3.1217905605444685,0.012218960653990507,0.1103113010933913,0.11014101801592693
uniform_fixed,22,expanded_stats,2200,1126400,2.1751767178066075,1.094832941191271,3.2700096589978784,0.012081645280122757,0.1114703371936464,0.11014101801592693
uniform_fixed,22,expanded_stats,2300,1177600,2.2738421983085573,1.144493438769132,3.418335637077689,0.012272251136600971,0.11091034124045199,0.11014101801592693
uniform_fixed,22,expanded_stats,2400,1228800,2.3725855922093615,1.1941688182996586,3.56675441050902,0.012271362030878663,0.11060502011543412,0.11014101801592693
uniform_fixed,22,expanded_stats,2500,1280000,2.471730504068546,1.24383210320957,3.715562607278116,0.012365516824647784,0.11331416277918302,0.11014101801592693
uniform_fixed,22,expanded_stats,2600,1331200,2.570449111284688,1.2934604733018205,3.8639095845865086,0.012336445469409228,0.11194068586771565,0.11014101801592693
uniform_fixed,22,expanded_stats,2700,1382400,2.6696561061544344,1.3433676114073023,4.013023717561737,0.012200836231932044,0.11020084939392281,0.11014101801592693
uniform_fixed,22,expanded_stats,2800,1433600,2.768631527549587,1.393068004050292,4.161699531599879,0.01231788270175457,0.11060011406883949,0.11014101801592693
uniform_fixed,22,expanded_stats,2900,1484800,2.8674890524707735,1.4427804875886068,4.31026954005938,0.012202934483066202,0.11100711206724925,0.11014101801592693
uniform_fixed,22,expanded_stats,3000,1536000,2.966733562410809,1.492476518615149,4.459210081025958,0.01228841621428728,0.11280424385885027,0.11014101801592693
uniform_fixed,22,deepsets,0,0,0.0,0.0,0.0,,0.43090738588871774,0.43090738588871774
uniform_fixed,22,deepsets,100,51200,0.11477654869668186,0.049960840377025306,0.16473738907370716,0.09243959095329046,0.20050245762241883,0.20050245762241883
uniform_fixed,22,deepsets,200,102400,0.22814851836301386,0.09991510363761336,0.3280636220006272,0.015013635149225593,0.11221247415051183,0.11221247415051183
uniform_fixed,22,deepsets,300,153600,0.34084340289700776,0.14982962689828128,0.49067302979528904,0.01245911467820406,0.11135660778587743,0.11135660778587743
uniform_fixed,22,deepsets,400,204800,0.45363526756409556,0.19978108536452055,0.6534163529286161,0.01244925077073276,0.11128951852626093,0.11128951852626093
uniform_fixed,22,deepsets,500,256000,0.5866608095820993,0.2593190089100972,0.8459798184921965,0.012698636325076222,0.11241338561981414,0.11128951852626093
uniform_fixed,22,deepsets,600,307200,0.7445898199221119,0.32883306534495205,1.073422885267064,0.01230475096963346,0.11093572199518514,0.11093572199518514
uniform_fixed,22,deepsets,700,358400,0.8579274816438556,0.37920808081980795,1.2371355624636635,0.012207999639213086,0.1104923901180872,0.1104923901180872
uniform_fixed,22,deepsets,800,409600,0.9714752896688879,0.42963333323132247,1.4011086229002103,0.012191352155059575,0.11053050902634777,0.1104923901180872
uniform_fixed,22,deepsets,900,460800,1.0907128065591678,0.483482769690454,1.5741955762496218,0.012534681195393204,0.11257137846686324,0.1104923901180872
uniform_fixed,22,deepsets,1000,512000,1.205361711094156,0.5346523590851575,1.7400140701793134,0.012394719701260328,0.11060500885639986,0.1104923901180872
uniform_fixed,22,deepsets,1100,563200,1.3188393075251952,0.5851321421796456,1.9039714497048408,0.012161605646833778,0.110506118318734,0.1104923901180872
uniform_fixed,22,deepsets,1200,614400,1.4322809586301446,0.635521199204959,2.0678021578351036,0.01216371905989945,0.110822879605325,0.1104923901180872
uniform_fixed,22,deepsets,1300,665600,1.5461398266488686,0.6861703222384676,2.2323101488873363,0.012389933709055185,0.1109917604963061,0.1104923901180872
uniform_fixed,22,deepsets,1400,716800,1.6594771763775498,0.7365933615947142,2.396070537972264,0.01222043890506029,0.11051988123292289,0.1104923901180872
uniform_fixed,22,deepsets,1500,768000,1.773018250009045,0.7868836306734011,2.559901880682446,0.0124318222142756,0.112772852217684,0.1104923901180872
uniform_fixed,22,deepsets,1600,819200,1.8865738505264744,0.8371331542730331,2.7237070047995076,0.012432179972529411,0.11052212480476609,0.1104923901180872
uniform_fixed,22,deepsets,1700,870400,1.9997841713484377,0.88745941396337,2.8872435853118077,0.01214742572978139,0.11049042301308068,0.11049042301308068
uniform_fixed,22,deepsets,1800,921600,2.1133290238212794,0.93773435393814,3.0510633777594194,0.012145975083112716,0.11108717735653806,0.11049042301308068
uniform_fixed,22,deepsets,1900,972800,2.2270634345477447,0.9883626576047391,3.2154260921524838,0.012097904607653618,0.11051983500896922,0.11049042301308068
uniform_fixed,22,deepsets,2000,1024000,2.3404987190151587,1.0387901830254123,3.379288902040571,0.012286816211417317,0.11030296021934388,0.11030296021934388
uniform_fixed,22,deepsets,2100,1075200,2.453765208949335,1.089126402628608,3.542891611577943,0.01219716614112258,0.11032548165213839,0.11030296021934388
uniform_fixed,22,deepsets,2200,1126400,2.5669999598758295,1.1395979006774724,3.706597860553302,0.012093657571822404,0.11042737778372279,0.11030296021934388
uniform_fixed,22,deepsets,2300,1177600,2.6802481909980997,1.1899524515029043,3.870200642501004,0.012322198040783406,0.11047965798528737,0.11030296021934388
uniform_fixed,22,deepsets,2400,1228800,2.7936207287712023,1.2404104524757713,4.034031181246974,0.012225270196795463,0.11026515450435684,0.11026515450435684
uniform_fixed,22,deepsets,2500,1280000,2.9069612713065,1.2906769877299666,4.1976382590364665,0.012338409870862961,0.11061467735592567,0.11026515450435684
uniform_fixed,22,deepsets,2600,1331200,3.022619856405072,1.3422693974571303,4.364889253862202,0.012297532875090838,0.11038851721167296,0.11026515450435684
uniform_fixed,22,deepsets,2700,1382400,3.140159040223807,1.396163102821447,4.536322143045254,0.012203169036656619,0.11028388356479531,0.11026515450435684
uniform_fixed,22,deepsets,2800,1433600,3.2974863613490015,1.4658200866542757,4.763306448003277,0.01227533889003098,0.11056474223746313,0.11026515450435684
uniform_fixed,22,deepsets,2900,1484800,3.4341156360460445,1.5177358312066644,4.951851467252709,0.012212782707065344,0.1124499566171226,0.11026515450435684
uniform_fixed,22,deepsets,3000,1536000,3.567825866979547,1.568617113865912,5.136442980845459,0.012162861824035644,0.11572500740600189,0.11026515450435684
uniform_fixed,33,mean_var,0,0,0.0,0.0,0.0,,0.3471815263161231,0.3471815263161231
uniform_fixed,33,mean_var,100,51200,0.0985335553996265,0.05074482213240117,0.14927837753202766,0.05213835397735238,0.11530179624476247,0.11530179624476247
uniform_fixed,33,mean_var,200,102400,0.1959763957420364,0.10144157113973051,0.2974179668817669,0.012759544290602207,0.10956565402332723,0.10956565402332723
uniform_fixed,33,mean_var,300,153600,0.29290814232081175,0.15198819944635034,0.4448963417671621,0.0122047433629632,0.10838352783166783,0.10838352783166783
uniform_fixed,33,mean_var,400,204800,0.3899126665201038,0.20225206983741373,0.5921647363575175,0.01234347558580339,0.11041932997399917,0.10838352783166783
uniform_fixed,33,mean_var,500,256000,0.4874388532480225,0.2528628628933802,0.7403017161414027,0.012153486274182796,0.10893652753703069,0.10838352783166783
uniform_fixed,33,mean_var,600,307200,0.5877235009102151,0.3039165382506326,0.8916400391608477,0.012281093504279852,0.10796360691572479,0.10796360691572479
uniform_fixed,33,mean_var,700,358400,0.6885541724041104,0.3551072570262477,1.0436614294303581,0.012157676564529539,0.10813637792889809,0.10796360691572479
uniform_fixed,33,mean_var,800,409600,0.8427496453514323,0.43699419766198844,1.2797438430134207,0.012018284322693943,0.10909098182297448,0.10796360691572479
uniform_fixed,33,mean_var,900,460800,0.9650105040054768,0.5153950162930414,1.4804055202985182,0.012280574133619666,0.10811498898457234,0.10796360691572479
uniform_fixed,33,mean_var,1000,512000,1.0869409589795396,0.5937577427830547,1.6806987017625943,0.012257909411564469,0.1108898317676873,0.10796360691572479
uniform_fixed,33,mean_var,1100,563200,1.170647086459212,0.6436642169719562,1.8143113034311682,0.012338387882336974,0.10794958336472663,0.10794958336472663
uniform_fixed,33,mean_var,1200,614400,1.254104604711756,0.6932110338238999,1.947315638535656,0.012221275782212614,0.11018234257691399,0.10794958336472663
uniform_fixed,33,mean_var,1300,665600,1.3375025667482987,0.7428922387771308,2.0803948055254295,0.01240422535687685,0.10817002446443122,0.10794958336472663
uniform_fixed,33,mean_var,1400,716800,1.420897328411229,0.792342426837422,2.213239755248651,0.012379938559606672,0.10791383226211558,0.10791383226211558
uniform_fixed,33,mean_var,1500,768000,1.5043283915147185,0.841894144192338,2.3462225357070565,0.0122988320607692,0.10786395089288403,0.10786395089288403
uniform_fixed,33,mean_var,1600,819200,1.587801207555458,0.8915939644211903,2.4793951719766483,0.012351924981921912,0.10819541981372126,0.10786395089288403
uniform_fixed,33,mean_var,1700,870400,1.6713966795941815,0.9413368570385501,2.6127335366327316,0.012271728264167905,0.10818101474680263,0.10786395089288403
uniform_fixed,33,mean_var,1800,921600,1.7547205118462443,0.9910103046568111,2.7457308165030554,0.01214754925109446,0.10782060161667681,0.10782060161667681
uniform_fixed,33,mean_var,1900,972800,1.8378667534561828,1.040604580193758,2.878471333649941,0.012330371746793389,0.10783385852187483,0.10782060161667681
uniform_fixed,33,mean_var,2000,1024000,1.9211694416590035,1.090213154326193,3.0113825959851965,0.012138914475217462,0.10896586953311917,0.10782060161667681
uniform_fixed,33,mean_var,2100,1075200,2.004563040449284,1.1397950968239456,3.1443581372732297,0.01215595700778067,0.10837928689714343,0.10782060161667681
uniform_fixed,33,mean_var,2200,1126400,2.0876894565299153,1.189406274817884,3.2770957313477993,0.012276831809431314,0.1086070198233992,0.10782060161667681
uniform_fixed,33,mean_var,2300,1177600,2.1709977955324575,1.2390331429196522,3.4100309384521097,0.012269579684361815,0.10941525254192803,0.10782060161667681
uniform_fixed,33,mean_var,2400,1228800,2.25428271968849,1.2885813035536557,3.5428640232421458,0.012220085747539997,0.1080351263008017,0.10782060161667681
uniform_fixed,33,mean_var,2500,1280000,2.338004386634566,1.3382814340293407,3.6762858206639066,0.012331911399960517,0.10782872135271712,0.10782060161667681
uniform_fixed,33,mean_var,2600,1331200,2.421144973952323,1.3879362458828837,3.809081219835207,0.012196431793272495,0.1080737439727416,0.10782060161667681
uniform_fixed,33,mean_var,2700,1382400,2.504268292686902,1.4374183331383392,3.941686625825241,0.012093459516763687,0.1078217516313504,0.10782060161667681
uniform_fixed,33,mean_var,2800,1433600,2.5881556721869856,1.4875254648504779,4.0756811370374635,0.01208616361953318,0.10778076909700178,0.10778076909700178
uniform_fixed,33,mean_var,2900,1484800,2.672606618492864,1.5375295603880659,4.21013617888093,0.012164896158501505,0.10793599291665679,0.10778076909700178
uniform_fixed,33,mean_var,3000,1536000,2.7558459759457037,1.5870772275375202,4.342923203483224,0.012287373933941127,0.10780164068132338,0.10778076909700178
uniform_fixed,33,expanded_stats,0,0,0.0,0.0,0.0,,0.31652003045785543,0.31652003045785543
uniform_fixed,33,expanded_stats,100,51200,0.09937648824416101,0.049705199897289276,0.14908168814145029,0.04848192870616913,0.12951584817530135,0.12951584817530135
uniform_fixed,33,expanded_stats,200,102400,0.19773344148416072,0.09947342099621892,0.29720686248037964,0.013469048710539937,0.10890238357331994,0.10890238357331994
uniform_fixed,33,expanded_stats,300,153600,0.2964145152363926,0.1491872537881136,0.4456017690245062,0.012310928208753466,0.10875876893268162,0.10875876893268162
uniform_fixed,33,expanded_stats,400,204800,0.3951077163219452,0.19892935641109943,0.5940370727330446,0.012363851265981794,0.10805790456399268,0.10805790456399268
uniform_fixed,33,expanded_stats,500,256000,0.4934849007986486,0.24865832820069045,0.742143228999339,0.012253332193940878,0.10818165612144756,0.10805790456399268
uniform_fixed,33,expanded_stats,600,307200,0.5921077597886324,0.29836975352372974,0.8904775133123621,0.012397243389859796,0.11159311033329962,0.10805790456399268
uniform_fixed,33,expanded_stats,700,358400,0.6908037071116269,0.34803485008887947,1.0388385572005063,0.012247402956709265,0.10838391169715123,0.10805790456399268
uniform_fixed,33,expanded_stats,800,409600,0.7890128982253373,0.39778747654054314,1.1868003747658804,0.012157428413629531,0.10959122841725956,0.10805790456399268
uniform_fixed,33,expanded_stats,900,460800,0.8875264060916379,0.44750537048093975,1.3350317765725777,0.012376645356416702,0.10800057486668391,0.10800057486668391
uniform_fixed,33,expanded_stats,1000,512000,0.9860628334572539,0.49714319105260074,1.4832060245098546,0.012283888673409819,0.10813037618574665,0.10800057486668391
uniform_fixed,33,expanded_stats,1100,563200,1.084741676109843,0.5468101985752583,1.6315518746851012,0.012439214130863548,0.10835254973146873,0.10800057486668391
uniform_fixed,33,expanded_stats,1200,614400,1.183404064970091,0.596523686661385,1.779927751631476,0.01229510352946818,0.10811641672010885,0.10800057486668391
uniform_fixed,33,expanded_stats,1300,665600,1.2821004037978128,0.6461770882597193,1.928277492057532,0.012319399220868945,0.10836208854486866,0.10800057486668391
uniform_fixed,33,expanded_stats,1400,716800,1.3805825870949775,0.69595493725501,2.0765375243499875,0.012470479691401123,0.1078435008823685,0.1078435008823685
uniform_fixed,33,expanded_stats,1500,768000,1.4790313778212294,0.7457229142310098,2.224754292052239,0.012345911329612136,0.10816490881745378,0.1078435008823685
uniform_fixed,33,expanded_stats,1600,819200,1.5776012651622295,0.795524172950536,2.3731254381127656,0.012372565707191824,0.10841349360729749,0.1078435008823685
uniform_fixed,33,expanded_stats,1700,870400,1.676101631950587,0.8452028300380334,2.5213044619886205,0.012370963459834456,0.10823693403995054,0.1078435008823685
uniform_fixed,33,expanded_stats,1800,921600,1.7746750542428344,0.8949731573229656,2.6696482115658,0.012202031565830112,0.1079609236570365,0.1078435008823685
uniform_fixed,33,expanded_stats,1900,972800,1.8732803233433515,0.9447019682265818,2.8179822915699333,0.012399320863187313,0.1107758863086226,0.1078435008823685
uniform_fixed,33,expanded_stats,2000,1024000,1.9719033169094473,0.9944261083146557,2.966329425224103,0.012246931185945869,0.10881487128493893,0.1078435008823685
uniform_fixed,33,expanded_stats,2100,1075200,2.0703988830791786,1.0441988687962294,3.114597751875408,0.012223242558538914,0.10833817025272446,0.1078435008823685
uniform_fixed,33,expanded_stats,2200,1126400,2.169016816536896,1.093982174177654,3.26299899071455,0.012324100947007538,0.10793140486852001,0.1078435008823685
uniform_fixed,33,expanded_stats,2300,1177600,2.267521799891256,1.143791540293023,3.411313340184279,0.012238832945004106,0.10800523060495706,0.1078435008823685
uniform_fixed,33,expanded_stats,2400,1228800,2.3669653927208856,1.1940549917053431,3.5610203844262287,0.012211772166192531,0.1079056826819288,0.1078435008823685
uniform_fixed,33,expanded_stats,2500,1280000,2.4662687096279114,1.244091675733216,3.7103603853611276,0.012333997404202818,0.10847380316056497,0.1078435008823685
uniform_fixed,33,expanded_stats,2600,1331200,2.564902295707725,1.293799826875329,3.858702122583054,0.01227858942002058,0.10849544912370922,0.1078435008823685
uniform_fixed,33,expanded_stats,2700,1382400,2.664011694258079,1.3435654017375782,4.007577095995657,0.012137603908777238,0.10790123342186939,0.1078435008823685
uniform_fixed,33,expanded_stats,2800,1433600,2.7625714435707778,1.3934042543405667,4.1559756979113445,0.01211425662972033,0.1080294803170853,0.1078435008823685
uniform_fixed,33,expanded_stats,2900,1484800,2.861197489197366,1.4430862598819658,4.304283749079332,0.012295008050277828,0.10926547882809103,0.1078435008823685
uniform_fixed,33,expanded_stats,3000,1536000,2.959619802189991,1.492892192560248,4.452511994750239,0.012349828509613872,0.10966115899235947,0.1078435008823685
uniform_fixed,33,deepsets,0,0,0.0,0.0,0.0,,0.35142291520782754,0.35142291520782754
uniform_fixed,33,deepsets,100,51200,0.1147900220239535,0.05006594711448997,0.16485596913844347,0.06875028861686587,0.11883113933339355,0.11883113933339355
uniform_fixed,33,deepsets,200,102400,0.22864068404305726,0.10007658519316465,0.3287172692362219,0.01279338431544602,0.1098435544787902,0.1098435544787902
uniform_fixed,33,deepsets,300,153600,0.34130202257074416,0.1498702421085909,0.49117226467933506,0.012362927002832293,0.10901575985152843,0.10901575985152843
uniform_fixed,33,deepsets,400,204800,0.45404515601694584,0.19970526976976544,0.6537504257867113,0.012458498701453208,0.10917940565001212,0.10901575985152843
uniform_fixed,33,deepsets,500,256000,0.5668202937813476,0.24953768216073513,0.8163579759420827,0.012226243857294322,0.10918555086687518,0.10901575985152843
uniform_fixed,33,deepsets,600,307200,0.6795244838576764,0.2993237703340128,0.9788482541916892,0.0123901242390275,0.1094163137528495,0.10901575985152843
uniform_fixed,33,deepsets,700,358400,0.792050467338413,0.34929775656200945,1.1413482239004225,0.012220924068242312,0.10835014651389381,0.10835014651389381
uniform_fixed,33,deepsets,800,409600,0.9048939065542072,0.39901869371533394,1.3039126002695411,0.012097515473142266,0.1092155940685355,0.10835014651389381
uniform_fixed,33,deepsets,900,460800,1.0175783768063411,0.448847901658155,1.4664262784644961,0.012378899129107595,0.10813709098934413,0.10813709098934413
uniform_fixed,33,deepsets,1000,512000,1.1302623242372647,0.4987849536119029,1.6290472778491676,0.012272233851253986,0.10880849949560445,0.10813709098934413
uniform_fixed,33,deepsets,1100,563200,1.2431290782988071,0.548675804049708,1.791804882348515,0.012417590850964189,0.10816540944126236,0.10813709098934413
uniform_fixed,33,deepsets,1200,614400,1.3559352024458349,0.5986989581724629,1.9546341606182978,0.01227778279222548,0.1089159044221718,0.10813709098934413
uniform_fixed,33,deepsets,1300,665600,1.4685207557631657,0.6485050099436194,2.117025765706785,0.012412545885890722,0.10849801935401518,0.10813709098934413
uniform_fixed,33,deepsets,1400,716800,1.5808267500251532,0.6982667079428211,2.2790934579679742,0.012415788909420371,0.10806164355361533,0.10806164355361533
uniform_fixed,33,deepsets,1500,768000,1.6934434241848066,0.7480967532610521,2.4415401774458587,0.012355273952707649,0.10805573488368952,0.10805573488368952
uniform_fixed,33,deepsets,1600,819200,1.8062062440440059,0.7979210015619174,2.6041272456059232,0.012384496964514255,0.10800084824454226,0.10800084824454226
uniform_fixed,33,deepsets,1700,870400,1.9186928007984534,0.8477754003833979,2.7664682011818513,0.01230728967115283,0.10792706196513498,0.10792706196513498
uniform_fixed,33,deepsets,1800,921600,2.032387939398177,0.8982083841692656,2.9305963235674426,0.012175389677286147,0.10796960669366117,0.10792706196513498
uniform_fixed,33,deepsets,1900,972800,2.1459088523406535,0.9485369703033939,3.0944458226440474,0.012394413948059083,0.10847332136750708,0.10792706196513498
uniform_fixed,33,deepsets,2000,1024000,2.2612434353213757,0.9983468500431627,3.2595902853645384,0.01226444068364799,0.11017067747827428,0.10792706196513498
uniform_fixed,33,deepsets,2100,1075200,2.3943203510716558,1.0486326972022653,3.442953048273921,0.012256619939580559,0.10841771699480027,0.10792706196513498
uniform_fixed,33,deepsets,2200,1126400,2.5271276108687744,1.098758049774915,3.6258856606436893,0.012283133137971162,0.1081443739199133,0.10792706196513498
uniform_fixed,33,deepsets,2300,1177600,2.6470879217376933,1.1487970455782488,3.795884967315942,0.01225019793957472,0.10834848608233466,0.10792706196513498
uniform_fixed,33,deepsets,2400,1228800,2.7595396804390475,1.1986639577662572,3.9582036382053047,0.012214273856952786,0.1079054594501373,0.1079054594501373
uniform_fixed,33,deepsets,2500,1280000,2.8718665334163234,1.2485572996083647,4.120423833024688,0.012289487048983574,0.10790845369864119,0.1079054594501373
uniform_fixed,33,deepsets,2600,1331200,2.9842892528977245,1.2984016292029992,4.282690882100724,0.012219737833365798,0.10814560314285834,0.1079054594501373
uniform_fixed,33,deepsets,2700,1382400,3.0967599489958957,1.3482619401765987,4.445021889172494,0.012131293024867772,0.10815660308091964,0.1079054594501373
uniform_fixed,33,deepsets,2800,1433600,3.209283904521726,1.398083474370651,4.607367378892377,0.012098716255277395,0.10781324903804165,0.10781324903804165
uniform_fixed,33,deepsets,2900,1484800,3.3217124437214807,1.4478930140612647,4.769605457782745,0.012245391579344869,0.10878656847264992,0.10781324903804165
uniform_fixed,33,deepsets,3000,1536000,3.4340382718946785,1.4976465301588178,4.931684802053496,0.012348032547160983,0.1090500842071287,0.10781324903804165
uniform_fixed,33,raw,0,0,0.0,0.0,0.0,,0.3250050824631763,0.3250050824631763
uniform_fixed,33,raw,100,51200,0.0778827196918428,0.049545934540219605,0.1274286542320624,0.08750756688416005,0.27145893490870115,0.27145893490870115
uniform_fixed,33,raw,200,102400,0.15548965288326144,0.09899484971538186,0.2544845025986433,0.05049334013834596,0.162011678150365,0.162011678150365
uniform_fixed,33,raw,300,153600,0.268471181509085,0.16839975106995553,0.4368709325790405,0.02204684169963002,0.13730286097380343,0.13730286097380343
uniform_fixed,33,raw,400,204800,0.35220419347751886,0.22058578743599355,0.5727899809135124,0.019517499338835478,0.1382469357961284,0.13730286097380343
uniform_fixed,33,raw,500,256000,0.43088429293129593,0.2706390330567956,0.7015233259880915,0.018926266795024276,0.13062438349952193,0.13062438349952193
uniform_fixed,33,raw,600,307200,0.5095555902225897,0.32048797991592437,0.830043570138514,0.017845373582094908,0.12790521699959606,0.12790521699959606
uniform_fixed,33,raw,700,358400,0.5883179901866242,0.3703668396919966,0.9586848298786208,0.016903011361137033,0.12386117061337155,0.12386117061337155
uniform_fixed,33,raw,800,409600,0.667240540497005,0.4203493611421436,1.0875899016391486,0.015832590386271477,0.12078571933218214,0.12078571933218214
uniform_fixed,33,raw,900,460800,0.7459909127792343,0.47033164114691317,1.2163225539261475,0.015365843158215285,0.12565358373268873,0.12078571933218214
uniform_fixed,33,raw,1000,512000,0.824703044607304,0.5201889943564311,1.344892038963735,0.014840215556323528,0.11574737731116638,0.11574737731116638
uniform_fixed,33,raw,1100,563200,0.903239520965144,0.5702131484868005,1.4734526694519445,0.014084566170349717,0.11377259542543305,0.11377259542543305
uniform_fixed,33,raw,1200,614400,0.9817605635616928,0.6202588909072801,1.602019454468973,0.013566762991249561,0.11404791983005313,0.11377259542543305
uniform_fixed,33,raw,1300,665600,1.0602127221645787,0.6703173054847866,1.7305300276493654,0.013467897213995456,0.11195164780870083,0.11195164780870083
uniform_fixed,33,raw,1400,716800,1.1400429992936552,0.7210104599362239,1.861053459229879,0.013646912313997745,0.11241150306345307,0.11195164780870083
uniform_fixed,33,raw,1500,768000,1.2197565102251247,0.771745030884631,1.9915015411097556,0.013478432791307568,0.11659396914534724,0.11195164780870083
uniform_fixed,33,raw,1600,819200,1.298398136626929,0.821832632063888,2.120230768690817,0.01349258041009307,0.11173071815774652,0.11173071815774652
uniform_fixed,33,raw,1700,870400,1.377056880388409,0.8719297874486074,2.2489866678370163,0.013026112131774426,0.1105863804943215,0.1105863804943215
uniform_fixed,33,raw,1800,921600,1.4556976268067956,0.9218723645899445,2.37756999139674,0.01312809213064611,0.11090884588711626,0.1105863804943215
uniform_fixed,33,raw,1900,972800,1.5343308594310656,0.9719343669712543,2.50626522640232,0.013404993554577232,0.11026047193611933,0.11026047193611933
uniform_fixed,33,raw,2000,1024000,1.6130515956319869,1.0219509733142331,2.63500256894622,0.013402863163501024,0.11536045846364384,0.11026047193611933
uniform_fixed,33,raw,2100,1075200,1.6914052474312484,1.0718805962242186,2.763285843655467,0.013326407354325056,0.11582215077234008,0.11026047193611933
uniform_fixed,33,raw,2200,1126400,1.76989041978959,1.121956399292685,2.891846819082275,0.013062560679391027,0.11216818726099127,0.11026047193611933
uniform_fixed,33,raw,2300,1177600,1.8487246901495382,1.171946450485848,3.020671140635386,0.012950979508459567,0.10995549473732774,0.10995549473732774
uniform_fixed,33,raw,2400,1228800,1.9276476243976504,1.2219077474437654,3.1495553718414158,0.01310274239629507,0.12181477924450483,0.10995549473732774
uniform_fixed,33,raw,2500,1280000,2.00733872607816,1.2733212824678048,3.280660008545965,0.01364712449721992,0.11055803275970229,0.10995549473732774
uniform_fixed,33,raw,2600,1331200,2.084865751559846,1.3227870241971686,3.4076527757570148,0.01301746727898717,0.10997208868627285,0.10995549473732774
uniform_fixed,33,raw,2700,1382400,2.162313484121114,1.3722827815217897,3.5345962656429037,0.01292094923555851,0.10971075863354382,0.10971075863354382
uniform_fixed,33,raw,2800,1433600,2.239719905424863,1.4218318200437352,3.6615517254685983,0.013154552755877376,0.11367111768569284,0.10971075863354382
uniform_fixed,33,raw,2900,1484800,2.3170294004958123,1.4713204575236887,3.788349858019501,0.012978480365127325,0.11133187620234289,0.10971075863354382
uniform_fixed,33,raw,3000,1536000,2.394455295521766,1.5208565066568553,3.9153118021786213,0.013065127143636345,0.1126793782143096,0.10971075863354382
