scenario,seed,method,level,nu_low,nu_high,n,mae,rmse,bias,corr
physical_fixed,11,moments,fixed,0.0,0.1,3817,0.32050196431033223,0.4053869013418652,0.2754772579459862,-0.004208937391867188
physical_fixed,11,moments,fixed,0.1,0.2,3048,0.3125370093217985,0.3563648359229184,0.19406536536833902,0.00943771690618941
physical_fixed,11,moments,fixed,0.2,0.3,1702,0.2989876153501304,0.3181578453556896,0.0991794736629087,-0.02281140032742231
physical_fixed,11,moments,fixed,0.3,0.4,826,0.2958461927299638,0.3130089879004243,0.013322814397026784,0.05699909404427637
physical_fixed,11,moments,fixed,0.4,0.5,384,0.2844071053744604,0.3193238300117659,-0.037596703274175525,0.05368493302386199
physical_fixed,11,moments,fixed,0.5,0.6,169,0.29737846385797806,0.3574120152944676,-0.1266277520614263,0.03942456723963995
physical_fixed,11,moments,fixed,0.6,0.7,45,0.21037506461143493,0.29491284551015634,-0.03133287363582187,-0.0552037555155539
physical_fixed,11,moments,fixed,0.7,0.8,8,0.15751951187849045,0.2650946576485886,-0.0387515053153038,0.3798793880903128
physical_fixed,11,moments,fixed,0.8,0.9,1,0.2873423099517822,0.2873423099517822,-0.2873423099517822,
physical_fixed,11,moments_clipped,fixed,0.0,0.1,3817,0.32050196431033223,0.4053869013418652,0.2754772579459862,-0.004208937391867188
physical_fixed,11,moments_clipped,fixed,0.1,0.2,3048,0.3125370093217985,0.3563648359229184,0.19406536536833902,0.00943771690618941
physical_fixed,11,moments_clipped,fixed,0.2,0.3,1702,0.2989876153501304,0.3181578453556896,0.0991794736629087,-0.02281140032742231
physical_fixed,11,moments_clipped,fixed,0.3,0.4,826,0.2958461927299638,0.3130089879004243,0.013322814397026784,0.05699909404427637
physical_fixed,11,moments_clipped,fixed,0.4,0.5,384,0.2844071053744604,0.3193238300117659,-0.037596703274175525,0.05368493302386199
physical_fixed,11,moments_clipped,fixed,0.5,0.6,169,0.29737846385797806,0.3574120152944676,-0.1266277520614263,0.03942456723963995
physical_fixed,11,moments_clipped,fixed,0.6,0.7,45,0.21037506461143493,0.29491284551015634,-0.03133287363582187,-0.0552037555155539
physical_fixed,11,moments_clipped,fixed,0.7,0.8,8,0.15751951187849045,0.2650946576485886,-0.0387515053153038,0.3798793880903128
physical_fixed,11,moments_clipped,fixed,0.8,0.9,1,0.2873423099517822,0.2873423099517822,-0.2873423099517822,
physical_fixed,11,known_sigma,fixed,0.0,0.1,3817,0.1260625613341529,0.16578617345105032,0.07204683042685046,0.015191957855777469
physical_fixed,11,known_sigma,fixed,0.1,0.2,3048,0.13917427799197554,0.1574643356157637,0.008331881814056964,0.08781085440695677
physical_fixed,11,known_sigma,fixed,0.2,0.3,1702,0.140428312880137,0.16512515500154973,-0.02262799523674503,0.1729545261110335
physical_fixed,11,known_sigma,fixed,0.3,0.4,826,0.1223275135598229,0.1595310774194093,-0.02996362440883392,0.19177646805362072
physical_fixed,11,known_sigma,fixed,0.4,0.5,384,0.09785529466656347,0.12698718250737262,-0.01349466317333281,0.3234215185169644
physical_fixed,11,known_sigma,fixed,0.5,0.6,169,0.0797265554673573,0.10161990624758437,-0.018990408563049586,0.1979416571134012
physical_fixed,11,known_sigma,fixed,0.6,0.7,45,0.07896505528026157,0.10618308943878153,-0.009617096185684204,0.3428583212731889
physical_fixed,11,known_sigma,fixed,0.7,0.8,8,0.06437545269727707,0.07487610969743966,-0.01879454404115677,-0.010960977955247
physical_fixed,11,known_sigma,fixed,0.8,0.9,1,0.06497645378112793,0.06497645378112793,-0.06497645378112793,
physical_fixed,11,prior_mean,fixed,0.0,0.1,3817,0.11111259895733336,0.1141444093080475,0.11111259895733336,
physical_fixed,11,prior_mean,fixed,0.1,0.2,3048,0.028427164889187638,0.03360481147564866,0.017951581944904614,
physical_fixed,11,prior_mean,fixed,0.2,0.3,1702,0.08084681701050801,0.08566408380479569,-0.08084681701050801,
physical_fixed,11,prior_mean,fixed,0.3,0.4,826,0.17896643544369115,0.18115106552305335,-0.17896643544369115,
physical_fixed,11,prior_mean,fixed,0.4,0.5,384,0.2786191361180196,0.2800805056696278,-0.2786191361180196,
physical_fixed,11,prior_mean,fixed,0.5,0.6,169,0.37502489887045687,0.37598118932568714,-0.37502489887045687,
physical_fixed,11,prior_mean,fixed,0.6,0.7,45,0.4828920231925117,0.48379042808769096,-0.4828920231925117,
physical_fixed,11,prior_mean,fixed,0.7,0.8,8,0.5723592936992645,0.5728001664246596,-0.5723592936992645,
physical_fixed,11,prior_mean,fixed,0.8,0.9,1,0.7135199308395386,0.7135199308395386,-0.7135199308395386,
physical_fixed,11,prior_median,fixed,0.0,0.1,3817,0.07981674811166714,0.08398600961419954,0.07981674811166714,
physical_fixed,11,prior_median,fixed,0.1,0.2,3048,0.025783219474937346,0.03138620036280945,-0.013344268928088853,
physical_fixed,11,prior_median,fixed,0.2,0.3,1702,0.11214266788350148,0.11566376006949543,-0.11214266788350148,
physical_fixed,11,prior_median,fixed,0.3,0.4,826,0.21026228644296563,0.21212485152889415,-0.21026228644296563,
physical_fixed,11,prior_median,fixed,0.4,0.5,384,0.3099149875342846,0.31122944293614885,-0.3099149875342846,
physical_fixed,11,prior_median,fixed,0.5,0.6,169,0.40632073484228914,0.4072035357370312,-0.40632073484228914,
physical_fixed,11,prior_median,fixed,0.6,0.7,45,0.514187859164344,0.5150316754902802,-0.514187859164344,
physical_fixed,11,prior_median,fixed,0.7,0.8,8,0.6036551296710968,0.6040731620842176,-0.6036551296710968,
physical_fixed,11,prior_median,fixed,0.8,0.9,1,0.7448157668113708,0.7448157668113708,-0.7448157668113708,
physical_fixed,11,deepsets,fixed,0.0,0.1,3817,0.09021617269950105,0.10133327946507012,0.0901830790670311,0.02091187585741608
physical_fixed,11,deepsets,fixed,0.1,0.2,3048,0.03783133585651324,0.05096182405975212,0.005358058976356595,0.10149989047296279
physical_fixed,11,deepsets,fixed,0.2,0.3,1702,0.0830840795978326,0.09311094684721996,-0.07303771038225619,0.1712353309071111
physical_fixed,11,deepsets,fixed,0.3,0.4,826,0.1431278967395533,0.15499835614282828,-0.13537803616997116,0.21024849827962358
physical_fixed,11,deepsets,fixed,0.4,0.5,384,0.17176259375022102,0.191129338272404,-0.16535371281982708,0.3222270878699821
physical_fixed,11,deepsets,fixed,0.5,0.6,169,0.18456160986917258,0.21206541842102283,-0.18043660094752115,0.20225288779666237
physical_fixed,11,deepsets,fixed,0.6,0.7,45,0.1474195592933231,0.1919220006299352,-0.14267578721046448,0.34974751030471823
physical_fixed,11,deepsets,fixed,0.7,0.8,8,0.1374569833278656,0.15624767918095778,-0.1374569833278656,0.059123194397786794
physical_fixed,11,deepsets,fixed,0.8,0.9,1,0.19221574068069458,0.19221574068069458,-0.19221574068069458,
physical_fixed,11,raw,fixed,0.0,0.1,3817,0.08796708494862057,0.09966787321340544,0.08794869218809243,0.02257970867231987
physical_fixed,11,raw,fixed,0.1,0.2,3048,0.03908622664768552,0.051535932007267485,0.003265846393552665,0.08915635603433476
physical_fixed,11,raw,fixed,0.2,0.3,1702,0.08396731029438637,0.09457941666023861,-0.07636923884445436,0.1576104872669592
physical_fixed,11,raw,fixed,0.3,0.4,826,0.14410791629091013,0.15666426316238413,-0.14037081914938104,0.21539601726007468
physical_fixed,11,raw,fixed,0.4,0.5,384,0.18295488397901255,0.19780818255868934,-0.18062477962424356,0.3291875845449393
physical_fixed,11,raw,fixed,0.5,0.6,169,0.21386202094117565,0.23301184284394844,-0.21200594217819574,0.19208374485312113
physical_fixed,11,raw,fixed,0.6,0.7,45,0.1705500861008962,0.21021399286730824,-0.14331641130977207,0.32850931029076547
physical_fixed,11,raw,fixed,0.7,0.8,8,0.16364778578281403,0.19071097956063118,-0.12936776876449585,0.0010724410583450462
physical_fixed,11,raw,fixed,0.8,0.9,1,0.022445380687713623,0.022445380687713623,0.022445380687713623,
physical_fixed,11,mean_var,fixed,0.0,0.1,3817,0.08848693433398504,0.09986382876988774,0.08841502004958648,0.0218409099185121
physical_fixed,11,mean_var,fixed,0.1,0.2,3048,0.03817573688151877,0.05125205687866419,0.0037220421557625136,0.09763552923560408
physical_fixed,11,mean_var,fixed,0.2,0.3,1702,0.08420200275583356,0.09429677174888297,-0.0743966746711983,0.171658742131574
physical_fixed,11,mean_var,fixed,0.3,0.4,826,0.1436610701730696,0.1559261715812401,-0.13647603274257653,0.21412959772762202
physical_fixed,11,mean_var,fixed,0.4,0.5,384,0.1726484642907356,0.19194540399464416,-0.1670342832415675,0.3249253765900438
physical_fixed,11,mean_var,fixed,0.5,0.6,169,0.18628024032130044,0.2126901494496824,-0.18381936416118103,0.19498037190316747
physical_fixed,11,mean_var,fixed,0.6,0.7,45,0.1564798288875156,0.1950247495020999,-0.15227402448654176,0.344102173120279
physical_fixed,11,mean_var,fixed,0.7,0.8,8,0.15388287603855133,0.16962554461286444,-0.15388287603855133,0.05392058796091055
physical_fixed,11,mean_var,fixed,0.8,0.9,1,0.1962452530860901,0.1962452530860901,-0.1962452530860901,
physical_fixed,11,expanded_stats,fixed,0.0,0.1,3817,0.08756815862395641,0.09872180951709962,0.08750484313719212,0.022133004827139615
physical_fixed,11,expanded_stats,fixed,0.1,0.2,3048,0.03769588037797316,0.050145864714864215,0.002566845618247047,0.09799742343970083
physical_fixed,11,expanded_stats,fixed,0.2,0.3,1702,0.08488638789669888,0.09483807207668803,-0.07587935399487351,0.17397595558089665
physical_fixed,11,expanded_stats,fixed,0.3,0.4,826,0.14536904978405765,0.15737941070359984,-0.13925042798963644,0.21180595527783225
physical_fixed,11,expanded_stats,fixed,0.4,0.5,384,0.1763439093871663,0.19489626772769386,-0.1710279482261588,0.313872455508079
physical_fixed,11,expanded_stats,fixed,0.5,0.6,169,0.19276454921304825,0.21734025626551012,-0.18919658696157693,0.19691887167493055
physical_fixed,11,expanded_stats,fixed,0.6,0.7,45,0.16260545717345345,0.20306446022645377,-0.14510539041625128,0.3375497420322098
physical_fixed,11,expanded_stats,fixed,0.7,0.8,8,0.15198243036866188,0.17531116497210414,-0.1298537589609623,-0.03993764259695455
physical_fixed,11,expanded_stats,fixed,0.8,0.9,1,0.03820997476577759,0.03820997476577759,-0.03820997476577759,
physical_fixed,22,moments,fixed,0.0,0.1,3905,0.3245069205744857,0.4080204466733122,0.2816990770959437,-0.010807277292550831
physical_fixed,22,moments,fixed,0.1,0.2,2810,0.303597423853187,0.34729557251036125,0.18005048163845022,0.012845105032789142
physical_fixed,22,moments,fixed,0.2,0.3,1771,0.29914531134434974,0.3177751535428807,0.08847944507452137,-0.01203576741139672
physical_fixed,22,moments,fixed,0.3,0.4,917,0.29941705899514187,0.3158045219018443,0.02162234389274955,0.06939691313954095
physical_fixed,22,moments,fixed,0.4,0.5,389,0.2834906732055399,0.31517848775708235,-0.014689202403654475,0.08157924583917561
physical_fixed,22,moments,fixed,0.5,0.6,159,0.26149931512538743,0.3219721426551183,-0.05779608559308562,0.017347469276688753
physical_fixed,22,moments,fixed,0.6,0.7,36,0.23488487386041215,0.3171348476370839,-0.05966755996147791,0.09394873083062776
physical_fixed,22,moments,fixed,0.7,0.8,12,0.15026536087195078,0.23395906224578833,-0.009141032894452412,0.49497928670722924
physical_fixed,22,moments,fixed,0.8,0.9,1,0.04604613780975342,0.04604613780975342,-0.04604613780975342,
physical_fixed,22,moments_clipped,fixed,0.0,0.1,3905,0.3245069205744857,0.4080204466733122,0.2816990770959437,-0.010807277292550831
physical_fixed,22,moments_clipped,fixed,0.1,0.2,2810,0.303597423853187,0.34729557251036125,0.18005048163845022,0.012845105032789142
physical_fixed,22,moments_clipped,fixed,0.2,0.3,1771,0.29914531134434974,0.3177751535428807,0.08847944507452137,-0.01203576741139672
physical_fixed,22,moments_clipped,fixed,0.3,0.4,917,0.29941705899514187,0.3158045219018443,0.02162234389274955,0.06939691313954095
physical_fixed,22,moments_clipped,fixed,0.4,0.5,389,0.2834906732055399,0.31517848775708235,-0.014689202403654475,0.08157924583917561
physical_fixed,22,moments_clipped,fixed,0.5,0.6,159,0.26149931512538743,0.3219721426551183,-0.05779608559308562,0.017347469276688753
physical_fixed,22,moments_clipped,fixed,0.6,0.7,36,0.23488487386041215,0.3171348476370839,-0.05966755996147791,0.09394873083062776
physical_fixed,22,moments_clipped,fixed,0.7,0.8,12,0.15026536087195078,0.23395906224578833,-0.009141032894452412,0.49497928670722924
physical_fixed,22,moments_clipped,fixed,0.8,0.9,1,0.04604613780975342,0.04604613780975342,-0.04604613780975342,
physical_fixed,22,known_sigma,fixed,0.0,0.1,3905,0.12460274720605027,0.1639950739145319,0.07312146203184593,0.0477674994129906
physical_fixed,22,known_sigma,fixed,0.1,0.2,2810,0.13599284742411982,0.15382740039258716,0.007954781188288193,0.09277632695625332
physical_fixed,22,known_sigma,fixed,0.2,0.3,1771,0.14084737757163018,0.16684458539023855,-0.026984353339954796,0.16705049607806663
physical_fixed,22,known_sigma,fixed,0.3,0.4,917,0.13003805671354418,0.16544025333862014,-0.029011370425265904,0.1816094175792162
physical_fixed,22,known_sigma,fixed,0.4,0.5,389,0.09724276916993001,0.1351596576257181,-0.025198031781878138,0.17522568943837824
physical_fixed,22,known_sigma,fixed,0.5,0.6,159,0.0854352022866783,0.10774553647747959,-0.002358504811172965,0.07661366032458282
physical_fixed,22,known_sigma,fixed,0.6,0.7,36,0.07320352395375569,0.09602907832391583,-0.0021422836515638563,0.20593120013065475
physical_fixed,22,known_sigma,fixed,0.7,0.8,12,0.06349331140518188,0.07274183193004274,0.03448706865310669,0.3856009732860752
physical_fixed,22,known_sigma,fixed,0.8,0.9,1,0.02023392915725708,0.02023392915725708,0.02023392915725708,
physical_fixed,22,prior_mean,fixed,0.0,0.1,3905,0.1132469039396043,0.11623044522146204,0.1132469039396043,
physical_fixed,22,prior_mean,fixed,0.1,0.2,2810,0.02966534002979031,0.03512876369708657,0.020208361180121367,
physical_fixed,22,prior_mean,fixed,0.2,0.3,1771,0.07960684730433125,0.08463605994519036,-0.07960684730433125,
physical_fixed,22,prior_mean,fixed,0.3,0.4,917,0.17874402734029515,0.18102640780032014,-0.17874402734029515,
physical_fixed,22,prior_mean,fixed,0.4,0.5,389,0.2771597424938623,0.2786011090530473,-0.2771597424938623,
physical_fixed,22,prior_mean,fixed,0.5,0.6,159,0.37782010773442826,0.3787103086073142,-0.37782010773442826,
physical_fixed,22,prior_mean,fixed,0.6,0.7,36,0.4760389584634039,0.47694369537610837,-0.4760389584634039,
physical_fixed,22,prior_mean,fixed,0.7,0.8,12,0.5741857389609019,0.5745931281623976,-0.5741857389609019,
physical_fixed,22,prior_mean,fixed,0.8,0.9,1,0.7059625387191772,0.7059625387191772,-0.7059625387191772,
physical_fixed,22,prior_median,fixed,0.0,0.1,3905,0.08286827915227672,0.08690113251625034,0.08286827915227672,
physical_fixed,22,prior_median,fixed,0.1,0.2,2810,0.02538664360858792,0.030480919266544743,-0.010170263616746007,
physical_fixed,22,prior_median,fixed,0.2,0.3,1771,0.10998547210119862,0.1136785669272545,-0.10998547210119862,
physical_fixed,22,prior_median,fixed,0.3,0.4,917,0.2091226521534124,0.21107680274533705,-0.2091226521534124,
physical_fixed,22,prior_median,fixed,0.4,0.5,389,0.30753836717581073,0.3088379872250873,-0.30753836717581073,
physical_fixed,22,prior_median,fixed,0.5,0.6,159,0.40819871763013443,0.40902280756930703,-0.40819871763013443,
physical_fixed,22,prior_median,fixed,0.6,0.7,36,0.5064175642198986,0.5072681220324824,-0.5064175642198986,
physical_fixed,22,prior_median,fixed,0.7,0.8,12,0.604564348856608,0.6049512805450092,-0.604564348856608,
physical_fixed,22,prior_median,fixed,0.8,0.9,1,0.7363411784172058,0.7363411784172058,-0.7363411784172058,
physical_fixed,22,raw,fixed,0.0,0.1,3905,0.09703557289249612,0.10717584060577334,0.09699772139784621,0.04026555880788046
physical_fixed,22,raw,fixed,0.1,0.2,2810,0.03817070394330178,0.04896379674778097,0.010915916049819825,0.0951281523550175
physical_fixed,22,raw,fixed,0.2,0.3,1771,0.07651270326081808,0.08730238471554921,-0.0705322955100298,0.148494794231796
physical_fixed,22,raw,fixed,0.3,0.4,917,0.13975170383081573,0.1507848077183491,-0.13896897394563537,0.21580643711496011
physical_fixed,22,raw,fixed,0.4,0.5,389,0.19888738353178861,0.20819278304912595,-0.19677052273388693,0.1689575624188894
physical_fixed,22,raw,fixed,0.5,0.6,159,0.22169291167139257,0.2381460076765753,-0.22081176008818285,0.1193485885217068
physical_fixed,22,raw,fixed,0.6,0.7,36,0.2333216948641671,0.25159550313726675,-0.22715977331002551,0.16296564818336673
physical_fixed,22,raw,fixed,0.7,0.8,12,0.13538755476474762,0.15900171850195352,-0.13538755476474762,0.5180060903721695
physical_fixed,22,raw,fixed,0.8,0.9,1,0.10567045211791992,0.10567045211791992,-0.10567045211791992,
physical_fixed,22,mean_var,fixed,0.0,0.1,3905,0.08999386000495865,0.10084769944532897,0.08998772037166639,0.04462977969255192
physical_fixed,22,mean_var,fixed,0.1,0.2,2810,0.036799587280194536,0.04975805663132665,0.004265138854229578,0.09150565701267813
physical_fixed,22,mean_var,fixed,0.2,0.3,1771,0.08581760082286606,0.09592923641470771,-0.07444057961529355,0.1568372918268958
physical_fixed,22,mean_var,fixed,0.3,0.4,917,0.14016193063724522,0.1544843122896221,-0.13274376801212065,0.20837179831246797
physical_fixed,22,mean_var,fixed,0.4,0.5,389,0.18107012213042584,0.19871833290867408,-0.17406604115331692,0.16606770398491372
physical_fixed,22,mean_var,fixed,0.5,0.6,159,0.16936374572837878,0.20057823959915452,-0.15987098779318468,0.10918664298762544
physical_fixed,22,mean_var,fixed,0.6,0.7,36,0.16113460974560842,0.1895150171702069,-0.1366587107380231,0.18093100249040678
physical_fixed,22,mean_var,fixed,0.7,0.8,12,0.09463290373484293,0.10842913190029461,-0.032076408465703324,0.4199852133354855
physical_fixed,22,mean_var,fixed,0.8,0.9,1,0.0586698055267334,0.0586698055267334,0.0586698055267334,
physical_fixed,22,expanded_stats,fixed,0.0,0.1,3905,0.0890217381740578,0.10082908804299937,0.08891476377959287,0.04792292113502712
physical_fixed,22,expanded_stats,fixed,0.1,0.2,2810,0.038456484516320284,0.05096336403314304,0.003902393165856494,0.09338716838993695
physical_fixed,22,expanded_stats,fixed,0.2,0.3,1771,0.0849468609005768,0.09553888382140625,-0.07448412092609771,0.15959969272198865
physical_fixed,22,expanded_stats,fixed,0.3,0.4,917,0.13927481642791203,0.15341140009770365,-0.1329103127333174,0.216125848639749
physical_fixed,22,expanded_stats,fixed,0.4,0.5,389,0.1825411629247788,0.19889337516092462,-0.17666270080139826,0.1663982215932978
physical_fixed,22,expanded_stats,fixed,0.5,0.6,159,0.1736465593179067,0.20373780806173597,-0.1676437942861761,0.11413049702282915
physical_fixed,22,expanded_stats,fixed,0.6,0.7,36,0.16891077740324867,0.19395245588038001,-0.1502029589480824,0.18899955188999884
physical_fixed,22,expanded_stats,fixed,0.7,0.8,12,0.09580539166927338,0.11638329984366438,-0.06032791237036387,0.4059218939830423
physical_fixed,22,expanded_stats,fixed,0.8,0.9,1,0.017423033714294434,0.017423033714294434,-0.017423033714294434,
physical_fixed,22,deepsets,fixed,0.0,0.1,3905,0.08660118756350725,0.09872964888690702,0.0864875000184843,0.04776250751470874
physical_fixed,22,deepsets,fixed,0.1,0.2,2810,0.03828254531657993,0.05128687835135753,0.0013310415756447884,0.09403237035963935
physical_fixed,22,deepsets,fixed,0.2,0.3,1771,0.08794653826282227,0.09832775315413013,-0.07673220628402382,0.15529977883294885
physical_fixed,22,deepsets,fixed,0.3,0.4,917,0.142265528684224,0.15634088257169929,-0.13362720347087803,0.21193028153765608
physical_fixed,22,deepsets,fixed,0.4,0.5,389,0.18088845893319283,0.19906037652587508,-0.1733856173208256,0.17122056783313172
physical_fixed,22,deepsets,fixed,0.5,0.6,159,0.16462565592999728,0.1990614224355706,-0.1541139584667278,0.11276955979808997
physical_fixed,22,deepsets,fixed,0.6,0.7,36,0.14263658225536346,0.1731450515828012,-0.13328415983253056,0.22223553908322957
physical_fixed,22,deepsets,fixed,0.7,0.8,12,0.08816413581371307,0.10446618243355474,-0.08816413581371307,0.39290885908902473
physical_fixed,22,deepsets,fixed,0.8,0.9,1,0.12739074230194092,0.12739074230194092,-0.12739074230194092,
physical_fixed,33,moments,fixed,0.0,0.1,3881,0.32688566535590163,0.4092036707803707,0.283882477246985,-0.0077815887241240575
physical_fixed,33,moments,fixed,0.1,0.2,2878,0.3070832748351783,0.3505883343121854,0.18224456479683612,-0.01678825357971409
physical_fixed,33,moments,fixed,0.2,0.3,1707,0.3003873703995852,0.3197832979885393,0.09957576762638248,0.03566311248892961
physical_fixed,33,moments,fixed,0.3,0.4,928,0.29750476287806343,0.31529823486843656,0.025118049057521696,-0.05632057269221386
physical_fixed,33,moments,fixed,0.4,0.5,398,0.2979421839118004,0.32906315931394825,-0.030618711070499228,-0.025871682512358923
physical_fixed,33,moments,fixed,0.5,0.6,147,0.2846715059004673,0.3412100502571378,-0.08003674295483804,0.03980098401582056
physical_fixed,33,moments,fixed,0.6,0.7,43,0.2205914674803268,0.29937557721281144,-0.053859572077906405,-0.03571389856746491
physical_fixed,33,moments,fixed,0.7,0.8,14,0.16354276452745709,0.2396487613658499,0.008560410567692347,0.16714444190154562
physical_fixed,33,moments,fixed,0.8,0.9,4,0.20055337250232697,0.24764755621941523,-0.20055337250232697,-0.3398772930343267
physical_fixed,33,moments_clipped,fixed,0.0,0.1,3881,0.32688566535590163,0.4092036707803707,0.283882477246985,-0.0077815887241240575
physical_fixed,33,moments_clipped,fixed,0.1,0.2,2878,0.3070832748351783,0.3505883343121854,0.18224456479683612,-0.01678825357971409
physical_fixed,33,moments_clipped,fixed,0.2,0.3,1707,0.3003873703995852,0.3197832979885393,0.09957576762638248,0.03566311248892961
physical_fixed,33,moments_clipped,fixed,0.3,0.4,928,0.29750476287806343,0.31529823486843656,0.025118049057521696,-0.05632057269221386
physical_fixed,33,moments_clipped,fixed,0.4,0.5,398,0.2979421839118004,0.32906315931394825,-0.030618711070499228,-0.025871682512358923
physical_fixed,33,moments_clipped,fixed,0.5,0.6,147,0.2846715059004673,0.3412100502571378,-0.08003674295483804,0.03980098401582056
physical_fixed,33,moments_clipped,fixed,0.6,0.7,43,0.2205914674803268,0.29937557721281144,-0.053859572077906405,-0.03571389856746491
physical_fixed,33,moments_clipped,fixed,0.7,0.8,14,0.16354276452745709,0.2396487613658499,0.008560410567692347,0.16714444190154562
physical_fixed,33,moments_clipped,fixed,0.8,0.9,4,0.20055337250232697,0.24764755621941523,-0.20055337250232697,-0.3398772930343267
physical_fixed,33,known_sigma,fixed,0.0,0.1,3881,0.12537279756461311,0.16541082169724047,0.07427037725669575,0.044772958664772315
physical_fixed,33,known_sigma,fixed,0.1,0.2,2878,0.13828573148384368,0.15669432097948297,0.00924090725512783,0.07633159830088779
physical_fixed,33,known_sigma,fixed,0.2,0.3,1707,0.14114354500644166,0.16684050886542637,-0.034906617450343985,0.15541431192594182
physical_fixed,33,known_sigma,fixed,0.3,0.4,928,0.12630820099328613,0.16351924253274858,-0.03777168291331879,0.12912094523194026
physical_fixed,33,known_sigma,fixed,0.4,0.5,398,0.10688449423666575,0.1416723652383078,-0.015508910556833948,0.2511476162670849
physical_fixed,33,known_sigma,fixed,0.5,0.6,147,0.09414139491360203,0.11553888875267594,-0.020375714821069417,0.16560563358236172
physical_fixed,33,known_sigma,fixed,0.6,0.7,43,0.09154586112776468,0.10968319016529195,-0.023343096638834753,0.321942854211273
physical_fixed,33,known_sigma,fixed,0.7,0.8,14,0.08456537553242274,0.12782435458394031,0.005521731717245919,0.35537861277431915
physical_fixed,33,known_sigma,fixed,0.8,0.9,4,0.041797369718551636,0.05196932419376298,-0.0059494078159332275,0.6862119536783694
physical_fixed,33,prior_mean,fixed,0.0,0.1,3881,0.1129876694319728,0.11598624122854037,0.1129876694319728,
physical_fixed,33,prior_mean,fixed,0.1,0.2,2878,0.029272576401824336,0.034931343079305004,0.019547413066391982,
physical_fixed,33,prior_mean,fixed,0.2,0.3,1707,0.07950556712082135,0.0843765978591766,-0.07950556712082135,
physical_fixed,33,prior_mean,fixed,0.3,0.4,928,0.17799801681319188,0.1802708454648116,-0.17799801681319188,
physical_fixed,33,prior_mean,fixed,0.4,0.5,398,0.27677915503631284,0.27817050758145717,-0.27677915503631284,
physical_fixed,33,prior_mean,fixed,0.5,0.6,147,0.37399309062633385,0.3748459222538145,-0.37399309062633385,
physical_fixed,33,prior_mean,fixed,0.6,0.7,43,0.46846048776493515,0.4690215871463835,-0.46846048776493515,
physical_fixed,33,prior_mean,fixed,0.7,0.8,14,0.5670333462102072,0.5675012124561686,-0.5670333462102072,
physical_fixed,33,prior_mean,fixed,0.8,0.9,4,0.6657939106225967,0.6665205737734446,-0.6657939106225967,
physical_fixed,33,prior_median,fixed,0.0,0.1,3881,0.08124760009446301,0.08536842058567275,0.08124760009446301,
physical_fixed,33,prior_median,fixed,0.1,0.2,2878,0.026281495196091124,0.031412708255506426,-0.01219265632295128,
physical_fixed,33,prior_median,fixed,0.2,0.3,1707,0.11124563651016461,0.1147774660185415,-0.11124563651016461,
physical_fixed,33,prior_median,fixed,0.3,0.4,928,0.20973808620253515,0.21167037709389264,-0.20973808620253515,
physical_fixed,33,prior_median,fixed,0.4,0.5,398,0.3085192244256561,0.3097680462309155,-0.3085192244256561,
physical_fixed,33,prior_median,fixed,0.5,0.6,147,0.4057331600156771,0.4065194100290694,-0.4057331600156771,
physical_fixed,33,prior_median,fixed,0.6,0.7,43,0.5002005571542785,0.5007260907819785,-0.5002005571542785,
physical_fixed,33,prior_median,fixed,0.7,0.8,14,0.5987734155995504,0.5992164998175773,-0.5987734155995504,
physical_fixed,33,prior_median,fixed,0.8,0.9,4,0.69753398001194,0.6982276112504067,-0.69753398001194,
physical_fixed,33,mean_var,fixed,0.0,0.1,3881,0.09031748122789295,0.10176999850423421,0.09023947278131256,0.04427691538157112
physical_fixed,33,mean_var,fixed,0.1,0.2,2878,0.03889045914307578,0.052488235620788484,0.004594672828539947,0.07386826403122042
physical_fixed,33,mean_var,fixed,0.2,0.3,1707,0.0862743145342661,0.0960642396909363,-0.07650159326434904,0.15265549731869435
physical_fixed,33,mean_var,fixed,0.3,0.4,928,0.1451750349189187,0.1575375909397879,-0.1384041407948424,0.12050544237513604
physical_fixed,33,mean_var,fixed,0.4,0.5,398,0.17090147842264655,0.19233685498422665,-0.16113264825026594,0.24305936180140905
physical_fixed,33,mean_var,fixed,0.5,0.6,147,0.18936026359901947,0.21877073005290562,-0.17841918310340568,0.16830025003208926
physical_fixed,33,mean_var,fixed,0.6,0.7,43,0.1879766243834828,0.217833309454135,-0.1666093794412391,0.31936447893391756
physical_fixed,33,mean_var,fixed,0.7,0.8,14,0.11174119796071733,0.17412479531637443,-0.08213441286768232,0.36467751539370136
physical_fixed,33,mean_var,fixed,0.8,0.9,4,0.0758107453584671,0.1047428643899688,-0.06508345901966095,0.7002040888259202
physical_fixed,33,expanded_stats,fixed,0.0,0.1,3881,0.08915324543315521,0.10063049408764356,0.08914068026030933,0.043085673732275113
physical_fixed,33,expanded_stats,fixed,0.1,0.2,2878,0.038719348749242946,0.05281780606434333,0.0035571466155396806,0.06987087748518998
physical_fixed,33,expanded_stats,fixed,0.2,0.3,1707,0.08818002070906432,0.09791629013112263,-0.07776531935453973,0.1525940049862428
physical_fixed,33,expanded_stats,fixed,0.3,0.4,928,0.14664672361686826,0.15910102881659466,-0.13857777951413702,0.12036541163231916
physical_fixed,33,expanded_stats,fixed,0.4,0.5,398,0.16843835376764663,0.19166125455287425,-0.1589505641379548,0.23849666704238806
physical_fixed,33,expanded_stats,fixed,0.5,0.6,147,0.1870000023825639,0.21705574532658847,-0.1774036983648936,0.1728168536400237
physical_fixed,33,expanded_stats,fixed,0.6,0.7,43,0.18151172094566878,0.21025496310759131,-0.16774328364882357,0.3358285062923691
physical_fixed,33,expanded_stats,fixed,0.7,0.8,14,0.11778211380754197,0.17593288491854245,-0.11204920283385685,0.3575277668139712
physical_fixed,33,expanded_stats,fixed,0.8,0.9,4,0.1285984069108963,0.13830159972459982,-0.1285984069108963,0.6166071916237954
physical_fixed,33,deepsets,fixed,0.0,0.1,3881,0.08930176654693793,0.1007310114242014,0.08928121789556531,0.04241005065209814
physical_fixed,33,deepsets,fixed,0.1,0.2,2878,0.03865901284732696,0.05295193103047004,0.003641217245440089,0.06631378772845453
physical_fixed,33,deepsets,fixed,0.2,0.3,1707,0.08829615866153227,0.0978408833688275,-0.07777535665712652,0.14948029965365325
physical_fixed,33,deepsets,fixed,0.3,0.4,928,0.14731998372309166,0.1594073585398106,-0.13849976109661932,0.11526652626665765
physical_fixed,33,deepsets,fixed,0.4,0.5,398,0.16919750151172955,0.19257850618507763,-0.15779588251706944,0.23656927755995724
physical_fixed,33,deepsets,fixed,0.5,0.6,147,0.18426130681621786,0.21657877797041433,-0.17379931629109543,0.18048532280578722
physical_fixed,33,deepsets,fixed,0.6,0.7,43,0.17244977937188258,0.20524528543634338,-0.16220994813497677,0.32945573078116763
physical_fixed,33,deepsets,fixed,0.7,0.8,14,0.11862617092473166,0.17694796133370677,-0.11784036883286067,0.3669371699904903
physical_fixed,33,deepsets,fixed,0.8,0.9,4,0.1466103494167328,0.15337923104309062,-0.1466103494167328,0.5984982757144192
physical_fixed,33,raw,fixed,0.0,0.1,3881,0.09543983928553992,0.10649800831386431,0.09543804394710435,0.04738932407875398
physical_fixed,33,raw,fixed,0.1,0.2,2878,0.03910602211869368,0.052044286214891135,0.009185233319733522,0.0738939534809991
physical_fixed,33,raw,fixed,0.2,0.3,1707,0.08101009558307964,0.09157869401146784,-0.07255252497843573,0.1437803449876173
physical_fixed,33,raw,fixed,0.3,0.4,928,0.1410646995625876,0.1536078589305148,-0.1379574778297081,0.10804006512318626
physical_fixed,33,raw,fixed,0.4,0.5,398,0.17879682359982974,0.19513459686247947,-0.17300771843248874,0.22488560314583747
physical_fixed,33,raw,fixed,0.5,0.6,147,0.20830885609801933,0.23007409754930178,-0.19610167076798524,0.13164643001987605
physical_fixed,33,raw,fixed,0.6,0.7,43,0.23617121438647426,0.2541434053874282,-0.18514064508815145,0.283051391281946
physical_fixed,33,raw,fixed,0.7,0.8,14,0.1569263913801738,0.21374742699424357,-0.03270097076892853,0.30856864944759044
physical_fixed,33,raw,fixed,0.8,0.9,4,0.15722469985485077,0.16680046632348672,0.05748520791530609,0.6841430184273342
physical_snr,11,moments,-10.0,0.0,0.1,3817,0.3239691019788561,0.5143418909410723,0.2783679250053579,0.22429499094169522
physical_snr,11,moments,-10.0,0.1,0.2,3048,0.5708367057056642,0.7504536596971404,0.45197334758487584,0.0903682260415399
physical_snr,11,moments,-10.0,0.2,0.3,1702,0.6791635185970403,0.8338038933905395,0.4715917915736186,0.010537230122069231
physical_snr,11,moments,-10.0,0.3,0.4,826,0.7424621145820502,0.8790021886809801,0.43176331946549634,0.038280119827894185
physical_snr,11,moments,-10.0,0.4,0.5,384,0.7972867551725358,0.9040543833028796,0.4264487780164927,0.054384505756736506
physical_snr,11,moments,-10.0,0.5,0.6,169,0.7978217707583185,0.8753673181523755,0.2679300555110683,0.004400533571581081
physical_snr,11,moments,-10.0,0.6,0.7,45,0.8996688034799364,0.9597141068243781,0.4844984809557597,-0.14807249294311187
physical_snr,11,moments,-10.0,0.7,0.8,8,0.9796386435627937,1.0206681340735835,0.7886885777115822,-0.3287078281113884
physical_snr,11,moments,-10.0,0.8,0.9,1,0.8779650330543518,0.8779650330543518,-0.8779650330543518,
physical_snr,11,moments_clipped,-10.0,0.0,0.1,3817,0.2872183030876052,0.41502296103290676,0.24161712611410702,0.22278802617707977
physical_snr,11,moments_clipped,-10.0,0.1,0.2,3048,0.46064326361193275,0.5544568083512249,0.34177990549114434,0.0717596088643279
physical_snr,11,moments_clipped,-10.0,0.2,0.3,1702,0.5001929106604478,0.5547834106052675,0.29262118363702616,-0.007025290402937066
physical_snr,11,moments_clipped,-10.0,0.3,0.4,826,0.49406975807202647,0.5196405908097754,0.18337096295547256,0.021556430531630498
physical_snr,11,moments_clipped,-10.0,0.4,0.5,384,0.4947355984865377,0.5010536127032614,0.12389762133049467,0.027925055047032486
physical_snr,11,moments_clipped,-10.0,0.5,0.6,169,0.4928856273374614,0.49742859173671444,-0.03700608790978877,0.0031035552468298686
physical_snr,11,moments_clipped,-10.0,0.6,0.7,45,0.4421960022714403,0.46803381766850105,0.02702567974726359,-0.23272476252569993
physical_snr,11,moments_clipped,-10.0,0.7,0.8,8,0.3291456699371338,0.3684112667028003,0.13819560408592224,-0.4541074941756117
physical_snr,11,moments_clipped,-10.0,0.8,0.9,1,0.8779650330543518,0.8779650330543518,-0.8779650330543518,
physical_snr,11,known_sigma,-10.0,0.0,0.1,3817,0.12952075236423463,0.21461548165734753,0.07646023823188487,0.16906776916654337
physical_snr,11,known_sigma,-10.0,0.1,0.2,3048,0.23046538909393657,0.30374876693103037,0.08910926610348731,0.08545072521563242
physical_snr,11,known_sigma,-10.0,0.2,0.3,1702,0.2945481877200542,0.3516227488818011,0.07298303808312158,0.08742054833754082
physical_snr,11,known_sigma,-10.0,0.3,0.4,826,0.3303019287330764,0.37932828062678964,0.02563006250462867,0.05643250193118825
physical_snr,11,known_sigma,-10.0,0.4,0.5,384,0.37669278293227154,0.42347987963402034,0.0006393394432961941,0.11562756612484532
physical_snr,11,known_sigma,-10.0,0.5,0.6,169,0.3766628842382036,0.42929627566356654,-0.06555254854394134,-0.06693246988124953
physical_snr,11,known_sigma,-10.0,0.6,0.7,45,0.3562008281548818,0.43805920151524835,0.014990469482209948,0.23063175057017324
physical_snr,11,known_sigma,-10.0,0.7,0.8,8,0.37289195507764816,0.47850961882839727,-0.003698892891407013,-0.2853967335765863
physical_snr,11,known_sigma,-10.0,0.8,0.9,1,0.5415962934494019,0.5415962934494019,-0.5415962934494019,
physical_snr,11,prior_mean,-10.0,0.0,0.1,3817,0.11111259895733336,0.1141444093080475,0.11111259895733336,
physical_snr,11,prior_mean,-10.0,0.1,0.2,3048,0.028427164889187638,0.03360481147564866,0.017951581944904614,
physical_snr,11,prior_mean,-10.0,0.2,0.3,1702,0.08084681701050801,0.08566408380479569,-0.08084681701050801,
physical_snr,11,prior_mean,-10.0,0.3,0.4,826,0.17896643544369115,0.18115106552305335,-0.17896643544369115,
physical_snr,11,prior_mean,-10.0,0.4,0.5,384,0.2786191361180196,0.2800805056696278,-0.2786191361180196,
physical_snr,11,prior_mean,-10.0,0.5,0.6,169,0.37502489887045687,0.37598118932568714,-0.37502489887045687,
physical_snr,11,prior_mean,-10.0,0.6,0.7,45,0.4828920231925117,0.48379042808769096,-0.4828920231925117,
physical_snr,11,prior_mean,-10.0,0.7,0.8,8,0.5723592936992645,0.5728001664246596,-0.5723592936992645,
physical_snr,11,prior_mean,-10.0,0.8,0.9,1,0.7135199308395386,0.7135199308395386,-0.7135199308395386,
physical_snr,11,prior_median,-10.0,0.0,0.1,3817,0.07981674811166714,0.08398600961419954,0.07981674811166714,
physical_snr,11,prior_median,-10.0,0.1,0.2,3048,0.025783219474937346,0.03138620036280945,-0.013344268928088853,
physical_snr,11,prior_median,-10.0,0.2,0.3,1702,0.11214266788350148,0.11566376006949543,-0.11214266788350148,
physical_snr,11,prior_median,-10.0,0.3,0.4,826,0.21026228644296563,0.21212485152889415,-0.21026228644296563,
physical_snr,11,prior_median,-10.0,0.4,0.5,384,0.3099149875342846,0.31122944293614885,-0.3099149875342846,
physical_snr,11,prior_median,-10.0,0.5,0.6,169,0.40632073484228914,0.4072035357370312,-0.40632073484228914,
physical_snr,11,prior_median,-10.0,0.6,0.7,45,0.514187859164344,0.5150316754902802,-0.514187859164344,
physical_snr,11,prior_median,-10.0,0.7,0.8,8,0.6036551296710968,0.6040731620842176,-0.6036551296710968,
physical_snr,11,prior_median,-10.0,0.8,0.9,1,0.7448157668113708,0.7448157668113708,-0.7448157668113708,
physical_snr,11,moments,-5.0,0.0,0.1,3817,0.17967182341235954,0.2764714140184341,0.13415002893536448,0.22560961941523053
physical_snr,11,moments,-5.0,0.1,0.2,3048,0.31227162364733424,0.3894299023620779,0.19438588132548912,0.09455566594721145
physical_snr,11,moments,-5.0,0.2,0.3,1702,0.37171291460126604,0.4255020545822581,0.1693310689894629,0.005042269349692579
physical_snr,11,moments,-5.0,0.3,0.4,826,0.4141713303240968,0.45047505754143996,0.11600000290403066,0.05871551675566389
physical_snr,11,moments,-5.0,0.4,0.5,384,0.4357847368810326,0.46659109228134377,0.08737393786820272,0.0746636240472706
physical_snr,11,moments,-5.0,0.5,0.6,169,0.4605895016320358,0.4876726496033762,-0.0462996942051769,0.008967117453105852
physical_snr,11,moments,-5.0,0.6,0.7,45,0.43812413281864593,0.4807684350273082,0.06037770046128167,-0.027028652168998864
physical_snr,11,moments,-5.0,0.7,0.8,8,0.330342672765255,0.3981964027837286,0.1521115079522133,0.212215246726881
physical_snr,11,moments,-5.0,0.8,0.9,1,0.8779650330543518,0.8779650330543518,-0.8779650330543518,
physical_snr,11,moments_clipped,-5.0,0.0,0.1,3817,0.17811103001966946,0.2706266589421318,0.1325892355426744,0.22637675338497731
physical_snr,11,moments_clipped,-5.0,0.1,0.2,3048,0.30840829900390127,0.38006303249869083,0.19052255668205617,0.09442596814244683
physical_snr,11,moments_clipped,-5.0,0.2,0.3,1702,0.364738781140848,0.4116083350180869,0.16235693552904487,0.005248070874959275
physical_snr,11,moments_clipped,-5.0,0.3,0.4,826,0.40032450299141775,0.4271089060587297,0.1021531755713516,0.05633532808721742
physical_snr,11,moments_clipped,-5.0,0.4,0.5,384,0.4110198159857342,0.43101197369242783,0.0626090169729044,0.06929450571812869
physical_snr,11,moments_clipped,-5.0,0.5,0.6,169,0.4335679616448442,0.45604533338339426,-0.07332123419236855,0.014002377695899754
physical_snr,11,moments_clipped,-5.0,0.6,0.7,45,0.38673142393430077,0.4305002739562475,0.00898499157693651,-0.04021342787218319
physical_snr,11,moments_clipped,-5.0,0.7,0.8,8,0.253539003431797,0.32279759085092874,0.07530783861875534,0.3202396932910824
physical_snr,11,moments_clipped,-5.0,0.8,0.9,1,0.8779650330543518,0.8779650330543518,-0.8779650330543518,
physical_snr,11,known_sigma,-5.0,0.0,0.1,3817,0.07585329971661917,0.11630631380106324,0.02725963892718267,0.20493168566223716
physical_snr,11,known_sigma,-5.0,0.1,0.2,3048,0.13702718898033103,0.1675944015928056,0.012502096386826804,0.12729014983694356
physical_snr,11,known_sigma,-5.0,0.2,0.3,1702,0.1724948503173336,0.20250710024381438,-0.007964158599230994,0.12431477282346289
physical_snr,11,known_sigma,-5.0,0.3,0.4,826,0.18822735499311014,0.22807079889130247,-0.03527679124770384,0.10263397144032878
physical_snr,11,known_sigma,-5.0,0.4,0.5,384,0.20083718110496798,0.2464048087362526,-0.043133414195229605,0.20025497973909423
physical_snr,11,known_sigma,-5.0,0.5,0.6,169,0.18674655602528498,0.24549233108350219,-0.0633871424832993,0.0016343798534130957
physical_snr,11,known_sigma,-5.0,0.6,0.7,45,0.18874810139338177,0.26307488767049203,-0.03898625241385566,0.3021365871676493
physical_snr,11,known_sigma,-5.0,0.7,0.8,8,0.1479799896478653,0.17962519894878112,-0.021657824516296387,-0.3337351786782472
physical_snr,11,known_sigma,-5.0,0.8,0.9,1,0.15801489353179932,0.15801489353179932,-0.15801489353179932,
physical_snr,11,prior_mean,-5.0,0.0,0.1,3817,0.11111259895733336,0.1141444093080475,0.11111259895733336,
physical_snr,11,prior_mean,-5.0,0.1,0.2,3048,0.028427164889187638,0.03360481147564866,0.017951581944904614,
physical_snr,11,prior_mean,-5.0,0.2,0.3,1702,0.08084681701050801,0.08566408380479569,-0.08084681701050801,
physical_snr,11,prior_mean,-5.0,0.3,0.4,826,0.17896643544369115,0.18115106552305335,-0.17896643544369115,
physical_snr,11,prior_mean,-5.0,0.4,0.5,384,0.2786191361180196,0.2800805056696278,-0.2786191361180196,
physical_snr,11,prior_mean,-5.0,0.5,0.6,169,0.37502489887045687,0.37598118932568714,-0.37502489887045687,
physical_snr,11,prior_mean,-5.0,0.6,0.7,45,0.4828920231925117,0.48379042808769096,-0.4828920231925117,
physical_snr,11,prior_mean,-5.0,0.7,0.8,8,0.5723592936992645,0.5728001664246596,-0.5723592936992645,
physical_snr,11,prior_mean,-5.0,0.8,0.9,1,0.7135199308395386,0.7135199308395386,-0.7135199308395386,
physical_snr,11,prior_median,-5.0,0.0,0.1,3817,0.07981674811166714,0.08398600961419954,0.07981674811166714,
physical_snr,11,prior_median,-5.0,0.1,0.2,3048,0.025783219474937346,0.03138620036280945,-0.013344268928088853,
physical_snr,11,prior_median,-5.0,0.2,0.3,1702,0.11214266788350148,0.11566376006949543,-0.11214266788350148,
physical_snr,11,prior_median,-5.0,0.3,0.4,826,0.21026228644296563,0.21212485152889415,-0.21026228644296563,
physical_snr,11,prior_median,-5.0,0.4,0.5,384,0.3099149875342846,0.31122944293614885,-0.3099149875342846,
physical_snr,11,prior_median,-5.0,0.5,0.6,169,0.40632073484228914,0.4072035357370312,-0.40632073484228914,
physical_snr,11,prior_median,-5.0,0.6,0.7,45,0.514187859164344,0.5150316754902802,-0.514187859164344,
physical_snr,11,prior_median,-5.0,0.7,0.8,8,0.6036551296710968,0.6040731620842176,-0.6036551296710968,
physical_snr,11,prior_median,-5.0,0.8,0.9,1,0.7448157668113708,0.7448157668113708,-0.7448157668113708,
physical_snr,11,moments,0.0,0.0,0.1,3817,0.09899978421922244,0.1455252639269716,0.05461145425471557,0.2356730626830865
physical_snr,11,moments,0.0,0.1,0.2,3048,0.16833938560949693,0.1985349175387036,0.05541776038530304,0.11003779920128033
physical_snr,11,moments,0.0,0.2,0.3,1702,0.2010878753639346,0.22525710242943633,0.01600333903374459,0.03160962193574156
physical_snr,11,moments,0.0,0.3,0.4,826,0.2244448891455267,0.2548745552934643,-0.02786842488275602,0.08868381615368849
physical_snr,11,moments,0.0,0.4,0.5,384,0.2323320183204487,0.27985677724443636,-0.05592560888423274,0.0980867431604777
physical_snr,11,moments,0.0,0.5,0.6,169,0.2426996389789694,0.31419477852978045,-0.11459233104829958,0.03345284701296118
physical_snr,11,moments,0.0,0.6,0.7,45,0.15719507932662966,0.23391837520769065,-0.02109303606881036,-0.060480143166085965
physical_snr,11,moments,0.0,0.7,0.8,8,0.1435905322432518,0.26020999679690865,-0.05185175687074661,0.38046153378829123
physical_snr,11,moments,0.0,0.8,0.9,1,0.22048556804656982,0.22048556804656982,-0.22048556804656982,
physical_snr,11,moments_clipped,0.0,0.0,0.1,3817,0.09899978421922244,0.1455252639269716,0.05461145425471557,0.2356730626830865
physical_snr,11,moments_clipped,0.0,0.1,0.2,3048,0.16833938560949693,0.1985349175387036,0.05541776038530304,0.11003779920128033
physical_snr,11,moments_clipped,0.0,0.2,0.3,1702,0.2010878753639346,0.22525710242943633,0.01600333903374459,0.03160962193574156
physical_snr,11,moments_clipped,0.0,0.3,0.4,826,0.2244448891455267,0.2548745552934643,-0.02786842488275602,0.08868381615368849
physical_snr,11,moments_clipped,0.0,0.4,0.5,384,0.2323320183204487,0.27985677724443636,-0.05592560888423274,0.0980867431604777
physical_snr,11,moments_clipped,0.0,0.5,0.6,169,0.2426996389789694,0.31419477852978045,-0.11459233104829958,0.03345284701296118
physical_snr,11,moments_clipped,0.0,0.6,0.7,45,0.15719507932662966,0.23391837520769065,-0.02109303606881036,-0.060480143166085965
physical_snr,11,moments_clipped,0.0,0.7,0.8,8,0.1435905322432518,0.26020999679690865,-0.05185175687074661,0.38046153378829123
physical_snr,11,moments_clipped,0.0,0.8,0.9,1,0.22048556804656982,0.22048556804656982,-0.22048556804656982,
physical_snr,11,known_sigma,0.0,0.0,0.1,3817,0.043437877545478606,0.06384601799172168,0.005568931858395787,0.3191234265758007
physical_snr,11,known_sigma,0.0,0.1,0.2,3048,0.07536235215201036,0.09634808129594882,-0.010241346126984501,0.24186767325871
physical_snr,11,known_sigma,0.0,0.2,0.3,1702,0.08296883493206615,0.10999572108155242,-0.013652778172605046,0.2500059593476847
physical_snr,11,known_sigma,0.0,0.3,0.4,826,0.08011476051504329,0.11085808545086938,-0.016212594512732787,0.2507447578752937
physical_snr,11,known_sigma,0.0,0.4,0.5,384,0.07088019124542673,0.0914275125559737,-0.0072663432608048115,0.3926005684857137
physical_snr,11,known_sigma,0.0,0.5,0.6,169,0.06430511643900674,0.08214068614888757,-0.014656746175867565,0.24849323069435042
physical_snr,11,known_sigma,0.0,0.6,0.7,45,0.06871788104375204,0.09119487858603874,-0.0068716565767924,0.36716363458893786
physical_snr,11,known_sigma,0.0,0.7,0.8,8,0.05914141237735748,0.0693812310763954,-0.02143755555152893,0.035864977319203725
physical_snr,11,known_sigma,0.0,0.8,0.9,1,0.06191223859786987,0.06191223859786987,-0.06191223859786987,
physical_snr,11,prior_mean,0.0,0.0,0.1,3817,0.11111259895733336,0.1141444093080475,0.11111259895733336,
physical_snr,11,prior_mean,0.0,0.1,0.2,3048,0.028427164889187638,0.03360481147564866,0.017951581944904614,
physical_snr,11,prior_mean,0.0,0.2,0.3,1702,0.08084681701050801,0.08566408380479569,-0.08084681701050801,
physical_snr,11,prior_mean,0.0,0.3,0.4,826,0.17896643544369115,0.18115106552305335,-0.17896643544369115,
physical_snr,11,prior_mean,0.0,0.4,0.5,384,0.2786191361180196,0.2800805056696278,-0.2786191361180196,
physical_snr,11,prior_mean,0.0,0.5,0.6,169,0.37502489887045687,0.37598118932568714,-0.37502489887045687,
physical_snr,11,prior_mean,0.0,0.6,0.7,45,0.4828920231925117,0.48379042808769096,-0.4828920231925117,
physical_snr,11,prior_mean,0.0,0.7,0.8,8,0.5723592936992645,0.5728001664246596,-0.5723592936992645,
physical_snr,11,prior_mean,0.0,0.8,0.9,1,0.7135199308395386,0.7135199308395386,-0.7135199308395386,
physical_snr,11,prior_median,0.0,0.0,0.1,3817,0.07981674811166714,0.08398600961419954,0.07981674811166714,
physical_snr,11,prior_median,0.0,0.1,0.2,3048,0.025783219474937346,0.03138620036280945,-0.013344268928088853,
physical_snr,11,prior_median,0.0,0.2,0.3,1702,0.11214266788350148,0.11566376006949543,-0.11214266788350148,
physical_snr,11,prior_median,0.0,0.3,0.4,826,0.21026228644296563,0.21212485152889415,-0.21026228644296563,
physical_snr,11,prior_median,0.0,0.4,0.5,384,0.3099149875342846,0.31122944293614885,-0.3099149875342846,
physical_snr,11,prior_median,0.0,0.5,0.6,169,0.40632073484228914,0.4072035357370312,-0.40632073484228914,
physical_snr,11,prior_median,0.0,0.6,0.7,45,0.514187859164344,0.5150316754902802,-0.514187859164344,
physical_snr,11,prior_median,0.0,0.7,0.8,8,0.6036551296710968,0.6040731620842176,-0.6036551296710968,
physical_snr,11,prior_median,0.0,0.8,0.9,1,0.7448157668113708,0.7448157668113708,-0.7448157668113708,
physical_snr,11,moments,5.0,0.0,0.1,3817,0.05293920592843846,0.07577911039718777,0.01588225185740344,0.30467598642419536
physical_snr,11,moments,5.0,0.1,0.2,3048,0.08479098913692466,0.10563151112161394,-0.002438181890248079,0.22444959479306167
physical_snr,11,moments,5.0,0.2,0.3,1702,0.09536081313929322,0.13012249881900326,-0.02589624974390735,0.15546343508381866
physical_snr,11,moments,5.0,0.3,0.4,826,0.08873131892871626,0.13546471634309112,-0.031021948515935902,0.25406638831175926
physical_snr,11,moments,5.0,0.4,0.5,384,0.06653619875820974,0.11237525546520324,-0.017229980401073892,0.3390240310103926
physical_snr,11,moments,5.0,0.5,0.6,169,0.054953399670899974,0.10037888854672303,-0.02097427862635731,0.31305918081711914
physical_snr,11,moments,5.0,0.6,0.7,45,0.032512362798055014,0.039771455352733534,0.001461156209309896,0.4868569130286387
physical_snr,11,moments,5.0,0.7,0.8,8,0.03574123978614807,0.05599170002375982,-0.022468507289886475,0.6123454473732489
physical_snr,11,moments,5.0,0.8,0.9,1,0.013071238994598389,0.013071238994598389,-0.013071238994598389,
physical_snr,11,moments_clipped,5.0,0.0,0.1,3817,0.05293920592843846,0.07577911039718777,0.01588225185740344,0.30467598642419536
physical_snr,11,moments_clipped,5.0,0.1,0.2,3048,0.08479098913692466,0.10563151112161394,-0.002438181890248079,0.22444959479306167
physical_snr,11,moments_clipped,5.0,0.2,0.3,1702,0.09536081313929322,0.13012249881900326,-0.02589624974390735,0.15546343508381866
physical_snr,11,moments_clipped,5.0,0.3,0.4,826,0.08873131892871626,0.13546471634309112,-0.031021948515935902,0.25406638831175926
physical_snr,11,moments_clipped,5.0,0.4,0.5,384,0.06653619875820974,0.11237525546520324,-0.017229980401073892,0.3390240310103926
physical_snr,11,moments_clipped,5.0,0.5,0.6,169,0.054953399670899974,0.10037888854672303,-0.02097427862635731,0.31305918081711914
physical_snr,11,moments_clipped,5.0,0.6,0.7,45,0.032512362798055014,0.039771455352733534,0.001461156209309896,0.4868569130286387
physical_snr,11,moments_clipped,5.0,0.7,0.8,8,0.03574123978614807,0.05599170002375982,-0.022468507289886475,0.6123454473732489
physical_snr,11,moments_clipped,5.0,0.8,0.9,1,0.013071238994598389,0.013071238994598389,-0.013071238994598389,
physical_snr,11,known_sigma,5.0,0.0,0.1,3817,0.022778131962766155,0.035057215956414665,-0.0006499626507812061,0.5519972355164485
physical_snr,11,known_sigma,5.0,0.1,0.2,3048,0.03356450602529556,0.04892035535008957,-0.006450778342724785,0.4983931551446586
physical_snr,11,known_sigma,5.0,0.2,0.3,1702,0.03161228902103898,0.04428367956781661,-0.002421953418805372,0.5461825273611336
physical_snr,11,known_sigma,5.0,0.3,0.4,826,0.030116833602112085,0.03939049075055357,-0.0019575474517686026,0.5861573774618661
physical_snr,11,known_sigma,5.0,0.4,0.5,384,0.027912109779814877,0.0350156683208655,-0.00040492896611491835,0.6768220522076877
physical_snr,11,known_sigma,5.0,0.5,0.6,169,0.02861695405999584,0.03577291213277043,-0.005459833603638869,0.5913680685792861
physical_snr,11,known_sigma,5.0,0.6,0.7,45,0.03123658100763957,0.03893938563361532,-0.0026095615492926706,0.6167899954860326
physical_snr,11,known_sigma,5.0,0.7,0.8,8,0.03542537987232208,0.037969265973428076,-0.016969531774520874,0.4763692430633489
physical_snr,11,known_sigma,5.0,0.8,0.9,1,0.027330756187438965,0.027330756187438965,-0.027330756187438965,
physical_snr,11,prior_mean,5.0,0.0,0.1,3817,0.11111259895733336,0.1141444093080475,0.11111259895733336,
physical_snr,11,prior_mean,5.0,0.1,0.2,3048,0.028427164889187638,0.03360481147564866,0.017951581944904614,
physical_snr,11,prior_mean,5.0,0.2,0.3,1702,0.08084681701050801,0.08566408380479569,-0.08084681701050801,
physical_snr,11,prior_mean,5.0,0.3,0.4,826,0.17896643544369115,0.18115106552305335,-0.17896643544369115,
physical_snr,11,prior_mean,5.0,0.4,0.5,384,0.2786191361180196,0.2800805056696278,-0.2786191361180196,
physical_snr,11,prior_mean,5.0,0.5,0.6,169,0.37502489887045687,0.37598118932568714,-0.37502489887045687,
physical_snr,11,prior_mean,5.0,0.6,0.7,45,0.4828920231925117,0.48379042808769096,-0.4828920231925117,
physical_snr,11,prior_mean,5.0,0.7,0.8,8,0.5723592936992645,0.5728001664246596,-0.5723592936992645,
physical_snr,11,prior_mean,5.0,0.8,0.9,1,0.7135199308395386,0.7135199308395386,-0.7135199308395386,
physical_snr,11,prior_median,5.0,0.0,0.1,3817,0.07981674811166714,0.08398600961419954,0.07981674811166714,
physical_snr,11,prior_median,5.0,0.1,0.2,3048,0.025783219474937346,0.03138620036280945,-0.013344268928088853,
physical_snr,11,prior_median,5.0,0.2,0.3,1702,0.11214266788350148,0.11566376006949543,-0.11214266788350148,
physical_snr,11,prior_median,5.0,0.3,0.4,826,0.21026228644296563,0.21212485152889415,-0.21026228644296563,
physical_snr,11,prior_median,5.0,0.4,0.5,384,0.3099149875342846,0.31122944293614885,-0.3099149875342846,
physical_snr,11,prior_median,5.0,0.5,0.6,169,0.40632073484228914,0.4072035357370312,-0.40632073484228914,
physical_snr,11,prior_median,5.0,0.6,0.7,45,0.514187859164344,0.5150316754902802,-0.514187859164344,
physical_snr,11,prior_median,5.0,0.7,0.8,8,0.6036551296710968,0.6040731620842176,-0.6036551296710968,
physical_snr,11,prior_median,5.0,0.8,0.9,1,0.7448157668113708,0.7448157668113708,-0.7448157668113708,
physical_snr,11,moments,10.0,0.0,0.1,3817,0.025413757401711524,0.039324775717372105,0.00177350310338644,0.5052648631561518
physical_snr,11,moments,10.0,0.1,0.2,3048,0.03434194338549505,0.05634168327505649,-0.009128321994956475,0.4467534627619699
physical_snr,11,moments,10.0,0.2,0.3,1702,0.02684875656921771,0.050894336877443595,-0.0069135090710483625,0.4882290395276992
physical_snr,11,moments,10.0,0.3,0.4,826,0.01830605684484177,0.026513671823894355,-0.0004493398073221812,0.748120947291015
physical_snr,11,moments,10.0,0.4,0.5,384,0.015930479935680825,0.02084510986922294,0.000264903608088692,0.8268888956658565
physical_snr,11,moments,10.0,0.5,0.6,169,0.016368003286553558,0.020908061677911916,-0.002707701462965745,0.794516353905465
physical_snr,11,moments,10.0,0.6,0.7,45,0.014756136470370823,0.01824769964395044,-0.0011731439166598851,0.828441135669231
physical_snr,11,moments,10.0,0.7,0.8,8,0.01986531913280487,0.02404928720694915,-0.01245705783367157,0.8029449237455374
physical_snr,11,moments,10.0,0.8,0.9,1,0.005744516849517822,0.005744516849517822,-0.005744516849517822,
physical_snr,11,moments_clipped,10.0,0.0,0.1,3817,0.025413757401711524,0.039324775717372105,0.00177350310338644,0.5052648631561518
physical_snr,11,moments_clipped,10.0,0.1,0.2,3048,0.03434194338549505,0.05634168327505649,-0.009128321994956475,0.4467534627619699
physical_snr,11,moments_clipped,10.0,0.2,0.3,1702,0.02684875656921771,0.050894336877443595,-0.0069135090710483625,0.4882290395276992
physical_snr,11,moments_clipped,10.0,0.3,0.4,826,0.01830605684484177,0.026513671823894355,-0.0004493398073221812,0.748120947291015
physical_snr,11,moments_clipped,10.0,0.4,0.5,384,0.015930479935680825,0.02084510986922294,0.000264903608088692,0.8268888956658565
physical_snr,11,moments_clipped,10.0,0.5,0.6,169,0.016368003286553558,0.020908061677911916,-0.002707701462965745,0.794516353905465
physical_snr,11,moments_clipped,10.0,0.6,0.7,45,0.014756136470370823,0.01824769964395044,-0.0011731439166598851,0.828441135669231
physical_snr,11,moments_clipped,10.0,0.7,0.8,8,0.01986531913280487,0.02404928720694915,-0.01245705783367157,0.8029449237455374
physical_snr,11,moments_clipped,10.0,0.8,0.9,1,0.005744516849517822,0.005744516849517822,-0.005744516849517822,
physical_snr,11,known_sigma,10.0,0.0,0.1,3817,0.010640901390958787,0.018316435331717885,-0.0008962156106598328,0.8071939122917949
physical_snr,11,known_sigma,10.0,0.1,0.2,3048,0.013022345896526741,0.019156531841188058,-0.001442785819703982,0.8329553775488415
physical_snr,11,known_sigma,10.0,0.2,0.3,1702,0.013456394184560249,0.017713220504041314,-3.975007319702525e-05,0.845944637092048
physical_snr,11,known_sigma,10.0,0.3,0.4,826,0.013991646468639374,0.01810442898842456,-0.00023206366681590785,0.8422498081673303
physical_snr,11,known_sigma,10.0,0.4,0.5,384,0.013359220388034979,0.016830815697214736,0.00014474599932630855,0.8734862448443869
physical_snr,11,known_sigma,10.0,0.5,0.6,169,0.014837698823601536,0.018559692010049905,-0.0025768399943966835,0.8272139227947886
physical_snr,11,known_sigma,10.0,0.6,0.7,45,0.015847970379723443,0.019478797727892565,-0.001477242840660943,0.832591993113427
physical_snr,11,known_sigma,10.0,0.7,0.8,8,0.02067849040031433,0.02266517537326883,-0.01116470992565155,0.7490719869512206
physical_snr,11,known_sigma,10.0,0.8,0.9,1,0.013114690780639648,0.013114690780639648,-0.013114690780639648,
physical_snr,11,prior_mean,10.0,0.0,0.1,3817,0.11111259895733336,0.1141444093080475,0.11111259895733336,
physical_snr,11,prior_mean,10.0,0.1,0.2,3048,0.028427164889187638,0.03360481147564866,0.017951581944904614,
physical_snr,11,prior_mean,10.0,0.2,0.3,1702,0.08084681701050801,0.08566408380479569,-0.08084681701050801,
physical_snr,11,prior_mean,10.0,0.3,0.4,826,0.17896643544369115,0.18115106552305335,-0.17896643544369115,
physical_snr,11,prior_mean,10.0,0.4,0.5,384,0.2786191361180196,0.2800805056696278,-0.2786191361180196,
physical_snr,11,prior_mean,10.0,0.5,0.6,169,0.37502489887045687,0.37598118932568714,-0.37502489887045687,
physical_snr,11,prior_mean,10.0,0.6,0.7,45,0.4828920231925117,0.48379042808769096,-0.4828920231925117,
physical_snr,11,prior_mean,10.0,0.7,0.8,8,0.5723592936992645,0.5728001664246596,-0.5723592936992645,
physical_snr,11,prior_mean,10.0,0.8,0.9,1,0.7135199308395386,0.7135199308395386,-0.7135199308395386,
physical_snr,11,prior_median,10.0,0.0,0.1,3817,0.07981674811166714,0.08398600961419954,0.07981674811166714,
physical_snr,11,prior_median,10.0,0.1,0.2,3048,0.025783219474937346,0.03138620036280945,-0.013344268928088853,
physical_snr,11,prior_median,10.0,0.2,0.3,1702,0.11214266788350148,0.11566376006949543,-0.11214266788350148,
physical_snr,11,prior_median,10.0,0.3,0.4,826,0.21026228644296563,0.21212485152889415,-0.21026228644296563,
physical_snr,11,prior_median,10.0,0.4,0.5,384,0.3099149875342846,0.31122944293614885,-0.3099149875342846,
physical_snr,11,prior_median,10.0,0.5,0.6,169,0.40632073484228914,0.4072035357370312,-0.40632073484228914,
physical_snr,11,prior_median,10.0,0.6,0.7,45,0.514187859164344,0.5150316754902802,-0.514187859164344,
physical_snr,11,prior_median,10.0,0.7,0.8,8,0.6036551296710968,0.6040731620842176,-0.6036551296710968,
physical_snr,11,prior_median,10.0,0.8,0.9,1,0.7448157668113708,0.7448157668113708,-0.7448157668113708,
physical_snr,11,deepsets,-10.0,0.0,0.1,3817,0.14957149143513504,0.15764978662851692,0.14957149143513504,0.4949469867490768
physical_snr,11,deepsets,-10.0,0.1,0.2,3048,0.10625532446942461,0.11203155818050563,0.10625532446942461,0.22481668182624934
physical_snr,11,deepsets,-10.0,0.2,0.3,1702,0.03371747055219007,0.04114561140175119,0.024672448214857052,0.17070698265031473
physical_snr,11,deepsets,-10.0,0.3,0.4,826,0.06162825363888868,0.06846586096177192,-0.06162825363888868,0.1806391049370947
physical_snr,11,deepsets,-10.0,0.4,0.5,384,0.15465392094726363,0.15717953932043024,-0.15465392094726363,0.2280835806305384
physical_snr,11,deepsets,-10.0,0.5,0.6,169,0.2482117407420683,0.24969452649828144,-0.2482117407420683,0.09120704167437858
physical_snr,11,deepsets,-10.0,0.6,0.7,45,0.3534000794092814,0.3546096004623515,-0.3534000794092814,0.1422256173386779
physical_snr,11,deepsets,-10.0,0.7,0.8,8,0.4432273469865322,0.4437640922724883,-0.4432273469865322,0.4442639019072433
physical_snr,11,deepsets,-10.0,0.8,0.9,1,0.5841811895370483,0.5841811895370483,-0.5841811895370483,
physical_snr,11,deepsets,-5.0,0.0,0.1,3817,0.10657879585370457,0.120142400701778,0.10657551225771572,0.5106351802519609
physical_snr,11,deepsets,-5.0,0.1,0.2,3048,0.07219653201394585,0.08013992100136104,0.07176974806641265,0.20177336211525682
physical_snr,11,deepsets,-5.0,0.2,0.3,1702,0.027715528666202666,0.03429719112363312,-0.01352963586951815,0.10600691428457128
physical_snr,11,deepsets,-5.0,0.3,0.4,826,0.10506989758182092,0.10899328931836298,-0.10506989758182092,0.13037968872681455
physical_snr,11,deepsets,-5.0,0.4,0.5,384,0.19989609582504878,0.20185799837663898,-0.19989609582504878,0.21634199547246058
physical_snr,11,deepsets,-5.0,0.5,0.6,169,0.2932954494064376,0.2946283515947932,-0.2932954494064376,0.019724211300114418
physical_snr,11,deepsets,-5.0,0.6,0.7,45,0.39616513517167834,0.3971788527583635,-0.39616513517167834,0.2747109248592016
physical_snr,11,deepsets,-5.0,0.7,0.8,8,0.4828460179269314,0.4835075080220826,-0.4828460179269314,-0.5074114108347656
physical_snr,11,deepsets,-5.0,0.8,0.9,1,0.6224002838134766,0.6224002838134766,-0.6224002838134766,
physical_snr,11,deepsets,0.0,0.0,0.1,3817,0.0635635414201535,0.08305920825403613,0.0623386058578683,0.4684484424769968
physical_snr,11,deepsets,0.0,0.1,0.2,3048,0.045582448613886134,0.056930017871741206,0.037844964589072966,0.2695459296974053
physical_snr,11,deepsets,0.0,0.2,0.3,1702,0.04423069848857391,0.053115495439544816,-0.037230008987646404,0.10546207531605757
physical_snr,11,deepsets,0.0,0.3,0.4,826,0.1260704331947874,0.1305939348958883,-0.126003410297358,0.09001093842106771
physical_snr,11,deepsets,0.0,0.4,0.5,384,0.219562837233146,0.22205669962559688,-0.219562837233146,0.06273346056422874
physical_snr,11,deepsets,0.0,0.5,0.6,169,0.31357012292337133,0.3148586866467486,-0.31357012292337133,0.045851773629404464
physical_snr,11,deepsets,0.0,0.6,0.7,45,0.4159594900078244,0.416951761952704,-0.4159594900078244,0.2201249913427858
physical_snr,11,deepsets,0.0,0.7,0.8,8,0.505505844950676,0.5060099558157587,-0.505505844950676,0.17367898990213954
physical_snr,11,deepsets,0.0,0.8,0.9,1,0.6357877850532532,0.6357877850532532,-0.6357877850532532,
physical_snr,11,deepsets,5.0,0.0,0.1,3817,0.03309435398996907,0.048721785395963384,0.02415652262797945,0.42787373009638996
physical_snr,11,deepsets,5.0,0.1,0.2,3048,0.03519654565483449,0.04279168244831411,-0.007328938346923258,0.35731435051473337
physical_snr,11,deepsets,5.0,0.2,0.3,1702,0.06321255548842926,0.07003339779846895,-0.06034987031555484,0.34453272739375673
physical_snr,11,deepsets,5.0,0.3,0.4,826,0.12151255952893389,0.12915771728660527,-0.12116145411140983,0.21645366788186288
physical_snr,11,deepsets,5.0,0.4,0.5,384,0.19075015796503672,0.19903509717744564,-0.1907401762049024,0.11543499630598647
physical_snr,11,deepsets,5.0,0.5,0.6,169,0.2631706704754801,0.27130611744396216,-0.2631706704754801,0.15425951238210414
physical_snr,11,deepsets,5.0,0.6,0.7,45,0.34546302888128494,0.35326383726822236,-0.34546302888128494,-0.10175795548690708
physical_snr,11,deepsets,5.0,0.7,0.8,8,0.45919397473335266,0.46128988055056414,-0.45919397473335266,0.24347994495184325
physical_snr,11,deepsets,5.0,0.8,0.9,1,0.6256852149963379,0.6256852149963379,-0.6256852149963379,
physical_snr,11,deepsets,10.0,0.0,0.1,3817,0.019592712854369716,0.025422288770059896,-0.0013324965354184972,0.4808555108521126
physical_snr,11,deepsets,10.0,0.1,0.2,3048,0.05159587081243086,0.0566016036142641,-0.05020327347005642,0.5489463869647654
physical_snr,11,deepsets,10.0,0.2,0.3,1702,0.08444577417873747,0.08667919664559187,-0.08443852682126254,0.7740738764259113
physical_snr,11,deepsets,10.0,0.3,0.4,826,0.07507773831522782,0.08531373296304753,-0.0712148761669891,0.7151136953428419
physical_snr,11,deepsets,10.0,0.4,0.5,384,0.05987715856948246,0.07439557055912142,-0.02152014193901171,0.4948537250011504
physical_snr,11,deepsets,10.0,0.5,0.6,169,0.07296160251431211,0.09404362561450386,0.02993416380600111,0.4290202152007756
physical_snr,11,deepsets,10.0,0.6,0.7,45,0.0724537796444363,0.08703748770413186,0.01059066719479031,-0.10484649984912972
physical_snr,11,deepsets,10.0,0.7,0.8,8,0.10927891731262207,0.11687400524036483,-0.10927891731262207,-0.05727377059710808
physical_snr,11,deepsets,10.0,0.8,0.9,1,0.47591036558151245,0.47591036558151245,-0.47591036558151245,
physical_snr,11,raw,-10.0,0.0,0.1,3817,0.14608255078743307,0.1533904671485656,0.14608255078743307,0.5284402998280939
physical_snr,11,raw,-10.0,0.1,0.2,3048,0.10033447482914046,0.10581327360068328,0.10033447482914046,0.21715885038728766
physical_snr,11,raw,-10.0,0.2,0.3,1702,0.029864195108273615,0.036884874412692004,0.016228373581598284,0.15105674805959296
physical_snr,11,raw,-10.0,0.3,0.4,826,0.0706001029645271,0.07739751180109095,-0.07053056960027963,0.13074961762663945
physical_snr,11,raw,-10.0,0.4,0.5,384,0.1621987111478423,0.1649197923911585,-0.1621987111478423,0.24071927792715217
physical_snr,11,raw,-10.0,0.5,0.6,169,0.25682335756939545,0.25878984547453526,-0.25682335756939545,-0.014574503716711559
physical_snr,11,raw,-10.0,0.6,0.7,45,0.3554636862542894,0.35679754903683203,-0.3554636862542894,0.09865080340338912
physical_snr,11,raw,-10.0,0.7,0.8,8,0.44059107825160027,0.44109172959741094,-0.44059107825160027,0.37804385954602504
physical_snr,11,raw,-10.0,0.8,0.9,1,0.5667880177497864,0.5667880177497864,-0.5667880177497864,
physical_snr,11,raw,-5.0,0.0,0.1,3817,0.10321479907441365,0.11645661194495249,0.10319658955288302,0.5237389902703532
physical_snr,11,raw,-5.0,0.1,0.2,3048,0.07008729939864768,0.07619005532773634,0.0700346558107909,0.28405527285105964
physical_snr,11,raw,-5.0,0.2,0.3,1702,0.026732922195687837,0.03327304319162909,-0.016902376566034084,0.16573046521992224
physical_snr,11,raw,-5.0,0.3,0.4,826,0.10882976050454826,0.11243639449861305,-0.10882976050454826,0.14678024713770185
physical_snr,11,raw,-5.0,0.4,0.5,384,0.20394526864401996,0.20580774528464682,-0.20394526864401996,0.25955305421275005
physical_snr,11,raw,-5.0,0.5,0.6,169,0.29894435529172775,0.3002401893915886,-0.29894435529172775,0.024690440738982227
physical_snr,11,raw,-5.0,0.6,0.7,45,0.40123069617483353,0.4023110661339155,-0.40123069617483353,0.11609655917896165
physical_snr,11,raw,-5.0,0.7,0.8,8,0.48847371339797974,0.48896183071890664,-0.48847371339797974,0.2578646642101192
physical_snr,11,raw,-5.0,0.8,0.9,1,0.6189594268798828,0.6189594268798828,-0.6189594268798828,
physical_snr,11,raw,0.0,0.0,0.1,3817,0.06103882791885835,0.07999753925039982,0.059225920099303435,0.45279828854632054
physical_snr,11,raw,0.0,0.1,0.2,3048,0.04358887486893126,0.05225899997709804,0.0353940825914265,0.32345291109236357
physical_snr,11,raw,0.0,0.2,0.3,1702,0.040343419759239905,0.04833813092067744,-0.03889214863823388,0.23306543407087188
physical_snr,11,raw,0.0,0.3,0.4,826,0.1280953966387825,0.13097960253709667,-0.1280953966387825,0.2242152421563088
physical_snr,11,raw,0.0,0.4,0.5,384,0.22384409296015897,0.22552244369257293,-0.22384409296015897,0.31883369503407133
physical_snr,11,raw,0.0,0.5,0.6,169,0.31856857090306706,0.3196762655917268,-0.31856857090306706,0.12979074461773218
physical_snr,11,raw,0.0,0.6,0.7,45,0.42226662503348456,0.42327050242963177,-0.42226662503348456,0.1504769107622107
physical_snr,11,raw,0.0,0.7,0.8,8,0.5098281987011433,0.5103031045685502,-0.5098281987011433,0.22764967949923012
physical_snr,11,raw,0.0,0.8,0.9,1,0.6417241096496582,0.6417241096496582,-0.6417241096496582,
physical_snr,11,raw,5.0,0.0,0.1,3817,0.03173862717009228,0.045690716881549825,0.02217103447984706,0.394497384012596
physical_snr,11,raw,5.0,0.1,0.2,3048,0.036828450770594004,0.043765485370637146,-0.015285663932483652,0.3483193962964534
physical_snr,11,raw,5.0,0.2,0.3,1702,0.07374980576012445,0.07935448942936385,-0.07374765148296619,0.35838210207959037
physical_snr,11,raw,5.0,0.3,0.4,826,0.1496692068026949,0.15186820846221555,-0.1496692068026949,0.3991751248430236
physical_snr,11,raw,5.0,0.4,0.5,384,0.23586019838694483,0.237266793458181,-0.23586019838694483,0.50678333386886
physical_snr,11,raw,5.0,0.5,0.6,169,0.3271315245938724,0.3281602225148682,-0.3271315245938724,0.3472403232924722
physical_snr,11,raw,5.0,0.6,0.7,45,0.43105832205878364,0.432016385711563,-0.43105832205878364,0.2819748077360297
physical_snr,11,raw,5.0,0.7,0.8,8,0.5181257724761963,0.5185938514707297,-0.5181257724761963,0.24894303272229637
physical_snr,11,raw,5.0,0.8,0.9,1,0.6512748003005981,0.6512748003005981,-0.6512748003005981,
physical_snr,11,raw,10.0,0.0,0.1,3817,0.019450564865576277,0.024336208415113608,-0.0006184916604648937,0.44995086623768044
physical_snr,11,raw,10.0,0.1,0.2,3048,0.05986231076470002,0.06483561174230484,-0.05933710212973276,0.49832483101264374
physical_snr,11,raw,10.0,0.2,0.3,1702,0.11220761744434629,0.114437259087453,-0.11220761744434629,0.6322114861321463
physical_snr,11,raw,10.0,0.3,0.4,826,0.17289389229715593,0.17439518059774223,-0.17289389229715593,0.6983655732585144
physical_snr,11,raw,10.0,0.4,0.5,384,0.25200021092314273,0.25301005223049244,-0.25200021092314273,0.7958508294771757
physical_snr,11,raw,10.0,0.5,0.6,169,0.3322748578864442,0.3331577118109587,-0.3322748578864442,0.6106108385444629
physical_snr,11,raw,10.0,0.6,0.7,45,0.433751333422131,0.4346895050068661,-0.433751333422131,0.46974975542723063
physical_snr,11,raw,10.0,0.7,0.8,8,0.5204118452966213,0.5208749601799121,-0.5204118452966213,0.36324873266113455
physical_snr,11,raw,10.0,0.8,0.9,1,0.6546752452850342,0.6546752452850342,-0.6546752452850342,
physical_snr,11,mean_var,-10.0,0.0,0.1,3817,0.14195297835680212,0.1523969999196651,0.14195297835680212,0.47767027775299903
physical_snr,11,mean_var,-10.0,0.1,0.2,3048,0.10528684598625958,0.11286286948787987,0.10526045261738025,0.19623771733355103
physical_snr,11,mean_var,-10.0,0.2,0.3,1702,0.037877300003440625,0.047612523497587114,0.026632469580820668,0.16040180403208476
physical_snr,11,mean_var,-10.0,0.3,0.4,826,0.059084111567559605,0.0675605782710446,-0.055744287681925964,0.13293265456642414
physical_snr,11,mean_var,-10.0,0.4,0.5,384,0.14187729824334383,0.14603396935575969,-0.14187729824334383,0.2584904568925679
physical_snr,11,mean_var,-10.0,0.5,0.6,169,0.2300498446769263,0.2330303026816796,-0.2300498446769263,0.03156869647674117
physical_snr,11,mean_var,-10.0,0.6,0.7,45,0.33143885135650636,0.33308542983695116,-0.33143885135650636,0.3127282349676161
physical_snr,11,mean_var,-10.0,0.7,0.8,8,0.41340796276926994,0.41502233270374095,-0.41340796276926994,-0.16329509558678967
physical_snr,11,mean_var,-10.0,0.8,0.9,1,0.5502653121948242,0.5502653121948242,-0.5502653121948242,
physical_snr,11,mean_var,-5.0,0.0,0.1,3817,0.09617613404813569,0.11151906677100644,0.0961640526925843,0.4841905918225818
physical_snr,11,mean_var,-5.0,0.1,0.2,3048,0.0671820039384243,0.07662767310921088,0.06534853700323524,0.21590638107887353
physical_snr,11,mean_var,-5.0,0.2,0.3,1702,0.029541889032661982,0.03664255460768441,-0.01698379230835463,0.10699719986703791
physical_snr,11,mean_var,-5.0,0.3,0.4,826,0.10821011087002536,0.112016154310219,-0.10821011087002536,0.14526021294393568
physical_snr,11,mean_var,-5.0,0.4,0.5,384,0.20279248272224018,0.20473500255491547,-0.20279248272224018,0.2098099427935591
physical_snr,11,mean_var,-5.0,0.5,0.6,169,0.2963691205668026,0.29762915635590165,-0.2963691205668026,0.07957869616969403
physical_snr,11,mean_var,-5.0,0.6,0.7,45,0.40029896563953826,0.40129717199006537,-0.40029896563953826,0.2943560258623139
physical_snr,11,mean_var,-5.0,0.7,0.8,8,0.4869074821472168,0.4874751868043462,-0.4869074821472168,-0.18633942757927308
physical_snr,11,mean_var,-5.0,0.8,0.9,1,0.6225840449333191,0.6225840449333191,-0.6225840449333191,
physical_snr,11,mean_var,0.0,0.0,0.1,3817,0.05489697322158647,0.07441468912694685,0.05318132059842364,0.4568892754988762
physical_snr,11,mean_var,0.0,0.1,0.2,3048,0.04182575337266124,0.05368967655356604,0.024959900665764263,0.2529493274396834
physical_snr,11,mean_var,0.0,0.2,0.3,1702,0.05232913069400748,0.06226934617172489,-0.04521528335088989,0.13610476012036554
physical_snr,11,mean_var,0.0,0.3,0.4,826,0.12623905588942638,0.13150119770182617,-0.12617453386145702,0.15758501029514468
physical_snr,11,mean_var,0.0,0.4,0.5,384,0.21585659531410784,0.21908319241803953,-0.21585659531410784,0.02890499532106982
physical_snr,11,mean_var,0.0,0.5,0.6,169,0.3114129054475818,0.3129360962602642,-0.3114129054475818,0.03029499309898732
physical_snr,11,mean_var,0.0,0.6,0.7,45,0.41192643774880305,0.4131735708158996,-0.41192643774880305,-0.13013669013659318
physical_snr,11,mean_var,0.0,0.7,0.8,8,0.5049361437559128,0.5054290018470865,-0.5049361437559128,0.2741847481387012
physical_snr,11,mean_var,0.0,0.8,0.9,1,0.6362714767456055,0.6362714767456055,-0.6362714767456055,
physical_snr,11,mean_var,5.0,0.0,0.1,3817,0.02825878677806259,0.04118571612486277,0.01763061073847566,0.45347670917313215
physical_snr,11,mean_var,5.0,0.1,0.2,3048,0.036739625040383084,0.04354928162951712,-0.02150899952453539,0.35472261128642457
physical_snr,11,mean_var,5.0,0.2,0.3,1702,0.07891324282865686,0.08575006738865103,-0.07738120336912914,0.34028490407783657
physical_snr,11,mean_var,5.0,0.3,0.4,826,0.1307242425388632,0.13940851857101774,-0.13026894704770234,0.287301693104708
physical_snr,11,mean_var,5.0,0.4,0.5,384,0.17684429290238768,0.18887838728947087,-0.17668093100655824,0.1868104580381199
physical_snr,11,mean_var,5.0,0.5,0.6,169,0.23233773246319336,0.24393877763939056,-0.23233773246319336,0.19498951686362706
physical_snr,11,mean_var,5.0,0.6,0.7,45,0.2860635863410102,0.29906534060494966,-0.28604448371463354,-0.1294387942216736
physical_snr,11,mean_var,5.0,0.7,0.8,8,0.37896404042840004,0.3846833150885394,-0.37896404042840004,0.5175010057417536
physical_snr,11,mean_var,5.0,0.8,0.9,1,0.42696914076805115,0.42696914076805115,-0.42696914076805115,
physical_snr,11,mean_var,10.0,0.0,0.1,3817,0.01916368934624766,0.024464169162611748,-0.004982670937206832,0.524593708282015
physical_snr,11,mean_var,10.0,0.1,0.2,3048,0.0548505611483037,0.058890792387402816,-0.05440818064227661,0.6251610960484075
physical_snr,11,mean_var,10.0,0.2,0.3,1702,0.09019022855194138,0.0924991235628189,-0.09019018537184326,0.7671588427701148
physical_snr,11,mean_var,10.0,0.3,0.4,826,0.0813061811264433,0.09116192356547484,-0.07848336388859853,0.689402961043712
physical_snr,11,mean_var,10.0,0.4,0.5,384,0.05076401440116266,0.06440651909982537,-0.00928606535308063,0.6123637314824406
physical_snr,11,mean_var,10.0,0.5,0.6,169,0.07940020998554116,0.10013053128145336,0.06263034865700987,0.5640414711538233
physical_snr,11,mean_var,10.0,0.6,0.7,45,0.143242523405287,0.16384056054048596,0.14099703364902072,0.2970937816420366
physical_snr,11,mean_var,10.0,0.7,0.8,8,0.1542765349149704,0.17382308612795266,0.14976239204406738,0.6694699974562225
physical_snr,11,mean_var,10.0,0.8,0.9,1,0.1873127818107605,0.1873127818107605,0.1873127818107605,
physical_snr,11,expanded_stats,-10.0,0.0,0.1,3817,0.14157011146191875,0.15294832003924982,0.14157011146191875,0.47493623291330117
physical_snr,11,expanded_stats,-10.0,0.1,0.2,3048,0.1082448893449125,0.1164234226936259,0.1082416304785592,0.21235845507988313
physical_snr,11,expanded_stats,-10.0,0.2,0.3,1702,0.04163376888923443,0.051630637758243884,0.03224331704345909,0.16131378360065318
physical_snr,11,expanded_stats,-10.0,0.3,0.4,826,0.05231345443113664,0.061660704552447265,-0.049068504398729264,0.1324380957190846
physical_snr,11,expanded_stats,-10.0,0.4,0.5,384,0.13566340482793748,0.13966935821349397,-0.13566340482793748,0.23011916256066328
physical_snr,11,expanded_stats,-10.0,0.5,0.6,169,0.2253010063129064,0.2278711415993381,-0.2253010063129064,0.07897373714809301
physical_snr,11,expanded_stats,-10.0,0.6,0.7,45,0.32536400357882184,0.3265952318704692,-0.32536400357882184,0.38435287862321027
physical_snr,11,expanded_stats,-10.0,0.7,0.8,8,0.40936943516135216,0.410356449517486,-0.40936943516135216,-0.009700480454037293
physical_snr,11,expanded_stats,-10.0,0.8,0.9,1,0.5878617763519287,0.5878617763519287,-0.5878617763519287,
physical_snr,11,expanded_stats,-5.0,0.0,0.1,3817,0.09471314041081105,0.11089154586566383,0.09459090048194962,0.4740427681828981
physical_snr,11,expanded_stats,-5.0,0.1,0.2,3048,0.06564917959507525,0.07563485189001408,0.06403352808588603,0.21920130896910378
physical_snr,11,expanded_stats,-5.0,0.2,0.3,1702,0.03053145795255094,0.03777392260762334,-0.018102921396669015,0.12697181307460567
physical_snr,11,expanded_stats,-5.0,0.3,0.4,826,0.10711142512773486,0.11109172491071274,-0.10711142512773486,0.16385892185270326
physical_snr,11,expanded_stats,-5.0,0.4,0.5,384,0.20024586550425738,0.20224760431146024,-0.20024586550425738,0.20217464815426156
physical_snr,11,expanded_stats,-5.0,0.5,0.6,169,0.293865949620862,0.2951872383433756,-0.293865949620862,0.04316631912054223
physical_snr,11,expanded_stats,-5.0,0.6,0.7,45,0.396741924683253,0.39777359648089716,-0.396741924683253,0.23857104519873457
physical_snr,11,expanded_stats,-5.0,0.7,0.8,8,0.48187002167105675,0.48253844434632215,-0.48187002167105675,-0.39935295038131347
physical_snr,11,expanded_stats,-5.0,0.8,0.9,1,0.6374627947807312,0.6374627947807312,-0.6374627947807312,
physical_snr,11,expanded_stats,0.0,0.0,0.1,3817,0.054888070735203014,0.07450907948856773,0.05213617336176744,0.43732245501147315
physical_snr,11,expanded_stats,0.0,0.1,0.2,3048,0.0414595038304961,0.054124162026957016,0.023939797009422083,0.2332741331880222
physical_snr,11,expanded_stats,0.0,0.2,0.3,1702,0.055080254537028236,0.06415680043805783,-0.04800475658422071,0.12216093421248075
physical_snr,11,expanded_stats,0.0,0.3,0.4,826,0.13275111178003848,0.13775237796601658,-0.13270596227186934,0.1301728182041104
physical_snr,11,expanded_stats,0.0,0.4,0.5,384,0.22168936192368466,0.22567285285103678,-0.22164212617402274,0.01158385782947612
physical_snr,11,expanded_stats,0.0,0.5,0.6,169,0.31635016185292125,0.3181146136812207,-0.31635016185292125,0.02809116551533734
physical_snr,11,expanded_stats,0.0,0.6,0.7,45,0.41379293865627714,0.4151767269843265,-0.41379293865627714,-0.14328245695449074
physical_snr,11,expanded_stats,0.0,0.7,0.8,8,0.503983061760664,0.50444836911019,-0.503983061760664,0.28528376374947284
physical_snr,11,expanded_stats,0.0,0.8,0.9,1,0.6401532888412476,0.6401532888412476,-0.6401532888412476,
physical_snr,11,expanded_stats,5.0,0.0,0.1,3817,0.028689082124155094,0.042306547038190645,0.01858734646687645,0.4254538736008187
physical_snr,11,expanded_stats,5.0,0.1,0.2,3048,0.036438492242872635,0.04406706904641873,-0.017942214605894694,0.36281772722943967
physical_snr,11,expanded_stats,5.0,0.2,0.3,1702,0.07423958187587953,0.08269139414658863,-0.07117822529916618,0.2869411243998332
physical_snr,11,expanded_stats,5.0,0.3,0.4,826,0.12483799517082533,0.1359496624056228,-0.12380681143618093,0.2631078312344272
physical_snr,11,expanded_stats,5.0,0.4,0.5,384,0.17371062092327821,0.18779743588537456,-0.17301529890391976,0.14053347129648947
physical_snr,11,expanded_stats,5.0,0.5,0.6,169,0.21984148819065658,0.2373241317171394,-0.21984148819065658,0.19763195492405922
physical_snr,11,expanded_stats,5.0,0.6,0.7,45,0.2389389071199629,0.258508667846577,-0.2389389071199629,-0.10555083920976764
physical_snr,11,expanded_stats,5.0,0.7,0.8,8,0.3052332289516926,0.31777286487635725,-0.3052332289516926,0.5453413060115176
physical_snr,11,expanded_stats,5.0,0.8,0.9,1,0.23894917964935303,0.23894917964935303,-0.23894917964935303,
physical_snr,11,expanded_stats,10.0,0.0,0.1,3817,0.01719349806746217,0.022548042924916658,0.00107348627779991,0.5668319920087925
physical_snr,11,expanded_stats,10.0,0.1,0.2,3048,0.041314613440726684,0.04649877905297371,-0.03968749125426992,0.654571809840951
physical_snr,11,expanded_stats,10.0,0.2,0.3,1702,0.06303143149764921,0.07078804799522381,-0.06252278282923228,0.6023787694025646
physical_snr,11,expanded_stats,10.0,0.3,0.4,826,0.05934947130177847,0.07200337275639467,-0.05500927560265936,0.6398352486756821
physical_snr,11,expanded_stats,10.0,0.4,0.5,384,0.03866365489860375,0.05326771527184155,-0.021996850458284218,0.618992606859131
physical_snr,11,expanded_stats,10.0,0.5,0.6,169,0.03456212747731858,0.0439438570341626,0.0016454504086421086,0.6186647963238262
physical_snr,11,expanded_stats,10.0,0.6,0.7,45,0.041277574168311224,0.04847283917663992,0.02939943075180054,0.5750593411422465
physical_snr,11,expanded_stats,10.0,0.7,0.8,8,0.04754353314638138,0.055636857302674654,0.016307540237903595,0.7716535317925255
physical_snr,11,expanded_stats,10.0,0.8,0.9,1,0.18365603685379028,0.18365603685379028,0.18365603685379028,
physical_snr,22,moments,-10.0,0.0,0.1,3905,0.31863611892549015,0.5034843237306078,0.2753065510472299,0.21404959947459315
physical_snr,22,moments,-10.0,0.1,0.2,2810,0.5391269271351476,0.7219483797772422,0.41321383390403305,0.09212540377261028
physical_snr,22,moments,-10.0,0.2,0.3,1771,0.6735647272282842,0.8323342671861537,0.45902416835323956,0.016302311320737988
physical_snr,22,moments,-10.0,0.3,0.4,917,0.7652770222013363,0.8991019701384302,0.47779425341664383,0.04158471443526729
physical_snr,22,moments,-10.0,0.4,0.5,389,0.8412093838873129,0.9440536049614193,0.5041197578214435,0.005905615704976326
physical_snr,22,moments,-10.0,0.5,0.6,159,0.8819441197428314,0.9620469758316843,0.39338794950419254,0.012785454220607752
physical_snr,22,moments,-10.0,0.6,0.7,36,0.9733313868443171,1.038781918416841,0.5764954371584786,-0.11526694051486341
physical_snr,22,moments,-10.0,0.7,0.8,12,0.8736841330925623,0.9051754001169576,0.25161037345727283,-0.18473120096156417
physical_snr,22,moments,-10.0,0.8,0.9,1,1.1594539880752563,1.1594539880752563,1.1594539880752563,
physical_snr,22,moments_clipped,-10.0,0.0,0.1,3905,0.2849232186605646,0.41198051124633434,0.24159365078230433,0.2222676743783501
physical_snr,22,moments_clipped,-10.0,0.1,0.2,2810,0.4388325847420192,0.5347935832761664,0.3129194915109046,0.07583874655832354
physical_snr,22,moments_clipped,-10.0,0.2,0.3,1771,0.49357842278305514,0.5499521296295624,0.27903786390801055,-0.0009632268672222387
physical_snr,22,moments_clipped,-10.0,0.3,0.4,917,0.5061795679992522,0.5306305475535698,0.21869679921455967,0.015497026224499924
physical_snr,22,moments_clipped,-10.0,0.4,0.5,389,0.5043423422504513,0.5094105381116837,0.16725271618458176,-0.04581432426446007
physical_snr,22,moments_clipped,-10.0,0.5,0.6,159,0.4934818247954051,0.49656947486433695,0.004925654556766247,-0.0033914238132220173
physical_snr,22,moments_clipped,-10.0,0.6,0.7,36,0.4386950797504849,0.46179115615160327,0.0418591300646464,-0.035104480370489674
physical_snr,22,moments_clipped,-10.0,0.7,0.8,12,0.46560153365135193,0.5230451604359351,-0.15647222598393756,-0.26108471573193415
physical_snr,22,moments_clipped,-10.0,0.8,0.9,1,0.12841761112213135,0.12841761112213135,0.12841761112213135,
physical_snr,22,known_sigma,-10.0,0.0,0.1,3905,0.12588053588503817,0.20935943164755633,0.07538575394742104,0.2023905847484046
physical_snr,22,known_sigma,-10.0,0.1,0.2,2810,0.2263077627801174,0.29920553142972034,0.08536797657715045,0.0841192159746763
physical_snr,22,known_sigma,-10.0,0.2,0.3,1771,0.290054361028297,0.3517302793607114,0.06477762316156416,0.06145265999567585
physical_snr,22,known_sigma,-10.0,0.3,0.4,917,0.34617051701574314,0.39881935403847085,0.04284245216144471,0.04868063363722597
physical_snr,22,known_sigma,-10.0,0.4,0.5,389,0.35720162790814525,0.4067318016847449,-0.024744685212566796,-0.024700195935405726
physical_snr,22,known_sigma,-10.0,0.5,0.6,159,0.393654576824896,0.45046704797251236,-0.004774026338409328,-0.04384773146287026
physical_snr,22,known_sigma,-10.0,0.6,0.7,36,0.41201313171121806,0.474025662053932,-0.024367661939726934,-0.02755591871637296
physical_snr,22,known_sigma,-10.0,0.7,0.8,12,0.2963227480649948,0.34592074418037255,0.10852441688378651,0.06468587371094249
physical_snr,22,known_sigma,-10.0,0.8,0.9,1,0.2250434160232544,0.2250434160232544,0.2250434160232544,
physical_snr,22,prior_mean,-10.0,0.0,0.1,3905,0.1132469039396043,0.11623044522146204,0.1132469039396043,
physical_snr,22,prior_mean,-10.0,0.1,0.2,2810,0.02966534002979031,0.03512876369708657,0.020208361180121367,
physical_snr,22,prior_mean,-10.0,0.2,0.3,1771,0.07960684730433125,0.08463605994519036,-0.07960684730433125,
physical_snr,22,prior_mean,-10.0,0.3,0.4,917,0.17874402734029515,0.18102640780032014,-0.17874402734029515,
physical_snr,22,prior_mean,-10.0,0.4,0.5,389,0.2771597424938623,0.2786011090530473,-0.2771597424938623,
physical_snr,22,prior_mean,-10.0,0.5,0.6,159,0.37782010773442826,0.3787103086073142,-0.37782010773442826,
physical_snr,22,prior_mean,-10.0,0.6,0.7,36,0.4760389584634039,0.47694369537610837,-0.4760389584634039,
physical_snr,22,prior_mean,-10.0,0.7,0.8,12,0.5741857389609019,0.5745931281623976,-0.5741857389609019,
physical_snr,22,prior_mean,-10.0,0.8,0.9,1,0.7059625387191772,0.7059625387191772,-0.7059625387191772,
physical_snr,22,prior_median,-10.0,0.0,0.1,3905,0.08286827915227672,0.08690113251625034,0.08286827915227672,
physical_snr,22,prior_median,-10.0,0.1,0.2,2810,0.02538664360858792,0.030480919266544743,-0.010170263616746007,
physical_snr,22,prior_median,-10.0,0.2,0.3,1771,0.10998547210119862,0.1136785669272545,-0.10998547210119862,
physical_snr,22,prior_median,-10.0,0.3,0.4,917,0.2091226521534124,0.21107680274533705,-0.2091226521534124,
physical_snr,22,prior_median,-10.0,0.4,0.5,389,0.30753836717581073,0.3088379872250873,-0.30753836717581073,
physical_snr,22,prior_median,-10.0,0.5,0.6,159,0.40819871763013443,0.40902280756930703,-0.40819871763013443,
physical_snr,22,prior_median,-10.0,0.6,0.7,36,0.5064175642198986,0.5072681220324824,-0.5064175642198986,
physical_snr,22,prior_median,-10.0,0.7,0.8,12,0.604564348856608,0.6049512805450092,-0.604564348856608,
physical_snr,22,prior_median,-10.0,0.8,0.9,1,0.7363411784172058,0.7363411784172058,-0.7363411784172058,
physical_snr,22,moments,-5.0,0.0,0.1,3905,0.17616799585884924,0.2707941008439661,0.13350867477529438,0.21786331560127248
physical_snr,22,moments,-5.0,0.1,0.2,2810,0.29807126976523113,0.376401412513285,0.1731375243899237,0.09290048860660931
physical_snr,22,moments,-5.0,0.2,0.3,1771,0.3719304347277226,0.4252543346131834,0.15909070776957432,0.019469080327474114
physical_snr,22,moments,-5.0,0.3,0.4,917,0.42174897156858915,0.4598975362961192,0.13639876948448149,0.0696334767338036
physical_snr,22,moments,-5.0,0.4,0.5,389,0.44321800419787816,0.4725483435982981,0.12705769659927388,0.06303670651306352
physical_snr,22,moments,-5.0,0.5,0.6,159,0.4860346617188844,0.5088891209476671,0.01987529325785127,-0.006903685216009294
physical_snr,22,moments,-5.0,0.6,0.7,36,0.4920703487263785,0.5211885627918279,0.06030383871661292,-0.13150171964088314
physical_snr,22,moments,-5.0,0.7,0.8,12,0.477509506046772,0.5224617820106704,-0.0892221505443255,0.18544956389651
physical_snr,22,moments,-5.0,0.8,0.9,1,0.22872304916381836,0.22872304916381836,0.22872304916381836,
physical_snr,22,moments_clipped,-5.0,0.0,0.1,3905,0.1750007136676594,0.2663673376525049,0.13234139258410452,0.2194574016835439
physical_snr,22,moments_clipped,-5.0,0.1,0.2,2810,0.29393511130822514,0.3660199058322104,0.1690013659329177,0.09192500725090114
physical_snr,22,moments_clipped,-5.0,0.2,0.3,1771,0.3643018178166406,0.4098848302195928,0.1514620908584923,0.018178910814473117
physical_snr,22,moments_clipped,-5.0,0.3,0.4,917,0.40474116473967536,0.4316177252516608,0.11939096265556769,0.06206459695639135
physical_snr,22,moments_clipped,-5.0,0.4,0.5,389,0.41906540566973943,0.4385611250752046,0.1029050980711351,0.05600806807820802
physical_snr,22,moments_clipped,-5.0,0.5,0.6,159,0.447907197400459,0.464751079140309,-0.01825217106057413,-0.022383753040778182
physical_snr,22,moments_clipped,-5.0,0.6,0.7,36,0.42940909829404617,0.46174769970598567,-0.002357411715719435,-0.11683720123647914
physical_snr,22,moments_clipped,-5.0,0.7,0.8,12,0.41322811196247733,0.47793587283321215,-0.15350354462862015,0.22810568959844119
physical_snr,22,moments_clipped,-5.0,0.8,0.9,1,0.12841761112213135,0.12841761112213135,0.12841761112213135,
physical_snr,22,known_sigma,-5.0,0.0,0.1,3905,0.07310629564101322,0.11304896492340892,0.02730070641532626,0.24099901965746123
physical_snr,22,known_sigma,-5.0,0.1,0.2,2810,0.1337124204932583,0.1651203420208174,0.011982087170526227,0.13287288596619873
physical_snr,22,known_sigma,-5.0,0.2,0.3,1771,0.1718170595692417,0.20408486808149304,-0.013240135886418758,0.11993661206841989
physical_snr,22,known_sigma,-5.0,0.3,0.4,917,0.20106255803399414,0.2395510567784699,-0.03105606549828757,0.09413346100923962
physical_snr,22,known_sigma,-5.0,0.4,0.5,389,0.18783490961192506,0.24123298053357423,-0.05153261833754787,0.04690392337978059
physical_snr,22,known_sigma,-5.0,0.5,0.6,159,0.18539395703459688,0.24021785259001507,-0.019738395071629458,-0.03948992234929455
physical_snr,22,known_sigma,-5.0,0.6,0.7,36,0.17889228959878284,0.23519222020274294,-0.02376714183224572,0.07489269466913964
physical_snr,22,known_sigma,-5.0,0.7,0.8,12,0.11851558585961659,0.13223387423340863,0.06506351133187611,0.2067412115090791
physical_snr,22,known_sigma,-5.0,0.8,0.9,1,0.07133269309997559,0.07133269309997559,0.07133269309997559,
physical_snr,22,prior_mean,-5.0,0.0,0.1,3905,0.1132469039396043,0.11623044522146204,0.1132469039396043,
physical_snr,22,prior_mean,-5.0,0.1,0.2,2810,0.02966534002979031,0.03512876369708657,0.020208361180121367,
physical_snr,22,prior_mean,-5.0,0.2,0.3,1771,0.07960684730433125,0.08463605994519036,-0.07960684730433125,
physical_snr,22,prior_mean,-5.0,0.3,0.4,917,0.17874402734029515,0.18102640780032014,-0.17874402734029515,
physical_snr,22,prior_mean,-5.0,0.4,0.5,389,0.2771597424938623,0.2786011090530473,-0.2771597424938623,
physical_snr,22,prior_mean,-5.0,0.5,0.6,159,0.37782010773442826,0.3787103086073142,-0.37782010773442826,
physical_snr,22,prior_mean,-5.0,0.6,0.7,36,0.4760389584634039,0.47694369537610837,-0.4760389584634039,
physical_snr,22,prior_mean,-5.0,0.7,0.8,12,0.5741857389609019,0.5745931281623976,-0.5741857389609019,
physical_snr,22,prior_mean,-5.0,0.8,0.9,1,0.7059625387191772,0.7059625387191772,-0.7059625387191772,
physical_snr,22,prior_median,-5.0,0.0,0.1,3905,0.08286827915227672,0.08690113251625034,0.08286827915227672,
physical_snr,22,prior_median,-5.0,0.1,0.2,2810,0.02538664360858792,0.030480919266544743,-0.010170263616746007,
physical_snr,22,prior_median,-5.0,0.2,0.3,1771,0.10998547210119862,0.1136785669272545,-0.10998547210119862,
physical_snr,22,prior_median,-5.0,0.3,0.4,917,0.2091226521534124,0.21107680274533705,-0.2091226521534124,
physical_snr,22,prior_median,-5.0,0.4,0.5,389,0.30753836717581073,0.3088379872250873,-0.30753836717581073,
physical_snr,22,prior_median,-5.0,0.5,0.6,159,0.40819871763013443,0.40902280756930703,-0.40819871763013443,
physical_snr,22,prior_median,-5.0,0.6,0.7,36,0.5064175642198986,0.5072681220324824,-0.5064175642198986,
physical_snr,22,prior_median,-5.0,0.7,0.8,12,0.604564348856608,0.6049512805450092,-0.604564348856608,
physical_snr,22,prior_median,-5.0,0.8,0.9,1,0.7363411784172058,0.7363411784172058,-0.7363411784172058,
physical_snr,22,moments,0.0,0.0,0.1,3905,0.09674353121825173,0.14290570131135316,0.055369724860061885,0.23367456835581296
physical_snr,22,moments,0.0,0.1,0.2,2810,0.16383478877886973,0.19465570479667704,0.04789444785233707,0.11051975358728278
physical_snr,22,moments,0.0,0.2,0.3,1771,0.20346196217095358,0.22625627703131562,0.010259382876886746,0.045244421190657115
physical_snr,22,moments,0.0,0.3,0.4,917,0.2273993250490405,0.2578600608174183,-0.020208119517324277,0.10787966686594418
physical_snr,22,moments,0.0,0.4,0.5,389,0.22278065485329124,0.27074569028861134,-0.03808291191307009,0.13789982508932935
physical_snr,22,moments,0.0,0.5,0.6,159,0.21268643541905866,0.28381506823557917,-0.05836403313672768,0.060679126867589105
physical_snr,22,moments,0.0,0.6,0.7,36,0.20802372445662815,0.3013205209821643,-0.0734425460298856,0.10585706392157396
physical_snr,22,moments,0.0,0.7,0.8,12,0.08619268735249837,0.1073102396865511,0.022325466076532997,0.425537287627744
physical_snr,22,moments,0.0,0.8,0.9,1,0.046513497829437256,0.046513497829437256,-0.046513497829437256,
physical_snr,22,moments_clipped,0.0,0.0,0.1,3905,0.09674353121825173,0.14290570131135316,0.055369724860061885,0.23367456835581296
physical_snr,22,moments_clipped,0.0,0.1,0.2,2810,0.16383478877886973,0.19465570479667704,0.04789444785233707,0.11051975358728278
physical_snr,22,moments_clipped,0.0,0.2,0.3,1771,0.20346196217095358,0.22625627703131562,0.010259382876886746,0.045244421190657115
physical_snr,22,moments_clipped,0.0,0.3,0.4,917,0.2273993250490405,0.2578600608174183,-0.020208119517324277,0.10787966686594418
physical_snr,22,moments_clipped,0.0,0.4,0.5,389,0.22278065485329124,0.27074569028861134,-0.03808291191307009,0.13789982508932935
physical_snr,22,moments_clipped,0.0,0.5,0.6,159,0.21268643541905866,0.28381506823557917,-0.05836403313672768,0.060679126867589105
physical_snr,22,moments_clipped,0.0,0.6,0.7,36,0.20802372445662815,0.3013205209821643,-0.0734425460298856,0.10585706392157396
physical_snr,22,moments_clipped,0.0,0.7,0.8,12,0.08619268735249837,0.1073102396865511,0.022325466076532997,0.425537287627744
physical_snr,22,moments_clipped,0.0,0.8,0.9,1,0.046513497829437256,0.046513497829437256,-0.046513497829437256,
physical_snr,22,known_sigma,0.0,0.0,0.1,3905,0.04172324845042656,0.0619581937683524,0.005818860067195341,0.34940868727145874
physical_snr,22,known_sigma,0.0,0.1,0.2,2810,0.07323498711573272,0.09461114079671425,-0.009530186637228495,0.2577405753108279
physical_snr,22,known_sigma,0.0,0.2,0.3,1771,0.08570209275121274,0.11477594690278432,-0.019192259117144773,0.2585820494051952
physical_snr,22,known_sigma,0.0,0.3,0.4,917,0.08676292268699493,0.11700077550135461,-0.015450431011625309,0.2594485886208189
physical_snr,22,known_sigma,0.0,0.4,0.5,389,0.06992795676529254,0.09853345815609621,-0.014893406346095556,0.2296745657146685
physical_snr,22,known_sigma,0.0,0.5,0.6,159,0.06991360941023197,0.09016037306655555,4.428343952826734e-05,0.12003933880133236
physical_snr,22,known_sigma,0.0,0.6,0.7,36,0.06337112519476149,0.08295883478832862,-0.002674788236618042,0.25513966086988005
physical_snr,22,known_sigma,0.0,0.7,0.8,12,0.05708573261896769,0.06652150243929135,0.031913946072260536,0.4379310479857017
physical_snr,22,known_sigma,0.0,0.8,0.9,1,0.019824624061584473,0.019824624061584473,0.019824624061584473,
physical_snr,22,prior_mean,0.0,0.0,0.1,3905,0.1132469039396043,0.11623044522146204,0.1132469039396043,
physical_snr,22,prior_mean,0.0,0.1,0.2,2810,0.02966534002979031,0.03512876369708657,0.020208361180121367,
physical_snr,22,prior_mean,0.0,0.2,0.3,1771,0.07960684730433125,0.08463605994519036,-0.07960684730433125,
physical_snr,22,prior_mean,0.0,0.3,0.4,917,0.17874402734029515,0.18102640780032014,-0.17874402734029515,
physical_snr,22,prior_mean,0.0,0.4,0.5,389,0.2771597424938623,0.2786011090530473,-0.2771597424938623,
physical_snr,22,prior_mean,0.0,0.5,0.6,159,0.37782010773442826,0.3787103086073142,-0.37782010773442826,
physical_snr,22,prior_mean,0.0,0.6,0.7,36,0.4760389584634039,0.47694369537610837,-0.4760389584634039,
physical_snr,22,prior_mean,0.0,0.7,0.8,12,0.5741857389609019,0.5745931281623976,-0.5741857389609019,
physical_snr,22,prior_mean,0.0,0.8,0.9,1,0.7059625387191772,0.7059625387191772,-0.7059625387191772,
physical_snr,22,prior_median,0.0,0.0,0.1,3905,0.08286827915227672,0.08690113251625034,0.08286827915227672,
physical_snr,22,prior_median,0.0,0.1,0.2,2810,0.02538664360858792,0.030480919266544743,-0.010170263616746007,
physical_snr,22,prior_median,0.0,0.2,0.3,1771,0.10998547210119862,0.1136785669272545,-0.10998547210119862,
physical_snr,22,prior_median,0.0,0.3,0.4,917,0.2091226521534124,0.21107680274533705,-0.2091226521534124,
physical_snr,22,prior_median,0.0,0.4,0.5,389,0.30753836717581073,0.3088379872250873,-0.30753836717581073,
physical_snr,22,prior_median,0.0,0.5,0.6,159,0.40819871763013443,0.40902280756930703,-0.40819871763013443,
physical_snr,22,prior_median,0.0,0.6,0.7,36,0.5064175642198986,0.5072681220324824,-0.5064175642198986,
physical_snr,22,prior_median,0.0,0.7,0.8,12,0.604564348856608,0.6049512805450092,-0.604564348856608,
physical_snr,22,prior_median,0.0,0.8,0.9,1,0.7363411784172058,0.7363411784172058,-0.7363411784172058,
physical_snr,22,moments,5.0,0.0,0.1,3905,0.0515007922792552,0.07464674394768787,0.01681797301901144,0.3093452097546359
physical_snr,22,moments,5.0,0.1,0.2,2810,0.0858766215883222,0.1069454082327941,-0.006450704823238146,0.19167586607428863
physical_snr,22,moments,5.0,0.2,0.3,1771,0.09383224870511059,0.12753933099789927,-0.024983569937597754,0.2019555727120994
physical_snr,22,moments,5.0,0.3,0.4,917,0.09406639838686687,0.14169532935614576,-0.032550000474913174,0.23994913579977137
physical_snr,22,moments,5.0,0.4,0.5,389,0.0656834785230362,0.11437703048313759,-0.01831721857305051,0.30563408741844866
physical_snr,22,moments,5.0,0.5,0.6,159,0.045229074527632515,0.05967203301221658,-0.0013311795843472271,0.37204992537470294
physical_snr,22,moments,5.0,0.6,0.7,36,0.03260527385605706,0.04164463033477003,-0.003403133816189236,0.5583238605925152
physical_snr,22,moments,5.0,0.7,0.8,12,0.03182203074296315,0.040144179829798836,0.016275728742281594,0.6840504741698267
physical_snr,22,moments,5.0,0.8,0.9,1,0.02848881483078003,0.02848881483078003,-0.02848881483078003,
physical_snr,22,moments_clipped,5.0,0.0,0.1,3905,0.0515007922792552,0.07464674394768787,0.01681797301901144,0.3093452097546359
physical_snr,22,moments_clipped,5.0,0.1,0.2,2810,0.0858766215883222,0.1069454082327941,-0.006450704823238146,0.19167586607428863
physical_snr,22,moments_clipped,5.0,0.2,0.3,1771,0.09383224870511059,0.12753933099789927,-0.024983569937597754,0.2019555727120994
physical_snr,22,moments_clipped,5.0,0.3,0.4,917,0.09406639838686687,0.14169532935614576,-0.032550000474913174,0.23994913579977137
physical_snr,22,moments_clipped,5.0,0.4,0.5,389,0.0656834785230362,0.11437703048313759,-0.01831721857305051,0.30563408741844866
physical_snr,22,moments_clipped,5.0,0.5,0.6,159,0.045229074527632515,0.05967203301221658,-0.0013311795843472271,0.37204992537470294
physical_snr,22,moments_clipped,5.0,0.6,0.7,36,0.03260527385605706,0.04164463033477003,-0.003403133816189236,0.5583238605925152
physical_snr,22,moments_clipped,5.0,0.7,0.8,12,0.03182203074296315,0.040144179829798836,0.016275728742281594,0.6840504741698267
physical_snr,22,moments_clipped,5.0,0.8,0.9,1,0.02848881483078003,0.02848881483078003,-0.02848881483078003,
physical_snr,22,known_sigma,5.0,0.0,0.1,3905,0.02189751705151795,0.03408283433882113,-0.0005156448579282427,0.5729295745216793
physical_snr,22,known_sigma,5.0,0.1,0.2,2810,0.03237767257459223,0.04753823375688125,-0.005595668612107688,0.5243668760943248
physical_snr,22,known_sigma,5.0,0.2,0.3,1771,0.031488389942115606,0.04360367500383524,-0.0036716193659099595,0.5688835137731371
physical_snr,22,known_sigma,5.0,0.3,0.4,917,0.032014566133430504,0.040944810283339635,-0.0012517044952417538,0.5922205159890167
physical_snr,22,known_sigma,5.0,0.4,0.5,389,0.02896443675906615,0.038231708831316845,-0.003912201270959065,0.5647728508358845
physical_snr,22,known_sigma,5.0,0.5,0.6,159,0.03061183218686086,0.039036250567929295,0.0011096862876940074,0.46104543037024964
physical_snr,22,known_sigma,5.0,0.6,0.7,36,0.027837549646695454,0.03674247076769028,-0.0008916838301552666,0.569689832804931
physical_snr,22,known_sigma,5.0,0.7,0.8,12,0.031033918261528015,0.037153011762107876,0.0160554697116216,0.6352203856521219
physical_snr,22,known_sigma,5.0,0.8,0.9,1,0.004400134086608887,0.004400134086608887,0.004400134086608887,
physical_snr,22,prior_mean,5.0,0.0,0.1,3905,0.1132469039396043,0.11623044522146204,0.1132469039396043,
physical_snr,22,prior_mean,5.0,0.1,0.2,2810,0.02966534002979031,0.03512876369708657,0.020208361180121367,
physical_snr,22,prior_mean,5.0,0.2,0.3,1771,0.07960684730433125,0.08463605994519036,-0.07960684730433125,
physical_snr,22,prior_mean,5.0,0.3,0.4,917,0.17874402734029515,0.18102640780032014,-0.17874402734029515,
physical_snr,22,prior_mean,5.0,0.4,0.5,389,0.2771597424938623,0.2786011090530473,-0.2771597424938623,
physical_snr,22,prior_mean,5.0,0.5,0.6,159,0.37782010773442826,0.3787103086073142,-0.37782010773442826,
physical_snr,22,prior_mean,5.0,0.6,0.7,36,0.4760389584634039,0.47694369537610837,-0.4760389584634039,
physical_snr,22,prior_mean,5.0,0.7,0.8,12,0.5741857389609019,0.5745931281623976,-0.5741857389609019,
physical_snr,22,prior_mean,5.0,0.8,0.9,1,0.7059625387191772,0.7059625387191772,-0.7059625387191772,
physical_snr,22,prior_median,5.0,0.0,0.1,3905,0.08286827915227672,0.08690113251625034,0.08286827915227672,
physical_snr,22,prior_median,5.0,0.1,0.2,2810,0.02538664360858792,0.030480919266544743,-0.010170263616746007,
physical_snr,22,prior_median,5.0,0.2,0.3,1771,0.10998547210119862,0.1136785669272545,-0.10998547210119862,
physical_snr,22,prior_median,5.0,0.3,0.4,917,0.2091226521534124,0.21107680274533705,-0.2091226521534124,
physical_snr,22,prior_median,5.0,0.4,0.5,389,0.30753836717581073,0.3088379872250873,-0.30753836717581073,
physical_snr,22,prior_median,5.0,0.5,0.6,159,0.40819871763013443,0.40902280756930703,-0.40819871763013443,
physical_snr,22,prior_median,5.0,0.6,0.7,36,0.5064175642198986,0.5072681220324824,-0.5064175642198986,
physical_snr,22,prior_median,5.0,0.7,0.8,12,0.604564348856608,0.6049512805450092,-0.604564348856608,
physical_snr,22,prior_median,5.0,0.8,0.9,1,0.7363411784172058,0.7363411784172058,-0.7363411784172058,
physical_snr,22,moments,10.0,0.0,0.1,3905,0.02517054788762329,0.039423121467176477,0.002011322446713622,0.491706064265892
physical_snr,22,moments,10.0,0.1,0.2,2810,0.03389224637551664,0.05523118727064302,-0.009161496432862673,0.46725923506394373
physical_snr,22,moments,10.0,0.2,0.3,1771,0.024880266733118397,0.04595261020122091,-0.004950290182968238,0.5640602709799165
physical_snr,22,moments,10.0,0.3,0.4,917,0.020911018032024057,0.038518863351154106,-0.0023590824206236797,0.6377216723070934
physical_snr,22,moments,10.0,0.4,0.5,389,0.015958093279125143,0.020506260637974758,-0.0006361936235795597,0.814422232765726
physical_snr,22,moments,10.0,0.5,0.6,159,0.0160784254658897,0.020195275537548848,0.0008355785840712254,0.7624711568097049
physical_snr,22,moments,10.0,0.6,0.7,36,0.014887986911667718,0.018601011432826272,-0.001341420743200514,0.8370331037041235
physical_snr,22,moments,10.0,0.7,0.8,12,0.017176330089569092,0.021836339236169677,0.008594244718551636,0.8140171818518724
physical_snr,22,moments,10.0,0.8,0.9,1,0.010488688945770264,0.010488688945770264,-0.010488688945770264,
physical_snr,22,moments_clipped,10.0,0.0,0.1,3905,0.02517054788762329,0.039423121467176477,0.002011322446713622,0.491706064265892
physical_snr,22,moments_clipped,10.0,0.1,0.2,2810,0.03389224637551664,0.05523118727064302,-0.009161496432862673,0.46725923506394373
physical_snr,22,moments_clipped,10.0,0.2,0.3,1771,0.024880266733118397,0.04595261020122091,-0.004950290182968238,0.5640602709799165
physical_snr,22,moments_clipped,10.0,0.3,0.4,917,0.020911018032024057,0.038518863351154106,-0.0023590824206236797,0.6377216723070934
physical_snr,22,moments_clipped,10.0,0.4,0.5,389,0.015958093279125143,0.020506260637974758,-0.0006361936235795597,0.814422232765726
physical_snr,22,moments_clipped,10.0,0.5,0.6,159,0.0160784254658897,0.020195275537548848,0.0008355785840712254,0.7624711568097049
physical_snr,22,moments_clipped,10.0,0.6,0.7,36,0.014887986911667718,0.018601011432826272,-0.001341420743200514,0.8370331037041235
physical_snr,22,moments_clipped,10.0,0.7,0.8,12,0.017176330089569092,0.021836339236169677,0.008594244718551636,0.8140171818518724
physical_snr,22,moments_clipped,10.0,0.8,0.9,1,0.010488688945770264,0.010488688945770264,-0.010488688945770264,
physical_snr,22,known_sigma,10.0,0.0,0.1,3905,0.010142080407355949,0.01725670102908266,-0.0008086227257372322,0.8299013997595713
physical_snr,22,known_sigma,10.0,0.1,0.2,2810,0.012555112057362164,0.018756358117453048,-0.0009753086773208029,0.8395995985644624
physical_snr,22,known_sigma,10.0,0.2,0.3,1771,0.013191840242760655,0.01745115974499719,-0.00044099958787053266,0.8581551436708221
physical_snr,22,known_sigma,10.0,0.3,0.4,917,0.014471506214453844,0.018424036389546046,4.797939905813502e-05,0.8482232269586202
physical_snr,22,known_sigma,10.0,0.4,0.5,389,0.014486372853918981,0.018540865488008738,-0.001594585823828886,0.8285461270703823
physical_snr,22,known_sigma,10.0,0.5,0.6,159,0.015310607616256619,0.019477513278412517,0.0005246588269119742,0.7709568476577584
physical_snr,22,known_sigma,10.0,0.6,0.7,36,0.014385811156696742,0.018863428212666247,-0.000620688001314799,0.8242970343192624
physical_snr,22,known_sigma,10.0,0.7,0.8,12,0.017649362484614052,0.021284179123588095,0.008412073055903116,0.7970053734407441
physical_snr,22,known_sigma,10.0,0.8,0.9,1,0.0003101229667663574,0.0003101229667663574,0.0003101229667663574,
physical_snr,22,prior_mean,10.0,0.0,0.1,3905,0.1132469039396043,0.11623044522146204,0.1132469039396043,
physical_snr,22,prior_mean,10.0,0.1,0.2,2810,0.02966534002979031,0.03512876369708657,0.020208361180121367,
physical_snr,22,prior_mean,10.0,0.2,0.3,1771,0.07960684730433125,0.08463605994519036,-0.07960684730433125,
physical_snr,22,prior_mean,10.0,0.3,0.4,917,0.17874402734029515,0.18102640780032014,-0.17874402734029515,
physical_snr,22,prior_mean,10.0,0.4,0.5,389,0.2771597424938623,0.2786011090530473,-0.2771597424938623,
physical_snr,22,prior_mean,10.0,0.5,0.6,159,0.37782010773442826,0.3787103086073142,-0.37782010773442826,
physical_snr,22,prior_mean,10.0,0.6,0.7,36,0.4760389584634039,0.47694369537610837,-0.4760389584634039,
physical_snr,22,prior_mean,10.0,0.7,0.8,12,0.5741857389609019,0.5745931281623976,-0.5741857389609019,
physical_snr,22,prior_mean,10.0,0.8,0.9,1,0.7059625387191772,0.7059625387191772,-0.7059625387191772,
physical_snr,22,prior_median,10.0,0.0,0.1,3905,0.08286827915227672,0.08690113251625034,0.08286827915227672,
physical_snr,22,prior_median,10.0,0.1,0.2,2810,0.02538664360858792,0.030480919266544743,-0.010170263616746007,
physical_snr,22,prior_median,10.0,0.2,0.3,1771,0.10998547210119862,0.1136785669272545,-0.10998547210119862,
physical_snr,22,prior_median,10.0,0.3,0.4,917,0.2091226521534124,0.21107680274533705,-0.2091226521534124,
physical_snr,22,prior_median,10.0,0.4,0.5,389,0.30753836717581073,0.3088379872250873,-0.30753836717581073,
physical_snr,22,prior_median,10.0,0.5,0.6,159,0.40819871763013443,0.40902280756930703,-0.40819871763013443,
physical_snr,22,prior_median,10.0,0.6,0.7,36,0.5064175642198986,0.5072681220324824,-0.5064175642198986,
physical_snr,22,prior_median,10.0,0.7,0.8,12,0.604564348856608,0.6049512805450092,-0.604564348856608,
physical_snr,22,prior_median,10.0,0.8,0.9,1,0.7363411784172058,0.7363411784172058,-0.7363411784172058,
physical_snr,22,raw,-10.0,0.0,0.1,3905,0.05179560379973027,0.05835579203358424,-0.05172065817417097,-0.3817816634869929
physical_snr,22,raw,-10.0,0.1,0.2,2810,0.14541119037998104,0.1482230965405333,-0.14541119037998104,-0.09157232252242488
physical_snr,22,raw,-10.0,0.2,0.3,1771,0.2452266676354583,0.2469051053063544,-0.2452266676354583,-0.07639667510016976
physical_snr,22,raw,-10.0,0.3,0.4,917,0.34436384769666417,0.3455540371804545,-0.34436384769666417,
physical_snr,22,raw,-10.0,0.4,0.5,389,0.44277956285023135,0.44368321625250356,-0.44277956285023135,
physical_snr,22,raw,-10.0,0.5,0.6,159,0.5434399280907973,0.5440592058593652,-0.5434399280907973,
physical_snr,22,raw,-10.0,0.6,0.7,36,0.6416587746805614,0.6423302743951166,-0.6416587746805614,
physical_snr,22,raw,-10.0,0.7,0.8,12,0.7398055593172709,0.7401217910056237,-0.7398055593172709,
physical_snr,22,raw,-10.0,0.8,0.9,1,0.8715823888778687,0.8715823888778687,-0.8715823888778687,
physical_snr,22,raw,-5.0,0.0,0.1,3905,0.05052555476024057,0.05768166072059137,-0.04863043729072465,-0.48065494400470016
physical_snr,22,raw,-5.0,0.1,0.2,2810,0.14539302904887982,0.148209209064392,-0.14539302904887982,-0.1628784098510412
physical_snr,22,raw,-5.0,0.2,0.3,1771,0.24522659466941096,0.24690504081569062,-0.24522659466941096,-0.11029806099635481
physical_snr,22,raw,-5.0,0.3,0.4,917,0.3443638471116677,0.34555403663506684,-0.3443638471116677,-0.06730535568895124
physical_snr,22,raw,-5.0,0.4,0.5,389,0.44277956285023135,0.44368321625250356,-0.44277956285023135,
physical_snr,22,raw,-5.0,0.5,0.6,159,0.5434399280907973,0.5440592058593652,-0.5434399280907973,
physical_snr,22,raw,-5.0,0.6,0.7,36,0.6416587746805614,0.6423302743951166,-0.6416587746805614,
physical_snr,22,raw,-5.0,0.7,0.8,12,0.7398055593172709,0.7401217910056237,-0.7398055593172709,
physical_snr,22,raw,-5.0,0.8,0.9,1,0.8715823888778687,0.8715823888778687,-0.8715823888778687,
physical_snr,22,raw,0.0,0.0,0.1,3905,0.0495468405838853,0.05664090255237341,-0.04056588778026025,-0.5583461472569392
physical_snr,22,raw,0.0,0.1,0.2,2810,0.1451163916984487,0.1479880111657962,-0.1451163916984487,-0.2677925674668074
physical_snr,22,raw,0.0,0.2,0.3,1771,0.24521941330256533,0.24689852118409195,-0.24521941330256533,-0.19129689593513924
physical_snr,22,raw,0.0,0.3,0.4,917,0.3443635455134651,0.3455537522954157,-0.3443635455134651,-0.17226853905914824
physical_snr,22,raw,0.0,0.4,0.5,389,0.44277954270110337,0.4436831969935636,-0.44277954270110337,-0.24198828222702032
physical_snr,22,raw,0.0,0.5,0.6,159,0.5434399273410534,0.5440592051454504,-0.5434399273410534,-0.2354608755605794
physical_snr,22,raw,0.0,0.6,0.7,36,0.6416587746805614,0.6423302743951166,-0.6416587746805614,-0.16688951463216367
physical_snr,22,raw,0.0,0.7,0.8,12,0.7398055593172709,0.7401217910056237,-0.7398055593172709,-0.7182589257821581
physical_snr,22,raw,0.0,0.8,0.9,1,0.8715823888778687,0.8715823888778687,-0.8715823888778687,
physical_snr,22,raw,5.0,0.0,0.1,3905,0.048866517885877876,0.05599456192230108,-0.026722769505939374,-0.6217552672837496
physical_snr,22,raw,5.0,0.1,0.2,2810,0.14366531849861994,0.1467816515291675,-0.14366531849861994,-0.3952812690826111
physical_snr,22,raw,5.0,0.2,0.3,1771,0.24510720782802306,0.2467948906904062,-0.24510720782802306,-0.34102978600852707
physical_snr,22,raw,5.0,0.3,0.4,917,0.3443528331223075,0.34554358625475345,-0.3443528331223075,-0.3648968717554378
physical_snr,22,raw,5.0,0.4,0.5,389,0.4427780790163496,0.44368178801028674,-0.4427780790163496,-0.4454190739941033
physical_snr,22,raw,5.0,0.5,0.6,159,0.5434397387804476,0.544059020836654,-0.5434397387804476,-0.4231876760230644
physical_snr,22,raw,5.0,0.6,0.7,36,0.641658753156662,0.6423302534879828,-0.641658753156662,-0.491335505101023
physical_snr,22,raw,5.0,0.7,0.8,12,0.7398055593172709,0.7401217910056237,-0.7398055593172709,-0.6988105811873995
physical_snr,22,raw,5.0,0.8,0.9,1,0.8715823888778687,0.8715823888778687,-0.8715823888778687,
physical_snr,22,raw,10.0,0.0,0.1,3905,0.048399113807302545,0.05655818333783888,-0.009886048145701919,-0.6973540854457693
physical_snr,22,raw,10.0,0.1,0.2,2810,0.14016977288226642,0.1437795436855028,-0.14016977288226642,-0.5762217017616761
physical_snr,22,raw,10.0,0.2,0.3,1771,0.24465210957926992,0.24637150812204556,-0.24465210957926992,-0.5930498067040413
physical_snr,22,raw,10.0,0.3,0.4,917,0.34429462050923604,0.3454881915365589,-0.34429462050923604,-0.6801350937007885
physical_snr,22,raw,10.0,0.4,0.5,389,0.44277031585612453,0.4436743025739642,-0.44277031585612453,-0.7155458268320594
physical_snr,22,raw,10.0,0.5,0.6,159,0.5434388758251503,0.5440581778644467,-0.5434388758251503,-0.7055410200040305
physical_snr,22,raw,10.0,0.6,0.7,36,0.6416586322916878,0.6423301357550225,-0.6416586322916878,-0.7708351555804659
physical_snr,22,raw,10.0,0.7,0.8,12,0.7398055543502171,0.7401217862838635,-0.7398055543502171,-0.7601072722756695
physical_snr,22,raw,10.0,0.8,0.9,1,0.8715823888778687,0.8715823888778687,-0.8715823888778687,
physical_snr,22,mean_var,-10.0,0.0,0.1,3905,0.13853934267285384,0.14854581819914023,0.13853934267285384,0.4859362622272996
physical_snr,22,mean_var,-10.0,0.1,0.2,2810,0.09929135981880897,0.10603755093423463,0.09927038293981467,0.2422233270362467
physical_snr,22,mean_var,-10.0,0.2,0.3,1771,0.031188242368816586,0.038614422109533926,0.01849202423833441,0.15666747588807448
physical_snr,22,mean_var,-10.0,0.3,0.4,917,0.06921755640301346,0.07622186885350385,-0.06909326056877686,0.15902072678828985
physical_snr,22,mean_var,-10.0,0.4,0.5,389,0.16140823234782425,0.16433979009396202,-0.16140823234782425,0.1511930168671601
physical_snr,22,mean_var,-10.0,0.5,0.6,159,0.25383701845534945,0.2554830662318633,-0.25383701845534945,0.14560740171182787
physical_snr,22,mean_var,-10.0,0.6,0.7,36,0.3453926907645331,0.34715411935343765,-0.3453926907645331,-0.2048631911815501
physical_snr,22,mean_var,-10.0,0.7,0.8,12,0.4449306602279345,0.44532946383571764,-0.4449306602279345,0.5226653616183616
physical_snr,22,mean_var,-10.0,0.8,0.9,1,0.5558527708053589,0.5558527708053589,-0.5558527708053589,
physical_snr,22,mean_var,-5.0,0.0,0.1,3905,0.09473100450133162,0.11001315867986156,0.09471348234990112,0.4836995949444887
physical_snr,22,mean_var,-5.0,0.1,0.2,2810,0.06353346289423861,0.07341024539768541,0.06066822170733982,0.22929288516492324
physical_snr,22,mean_var,-5.0,0.2,0.3,1771,0.031980659284711485,0.03974410846989691,-0.020279290938128323,0.131513347728163
physical_snr,22,mean_var,-5.0,0.3,0.4,917,0.10978859297386823,0.11387017885056877,-0.10978859297386823,0.14420408137479176
physical_snr,22,mean_var,-5.0,0.4,0.5,389,0.20345660676380048,0.20548607081218614,-0.20345660676380048,0.13134512189185044
physical_snr,22,mean_var,-5.0,0.5,0.6,159,0.29914128874082985,0.30024622507926024,-0.29914128874082985,0.17719125563215615
physical_snr,22,mean_var,-5.0,0.6,0.7,36,0.3938981849286291,0.3950459578250447,-0.3938981849286291,-0.027490909568462618
physical_snr,22,mean_var,-5.0,0.7,0.8,12,0.48929551740487415,0.4896896552455325,-0.48929551740487415,0.44382321950023884
physical_snr,22,mean_var,-5.0,0.8,0.9,1,0.6112162470817566,0.6112162470817566,-0.6112162470817566,
physical_snr,22,mean_var,0.0,0.0,0.1,3905,0.05472712188973431,0.07468947572343432,0.052992219057902405,0.45328756919636465
physical_snr,22,mean_var,0.0,0.1,0.2,2810,0.04012326867952678,0.05169343429446228,0.02224290946969146,0.2592979406146481
physical_snr,22,mean_var,0.0,0.2,0.3,1771,0.05669928551612097,0.06696392129934224,-0.05042527484345207,0.13044055236472912
physical_snr,22,mean_var,0.0,0.3,0.4,917,0.13353492119710084,0.13930689577309713,-0.13314830987118062,0.10892679801625285
physical_snr,22,mean_var,0.0,0.4,0.5,389,0.22337524443481757,0.2262056482063026,-0.22337524443481757,0.10492272607297995
physical_snr,22,mean_var,0.0,0.5,0.6,159,0.319011002216699,0.320620983582883,-0.319011002216699,-0.022751512875141097
physical_snr,22,mean_var,0.0,0.6,0.7,36,0.4133364326424069,0.41447818723753926,-0.4133364326424069,0.13199758274537787
physical_snr,22,mean_var,0.0,0.7,0.8,12,0.5017721951007843,0.5021978687141037,-0.5017721951007843,0.32486544996450323
physical_snr,22,mean_var,0.0,0.8,0.9,1,0.6286434531211853,0.6286434531211853,-0.6286434531211853,
physical_snr,22,mean_var,5.0,0.0,0.1,3905,0.028937567676752613,0.04315221391006517,0.01818671943393277,0.45619775293385423
physical_snr,22,mean_var,5.0,0.1,0.2,2810,0.035477306998709345,0.0423714139137966,-0.01799836774949926,0.3770804692915912
physical_snr,22,mean_var,5.0,0.2,0.3,1771,0.07481386295437206,0.08214746921617187,-0.07259272602252674,0.3305284051961573
physical_snr,22,mean_var,5.0,0.3,0.4,917,0.12448925860510528,0.13600974901127133,-0.12287194331378688,0.29405202128764096
physical_snr,22,mean_var,5.0,0.4,0.5,389,0.1697459179132334,0.1840517666719184,-0.16887328798636064,0.2850155035409839
physical_snr,22,mean_var,5.0,0.5,0.6,159,0.22064161563069568,0.23518264715274464,-0.21964260579655007,0.034504198264845715
physical_snr,22,mean_var,5.0,0.6,0.7,36,0.29554712606800926,0.30449118146684434,-0.29554712606800926,0.28529151063067876
physical_snr,22,mean_var,5.0,0.7,0.8,12,0.3437847221891085,0.35330506142199747,-0.3437847221891085,0.039543042617880844
physical_snr,22,mean_var,5.0,0.8,0.9,1,0.5524002313613892,0.5524002313613892,-0.5524002313613892,
physical_snr,22,mean_var,10.0,0.0,0.1,3905,0.01945808638893688,0.024869967173483967,-0.005337941195343581,0.5469547763041626
physical_snr,22,mean_var,10.0,0.1,0.2,2810,0.050496890155923325,0.054430370942425664,-0.04967426949999299,0.662991428472686
physical_snr,22,mean_var,10.0,0.2,0.3,1771,0.07700945370484044,0.08026185472187336,-0.0769798272346656,0.7666112554795692
physical_snr,22,mean_var,10.0,0.3,0.4,917,0.0678107238647852,0.0788386249421937,-0.052926728353635565,0.670997117199462
physical_snr,22,mean_var,10.0,0.4,0.5,389,0.05990611166145011,0.07327594923602856,0.022721099746257908,0.5863521981476384
physical_snr,22,mean_var,10.0,0.5,0.6,159,0.08281482971689237,0.10090906400710174,0.07752619993011907,0.4010345268936165
physical_snr,22,mean_var,10.0,0.6,0.7,36,0.11008446249696943,0.12915771607979148,0.10778587559858957,0.6163228448632342
physical_snr,22,mean_var,10.0,0.7,0.8,12,0.16188948849836984,0.17625661879026677,0.16188948849836984,0.23060192068740235
physical_snr,22,mean_var,10.0,0.8,0.9,1,0.007867634296417236,0.007867634296417236,0.007867634296417236,
physical_snr,22,expanded_stats,-10.0,0.0,0.1,3905,0.14119210108523178,0.1530265913320765,0.14119210108523178,0.49267533026717913
physical_snr,22,expanded_stats,-10.0,0.1,0.2,2810,0.10755402989075702,0.11444788846865978,0.10754573654078504,0.24544526104416137
physical_snr,22,expanded_stats,-10.0,0.2,0.3,1771,0.03627194570222862,0.0449056337288244,0.028271112525819854,0.1543391024311604
physical_snr,22,expanded_stats,-10.0,0.3,0.4,917,0.06015926583252661,0.06770218843565917,-0.059226127883730176,0.13556895327567606
physical_snr,22,expanded_stats,-10.0,0.4,0.5,389,0.1516277379808818,0.1551842099889612,-0.1516277379808818,0.07763421694602281
physical_snr,22,expanded_stats,-10.0,0.5,0.6,159,0.24401149172453013,0.2458679169264949,-0.24401149172453013,0.14768621919739636
physical_snr,22,expanded_stats,-10.0,0.6,0.7,36,0.33660591724846095,0.33834290555977553,-0.33660591724846095,-0.08344561050116076
physical_snr,22,expanded_stats,-10.0,0.7,0.8,12,0.44000528256098426,0.44066987986970013,-0.44000528256098426,0.2858869910713608
physical_snr,22,expanded_stats,-10.0,0.8,0.9,1,0.5247402191162109,0.5247402191162109,-0.5247402191162109,
physical_snr,22,expanded_stats,-5.0,0.0,0.1,3905,0.09352739004849929,0.11108010124435556,0.09332654748908535,0.4752119736298885
physical_snr,22,expanded_stats,-5.0,0.1,0.2,2810,0.06743850664258852,0.07810593395910105,0.06539468009860067,0.25199035343168064
physical_snr,22,expanded_stats,-5.0,0.2,0.3,1771,0.031030721310368367,0.03848838144174179,-0.013144271310475637,0.1341386059228224
physical_snr,22,expanded_stats,-5.0,0.3,0.4,917,0.10118277032931733,0.10585860501110457,-0.1011383459540724,0.1626882366605933
physical_snr,22,expanded_stats,-5.0,0.4,0.5,389,0.19367992414453647,0.19603008486799914,-0.19367992414453647,0.11421944895801961
physical_snr,22,expanded_stats,-5.0,0.5,0.6,159,0.28883595005521234,0.29019160859856047,-0.28883595005521234,0.10704009550663013
physical_snr,22,expanded_stats,-5.0,0.6,0.7,36,0.38194531285100514,0.3832844944529056,-0.38194531285100514,-0.06769476762212019
physical_snr,22,expanded_stats,-5.0,0.7,0.8,12,0.4808212071657181,0.48127112821775186,-0.4808212071657181,0.31584043954170027
physical_snr,22,expanded_stats,-5.0,0.8,0.9,1,0.6004417538642883,0.6004417538642883,-0.6004417538642883,
physical_snr,22,expanded_stats,0.0,0.0,0.1,3905,0.05325064029754467,0.07388765221166292,0.05023049790001976,0.43137727105807866
physical_snr,22,expanded_stats,0.0,0.1,0.2,2810,0.04101280069170898,0.05254063708451232,0.021396445695085458,0.26911661846589
physical_snr,22,expanded_stats,0.0,0.2,0.3,1771,0.055252804035422896,0.064917646987572,-0.04885623022653099,0.14462088593227573
physical_snr,22,expanded_stats,0.0,0.3,0.4,917,0.13174058537576816,0.1369708077324955,-0.1308150774714991,0.1393409368709216
physical_snr,22,expanded_stats,0.0,0.4,0.5,389,0.22056013675152794,0.22364434147467868,-0.22053855159595262,0.124392829459206
physical_snr,22,expanded_stats,0.0,0.5,0.6,159,0.3132204224103652,0.3151094665202837,-0.3132204224103652,0.031545747893562834
physical_snr,22,expanded_stats,0.0,0.6,0.7,36,0.4039736199710104,0.40528723599658295,-0.4039736199710104,0.17147025961613338
physical_snr,22,expanded_stats,0.0,0.7,0.8,12,0.48661262790362037,0.48723008009084784,-0.48661262790362037,0.23626125990774363
physical_snr,22,expanded_stats,0.0,0.8,0.9,1,0.6260604858398438,0.6260604858398438,-0.6260604858398438,
physical_snr,22,expanded_stats,5.0,0.0,0.1,3905,0.028140998553012456,0.04230456627316075,0.01757168024730667,0.42253856729018113
physical_snr,22,expanded_stats,5.0,0.1,0.2,2810,0.03770844709273972,0.04512500891786809,-0.020426708007781534,0.3679792784744026
physical_snr,22,expanded_stats,5.0,0.2,0.3,1771,0.07484160098213048,0.08317067367377366,-0.07188983416823193,0.31958445188956264
physical_snr,22,expanded_stats,5.0,0.3,0.4,917,0.12371251507049819,0.13591421097675133,-0.12234191178885516,0.26790633416000975
physical_snr,22,expanded_stats,5.0,0.4,0.5,389,0.17060736335028717,0.1848494182444707,-0.17029301887306272,0.27723235683712877
physical_snr,22,expanded_stats,5.0,0.5,0.6,159,0.20768287796644297,0.2277728407795894,-0.20692875175356115,0.11827142146202085
physical_snr,22,expanded_stats,5.0,0.6,0.7,36,0.23658985561794704,0.25958990494306244,-0.23603779408666822,0.4240327929414078
physical_snr,22,expanded_stats,5.0,0.7,0.8,12,0.17604869852463403,0.1951643467740254,-0.16891944656769434,0.33749623362517667
physical_snr,22,expanded_stats,5.0,0.8,0.9,1,0.40911123156547546,0.40911123156547546,-0.40911123156547546,
physical_snr,22,expanded_stats,10.0,0.0,0.1,3905,0.017365105013707686,0.022599615526219443,0.0003354876360613924,0.5637343662648046
physical_snr,22,expanded_stats,10.0,0.1,0.2,2810,0.042987368371191825,0.04796287526541836,-0.041686494103583153,0.6634970347021208
physical_snr,22,expanded_stats,10.0,0.2,0.3,1771,0.06267870075365435,0.07031955046347506,-0.060637825011432944,0.6349387603109272
physical_snr,22,expanded_stats,10.0,0.3,0.4,917,0.05691824367548153,0.07028359729554817,-0.044851277230740116,0.6053122030773341
physical_snr,22,expanded_stats,10.0,0.4,0.5,389,0.04068787395954132,0.05247676908291181,-0.015970966388449876,0.6052865945053737
physical_snr,22,expanded_stats,10.0,0.5,0.6,159,0.03992016397932041,0.04899457380211338,0.01486773873275181,0.5550572211825171
physical_snr,22,expanded_stats,10.0,0.6,0.7,36,0.0577811234527164,0.07164183715012257,0.04955262939135233,0.7556958007349713
physical_snr,22,expanded_stats,10.0,0.7,0.8,12,0.14563324054082233,0.1600730917100067,0.14563324054082233,0.7729682266266926
physical_snr,22,expanded_stats,10.0,0.8,0.9,1,0.10139685869216919,0.10139685869216919,0.10139685869216919,
physical_snr,22,deepsets,-10.0,0.0,0.1,3905,0.14350375291317816,0.15236223215358446,0.14350375291317816,0.5161258610670845
physical_snr,22,deepsets,-10.0,0.1,0.2,2810,0.10169584579315051,0.1090112440206719,0.10167506583220595,0.19893304855330823
physical_snr,22,deepsets,-10.0,0.2,0.3,1771,0.03502936409665392,0.0440175026717922,0.021649453446125996,0.15045340426876808
physical_snr,22,deepsets,-10.0,0.3,0.4,917,0.0627319517838916,0.0713819208445094,-0.061930585924775676,0.16246871904024004
physical_snr,22,deepsets,-10.0,0.4,0.5,389,0.15199819088441852,0.15560583096799158,-0.15199819088441852,0.13414344021669652
physical_snr,22,deepsets,-10.0,0.5,0.6,159,0.2425107204314298,0.24439784551360402,-0.2425107204314298,0.16136888607017197
physical_snr,22,deepsets,-10.0,0.6,0.7,36,0.33132656332519317,0.333020092754581,-0.33132656332519317,-0.11379748084434976
physical_snr,22,deepsets,-10.0,0.7,0.8,12,0.4289659187197685,0.42947062309556905,-0.4289659187197685,0.40801445996720054
physical_snr,22,deepsets,-10.0,0.8,0.9,1,0.5319126844406128,0.5319126844406128,-0.5319126844406128,
physical_snr,22,deepsets,-5.0,0.0,0.1,3905,0.09849119472213652,0.11326158259962255,0.09843898350885674,0.5195009404326344
physical_snr,22,deepsets,-5.0,0.1,0.2,2810,0.06724201257860958,0.07572878569036838,0.06672781149581658,0.2310165821724321
physical_snr,22,deepsets,-5.0,0.2,0.3,1771,0.03102938999973536,0.03874857447281008,-0.0204918754262348,0.08638019934892129
physical_snr,22,deepsets,-5.0,0.3,0.4,917,0.11410094495363038,0.11848506056720058,-0.11410094495363038,0.09285127611805122
physical_snr,22,deepsets,-5.0,0.4,0.5,389,0.2084485167173003,0.21079449181473126,-0.2084485167173003,0.05599181174462322
physical_snr,22,deepsets,-5.0,0.5,0.6,159,0.3034064031247073,0.30463180534300344,-0.3034064031247073,0.1515534585586231
physical_snr,22,deepsets,-5.0,0.6,0.7,36,0.40054555237293243,0.401912328501518,-0.40054555237293243,-0.23175127852640612
physical_snr,22,deepsets,-5.0,0.7,0.8,12,0.49782711515823996,0.498282642757491,-0.49782711515823996,0.22806174011445327
physical_snr,22,deepsets,-5.0,0.8,0.9,1,0.6452648639678955,0.6452648639678955,-0.6452648639678955,
physical_snr,22,deepsets,0.0,0.0,0.1,3905,0.057517561678763915,0.07799034199168646,0.05491395823528725,0.46661296440034916
physical_snr,22,deepsets,0.0,0.1,0.2,2810,0.043387230065422555,0.05381242899259801,0.03216476227120361,0.3036571085660031
physical_snr,22,deepsets,0.0,0.2,0.3,1771,0.04357105054335699,0.05225444938376109,-0.03863363391191255,0.1966832592665285
physical_snr,22,deepsets,0.0,0.3,0.4,917,0.12647795685310012,0.1309297414281299,-0.12647795685310012,0.06650493341091172
physical_snr,22,deepsets,0.0,0.4,0.5,389,0.22323898837008635,0.22575716533784307,-0.22323898837008635,0.0299024127149697
physical_snr,22,deepsets,0.0,0.5,0.6,159,0.32425609024815594,0.32579390372889633,-0.32425609024815594,-0.03396852642900327
physical_snr,22,deepsets,0.0,0.6,0.7,36,0.4263047037853135,0.42747287819833707,-0.4263047037853135,0.10776320080872165
physical_snr,22,deepsets,0.0,0.7,0.8,12,0.5232042347391446,0.5239112687515569,-0.5232042347391446,-0.4836941551014276
physical_snr,22,deepsets,0.0,0.8,0.9,1,0.6334480047225952,0.6334480047225952,-0.6334480047225952,
physical_snr,22,deepsets,5.0,0.0,0.1,3905,0.030220051954301233,0.04357385749801994,0.01679776496493595,0.43392133063784205
physical_snr,22,deepsets,5.0,0.1,0.2,2810,0.03489175817375718,0.04144635276462277,-0.01748517940874838,0.3853026249731789
physical_snr,22,deepsets,5.0,0.2,0.3,1771,0.07706966585590636,0.08249877379255656,-0.07673306466158603,0.3807074026723516
physical_snr,22,deepsets,5.0,0.3,0.4,917,0.14224817591639097,0.14543369203213685,-0.14224817591639097,0.3933091239411084
physical_snr,22,deepsets,5.0,0.4,0.5,389,0.2144158312854546,0.216670262289227,-0.2144158312854546,0.3295352406124761
physical_snr,22,deepsets,5.0,0.5,0.6,159,0.29901810693291,0.30087134307665253,-0.29901810693291,0.08855395142090135
physical_snr,22,deepsets,5.0,0.6,0.7,36,0.39494365039798945,0.3965030243033861,-0.39494365039798945,0.03975865108115646
physical_snr,22,deepsets,5.0,0.7,0.8,12,0.49653528134028113,0.4975324108347325,-0.49653528134028113,-0.05796463299541625
physical_snr,22,deepsets,5.0,0.8,0.9,1,0.6286242008209229,0.6286242008209229,-0.6286242008209229,
physical_snr,22,deepsets,10.0,0.0,0.1,3905,0.02083434533308738,0.026451159044894156,-0.007263379977364927,0.4738588410021937
physical_snr,22,deepsets,10.0,0.1,0.2,2810,0.05730593288151607,0.062063478486725436,-0.05672391452478557,0.5749317101042652
physical_snr,22,deepsets,10.0,0.2,0.3,1771,0.10426312112441377,0.10589137742825236,-0.10426312112441377,0.7720011916746996
physical_snr,22,deepsets,10.0,0.3,0.4,917,0.14211712408741792,0.14406706631363886,-0.14211712408741792,0.7282504118350704
physical_snr,22,deepsets,10.0,0.4,0.5,389,0.16012291920522184,0.16356416071263932,-0.16012291920522184,0.5288584463808584
physical_snr,22,deepsets,10.0,0.5,0.6,159,0.2138534595006667,0.21637733055423355,-0.2138534595006667,0.047922157758806115
physical_snr,22,deepsets,10.0,0.6,0.7,36,0.31471147967709434,0.3163478175061161,-0.31471147967709434,0.022860494274442672
physical_snr,22,deepsets,10.0,0.7,0.8,12,0.43205108245213825,0.43336986740435846,-0.43205108245213825,-0.7424362580488397
physical_snr,22,deepsets,10.0,0.8,0.9,1,0.6042455434799194,0.6042455434799194,-0.6042455434799194,
physical_snr,33,moments,-10.0,0.0,0.1,3881,0.32613820522019393,0.5085727092594552,0.2834326256731967,0.22492325978668506
physical_snr,33,moments,-10.0,0.1,0.2,2878,0.5556134330400002,0.7345586634096318,0.4330266723208663,0.06025728777978132
physical_snr,33,moments,-10.0,0.2,0.3,1707,0.6842471752937732,0.8402591773956097,0.4801725005468012,0.06331270875400531
physical_snr,33,moments,-10.0,0.3,0.4,928,0.7756334919610928,0.9068960829921134,0.4830660652369261,-0.04934464116802051
physical_snr,33,moments,-10.0,0.4,0.5,398,0.8228615097065068,0.933452783157176,0.4320739190183093,-0.046708744317752994
physical_snr,33,moments,-10.0,0.5,0.6,147,0.8539597315042197,0.9405949415484508,0.46458690182692336,0.0037602447446219117
physical_snr,33,moments,-10.0,0.6,0.7,43,0.8194873734962108,0.9072388766867246,0.34104629865912506,-0.2287121030579742
physical_snr,33,moments,-10.0,0.7,0.8,14,0.9455511995724268,0.9955760718010563,0.4331205487251282,0.5632324007645082
physical_snr,33,moments,-10.0,0.8,0.9,4,0.8561148792505264,0.8577467020637812,-0.391024574637413,0.0017206373377721134
physical_snr,33,moments_clipped,-10.0,0.0,0.1,3881,0.2925983926872888,0.4199008524679814,0.2498928131402916,0.22814351887838805
physical_snr,33,moments_clipped,-10.0,0.1,0.2,2878,0.4525704177418792,0.547069032125107,0.32998365702274524,0.05048305518078242
physical_snr,33,moments_clipped,-10.0,0.2,0.3,1707,0.5006638414760606,0.5566188230880159,0.29658916672908847,0.04927481503433081
physical_snr,33,moments_clipped,-10.0,0.3,0.4,928,0.5101629121807115,0.5341849913764308,0.21759548545654478,-0.07140346466742138
physical_snr,33,moments_clipped,-10.0,0.4,0.5,398,0.4998167233550968,0.5054463246916804,0.10902913266689933,-0.059863184645507675
physical_snr,33,moments_clipped,-10.0,0.5,0.6,147,0.4786489857297365,0.48400964730268653,0.0892761560524402,-0.0050170121254882
physical_snr,33,moments_clipped,-10.0,0.6,0.7,43,0.4587012875911801,0.48243742028531056,-0.019739787245905676,-0.28358630732293894
physical_snr,33,moments_clipped,-10.0,0.7,0.8,14,0.42259114554950167,0.47672810493710377,-0.08983950529779706,0.49477488016433707
physical_snr,33,moments_clipped,-10.0,0.8,0.9,4,0.66568224132061,0.7256130297373837,-0.5814572125673294,0.0017206373377721134
physical_snr,33,known_sigma,-10.0,0.0,0.1,3881,0.12249232175123992,0.20020114188928134,0.07236124932604521,0.20096052216711252
physical_snr,33,known_sigma,-10.0,0.1,0.2,2878,0.22731906039312824,0.2995489223133168,0.08788204145610663,0.08378641573770533
physical_snr,33,known_sigma,-10.0,0.2,0.3,1707,0.2880006762418959,0.34479689392552815,0.04891166081362883,0.06051771465990551
physical_snr,33,known_sigma,-10.0,0.3,0.4,928,0.33620946510727034,0.38675252403983845,0.015881545616891878,-0.006317000131034354
physical_snr,33,known_sigma,-10.0,0.4,0.5,398,0.3775944076291281,0.42734668015923044,0.021414583352342923,0.10104350120303723
physical_snr,33,known_sigma,-10.0,0.5,0.6,147,0.4229671436102212,0.4758262530911156,-0.07248413643869413,-0.0031158081444079755
physical_snr,33,known_sigma,-10.0,0.6,0.7,43,0.4409317727698836,0.5110217101666413,-0.13815326260965924,0.12324786269493242
physical_snr,33,known_sigma,-10.0,0.7,0.8,14,0.3758988423006875,0.45632448607040854,0.11140514697347367,0.38981442593657417
physical_snr,33,known_sigma,-10.0,0.8,0.9,4,0.14281080663204193,0.20026412015477119,0.12961558997631073,-0.16646367042374988
physical_snr,33,prior_mean,-10.0,0.0,0.1,3881,0.1129876694319728,0.11598624122854037,0.1129876694319728,
physical_snr,33,prior_mean,-10.0,0.1,0.2,2878,0.029272576401824336,0.034931343079305004,0.019547413066391982,
physical_snr,33,prior_mean,-10.0,0.2,0.3,1707,0.07950556712082135,0.0843765978591766,-0.07950556712082135,
physical_snr,33,prior_mean,-10.0,0.3,0.4,928,0.17799801681319188,0.1802708454648116,-0.17799801681319188,
physical_snr,33,prior_mean,-10.0,0.4,0.5,398,0.27677915503631284,0.27817050758145717,-0.27677915503631284,
physical_snr,33,prior_mean,-10.0,0.5,0.6,147,0.37399309062633385,0.3748459222538145,-0.37399309062633385,
physical_snr,33,prior_mean,-10.0,0.6,0.7,43,0.46846048776493515,0.4690215871463835,-0.46846048776493515,
physical_snr,33,prior_mean,-10.0,0.7,0.8,14,0.5670333462102072,0.5675012124561686,-0.5670333462102072,
physical_snr,33,prior_mean,-10.0,0.8,0.9,4,0.6657939106225967,0.6665205737734446,-0.6657939106225967,
physical_snr,33,prior_median,-10.0,0.0,0.1,3881,0.08124760009446301,0.08536842058567275,0.08124760009446301,
physical_snr,33,prior_median,-10.0,0.1,0.2,2878,0.026281495196091124,0.031412708255506426,-0.01219265632295128,
physical_snr,33,prior_median,-10.0,0.2,0.3,1707,0.11124563651016461,0.1147774660185415,-0.11124563651016461,
physical_snr,33,prior_median,-10.0,0.3,0.4,928,0.20973808620253515,0.21167037709389264,-0.20973808620253515,
physical_snr,33,prior_median,-10.0,0.4,0.5,398,0.3085192244256561,0.3097680462309155,-0.3085192244256561,
physical_snr,33,prior_median,-10.0,0.5,0.6,147,0.4057331600156771,0.4065194100290694,-0.4057331600156771,
physical_snr,33,prior_median,-10.0,0.6,0.7,43,0.5002005571542785,0.5007260907819785,-0.5002005571542785,
physical_snr,33,prior_median,-10.0,0.7,0.8,14,0.5987734155995504,0.5992164998175773,-0.5987734155995504,
physical_snr,33,prior_median,-10.0,0.8,0.9,4,0.69753398001194,0.6982276112504067,-0.69753398001194,
physical_snr,33,moments,-5.0,0.0,0.1,3881,0.17963599450308224,0.2726874240476239,0.13714269406632965,0.2243847291994754
physical_snr,33,moments,-5.0,0.1,0.2,2878,0.3050825250664463,0.38145922351574507,0.183192430948159,0.06345068556118813
physical_snr,33,moments,-5.0,0.2,0.3,1707,0.3732334746208258,0.4269012165738779,0.17322702128843878,0.07263995143167928
physical_snr,33,moments,-5.0,0.3,0.4,928,0.4206444348754554,0.4582062093293355,0.13827864273354926,-0.03550275201023168
physical_snr,33,moments,-5.0,0.4,0.5,398,0.4538660639494508,0.4821667884081855,0.0880099178558618,-0.036311047178093116
physical_snr,33,moments,-5.0,0.5,0.6,147,0.4603483484310358,0.4929185973605545,0.04885530775907088,0.007585340272506949
physical_snr,33,moments,-5.0,0.6,0.7,43,0.44872729514920434,0.4989509372151501,-0.008854664342347966,-0.03288078723715567
physical_snr,33,moments,-5.0,0.7,0.8,14,0.4631306443895612,0.5149518065888417,0.051425346306392124,0.4518394736736053
physical_snr,33,moments,-5.0,0.8,0.9,4,0.6635705530643463,0.7251349376615533,-0.5835689008235931,0.001720637337772113
physical_snr,33,moments_clipped,-5.0,0.0,0.1,3881,0.17877514598165772,0.26947366238875137,0.1362818455449051,0.22512030204436537
physical_snr,33,moments_clipped,-5.0,0.1,0.2,2878,0.30149770386211566,0.3726339501107839,0.1796076097438284,0.06269301209501726
physical_snr,33,moments_clipped,-5.0,0.2,0.3,1707,0.366244621806209,0.41297238647123785,0.16623816847382195,0.07300597637354712
physical_snr,33,moments_clipped,-5.0,0.3,0.4,928,0.4066259088958132,0.4347207630346627,0.12426011675390704,-0.03998026186369125
physical_snr,33,moments_clipped,-5.0,0.4,0.5,398,0.4272593727063893,0.4442376737542781,0.06140322661280033,-0.036953059533797177
physical_snr,33,moments_clipped,-5.0,0.5,0.6,147,0.4203502558121065,0.4446908974723487,0.008857215140141598,0.0030576538006921285
physical_snr,33,moments_clipped,-5.0,0.6,0.7,43,0.4002172926137614,0.44554816629436733,-0.05736466687779094,-0.062197256609784174
physical_snr,33,moments_clipped,-5.0,0.7,0.8,14,0.3646220224244254,0.43186999652513697,-0.04708327565874372,0.397778804678259
physical_snr,33,moments_clipped,-5.0,0.8,0.9,4,0.6635705530643463,0.7251349376615533,-0.5835689008235931,0.001720637337772113
physical_snr,33,known_sigma,-5.0,0.0,0.1,3881,0.07133562619032321,0.1083060144752759,0.025646761819820216,0.24324730067507436
physical_snr,33,known_sigma,-5.0,0.1,0.2,2878,0.13472670469435657,0.16576465685165181,0.01301533722624835,0.12625813759967425
physical_snr,33,known_sigma,-5.0,0.2,0.3,1707,0.17174569855203528,0.20230784488807535,-0.022662986547854747,0.11985381066297854
physical_snr,33,known_sigma,-5.0,0.3,0.4,928,0.19243766717484284,0.23216364917891416,-0.043002227610298274,0.06250984304994094
physical_snr,33,known_sigma,-5.0,0.4,0.5,398,0.19810557421577635,0.24551659463731856,-0.02947208775797082,0.15824217271890328
physical_snr,33,known_sigma,-5.0,0.5,0.6,147,0.20656628612758351,0.25574622009214554,-0.05879639464170754,0.05660005779102519
physical_snr,33,known_sigma,-5.0,0.6,0.7,43,0.23142669783082118,0.2908983544579479,-0.09267106305721194,0.20735180319645263
physical_snr,33,known_sigma,-5.0,0.7,0.8,14,0.17897871349539074,0.25006231202844603,0.027206252728189738,0.35937490698665586
physical_snr,33,known_sigma,-5.0,0.8,0.9,4,0.06801758706569672,0.08476097530913448,0.020893707871437073,0.4099614710219577
physical_snr,33,prior_mean,-5.0,0.0,0.1,3881,0.1129876694319728,0.11598624122854037,0.1129876694319728,
physical_snr,33,prior_mean,-5.0,0.1,0.2,2878,0.029272576401824336,0.034931343079305004,0.019547413066391982,
physical_snr,33,prior_mean,-5.0,0.2,0.3,1707,0.07950556712082135,0.0843765978591766,-0.07950556712082135,
physical_snr,33,prior_mean,-5.0,0.3,0.4,928,0.17799801681319188,0.1802708454648116,-0.17799801681319188,
physical_snr,33,prior_mean,-5.0,0.4,0.5,398,0.27677915503631284,0.27817050758145717,-0.27677915503631284,
physical_snr,33,prior_mean,-5.0,0.5,0.6,147,0.37399309062633385,0.3748459222538145,-0.37399309062633385,
physical_snr,33,prior_mean,-5.0,0.6,0.7,43,0.46846048776493515,0.4690215871463835,-0.46846048776493515,
physical_snr,33,prior_mean,-5.0,0.7,0.8,14,0.5670333462102072,0.5675012124561686,-0.5670333462102072,
physical_snr,33,prior_mean,-5.0,0.8,0.9,4,0.6657939106225967,0.6665205737734446,-0.6657939106225967,
physical_snr,33,prior_median,-5.0,0.0,0.1,3881,0.08124760009446301,0.08536842058567275,0.08124760009446301,
physical_snr,33,prior_median,-5.0,0.1,0.2,2878,0.026281495196091124,0.031412708255506426,-0.01219265632295128,
physical_snr,33,prior_median,-5.0,0.2,0.3,1707,0.11124563651016461,0.1147774660185415,-0.11124563651016461,
physical_snr,33,prior_median,-5.0,0.3,0.4,928,0.20973808620253515,0.21167037709389264,-0.20973808620253515,
physical_snr,33,prior_median,-5.0,0.4,0.5,398,0.3085192244256561,0.3097680462309155,-0.3085192244256561,
physical_snr,33,prior_median,-5.0,0.5,0.6,147,0.4057331600156771,0.4065194100290694,-0.4057331600156771,
physical_snr,33,prior_median,-5.0,0.6,0.7,43,0.5002005571542785,0.5007260907819785,-0.5002005571542785,
physical_snr,33,prior_median,-5.0,0.7,0.8,14,0.5987734155995504,0.5992164998175773,-0.5987734155995504,
physical_snr,33,prior_median,-5.0,0.8,0.9,4,0.69753398001194,0.6982276112504067,-0.69753398001194,
physical_snr,33,moments,0.0,0.0,0.1,3881,0.09803829202219987,0.1429563546057005,0.05647442900167209,0.2323199252081821
physical_snr,33,moments,0.0,0.1,0.2,2878,0.16591148581187537,0.19590423024267697,0.0495847650415952,0.08529511502366452
physical_snr,33,moments,0.0,0.2,0.3,1707,0.20285179764992603,0.2251949106739206,0.016126686769336304,0.10588529261901046
physical_snr,33,moments,0.0,0.3,0.4,928,0.22100183592531186,0.2535910173502749,-0.020053116925831498,-0.011618113995971877
physical_snr,33,moments,0.0,0.4,0.5,398,0.23547666778217008,0.2832934790540222,-0.050927584419897455,-0.005204057056903913
physical_snr,33,moments,0.0,0.5,0.6,147,0.23332479636685377,0.29960161098088184,-0.07847133724867891,0.09235190949136285
physical_snr,33,moments,0.0,0.6,0.7,43,0.19569155088690823,0.28660345047883373,-0.0621526088825492,-0.047525993463898276
physical_snr,33,moments,0.0,0.7,0.8,14,0.14222642353602818,0.2299466644351432,0.0064095258712768555,0.1101938433947696
physical_snr,33,moments,0.0,0.8,0.9,4,0.1630765050649643,0.20639452255462276,-0.1630765050649643,-0.4545635996623156
physical_snr,33,moments_clipped,0.0,0.0,0.1,3881,0.09803829202219987,0.1429563546057005,0.05647442900167209,0.2323199252081821
physical_snr,33,moments_clipped,0.0,0.1,0.2,2878,0.16591148581187537,0.19590423024267697,0.0495847650415952,0.08529511502366452
physical_snr,33,moments_clipped,0.0,0.2,0.3,1707,0.20285179764992603,0.2251949106739206,0.016126686769336304,0.10588529261901046
physical_snr,33,moments_clipped,0.0,0.3,0.4,928,0.22100183592531186,0.2535910173502749,-0.020053116925831498,-0.011618113995971877
physical_snr,33,moments_clipped,0.0,0.4,0.5,398,0.23547666778217008,0.2832934790540222,-0.050927584419897455,-0.005204057056903913
physical_snr,33,moments_clipped,0.0,0.5,0.6,147,0.23332479636685377,0.29960161098088184,-0.07847133724867891,0.09235190949136285
physical_snr,33,moments_clipped,0.0,0.6,0.7,43,0.19569155088690823,0.28660345047883373,-0.0621526088825492,-0.047525993463898276
physical_snr,33,moments_clipped,0.0,0.7,0.8,14,0.14222642353602818,0.2299466644351432,0.0064095258712768555,0.1101938433947696
physical_snr,33,moments_clipped,0.0,0.8,0.9,4,0.1630765050649643,0.20639452255462276,-0.1630765050649643,-0.4545635996623156
physical_snr,33,known_sigma,0.0,0.0,0.1,3881,0.04098749077417611,0.059789944344004295,0.004788940762650439,0.3588063307360861
physical_snr,33,known_sigma,0.0,0.1,0.2,2878,0.07396330006285995,0.09551769698058783,-0.009470639646809244,0.2490806062061129
physical_snr,33,known_sigma,0.0,0.2,0.3,1707,0.08543431482157235,0.11498741928433617,-0.023444899434783548,0.25172299942390225
physical_snr,33,known_sigma,0.0,0.3,0.4,928,0.07967831966756232,0.1102718442164696,-0.019493552390486002,0.21207279366434723
physical_snr,33,known_sigma,0.0,0.4,0.5,398,0.0778853365748971,0.10532476197047409,-0.00812578796591591,0.294423006303144
physical_snr,33,known_sigma,0.0,0.5,0.6,147,0.07650210541121813,0.09473738884925656,-0.013731084307845757,0.1854816323587408
physical_snr,33,known_sigma,0.0,0.6,0.7,43,0.07773504770079324,0.09267133667182366,-0.01468636060869971,0.3431816655093826
physical_snr,33,known_sigma,0.0,0.7,0.8,14,0.07414403983524867,0.11044888313215712,0.010491141251155307,0.35862297662101633
physical_snr,33,known_sigma,0.0,0.8,0.9,4,0.039204418659210205,0.04847253769998827,-0.00661855936050415,0.7146223323860491
physical_snr,33,prior_mean,0.0,0.0,0.1,3881,0.1129876694319728,0.11598624122854037,0.1129876694319728,
physical_snr,33,prior_mean,0.0,0.1,0.2,2878,0.029272576401824336,0.034931343079305004,0.019547413066391982,
physical_snr,33,prior_mean,0.0,0.2,0.3,1707,0.07950556712082135,0.0843765978591766,-0.07950556712082135,
physical_snr,33,prior_mean,0.0,0.3,0.4,928,0.17799801681319188,0.1802708454648116,-0.17799801681319188,
physical_snr,33,prior_mean,0.0,0.4,0.5,398,0.27677915503631284,0.27817050758145717,-0.27677915503631284,
physical_snr,33,prior_mean,0.0,0.5,0.6,147,0.37399309062633385,0.3748459222538145,-0.37399309062633385,
physical_snr,33,prior_mean,0.0,0.6,0.7,43,0.46846048776493515,0.4690215871463835,-0.46846048776493515,
physical_snr,33,prior_mean,0.0,0.7,0.8,14,0.5670333462102072,0.5675012124561686,-0.5670333462102072,
physical_snr,33,prior_mean,0.0,0.8,0.9,4,0.6657939106225967,0.6665205737734446,-0.6657939106225967,
physical_snr,33,prior_median,0.0,0.0,0.1,3881,0.08124760009446301,0.08536842058567275,0.08124760009446301,
physical_snr,33,prior_median,0.0,0.1,0.2,2878,0.026281495196091124,0.031412708255506426,-0.01219265632295128,
physical_snr,33,prior_median,0.0,0.2,0.3,1707,0.11124563651016461,0.1147774660185415,-0.11124563651016461,
physical_snr,33,prior_median,0.0,0.3,0.4,928,0.20973808620253515,0.21167037709389264,-0.20973808620253515,
physical_snr,33,prior_median,0.0,0.4,0.5,398,0.3085192244256561,0.3097680462309155,-0.3085192244256561,
physical_snr,33,prior_median,0.0,0.5,0.6,147,0.4057331600156771,0.4065194100290694,-0.4057331600156771,
physical_snr,33,prior_median,0.0,0.6,0.7,43,0.5002005571542785,0.5007260907819785,-0.5002005571542785,
physical_snr,33,prior_median,0.0,0.7,0.8,14,0.5987734155995504,0.5992164998175773,-0.5987734155995504,
physical_snr,33,prior_median,0.0,0.8,0.9,4,0.69753398001194,0.6982276112504067,-0.69753398001194,
physical_snr,33,moments,5.0,0.0,0.1,3881,0.05206016736877847,0.07424725986960863,0.016248447826528487,0.2956924806909521
physical_snr,33,moments,5.0,0.1,0.2,2878,0.08494757478273603,0.10624175640443874,-0.004869025415476202,0.1800994131847401
physical_snr,33,moments,5.0,0.2,0.3,1707,0.09631074523290278,0.12994961655839274,-0.026866169695485456,0.21032985452908587
physical_snr,33,moments,5.0,0.3,0.4,928,0.08050703273379597,0.1264688248098909,-0.023987415632040335,0.21335630575850123
physical_snr,33,moments,5.0,0.4,0.5,398,0.07217590192604305,0.12269961402105511,-0.02224039960296909,0.1336519135131736
physical_snr,33,moments,5.0,0.5,0.6,147,0.05040595239522506,0.06680004188359162,-0.008422600168760131,0.34727065886705655
physical_snr,33,moments,5.0,0.6,0.7,43,0.038163709086041116,0.047770789275790995,0.0012570370075314543,0.5246263330438627
physical_snr,33,moments,5.0,0.7,0.8,14,0.0366772072655814,0.05183386800736094,0.009045141083853585,0.29659129698823605
physical_snr,33,moments,5.0,0.8,0.9,4,0.028149962425231934,0.03654673239404411,-0.028149962425231934,0.8706900797899431
physical_snr,33,moments_clipped,5.0,0.0,0.1,3881,0.05206016736877847,0.07424725986960863,0.016248447826528487,0.2956924806909521
physical_snr,33,moments_clipped,5.0,0.1,0.2,2878,0.08494757478273603,0.10624175640443874,-0.004869025415476202,0.1800994131847401
physical_snr,33,moments_clipped,5.0,0.2,0.3,1707,0.09631074523290278,0.12994961655839274,-0.026866169695485456,0.21032985452908587
physical_snr,33,moments_clipped,5.0,0.3,0.4,928,0.08050703273379597,0.1264688248098909,-0.023987415632040335,0.21335630575850123
physical_snr,33,moments_clipped,5.0,0.4,0.5,398,0.07217590192604305,0.12269961402105511,-0.02224039960296909,0.1336519135131736
physical_snr,33,moments_clipped,5.0,0.5,0.6,147,0.05040595239522506,0.06680004188359162,-0.008422600168760131,0.34727065886705655
physical_snr,33,moments_clipped,5.0,0.6,0.7,43,0.038163709086041116,0.047770789275790995,0.0012570370075314543,0.5246263330438627
physical_snr,33,moments_clipped,5.0,0.7,0.8,14,0.0366772072655814,0.05183386800736094,0.009045141083853585,0.29659129698823605
physical_snr,33,moments_clipped,5.0,0.8,0.9,4,0.028149962425231934,0.03654673239404411,-0.028149962425231934,0.8706900797899431
physical_snr,33,known_sigma,5.0,0.0,0.1,3881,0.021975469097928343,0.03378960673952818,-0.001398527956581743,0.5714631249357149
physical_snr,33,known_sigma,5.0,0.1,0.2,2878,0.03337970081797029,0.04951955342132752,-0.006220332008370349,0.5183858891334988
physical_snr,33,known_sigma,5.0,0.2,0.3,1707,0.03143224117521243,0.04429714474798612,-0.005261749893374518,0.5546924905863729
physical_snr,33,known_sigma,5.0,0.3,0.4,928,0.02955630959557562,0.03905029559648655,-0.004301640092684277,0.5575456723841592
physical_snr,33,known_sigma,5.0,0.4,0.5,398,0.03170114501037789,0.040016212692008814,-0.0006454676838975456,0.5806251193748282
physical_snr,33,known_sigma,5.0,0.5,0.6,147,0.03388661977385177,0.04137039467869975,-0.004982450989638867,0.47876099065033606
physical_snr,33,known_sigma,5.0,0.6,0.7,43,0.03341809677523236,0.04041773185082012,-0.0029572733612947687,0.559840041987845
physical_snr,33,known_sigma,5.0,0.7,0.8,14,0.031729361840656826,0.046254569017352226,0.005792426211493356,0.47131719615803397
physical_snr,33,known_sigma,5.0,0.8,0.9,4,0.02461986243724823,0.029596276834119032,-0.009582147002220154,0.8664446242724352
physical_snr,33,prior_mean,5.0,0.0,0.1,3881,0.1129876694319728,0.11598624122854037,0.1129876694319728,
physical_snr,33,prior_mean,5.0,0.1,0.2,2878,0.029272576401824336,0.034931343079305004,0.019547413066391982,
physical_snr,33,prior_mean,5.0,0.2,0.3,1707,0.07950556712082135,0.0843765978591766,-0.07950556712082135,
physical_snr,33,prior_mean,5.0,0.3,0.4,928,0.17799801681319188,0.1802708454648116,-0.17799801681319188,
physical_snr,33,prior_mean,5.0,0.4,0.5,398,0.27677915503631284,0.27817050758145717,-0.27677915503631284,
physical_snr,33,prior_mean,5.0,0.5,0.6,147,0.37399309062633385,0.3748459222538145,-0.37399309062633385,
physical_snr,33,prior_mean,5.0,0.6,0.7,43,0.46846048776493515,0.4690215871463835,-0.46846048776493515,
physical_snr,33,prior_mean,5.0,0.7,0.8,14,0.5670333462102072,0.5675012124561686,-0.5670333462102072,
physical_snr,33,prior_mean,5.0,0.8,0.9,4,0.6657939106225967,0.6665205737734446,-0.6657939106225967,
physical_snr,33,prior_median,5.0,0.0,0.1,3881,0.08124760009446301,0.08536842058567275,0.08124760009446301,
physical_snr,33,prior_median,5.0,0.1,0.2,2878,0.026281495196091124,0.031412708255506426,-0.01219265632295128,
physical_snr,33,prior_median,5.0,0.2,0.3,1707,0.11124563651016461,0.1147774660185415,-0.11124563651016461,
physical_snr,33,prior_median,5.0,0.3,0.4,928,0.20973808620253515,0.21167037709389264,-0.20973808620253515,
physical_snr,33,prior_median,5.0,0.4,0.5,398,0.3085192244256561,0.3097680462309155,-0.3085192244256561,
physical_snr,33,prior_median,5.0,0.5,0.6,147,0.4057331600156771,0.4065194100290694,-0.4057331600156771,
physical_snr,33,prior_median,5.0,0.6,0.7,43,0.5002005571542785,0.5007260907819785,-0.5002005571542785,
physical_snr,33,prior_median,5.0,0.7,0.8,14,0.5987734155995504,0.5992164998175773,-0.5987734155995504,
physical_snr,33,prior_median,5.0,0.8,0.9,4,0.69753398001194,0.6982276112504067,-0.69753398001194,
physical_snr,33,moments,10.0,0.0,0.1,3881,0.025482332159419387,0.039268372256695966,0.0014292426369152003,0.47874124231828263
physical_snr,33,moments,10.0,0.1,0.2,2878,0.034320578468371964,0.05626627508939302,-0.00959517260789457,0.4449747543877045
physical_snr,33,moments,10.0,0.2,0.3,1707,0.02635981742233719,0.04893031484000466,-0.006954419190379424,0.5523874042036826
physical_snr,33,moments,10.0,0.3,0.4,928,0.018627978395670652,0.02956442201132762,-0.0020952209798169546,0.7009875836273787
physical_snr,33,moments,10.0,0.4,0.5,398,0.016987192570863657,0.0217868103169513,5.439597757617433e-06,0.766069011067973
physical_snr,33,moments,10.0,0.5,0.6,147,0.017540126633481912,0.02215585584504754,-0.0019376060995114903,0.7363742646141018
physical_snr,33,moments,10.0,0.6,0.7,43,0.014300454494565032,0.01864254258689706,0.0013951284940852675,0.8113880400258452
physical_snr,33,moments,10.0,0.7,0.8,14,0.017706658158983504,0.0232661648753846,0.0033714515822274344,0.6219469683983254
physical_snr,33,moments,10.0,0.8,0.9,4,0.012942984700202942,0.017843422911938384,-0.010398581624031067,0.9582505279964509
physical_snr,33,moments_clipped,10.0,0.0,0.1,3881,0.025482332159419387,0.039268372256695966,0.0014292426369152003,0.47874124231828263
physical_snr,33,moments_clipped,10.0,0.1,0.2,2878,0.034320578468371964,0.05626627508939302,-0.00959517260789457,0.4449747543877045
physical_snr,33,moments_clipped,10.0,0.2,0.3,1707,0.02635981742233719,0.04893031484000466,-0.006954419190379424,0.5523874042036826
physical_snr,33,moments_clipped,10.0,0.3,0.4,928,0.018627978395670652,0.02956442201132762,-0.0020952209798169546,0.7009875836273787
physical_snr,33,moments_clipped,10.0,0.4,0.5,398,0.016987192570863657,0.0217868103169513,5.439597757617433e-06,0.766069011067973
physical_snr,33,moments_clipped,10.0,0.5,0.6,147,0.017540126633481912,0.02215585584504754,-0.0019376060995114903,0.7363742646141018
physical_snr,33,moments_clipped,10.0,0.6,0.7,43,0.014300454494565032,0.01864254258689706,0.0013951284940852675,0.8113880400258452
physical_snr,33,moments_clipped,10.0,0.7,0.8,14,0.017706658158983504,0.0232661648753846,0.0033714515822274344,0.6219469683983254
physical_snr,33,moments_clipped,10.0,0.8,0.9,4,0.012942984700202942,0.017843422911938384,-0.010398581624031067,0.9582505279964509
physical_snr,33,known_sigma,10.0,0.0,0.1,3881,0.010366789771577367,0.017815422890124714,-0.0013225717343075868,0.8191130342737319
physical_snr,33,known_sigma,10.0,0.1,0.2,2878,0.013086636609619819,0.019953353483316685,-0.001216174516881233,0.8312396023789009
physical_snr,33,known_sigma,10.0,0.2,0.3,1707,0.013079220997567895,0.017481668439758624,-0.0010031554509689741,0.8521866321069218
physical_snr,33,known_sigma,10.0,0.3,0.4,928,0.013824112713336945,0.01776982852629115,-0.0017059624580473736,0.8412805517724647
physical_snr,33,known_sigma,10.0,0.4,0.5,398,0.015497576201980438,0.019191478364964112,-0.000140493389350086,0.8235186189931983
physical_snr,33,known_sigma,10.0,0.5,0.6,147,0.0170758238860539,0.021063371930740794,-0.0024259518198415536,0.7533315149936519
physical_snr,33,known_sigma,10.0,0.6,0.7,43,0.016506477843883427,0.020033419433410568,-0.00037833701732546785,0.7797770718752751
physical_snr,33,known_sigma,10.0,0.7,0.8,14,0.016322689396994453,0.023004010885122245,0.0026534114565168105,0.6842527156898497
physical_snr,33,known_sigma,10.0,0.8,0.9,4,0.01458035409450531,0.01766737474413642,-0.007217004895210266,0.9426852350329582
physical_snr,33,prior_mean,10.0,0.0,0.1,3881,0.1129876694319728,0.11598624122854037,0.1129876694319728,
physical_snr,33,prior_mean,10.0,0.1,0.2,2878,0.029272576401824336,0.034931343079305004,0.019547413066391982,
physical_snr,33,prior_mean,10.0,0.2,0.3,1707,0.07950556712082135,0.0843765978591766,-0.07950556712082135,
physical_snr,33,prior_mean,10.0,0.3,0.4,928,0.17799801681319188,0.1802708454648116,-0.17799801681319188,
physical_snr,33,prior_mean,10.0,0.4,0.5,398,0.27677915503631284,0.27817050758145717,-0.27677915503631284,
physical_snr,33,prior_mean,10.0,0.5,0.6,147,0.37399309062633385,0.3748459222538145,-0.37399309062633385,
physical_snr,33,prior_mean,10.0,0.6,0.7,43,0.46846048776493515,0.4690215871463835,-0.46846048776493515,
physical_snr,33,prior_mean,10.0,0.7,0.8,14,0.5670333462102072,0.5675012124561686,-0.5670333462102072,
physical_snr,33,prior_mean,10.0,0.8,0.9,4,0.6657939106225967,0.6665205737734446,-0.6657939106225967,
physical_snr,33,prior_median,10.0,0.0,0.1,3881,0.08124760009446301,0.08536842058567275,0.08124760009446301,
physical_snr,33,prior_median,10.0,0.1,0.2,2878,0.026281495196091124,0.031412708255506426,-0.01219265632295128,
physical_snr,33,prior_median,10.0,0.2,0.3,1707,0.11124563651016461,0.1147774660185415,-0.11124563651016461,
physical_snr,33,prior_median,10.0,0.3,0.4,928,0.20973808620253515,0.21167037709389264,-0.20973808620253515,
physical_snr,33,prior_median,10.0,0.4,0.5,398,0.3085192244256561,0.3097680462309155,-0.3085192244256561,
physical_snr,33,prior_median,10.0,0.5,0.6,147,0.4057331600156771,0.4065194100290694,-0.4057331600156771,
physical_snr,33,prior_median,10.0,0.6,0.7,43,0.5002005571542785,0.5007260907819785,-0.5002005571542785,
physical_snr,33,prior_median,10.0,0.7,0.8,14,0.5987734155995504,0.5992164998175773,-0.5987734155995504,
physical_snr,33,prior_median,10.0,0.8,0.9,4,0.69753398001194,0.6982276112504067,-0.69753398001194,
physical_snr,33,mean_var,-10.0,0.0,0.1,3881,0.14017728177402952,0.14999075936109874,0.14017728177402952,0.4742607223202639
physical_snr,33,mean_var,-10.0,0.1,0.2,2878,0.09697657881034091,0.10525155692597483,0.09685487054221079,0.22381154685460858
physical_snr,33,mean_var,-10.0,0.2,0.3,1707,0.03428670692387979,0.043025130963534934,0.018637290825673412,0.13915126437399475
physical_snr,33,mean_var,-10.0,0.3,0.4,928,0.06751824510765486,0.07678089640003277,-0.06584287833037047,0.08610149243606413
physical_snr,33,mean_var,-10.0,0.4,0.5,398,0.15165770244808052,0.15565318535069933,-0.15165770244808052,0.1484546579495217
physical_snr,33,mean_var,-10.0,0.5,0.6,147,0.2386768594080088,0.24109868225599465,-0.2386768594080088,0.06680984334261103
physical_snr,33,mean_var,-10.0,0.6,0.7,43,0.3292870999768723,0.33075558129354377,-0.3292870999768723,0.09959512923980299
physical_snr,33,mean_var,-10.0,0.7,0.8,14,0.4113557743174689,0.41212697317969355,-0.4113557743174689,0.3678149766164771
physical_snr,33,mean_var,-10.0,0.8,0.9,4,0.5028246566653252,0.5040423901993931,-0.5028246566653252,-0.29536508789190763
physical_snr,33,mean_var,-5.0,0.0,0.1,3881,0.09748338775061834,0.11203326911191244,0.09745930551789572,0.49246369035710114
physical_snr,33,mean_var,-5.0,0.1,0.2,2878,0.06289444019069185,0.07323941067480873,0.06088077964790585,0.21152795352484774
physical_snr,33,mean_var,-5.0,0.2,0.3,1707,0.03287752688489745,0.041328758514541715,-0.02356005164532195,0.09753205863131521
physical_snr,33,mean_var,-5.0,0.3,0.4,928,0.11656948554747064,0.12064029281878275,-0.11656948554747064,0.049608065142965375
physical_snr,33,mean_var,-5.0,0.4,0.5,398,0.21059008710198665,0.21244947834040648,-0.21059008710198665,0.17728370372979185
physical_snr,33,mean_var,-5.0,0.5,0.6,147,0.3042118746001704,0.30533505141186223,-0.3042118746001704,0.011659233724371195
physical_snr,33,mean_var,-5.0,0.6,0.7,43,0.39803958562917485,0.3988548712714599,-0.39803958562917485,0.021958620349576404
physical_snr,33,mean_var,-5.0,0.7,0.8,14,0.49349303969315117,0.4939966633947329,-0.49349303969315117,0.25332991021968826
physical_snr,33,mean_var,-5.0,0.8,0.9,4,0.5895739644765854,0.5902052356537488,-0.5895739644765854,0.9334756845544365
physical_snr,33,mean_var,0.0,0.0,0.1,3881,0.05727015969580334,0.07685810292872683,0.05559541523951871,0.4693767355705837
physical_snr,33,mean_var,0.0,0.1,0.2,2878,0.04183391549464644,0.055266488258340705,0.027102505201842736,0.2561416646917606
physical_snr,33,mean_var,0.0,0.2,0.3,1707,0.05450817849650744,0.06453158754870024,-0.04616133434404458,0.12450470338464355
physical_snr,33,mean_var,0.0,0.3,0.4,928,0.13284262097922378,0.13941817117135724,-0.13265292380197807,0.04927036564456077
physical_snr,33,mean_var,0.0,0.4,0.5,398,0.22279987648953145,0.22621433775021918,-0.22279987648953145,0.02761380719189219
physical_snr,33,mean_var,0.0,0.5,0.6,147,0.31187148746990023,0.31351759443007327,-0.31187148746990023,0.03954337946709887
physical_snr,33,mean_var,0.0,0.6,0.7,43,0.40660148581793143,0.40764305465350226,-0.40660148581793143,0.05170088536966306
physical_snr,33,mean_var,0.0,0.7,0.8,14,0.4997061959334782,0.5004320954632185,-0.4997061959334782,-0.1732819086111933
physical_snr,33,mean_var,0.0,0.8,0.9,4,0.5988512188196182,0.5998997645467998,-0.5988512188196182,-0.8485274380086062
physical_snr,33,mean_var,5.0,0.0,0.1,3881,0.02994436055519737,0.0442136036154164,0.019586784841914638,0.4583995394716477
physical_snr,33,mean_var,5.0,0.1,0.2,2878,0.03628089980761404,0.043115163573200735,-0.01583961083387401,0.3663825674121633
physical_snr,33,mean_var,5.0,0.2,0.3,1707,0.0704235822206781,0.07828019306865285,-0.06750198639165468,0.3405107932214368
physical_snr,33,mean_var,5.0,0.3,0.4,928,0.12017002985973296,0.12988291508231414,-0.11898908264742329,0.2972874693503683
physical_snr,33,mean_var,5.0,0.4,0.5,398,0.16513916524361127,0.18072467778053097,-0.16422876839212436,0.11888638044798308
physical_snr,33,mean_var,5.0,0.5,0.6,147,0.21421969139657052,0.23297003626747545,-0.21391818190918488,0.09094524807926146
physical_snr,33,mean_var,5.0,0.6,0.7,43,0.2587263861367869,0.2729222525099694,-0.2587263861367869,0.10994892381797389
physical_snr,33,mean_var,5.0,0.7,0.8,14,0.32607974324907574,0.3361059858420353,-0.32607974324907574,-0.275558141107566
physical_snr,33,mean_var,5.0,0.8,0.9,4,0.44365567713975906,0.4457700997923112,-0.44365567713975906,-0.44832171945132365
physical_snr,33,mean_var,10.0,0.0,0.1,3881,0.019559283065543644,0.024923150187130448,-0.004677714566639928,0.5341087176664359
physical_snr,33,mean_var,10.0,0.1,0.2,2878,0.051420964690247616,0.055626214906954005,-0.05071813984540413,0.6434745293491612
physical_snr,33,mean_var,10.0,0.2,0.3,1707,0.08261617848799113,0.08488994538330412,-0.08261491648970673,0.7942870835825929
physical_snr,33,mean_var,10.0,0.3,0.4,928,0.07218320068806923,0.08169730739555252,-0.06776874305295019,0.7263239011186415
physical_snr,33,mean_var,10.0,0.4,0.5,398,0.05564981055020088,0.06658255486486518,0.010737691842131879,0.5700175251020818
physical_snr,33,mean_var,10.0,0.5,0.6,147,0.04872902396584854,0.058323938572157584,0.04109230171255514,0.43769162775330694
physical_snr,33,mean_var,10.0,0.6,0.7,43,0.02468010436656863,0.03176422915782778,0.007792908091877782,0.29105264742791587
physical_snr,33,mean_var,10.0,0.7,0.8,14,0.06125444173812866,0.07029437642272394,-0.06125444173812866,-0.15162034895451557
physical_snr,33,mean_var,10.0,0.8,0.9,4,0.15459758043289185,0.15786274849073215,-0.15459758043289185,0.02089057195574092
physical_snr,33,expanded_stats,-10.0,0.0,0.1,3881,0.14203578102023479,0.15316527431870797,0.14203578102023479,0.485987265387547
physical_snr,33,expanded_stats,-10.0,0.1,0.2,2878,0.10362989774402269,0.11062421895466262,0.10362775339547589,0.23351127292095067
physical_snr,33,expanded_stats,-10.0,0.2,0.3,1707,0.035067302009552354,0.043761589268048004,0.023595323060504443,0.12716396450544887
physical_snr,33,expanded_stats,-10.0,0.3,0.4,928,0.06446105818232072,0.0731471230520323,-0.0627314708324085,0.07849707260102645
physical_snr,33,expanded_stats,-10.0,0.4,0.5,398,0.150725504823366,0.15505003448874982,-0.150725504823366,0.10638210167460561
physical_snr,33,expanded_stats,-10.0,0.5,0.6,147,0.23745836064118106,0.2399926554522192,-0.23745836064118106,0.037506359400405434
physical_snr,33,expanded_stats,-10.0,0.6,0.7,43,0.3260454175084136,0.3279200134289064,-0.3260454175084136,0.042676764496900665
physical_snr,33,expanded_stats,-10.0,0.7,0.8,14,0.4136865351881299,0.4148762145191549,-0.4136865351881299,0.258040949530674
physical_snr,33,expanded_stats,-10.0,0.8,0.9,4,0.5105738490819931,0.5116789379412799,-0.5105738490819931,0.12729212954237212
physical_snr,33,expanded_stats,-5.0,0.0,0.1,3881,0.09584915348422478,0.11332472294757451,0.09565316966291602,0.4808392036889213
physical_snr,33,expanded_stats,-5.0,0.1,0.2,2878,0.06812765134227947,0.07903783047839423,0.06646077262653172,0.22795081366594414
physical_snr,33,expanded_stats,-5.0,0.2,0.3,1707,0.029029817043792174,0.03757375403926713,-0.014419818935369146,0.09816216864512864
physical_snr,33,expanded_stats,-5.0,0.3,0.4,928,0.10700044684625905,0.11135869909760988,-0.10697940698471563,0.0470064971002662
physical_snr,33,expanded_stats,-5.0,0.4,0.5,398,0.20070428292655465,0.2028739174737589,-0.20070428292655465,0.0852708153719758
physical_snr,33,expanded_stats,-5.0,0.5,0.6,147,0.2929675392553109,0.294194105394059,-0.2929675392553109,-0.02332689719332516
physical_snr,33,expanded_stats,-5.0,0.6,0.7,43,0.3878351775712745,0.38856622457131995,-0.3878351775712745,0.10799606075189441
physical_snr,33,expanded_stats,-5.0,0.7,0.8,14,0.4836676844528743,0.48429130747723254,-0.4836676844528743,-0.11562122118031007
physical_snr,33,expanded_stats,-5.0,0.8,0.9,4,0.5765249729156494,0.5774169335796595,-0.5765249729156494,-0.5555704607668515
physical_snr,33,expanded_stats,0.0,0.0,0.1,3881,0.05491710839280991,0.07611566110416255,0.05142665854027686,0.4406867314095726
physical_snr,33,expanded_stats,0.0,0.1,0.2,2878,0.04416677135717877,0.05678263201852186,0.025346038478625325,0.26256705626137933
physical_snr,33,expanded_stats,0.0,0.2,0.3,1707,0.052101550810366395,0.06178248911043996,-0.042692341316353875,0.14429264350394885
physical_snr,33,expanded_stats,0.0,0.3,0.4,928,0.12818590513077274,0.13428194082357728,-0.12705534259820805,0.024788601818228617
physical_snr,33,expanded_stats,0.0,0.4,0.5,398,0.21604523309810678,0.21982725376898402,-0.21604523309810678,0.027371114384642986
physical_snr,33,expanded_stats,0.0,0.5,0.6,147,0.3056758658415606,0.3081339526342427,-0.3056758658415606,-3.689316484017468e-05
physical_snr,33,expanded_stats,0.0,0.6,0.7,43,0.3954112661439319,0.397212931407527,-0.3954112661439319,0.12516820825110858
physical_snr,33,expanded_stats,0.0,0.7,0.8,14,0.49454272857734133,0.4952392365172091,-0.49454272857734133,-0.17903795339155085
physical_snr,33,expanded_stats,0.0,0.8,0.9,4,0.5860931128263474,0.5869938605719153,-0.5860931128263474,-0.5324362892269635
physical_snr,33,expanded_stats,5.0,0.0,0.1,3881,0.02861437183766175,0.04265292074305172,0.016382719179400845,0.4300512319471292
physical_snr,33,expanded_stats,5.0,0.1,0.2,2878,0.03811933674679356,0.045853516928316476,-0.01868098698002419,0.37342362376616633
physical_snr,33,expanded_stats,5.0,0.2,0.3,1707,0.07138428549862215,0.08090465074615132,-0.0670531665198134,0.3051155080300167
physical_snr,33,expanded_stats,5.0,0.3,0.4,928,0.11804357961077115,0.1300467724063135,-0.11586851800053284,0.2542072122965232
physical_snr,33,expanded_stats,5.0,0.4,0.5,398,0.15965519991502092,0.17741628024175984,-0.15858807714290954,0.11483834415715036
physical_snr,33,expanded_stats,5.0,0.5,0.6,147,0.19564659700912682,0.22124078234793593,-0.1935706637343582,0.1554469326719539
physical_snr,33,expanded_stats,5.0,0.6,0.7,43,0.21069992697516152,0.23506526767915542,-0.21069992697516152,0.15902049403478144
physical_snr,33,expanded_stats,5.0,0.7,0.8,14,0.23036190015929084,0.252834480944556,-0.23036190015929084,-0.0182857574397152
physical_snr,33,expanded_stats,5.0,0.8,0.9,4,0.2900714948773384,0.2969488069038122,-0.2900714948773384,-0.8120542776195461
physical_snr,33,expanded_stats,10.0,0.0,0.1,3881,0.01764684495739533,0.022950025788829403,-0.0013265091660932854,0.5717360366206259
physical_snr,33,expanded_stats,10.0,0.1,0.2,2878,0.04061476464814987,0.04645042315030881,-0.03830953868128013,0.6400823912280438
physical_snr,33,expanded_stats,10.0,0.2,0.3,1707,0.057407481184498774,0.06666130976548816,-0.05517319950379331,0.6089486376733086
physical_snr,33,expanded_stats,10.0,0.3,0.4,928,0.05236258890865178,0.06571757884416343,-0.039526231779620564,0.6018012980505772
physical_snr,33,expanded_stats,10.0,0.4,0.5,398,0.047029697715337555,0.0587356958354722,0.0022504683115973545,0.49063670522704694
physical_snr,33,expanded_stats,10.0,0.5,0.6,147,0.04849948080218568,0.059003570197070615,0.031799216254227824,0.44498395227786913
physical_snr,33,expanded_stats,10.0,0.6,0.7,43,0.03925829432731451,0.047508707297879635,0.028190135955810547,0.5429131673929246
physical_snr,33,expanded_stats,10.0,0.7,0.8,14,0.03776793820517404,0.05321508628331026,0.020342205251966203,0.15965767722632573
physical_snr,33,expanded_stats,10.0,0.8,0.9,4,0.05884873867034912,0.0662976923714111,-0.027036845684051514,-0.39317076011040847
physical_snr,33,deepsets,-10.0,0.0,0.1,3881,0.15285945653433547,0.16382267587110194,0.15285945653433547,0.482609675442941
physical_snr,33,deepsets,-10.0,0.1,0.2,2878,0.11307742694668507,0.12175827173339493,0.11304823652458655,0.19654749581501385
physical_snr,33,deepsets,-10.0,0.2,0.3,1707,0.0459432854733414,0.05654894493603682,0.036166401655267535,0.12524913907456792
physical_snr,33,deepsets,-10.0,0.3,0.4,928,0.05145250286521583,0.062023352746030214,-0.045838760147834647,0.11268090985651061
physical_snr,33,deepsets,-10.0,0.4,0.5,398,0.129790362663305,0.13452577282613937,-0.129790362663305,0.23030143657853103
physical_snr,33,deepsets,-10.0,0.5,0.6,147,0.21719139368355678,0.22028142828251324,-0.21719139368355678,0.05759834525226628
physical_snr,33,deepsets,-10.0,0.6,0.7,43,0.3015058054480442,0.3031478670800686,-0.3015058054480442,0.16789069978810212
physical_snr,33,deepsets,-10.0,0.7,0.8,14,0.3883296762193952,0.3894606282387636,-0.3883296762193952,0.21116875737568183
physical_snr,33,deepsets,-10.0,0.8,0.9,4,0.4800647795200348,0.48090755989277045,-0.4800647795200348,0.43477069130128965
physical_snr,33,deepsets,-5.0,0.0,0.1,3881,0.10358047950436923,0.12049248630521875,0.10351566458564887,0.5042422649410326
physical_snr,33,deepsets,-5.0,0.1,0.2,2878,0.07725146003559366,0.08691372133164034,0.07656774080932513,0.23036740626290245
physical_snr,33,deepsets,-5.0,0.2,0.3,1707,0.03108782134841043,0.0383886275358539,-0.011391002966356194,0.06562291728999806
physical_snr,33,deepsets,-5.0,0.3,0.4,928,0.10605586402053976,0.11214903271259684,-0.10605586402053976,0.015535291607586519
physical_snr,33,deepsets,-5.0,0.4,0.5,398,0.2006618476767636,0.20332725542977748,-0.2006618476767636,0.1674883047226583
physical_snr,33,deepsets,-5.0,0.5,0.6,147,0.29258645797262384,0.29450710434616734,-0.29258645797262384,-0.048333818062421645
physical_snr,33,deepsets,-5.0,0.6,0.7,43,0.38665387796801187,0.3876636773879133,-0.38665387796801187,0.22348155196357022
physical_snr,33,deepsets,-5.0,0.7,0.8,14,0.476675774369921,0.4775144139431168,-0.476675774369921,0.0836682928531549
physical_snr,33,deepsets,-5.0,0.8,0.9,4,0.5633166134357452,0.5637900794923234,-0.5633166134357452,0.6763577689023682
physical_snr,33,deepsets,0.0,0.0,0.1,3881,0.060233139726449704,0.08317966071369151,0.05696186235165418,0.46569674072891615
physical_snr,33,deepsets,0.0,0.1,0.2,2878,0.05017144733404351,0.06471920685958304,0.03982003259163834,0.2962853476878128
physical_snr,33,deepsets,0.0,0.2,0.3,1707,0.042241805209600934,0.051929118890858945,-0.027582413758635172,0.14588106248617252
physical_snr,33,deepsets,0.0,0.3,0.4,928,0.11706070759301555,0.12440257265235173,-0.11690933273398671,0.0307089802302916
physical_snr,33,deepsets,0.0,0.4,0.5,398,0.21240586779974213,0.21621813643464885,-0.21240586779974213,0.009812982596467
physical_snr,33,deepsets,0.0,0.5,0.6,147,0.3010902860943152,0.30345816954499566,-0.3010902860943152,-0.05794306523111618
physical_snr,33,deepsets,0.0,0.6,0.7,43,0.4103850445082021,0.4116514974765772,-0.4103850445082021,0.04608520925801517
physical_snr,33,deepsets,0.0,0.7,0.8,14,0.5020373868090765,0.5036018144225287,-0.5020373868090765,-0.5508586328733219
physical_snr,33,deepsets,0.0,0.8,0.9,4,0.5904147028923035,0.5913664843554207,-0.5904147028923035,0.04477594017261734
physical_snr,33,deepsets,5.0,0.0,0.1,3881,0.0313589618052002,0.045789688769400136,0.015705163254172448,0.43796687258603145
physical_snr,33,deepsets,5.0,0.1,0.2,2878,0.03708110414730169,0.04414758808894468,-0.015491909988850998,0.3792231293280008
physical_snr,33,deepsets,5.0,0.2,0.3,1707,0.06903373134034939,0.07649028487386661,-0.06682599998473703,0.35863389045091654
physical_snr,33,deepsets,5.0,0.3,0.4,928,0.12098991795410884,0.12687674198840873,-0.12089954324644701,0.35311743009781876
physical_snr,33,deepsets,5.0,0.4,0.5,398,0.18154352416644742,0.18757338899298803,-0.18154352416644742,0.15090344815449833
physical_snr,33,deepsets,5.0,0.5,0.6,147,0.25816612199050226,0.26342936441637504,-0.25816612199050226,0.011651939679801009
physical_snr,33,deepsets,5.0,0.6,0.7,43,0.3418044836022133,0.3444393496226275,-0.3418044836022133,0.02228542709576641
physical_snr,33,deepsets,5.0,0.7,0.8,14,0.44091888623578207,0.44307692668847604,-0.44091888623578207,-0.3949450774670246
physical_snr,33,deepsets,5.0,0.8,0.9,4,0.5495629906654358,0.5499519640843649,-0.5495629906654358,0.8547338378629051
physical_snr,33,deepsets,10.0,0.0,0.1,3881,0.02246464293808152,0.02824025829594774,-0.010245805815019672,0.4763325418647082
physical_snr,33,deepsets,10.0,0.1,0.2,2878,0.0568868309360378,0.06158530427269616,-0.056247996218124555,0.601812003123374
physical_snr,33,deepsets,10.0,0.2,0.3,1707,0.09461541759754806,0.09621298615998641,-0.09461541759754806,0.7897458576214901
physical_snr,33,deepsets,10.0,0.3,0.4,928,0.10245327444361715,0.10909531790170891,-0.10162232711846972,0.731254641352552
physical_snr,33,deepsets,10.0,0.4,0.5,398,0.07335874876335038,0.08774823980023334,-0.0664316574907183,0.4475518942432655
physical_snr,33,deepsets,10.0,0.5,0.6,147,0.09123984769899017,0.10249761418098932,-0.08881719623293195,0.2014446245482489
physical_snr,33,deepsets,10.0,0.6,0.7,43,0.17128115476563918,0.1791291325748201,-0.17128115476563918,-0.37287839263019623
physical_snr,33,deepsets,10.0,0.7,0.8,14,0.3247241697141102,0.32741984356245846,-0.3247241697141102,-0.47558752100639706
physical_snr,33,deepsets,10.0,0.8,0.9,4,0.46534042060375214,0.46848413138611394,-0.46534042060375214,-0.8121480121443401
physical_snr,33,raw,-10.0,0.0,0.1,3881,0.15334665803759484,0.1615667413317566,0.15334665803759484,0.5163507627601169
physical_snr,33,raw,-10.0,0.1,0.2,2878,0.10826200572223693,0.1146755240315562,0.10826200572223693,0.21107429781361495
physical_snr,33,raw,-10.0,0.2,0.3,1707,0.03796213990111203,0.046572522531451284,0.028547814149708518,0.14069460150551605
physical_snr,33,raw,-10.0,0.3,0.4,928,0.05824466006316501,0.06738108420654886,-0.05705740490671376,0.09850151761832412
physical_snr,33,raw,-10.0,0.4,0.5,398,0.14486288784736365,0.14836563414418316,-0.14486288784736365,0.16670480507969782
physical_snr,33,raw,-10.0,0.5,0.6,147,0.2340354882940954,0.23627816512125868,-0.2340354882940954,0.019132128370025585
physical_snr,33,raw,-10.0,0.6,0.7,43,0.32840480638104813,0.3296602013101251,-0.32840480638104813,0.1014531504671574
physical_snr,33,raw,-10.0,0.7,0.8,14,0.41907301758016857,0.4197133613957332,-0.41907301758016857,0.41125696737575035
physical_snr,33,raw,-10.0,0.8,0.9,4,0.513404481112957,0.5140956172881389,-0.513404481112957,0.5583896243712252
physical_snr,33,raw,-5.0,0.0,0.1,3881,0.10842864568465474,0.12248612134613239,0.1084145064542732,0.5249741772833055
physical_snr,33,raw,-5.0,0.1,0.2,2878,0.07604692823786219,0.08259345558591344,0.07592076831772313,0.26972204656234877
physical_snr,33,raw,-5.0,0.2,0.3,1707,0.0265056192787614,0.0327794531160992,-0.013191659677845732,0.10424150999549074
physical_snr,33,raw,-5.0,0.3,0.4,928,0.10672842963309637,0.11086971071761986,-0.10672842963309637,0.09405851622324882
physical_snr,33,raw,-5.0,0.4,0.5,398,0.19947490691389871,0.20145519749228397,-0.19947490691389871,0.16588147679407397
physical_snr,33,raw,-5.0,0.5,0.6,147,0.29205119731474893,0.29335259160494526,-0.29205119731474893,0.008844938146051992
physical_snr,33,raw,-5.0,0.6,0.7,43,0.3856342531913935,0.3863967175570346,-0.3856342531913935,0.11870166798888934
physical_snr,33,raw,-5.0,0.7,0.8,14,0.47857870587280815,0.4790726215201671,-0.47857870587280815,0.3461206395763528
physical_snr,33,raw,-5.0,0.8,0.9,4,0.5728932917118073,0.5735139050023557,-0.5728932917118073,0.8614363898237739
physical_snr,33,raw,0.0,0.0,0.1,3881,0.06540660555571648,0.08610602696273353,0.0639040514839253,0.4652352748658167
physical_snr,33,raw,0.0,0.1,0.2,2878,0.05051915997107299,0.06119165813825989,0.04320920545341158,0.32611556805250663
physical_snr,33,raw,0.0,0.2,0.3,1707,0.03502868306640302,0.04340627453734689,-0.028136398208965387,0.1657302843156704
physical_snr,33,raw,0.0,0.3,0.4,928,0.11818237633219567,0.12224412986730054,-0.11818237633219567,0.06277738759816703
physical_snr,33,raw,0.0,0.4,0.5,398,0.21689256767381976,0.21900754336796122,-0.21689256767381976,-0.02906517915120857
physical_snr,33,raw,0.0,0.5,0.6,147,0.31499600430735114,0.3161742822397987,-0.31499600430735114,-0.09961898966719492
physical_snr,33,raw,0.0,0.6,0.7,43,0.4104820801768192,0.411225854283431,-0.4104820801768192,-0.09453045143393707
physical_snr,33,raw,0.0,0.7,0.8,14,0.5047640864338193,0.5053358785172283,-0.5047640864338193,-0.1010856443932582
physical_snr,33,raw,0.0,0.8,0.9,4,0.6017836183309555,0.6024126893867755,-0.6017836183309555,0.933401591897588
physical_snr,33,raw,5.0,0.0,0.1,3881,0.033477441639790856,0.0487658212802135,0.024513679480958128,0.41391934680892567
physical_snr,33,raw,5.0,0.1,0.2,2878,0.03630050905230064,0.043061195966456245,-0.010082674643142593,0.3700119277822268
physical_snr,33,raw,5.0,0.2,0.3,1707,0.06607546297670737,0.07360939864111468,-0.065498302175102,0.3206246163917629
physical_snr,33,raw,5.0,0.3,0.4,928,0.13469088249358124,0.13799949792340954,-0.13469088249358124,0.32005444296481445
physical_snr,33,raw,5.0,0.4,0.5,398,0.214672395781656,0.2167932668728472,-0.214672395781656,0.17283533000822537
physical_snr,33,raw,5.0,0.5,0.6,147,0.30413760336077944,0.305564897489595,-0.30413760336077944,-0.053889372130515936
physical_snr,33,raw,5.0,0.6,0.7,43,0.39764413999956705,0.39850925755792216,-0.39764413999956705,-0.0708269116559964
physical_snr,33,raw,5.0,0.7,0.8,14,0.49889260317598066,0.49973878885338974,-0.49889260317598066,-0.3633747238402316
physical_snr,33,raw,5.0,0.8,0.9,4,0.5985100865364075,0.5995155589864173,-0.5985100865364075,-0.737641653888509
physical_snr,33,raw,10.0,0.0,0.1,3881,0.020151694044873936,0.025474076337843588,4.474499066814078e-05,0.45008885540657795
physical_snr,33,raw,10.0,0.1,0.2,2878,0.05417049775589995,0.059123596652758396,-0.05321434872319418,0.5542549389776762
physical_snr,33,raw,10.0,0.2,0.3,1707,0.10380174746430262,0.10598081940624283,-0.10380174746430262,0.657053527338965
physical_snr,33,raw,10.0,0.3,0.4,928,0.1562371988427536,0.15766828268197597,-0.1562371988427536,0.6701930086250866
physical_snr,33,raw,10.0,0.4,0.5,398,0.2168310079442796,0.21822490196115252,-0.2168310079442796,0.4751752935003138
physical_snr,33,raw,10.0,0.5,0.6,147,0.29312673130002964,0.29417458284260545,-0.29312673130002964,0.2568355896589147
physical_snr,33,raw,10.0,0.6,0.7,43,0.38079600902490834,0.3815805243019108,-0.38079600902490834,-0.09780866257002185
physical_snr,33,raw,10.0,0.7,0.8,14,0.4831422375781195,0.4838539918218024,-0.4831422375781195,-0.4259375026549137
physical_snr,33,raw,10.0,0.8,0.9,4,0.5889137238264084,0.5898954171055207,-0.5889137238264084,-0.8646039521279837
uniform_fixed,11,moments,fixed,0.0,0.1,1063,0.3204972131460553,0.4082928974108627,0.27824681302804594,0.013407787720072693
uniform_fixed,11,moments,fixed,0.1,0.2,1016,0.3146087904717392,0.3590342135895531,0.19425533491179464,0.00038194522720598814
uniform_fixed,11,moments,fixed,0.2,0.3,1014,0.3032789649019345,0.3220043134890966,0.10985621646840192,0.05842882048464605
uniform_fixed,11,moments,fixed,0.3,0.4,998,0.28919529762559515,0.30947929927093853,0.02534552079761673,0.04034563039982647
uniform_fixed,11,moments,fixed,0.4,0.5,963,0.2818293654875344,0.3172814840054175,-0.032845517417352144,0.08059018601236614
uniform_fixed,11,moments,fixed,0.5,0.6,1030,0.2728344315464057,0.33485676475869897,-0.07759945091691989,0.05908277288973362
uniform_fixed,11,moments,fixed,0.6,0.7,1009,0.25345286632434816,0.34074210549948925,-0.09614908940373847,0.037919379105687136
uniform_fixed,11,moments,fixed,0.7,0.8,972,0.2212000368124664,0.3260833052997296,-0.085786254348333,0.06865511220800197
uniform_fixed,11,moments,fixed,0.8,0.9,984,0.16762767241495413,0.2712790277698505,-0.05100569534834808,0.1481016582029189
uniform_fixed,11,moments,fixed,0.9,1.0,951,0.1279204014598634,0.212963818495559,-0.030634021157345936,0.13745449530790643
uniform_fixed,11,moments_clipped,fixed,0.0,0.1,1063,0.3204972131460553,0.4082928974108627,0.27824681302804594,0.013407787720072693
uniform_fixed,11,moments_clipped,fixed,0.1,0.2,1016,0.3146087904717392,0.3590342135895531,0.19425533491179464,0.00038194522720598814
uniform_fixed,11,moments_clipped,fixed,0.2,0.3,1014,0.3032789649019345,0.3220043134890966,0.10985621646840192,0.05842882048464605
uniform_fixed,11,moments_clipped,fixed,0.3,0.4,998,0.28919529762559515,0.30947929927093853,0.02534552079761673,0.04034563039982647
uniform_fixed,11,moments_clipped,fixed,0.4,0.5,963,0.2818293654875344,0.3172814840054175,-0.032845517417352144,0.08059018601236614
uniform_fixed,11,moments_clipped,fixed,0.5,0.6,1030,0.2728344315464057,0.33485676475869897,-0.07759945091691989,0.05908277288973362
uniform_fixed,11,moments_clipped,fixed,0.6,0.7,1009,0.2533439119873482,0.340632314239004,-0.09625804374073849,0.037651101821229126
uniform_fixed,11,moments_clipped,fixed,0.7,0.8,972,0.2200845394421507,0.3251542130441356,-0.08690175171864867,0.06748701957680098
uniform_fixed,11,moments_clipped,fixed,0.8,0.9,984,0.16068686732674034,0.2667586157423879,-0.05794650043656187,0.13958956116436969
uniform_fixed,11,moments_clipped,fixed,0.9,1.0,951,0.10071422963488365,0.20056521734323063,-0.05784019298232567,0.10835426786038918
uniform_fixed,11,known_sigma,fixed,0.0,0.1,1063,0.12785761213174962,0.1688411273488665,0.07986792370640636,0.009991716846242534
uniform_fixed,11,known_sigma,fixed,0.1,0.2,1016,0.140195422842512,0.1575715297063676,0.008316713348617704,0.10242700779672356
uniform_fixed,11,known_sigma,fixed,0.2,0.3,1014,0.14039707039822724,0.1664923666050498,-0.020529739279483667,0.22110498305088483
uniform_fixed,11,known_sigma,fixed,0.3,0.4,998,0.13034099612183464,0.1667222817651979,-0.030470108848535463,0.12590953188538087
uniform_fixed,11,known_sigma,fixed,0.4,0.5,963,0.10420018511892974,0.14197265024317013,-0.02426812814032177,0.2201220519687296
uniform_fixed,11,known_sigma,fixed,0.5,0.6,1030,0.08213611502670547,0.10768414576406966,-0.00800601484127415,0.27420538731485167
uniform_fixed,11,known_sigma,fixed,0.6,0.7,1009,0.07539740169367304,0.09560577105206447,-0.002731632341596605,0.2592204912844896
uniform_fixed,11,known_sigma,fixed,0.7,0.8,972,0.07199660964586117,0.09004077850161134,-0.010501505814707329,0.25517530147443934
uniform_fixed,11,known_sigma,fixed,0.8,0.9,984,0.0667086878443152,0.08331422314396107,-0.0005329721342257368,0.3354507863072844
uniform_fixed,11,known_sigma,fixed,0.9,1.0,951,0.06253453390330045,0.07898934038998581,-0.0025314167220259064,0.3202724486188758
uniform_fixed,11,prior_mean,fixed,0.0,0.1,1063,0.44643278379319196,0.4473562565203109,0.44643278379319196,
uniform_fixed,11,prior_mean,fixed,0.1,0.2,1016,0.34747117159404156,0.34866083252257757,0.34747117159404156,
uniform_fixed,11,prior_mean,fixed,0.2,0.3,1014,0.2443162139791709,0.24598052057431408,0.2443162139791709,
uniform_fixed,11,prior_mean,fixed,0.3,0.4,998,0.14597291396352235,0.14863802940182183,0.14597291396352235,
uniform_fixed,11,prior_mean,fixed,0.4,0.5,963,0.046735751573170455,0.054450462669230704,0.04660505214212839,
uniform_fixed,11,prior_mean,fixed,0.5,0.6,1030,0.0543369327355357,0.06159273272889781,-0.0543369327355357,
uniform_fixed,11,prior_mean,fixed,0.6,0.7,1009,0.15522993491118917,0.15791042508533232,-0.15522993491118917,
uniform_fixed,11,prior_mean,fixed,0.7,0.8,972,0.2527677645531211,0.25438383663973996,-0.2527677645531211,
uniform_fixed,11,prior_mean,fixed,0.8,0.9,984,0.3542598857264209,0.35547496400359163,-0.3542598857264209,
uniform_fixed,11,prior_mean,fixed,0.9,1.0,951,0.4541155757337464,0.4549980760681319,-0.4541155757337464,
uniform_fixed,11,prior_median,fixed,0.0,0.1,1063,0.4434050172707548,0.44433478274096344,0.4434050172707548,
uniform_fixed,11,prior_median,fixed,0.1,0.2,1016,0.3444434044457327,0.3456434867326325,0.3444434044457327,
uniform_fixed,11,prior_median,fixed,0.2,0.3,1014,0.24128844709497468,0.24297349401445173,0.24128844709497468,
uniform_fixed,11,prior_median,fixed,0.3,0.4,998,0.14294514702054445,0.1456656693602855,0.14294514702054445,
uniform_fixed,11,prior_median,fixed,0.4,0.5,963,0.043970951781466,0.051882576892930826,0.04357728519915049,
uniform_fixed,11,prior_median,fixed,0.5,0.6,1030,0.057364699678513605,0.06427963312833519,-0.057364699678513605,
uniform_fixed,11,prior_median,fixed,0.6,0.7,1009,0.15825770185416707,0.16088775545162148,-0.15825770185416707,
uniform_fixed,11,prior_median,fixed,0.7,0.8,972,0.255795531496099,0.25739259406545406,-0.255795531496099,
uniform_fixed,11,prior_median,fixed,0.8,0.9,984,0.3572876526693988,0.35849246874720664,-0.3572876526693988,
uniform_fixed,11,prior_median,fixed,0.9,1.0,951,0.4571433427707379,0.45802000933318227,-0.4571433427707379,
uniform_fixed,11,deepsets,fixed,0.0,0.1,1063,0.14646246482951958,0.16564783421594612,0.14645660945817982,0.02607367758701264
uniform_fixed,11,deepsets,fixed,0.1,0.2,1016,0.07671622313764387,0.1046746264328339,0.06274456582875468,0.10919016515763351
uniform_fixed,11,deepsets,fixed,0.2,0.3,1014,0.07701903134143565,0.0974041464907355,0.00361987284919214,0.225065910291751
uniform_fixed,11,deepsets,fixed,0.3,0.4,998,0.1029723894321369,0.12131154157171181,-0.03699440161188045,0.12238428380190461
uniform_fixed,11,deepsets,fixed,0.4,0.5,963,0.10692383300973371,0.13123588074615034,-0.04922959149688451,0.2322604466570393
uniform_fixed,11,deepsets,fixed,0.5,0.6,1030,0.09298242342124864,0.118431619042785,-0.03209293073820836,0.2868793360800798
uniform_fixed,11,deepsets,fixed,0.6,0.7,1009,0.08054744196008998,0.10364502669308648,-0.01642131087683119,0.2559106607899504
uniform_fixed,11,deepsets,fixed,0.7,0.8,972,0.07188494472837252,0.09107826798337877,-0.01903661521373953,0.25540270966566947
uniform_fixed,11,deepsets,fixed,0.8,0.9,984,0.05442593125550728,0.07064816181424559,-0.018383620170558373,0.34302408619925034
uniform_fixed,11,deepsets,fixed,0.9,1.0,951,0.05402312093227318,0.06902559798006175,-0.048345353575785704,0.3145583895262417
uniform_fixed,11,raw,fixed,0.0,0.1,1063,0.1653520908953161,0.18377985471695382,0.16533486949856396,0.026649992410646067
uniform_fixed,11,raw,fixed,0.1,0.2,1016,0.09120933171068354,0.11723689174346498,0.08150099269957758,0.11435326775203791
uniform_fixed,11,raw,fixed,0.2,0.3,1014,0.07455107011268361,0.09649005681151582,0.021028209778919258,0.22197475607451955
uniform_fixed,11,raw,fixed,0.3,0.4,998,0.09486502038691946,0.11339779071468997,-0.021546829379871037,0.1248670345708321
uniform_fixed,11,raw,fixed,0.4,0.5,963,0.10248849431859369,0.1240516309329598,-0.03965388956409129,0.23625400229179508
uniform_fixed,11,raw,fixed,0.5,0.6,1030,0.09332876740728767,0.11792037182151413,-0.02529596695043508,0.2892389127516341
uniform_fixed,11,raw,fixed,0.6,0.7,1009,0.07998459134158578,0.10247936563594678,-0.009616164462890096,0.25921774041714774
uniform_fixed,11,raw,fixed,0.7,0.8,972,0.06932904690872005,0.08833553323301431,-0.01432099006303544,0.2615357114884678
uniform_fixed,11,raw,fixed,0.8,0.9,984,0.05521317189786493,0.07181638620291099,-0.015970573434984783,0.3448715749946186
uniform_fixed,11,raw,fixed,0.9,1.0,951,0.06075431025742732,0.07588603364127487,-0.03262521572544246,0.31646704789371255
uniform_fixed,11,mean_var,fixed,0.0,0.1,1063,0.15040665853379587,0.16826595790996815,0.15040665853379587,0.026903018738188088
uniform_fixed,11,mean_var,fixed,0.1,0.2,1016,0.07728815720394605,0.10450797261720282,0.06593230798635191,0.11246698848487326
uniform_fixed,11,mean_var,fixed,0.2,0.3,1014,0.07443083358351767,0.09462463574997051,0.005045738475327426,0.2248507360697375
uniform_fixed,11,mean_var,fixed,0.3,0.4,998,0.10064592740996806,0.1188147434953117,-0.03598206284230123,0.12380255855747478
uniform_fixed,11,mean_var,fixed,0.4,0.5,963,0.10719554216010052,0.1306252102897375,-0.050075771513386304,0.23132200846301615
uniform_fixed,11,mean_var,fixed,0.5,0.6,1030,0.09360759663350374,0.11862377926295742,-0.03300473180789392,0.2896083632614715
uniform_fixed,11,mean_var,fixed,0.6,0.7,1009,0.07964223986574633,0.102841239192186,-0.018048045686026158,0.2593485046306019
uniform_fixed,11,mean_var,fixed,0.7,0.8,972,0.07288405854147649,0.09158162326035256,-0.020887709847448296,0.2586088964178533
uniform_fixed,11,mean_var,fixed,0.8,0.9,984,0.054598555271703056,0.071537364789108,-0.01939575864774425,0.34514745658278567
uniform_fixed,11,mean_var,fixed,0.9,1.0,951,0.05513181226361312,0.07007187109767145,-0.04787030110975921,0.31919602944628395
uniform_fixed,11,expanded_stats,fixed,0.0,0.1,1063,0.15380549983157377,0.17072871639419812,0.15380549983157377,0.027261004690124997
uniform_fixed,11,expanded_stats,fixed,0.1,0.2,1016,0.0785366187649449,0.10564691781337279,0.06900352399473585,0.10980532335658641
uniform_fixed,11,expanded_stats,fixed,0.2,0.3,1014,0.07329467051392477,0.09414590155780145,0.007807333286873688,0.2233907846752003
uniform_fixed,11,expanded_stats,fixed,0.3,0.4,998,0.10008458775246071,0.11803546867535593,-0.03381775964596467,0.12354808258453245
uniform_fixed,11,expanded_stats,fixed,0.4,0.5,963,0.10721262285209271,0.13029485524810638,-0.047908294686771005,0.22902567119277137
uniform_fixed,11,expanded_stats,fixed,0.5,0.6,1030,0.09253029342993949,0.11788543739736185,-0.030881032723824954,0.28740827827942433
uniform_fixed,11,expanded_stats,fixed,0.6,0.7,1009,0.0801305524244299,0.1029539272581552,-0.015892581997588792,0.2547369469325777
uniform_fixed,11,expanded_stats,fixed,0.7,0.8,972,0.07201799676742084,0.09099573497998349,-0.018749683114236276,0.25779592328622397
uniform_fixed,11,expanded_stats,fixed,0.8,0.9,984,0.054300230511320324,0.0705676170999535,-0.01761469020833814,0.34220823173083464
uniform_fixed,11,expanded_stats,fixed,0.9,1.0,951,0.05363946683023254,0.06834946368292433,-0.04872240892344092,0.3130870774036672
uniform_fixed,22,moments,fixed,0.0,0.1,988,0.330852508081028,0.41340759085666545,0.292794615132211,0.020423576521889152
uniform_fixed,22,moments,fixed,0.1,0.2,992,0.3055379410469604,0.34756208547502004,0.1777566262265487,0.003736643226246396
uniform_fixed,22,moments,fixed,0.2,0.3,983,0.2999954088264176,0.31894992464121974,0.10658494997788542,0.03926847493847868
uniform_fixed,22,moments,fixed,0.3,0.4,1008,0.2976050194914615,0.31433120006498516,0.006756283623713349,0.059307495251156
uniform_fixed,22,moments,fixed,0.4,0.5,989,0.2903048568777175,0.32630496885641513,-0.03752384945765304,0.022189375367268237
uniform_fixed,22,moments,fixed,0.5,0.6,1046,0.27095775984327375,0.3324234033374713,-0.07691103559037239,0.09519660635048983
uniform_fixed,22,moments,fixed,0.6,0.7,1001,0.24066199920513295,0.3273794562509895,-0.07112056261056905,0.09935969587392927
uniform_fixed,22,moments,fixed,0.7,0.8,964,0.2104888771084829,0.3147256286344023,-0.07875000898768793,0.15303061955857736
uniform_fixed,22,moments,fixed,0.8,0.9,988,0.18771970938695104,0.30263996694963846,-0.06145980353900778,0.21089849824580822
uniform_fixed,22,moments,fixed,0.9,1.0,1041,0.13467654754746772,0.23456893464737036,-0.0398665890455475,0.1511776123069103
uniform_fixed,22,moments_clipped,fixed,0.0,0.1,988,0.330852508081028,0.41340759085666545,0.292794615132211,0.020423576521889152
uniform_fixed,22,moments_clipped,fixed,0.1,0.2,992,0.3055379410469604,0.34756208547502004,0.1777566262265487,0.003736643226246396
uniform_fixed,22,moments_clipped,fixed,0.2,0.3,983,0.2999954088264176,0.31894992464121974,0.10658494997788542,0.03926847493847868
uniform_fixed,22,moments_clipped,fixed,0.3,0.4,1008,0.2976050194914615,0.31433120006498516,0.006756283623713349,0.059307495251156
uniform_fixed,22,moments_clipped,fixed,0.4,0.5,989,0.2903048568777175,0.32630496885641513,-0.03752384945765304,0.022189375367268237
uniform_fixed,22,moments_clipped,fixed,0.5,0.6,1046,0.27095775984327375,0.3324234033374713,-0.07691103559037239,0.09519660635048983
uniform_fixed,22,moments_clipped,fixed,0.6,0.7,1001,0.24056804454052721,0.3272794499453995,-0.07121451727517478,0.09908874213133359
uniform_fixed,22,moments_clipped,fixed,0.7,0.8,964,0.20973547476950521,0.3140769288957396,-0.07950341132666561,0.15301977264865912
uniform_fixed,22,moments_clipped,fixed,0.8,0.9,988,0.18022798215932692,0.29840378330719375,-0.06895153076663191,0.1977093697476124
uniform_fixed,22,moments_clipped,fixed,0.9,1.0,1041,0.10936575921880408,0.22465448235879087,-0.06517737737421114,0.11999490682655217
uniform_fixed,22,known_sigma,fixed,0.0,0.1,988,0.1263701536469746,0.1682228110628056,0.07819789927005051,-0.0017167421682210487
uniform_fixed,22,known_sigma,fixed,0.1,0.2,992,0.1370526314375081,0.15404873804977154,0.006545844837091863,0.08393057681242018
uniform_fixed,22,known_sigma,fixed,0.2,0.3,983,0.1393849238950384,0.16514209305575575,-0.03148477849676553,0.13861385869254017
uniform_fixed,22,known_sigma,fixed,0.3,0.4,1008,0.1244506367319633,0.1598268368080622,-0.027173165852824845,0.14181818517039768
uniform_fixed,22,known_sigma,fixed,0.4,0.5,989,0.1025081244801125,0.13568577527335945,-0.01859435512937598,0.26206461237167994
uniform_fixed,22,known_sigma,fixed,0.5,0.6,1046,0.0887401626226323,0.1180289703317837,-0.020091204895116174,0.22168817779480424
uniform_fixed,22,known_sigma,fixed,0.6,0.7,1001,0.07175310204674552,0.0912647123564898,-0.0026081110333110186,0.3490683041934505
uniform_fixed,22,known_sigma,fixed,0.7,0.8,964,0.0706218321850191,0.09076851330465689,-0.006723264966515584,0.3637550406790094
uniform_fixed,22,known_sigma,fixed,0.8,0.9,988,0.06538115339240565,0.0816483892302346,-0.00429493418106666,0.40552433614507527
uniform_fixed,22,known_sigma,fixed,0.9,1.0,1041,0.06329705523940718,0.07854216934941119,-0.005130529002886798,0.32781197896940184
uniform_fixed,22,prior_mean,fixed,0.0,0.1,988,0.44878381357984504,0.44970460328974055,0.44878381357984504,
uniform_fixed,22,prior_mean,fixed,0.1,0.2,992,0.3476371633249425,0.3487954546549395,0.3476371633249425,
uniform_fixed,22,prior_mean,fixed,0.2,0.3,983,0.24739107817017292,0.2490104993954483,0.24739107817017292,
uniform_fixed,22,prior_mean,fixed,0.3,0.4,1008,0.14807465725711413,0.15074860248665753,0.14807465725711413,
uniform_fixed,22,prior_mean,fixed,0.4,0.5,989,0.046384254739788355,0.05463592953614421,0.04630416923996412,
uniform_fixed,22,prior_mean,fixed,0.5,0.6,1046,0.05212673157396554,0.05958782031326136,-0.05212673157396554,
uniform_fixed,22,prior_mean,fixed,0.6,0.7,1001,0.15263872439568335,0.1552920994809458,-0.15263872439568335,
uniform_fixed,22,prior_mean,fixed,0.7,0.8,964,0.2502546511374074,0.2519731547009653,-0.2502546511374074,
uniform_fixed,22,prior_mean,fixed,0.8,0.9,988,0.35170232272341184,0.3529645295994476,-0.35170232272341184,
uniform_fixed,22,prior_mean,fixed,0.9,1.0,1041,0.4529193154787582,0.4538969863680272,-0.4529193154787582,
uniform_fixed,22,prior_median,fixed,0.0,0.1,988,0.45065307484464606,0.4515700529880696,0.45065307484464606,
uniform_fixed,22,prior_median,fixed,0.1,0.2,992,0.3495064245897435,0.3506585414514229,0.3495064245897435,
uniform_fixed,22,prior_median,fixed,0.2,0.3,983,0.2492603395259271,0.25086769443639767,0.2492603395259271,
uniform_fixed,22,prior_median,fixed,0.3,0.4,1008,0.14994391852191516,0.15258510979638606,0.14994391852191516,
uniform_fixed,22,prior_median,fixed,0.4,0.5,989,0.0481787647890008,0.056228890384505306,0.04817343050476514,
uniform_fixed,22,prior_median,fixed,0.5,0.6,1046,0.05025747030916451,0.057959688637688696,-0.05025747030916451,
uniform_fixed,22,prior_median,fixed,0.6,0.7,1001,0.15076946313088233,0.15345516279628088,-0.15076946313088233,
uniform_fixed,22,prior_median,fixed,0.7,0.8,964,0.24838538987260636,0.2501167370973358,-0.24838538987260636,
uniform_fixed,22,prior_median,fixed,0.8,0.9,988,0.3498330614586108,0.3511019883677968,-0.3498330614586108,
uniform_fixed,22,prior_median,fixed,0.9,1.0,1041,0.45105005421395716,0.4520317680281375,-0.45105005421395716,
uniform_fixed,22,raw,fixed,0.0,0.1,988,0.1599828521664507,0.17783060852600052,0.15993141750559994,-0.004985900233020131
uniform_fixed,22,raw,fixed,0.1,0.2,992,0.08189477601028498,0.10620479220815932,0.07129528561997557,0.09931408615634833
uniform_fixed,22,raw,fixed,0.2,0.3,983,0.06970077862210822,0.08973093534108001,0.0036995882662970076,0.14324613016583626
uniform_fixed,22,raw,fixed,0.3,0.4,1008,0.0919708221086434,0.11059165891707326,-0.03530435305502679,0.16355940994821608
uniform_fixed,22,raw,fixed,0.4,0.5,989,0.10646723147530648,0.12813041461339789,-0.04694895316725192,0.24215039902071753
uniform_fixed,22,raw,fixed,0.5,0.6,1046,0.10648683932953537,0.13255314864885173,-0.047842425267509474,0.22910496473658964
uniform_fixed,22,raw,fixed,0.6,0.7,1001,0.07990766527293088,0.10294563221908078,-0.019235755567188626,0.3404244791986935
uniform_fixed,22,raw,fixed,0.7,0.8,964,0.06579647268868086,0.0882046943183012,-0.02156269844018572,0.36552650452872343
uniform_fixed,22,raw,fixed,0.8,0.9,988,0.059942468276873294,0.07610450938598308,-0.03001565591767732,0.4117534051284892
uniform_fixed,22,raw,fixed,0.9,1.0,1041,0.06568632798052887,0.0800804726113745,-0.04771146461668207,0.33159748349485013
uniform_fixed,22,mean_var,fixed,0.0,0.1,988,0.15784706327279932,0.17496460525412721,0.15783159155398607,-0.01180319324641354
uniform_fixed,22,mean_var,fixed,0.1,0.2,992,0.07913570300555758,0.10375797445092924,0.07020267511477633,0.11511586230830839
uniform_fixed,22,mean_var,fixed,0.2,0.3,983,0.07050951308782079,0.09056576185898406,0.002897693933814855,0.14025828679877095
uniform_fixed,22,mean_var,fixed,0.3,0.4,1008,0.09627899673900434,0.11434274078804972,-0.031212713258961834,0.15133165401753532
uniform_fixed,22,mean_var,fixed,0.4,0.5,989,0.10627495022104531,0.12812482070114944,-0.0398221773795098,0.26087830002854334
uniform_fixed,22,mean_var,fixed,0.5,0.6,1046,0.10058059624572556,0.12733660207590117,-0.039664343968176245,0.22938323160515434
uniform_fixed,22,mean_var,fixed,0.6,0.7,1001,0.07527928314842544,0.09734826469831852,-0.012721563820595983,0.34827601230669236
uniform_fixed,22,mean_var,fixed,0.7,0.8,964,0.06757932765355248,0.08829896840009863,-0.015355908648107063,0.37103589278173676
uniform_fixed,22,mean_var,fixed,0.8,0.9,988,0.056722599726456865,0.07223846090687353,-0.021560092083355676,0.41147510817696437
uniform_fixed,22,mean_var,fixed,0.9,1.0,1041,0.05466490319780611,0.06954774933960872,-0.047469520259659295,0.337457606423515
uniform_fixed,22,expanded_stats,fixed,0.0,0.1,988,0.14918700402775997,0.16680392172275244,0.149144447095662,-0.01044259986268319
uniform_fixed,22,expanded_stats,fixed,0.1,0.2,992,0.07347577750953214,0.09777109920215318,0.06188504228879126,0.11525071127865565
uniform_fixed,22,expanded_stats,fixed,0.2,0.3,983,0.07170926239095166,0.09077165072726194,-0.005541763070398526,0.1423772627802995
uniform_fixed,22,expanded_stats,fixed,0.3,0.4,1008,0.09997886886435842,0.11791958273142933,-0.039365037388744806,0.14794268187439874
uniform_fixed,22,expanded_stats,fixed,0.4,0.5,989,0.10967682741951533,0.13210683162823997,-0.04710701145646064,0.2646260093981826
uniform_fixed,22,expanded_stats,fixed,0.5,0.6,1046,0.10208327783339338,0.13072228512015738,-0.04539084158139749,0.23166376785327614
uniform_fixed,22,expanded_stats,fixed,0.6,0.7,1001,0.07933633682968376,0.10114763713788487,-0.014909680936481807,0.3504622378156093
uniform_fixed,22,expanded_stats,fixed,0.7,0.8,964,0.06937096274121668,0.09097236988263623,-0.014097060992757314,0.3706642950563492
uniform_fixed,22,expanded_stats,fixed,0.8,0.9,988,0.05532478019293503,0.07060775855978974,-0.018718772812893518,0.41249901795230043
uniform_fixed,22,expanded_stats,fixed,0.9,1.0,1041,0.052887436578642505,0.06754417368532757,-0.04681746491323172,0.33401867160073684
uniform_fixed,22,deepsets,fixed,0.0,0.1,988,0.1506302869060503,0.168507905442379,0.1506161710722485,-0.006640522748034776
uniform_fixed,22,deepsets,fixed,0.1,0.2,992,0.07409822167227825,0.09941927484287297,0.06288468110705575,0.11314502546232866
uniform_fixed,22,deepsets,fixed,0.2,0.3,983,0.07208268892395168,0.09151408372946472,-0.004105539441048068,0.14272323901403616
uniform_fixed,22,deepsets,fixed,0.3,0.4,1008,0.09964908702328563,0.11760829430763654,-0.037416461515166456,0.15080026029628713
uniform_fixed,22,deepsets,fixed,0.4,0.5,989,0.10822700747525126,0.13087786333929782,-0.045029165033021276,0.26404607621823006
uniform_fixed,22,deepsets,fixed,0.5,0.6,1046,0.10087071025804625,0.1291229106766797,-0.043763157514495554,0.23306635142373278
uniform_fixed,22,deepsets,fixed,0.6,0.7,1001,0.0777439425339351,0.09994613239081361,-0.015166234273415107,0.3538745790750163
uniform_fixed,22,deepsets,fixed,0.7,0.8,964,0.07158788720230838,0.0919461880416458,-0.014208156692783863,0.3715274296381745
uniform_fixed,22,deepsets,fixed,0.8,0.9,988,0.05627906992126573,0.07195921127499846,-0.016512845510895918,0.41473260102576515
uniform_fixed,22,deepsets,fixed,0.9,1.0,1041,0.05089497703640193,0.06573788059381888,-0.04419788560766537,0.33446513263581856
uniform_fixed,33,moments,fixed,0.0,0.1,975,0.3267268911541368,0.4131080080982726,0.2870113341316867,0.0382099330894649
uniform_fixed,33,moments,fixed,0.1,0.2,1017,0.30349472019319573,0.34814887398612937,0.17596749790679506,0.058378201087478855
uniform_fixed,33,moments,fixed,0.2,0.3,919,0.30206394685235716,0.321880670202036,0.10264328884222303,-0.002120538382410938
uniform_fixed,33,moments,fixed,0.3,0.4,1028,0.2930186464947717,0.31189892394733115,-0.0026470894566537804,0.031655235474484095
uniform_fixed,33,moments,fixed,0.4,0.5,994,0.2818407259086968,0.319491887889317,-0.029777120521490726,0.0785854390390472
uniform_fixed,33,moments,fixed,0.5,0.6,1002,0.2779117335162001,0.3395201585588262,-0.07853140745929138,0.055826444351745115
uniform_fixed,33,moments,fixed,0.6,0.7,1012,0.2551275194280232,0.3436345356008944,-0.09686484573622466,0.07905200075382172
uniform_fixed,33,moments,fixed,0.7,0.8,995,0.21845226159047842,0.32428070193689695,-0.08351101770472887,0.1452796251891747
uniform_fixed,33,moments,fixed,0.8,0.9,1033,0.1622636351673093,0.26371720572353563,-0.04966225167096296,0.18823794902230112
uniform_fixed,33,moments,fixed,0.9,1.0,1025,0.13074265041002414,0.21730086532045517,-0.030887573550387126,0.16265417136006444
uniform_fixed,33,moments_clipped,fixed,0.0,0.1,975,0.3267268911541368,0.4131080080982726,0.2870113341316867,0.0382099330894649
uniform_fixed,33,moments_clipped,fixed,0.1,0.2,1017,0.30349472019319573,0.34814887398612937,0.17596749790679506,0.058378201087478855
uniform_fixed,33,moments_clipped,fixed,0.2,0.3,919,0.30206394685235716,0.321880670202036,0.10264328884222303,-0.002120538382410938
uniform_fixed,33,moments_clipped,fixed,0.3,0.4,1028,0.2930186464947717,0.31189892394733115,-0.0026470894566537804,0.031655235474484095
uniform_fixed,33,moments_clipped,fixed,0.4,0.5,994,0.2818407259086968,0.319491887889317,-0.029777120521490726,0.0785854390390472
uniform_fixed,33,moments_clipped,fixed,0.5,0.6,1002,0.27789009393689157,0.33949389769105953,-0.07855304703859987,0.05572277502631887
uniform_fixed,33,moments_clipped,fixed,0.6,0.7,1012,0.2550789615500115,0.34358615572882495,-0.09691340361423642,0.07890611652797268
uniform_fixed,33,moments_clipped,fixed,0.7,0.8,995,0.2174566117063839,0.3234440264622739,-0.08450666758882341,0.1444935222358418
uniform_fixed,33,moments_clipped,fixed,0.8,0.9,1033,0.15588684892146654,0.25950039438706907,-0.056039037916805715,0.17944332601421775
uniform_fixed,33,moments_clipped,fixed,0.9,1.0,1025,0.10328542735518478,0.20501488393625772,-0.05834479660522647,0.13264031735348497
uniform_fixed,33,known_sigma,fixed,0.0,0.1,975,0.12485705429676155,0.16798517661285028,0.07544117100978605,0.061912996351039765
uniform_fixed,33,known_sigma,fixed,0.1,0.2,1017,0.14178810808203215,0.15978662458779805,0.010260513284946027,0.10088034280423055
uniform_fixed,33,known_sigma,fixed,0.2,0.3,919,0.14457235389649545,0.16950469386602612,-0.026766203084435634,0.13492184629522097
uniform_fixed,33,known_sigma,fixed,0.3,0.4,1028,0.12467463905941188,0.16172902889893426,-0.0338611543062596,0.24085248083611263
uniform_fixed,33,known_sigma,fixed,0.4,0.5,994,0.10512231527199928,0.13978886456574108,-0.020026392859952072,0.24131977045074363
uniform_fixed,33,known_sigma,fixed,0.5,0.6,1002,0.08617932740561737,0.1116035638366804,-0.009341928237926459,0.24887882797224858
uniform_fixed,33,known_sigma,fixed,0.6,0.7,1012,0.07425174517593836,0.09411795016773207,-0.008294274448877266,0.27784179242493595
uniform_fixed,33,known_sigma,fixed,0.7,0.8,995,0.07001420445178622,0.08910036496713926,-0.003347575484807767,0.34383069596346183
uniform_fixed,33,known_sigma,fixed,0.8,0.9,1033,0.06654456595368215,0.0839793464968725,-0.0015973487989715547,0.3249188546446578
uniform_fixed,33,known_sigma,fixed,0.9,1.0,1025,0.062078843116760256,0.07838374798772514,-0.002707418697636302,0.32752225378478855
uniform_fixed,33,prior_mean,fixed,0.0,0.1,975,0.4508814313167181,0.4517537899588637,0.4508814313167181,
uniform_fixed,33,prior_mean,fixed,0.1,0.2,1017,0.3525482972931839,0.35371393784063365,0.3525482972931839,
uniform_fixed,33,prior_mean,fixed,0.2,0.3,919,0.25126275507747414,0.2529118141479938,0.25126275507747414,
uniform_fixed,33,prior_mean,fixed,0.3,0.4,1028,0.15011401419393747,0.15273663605121035,0.15011401419393747,
uniform_fixed,33,prior_mean,fixed,0.4,0.5,994,0.049993532254422456,0.05766719652301659,0.049993532254422456,
uniform_fixed,33,prior_mean,fixed,0.5,0.6,1002,0.05026447862208246,0.057895479498930216,-0.05026128067227894,
uniform_fixed,33,prior_mean,fixed,0.6,0.7,1012,0.14938257781884415,0.15222667097801051,-0.14938257781884415,
uniform_fixed,33,prior_mean,fixed,0.7,0.8,995,0.25035097646952875,0.2519653021033999,-0.25035097646952875,
uniform_fixed,33,prior_mean,fixed,0.8,0.9,1033,0.34966135278906735,0.350834370706111,-0.34966135278906735,
uniform_fixed,33,prior_mean,fixed,0.9,1.0,1025,0.44899894208442875,0.4498952642416512,-0.44899894208442875,
uniform_fixed,33,prior_median,fixed,0.0,0.1,975,0.45267511386137743,0.4535440224967956,0.45267511386137743,
uniform_fixed,33,prior_median,fixed,0.1,0.2,1017,0.3543419798684097,0.3555017392298791,0.3543419798684097,
uniform_fixed,33,prior_median,fixed,0.2,0.3,919,0.2530564376527,0.25469388348364674,0.2530564376527,
uniform_fixed,33,prior_median,fixed,0.3,0.4,1028,0.1519076967691633,0.15449987402109522,0.1519076967691633,
uniform_fixed,33,prior_median,fixed,0.4,0.5,994,0.051787214829648286,0.05922894484424302,0.051787214829648286,
uniform_fixed,33,prior_median,fixed,0.5,0.6,1002,0.04851107700856146,0.05634534831635097,-0.04846759809705311,
uniform_fixed,33,prior_median,fixed,0.6,0.7,1012,0.14758889524361832,0.15046689602858224,-0.14758889524361832,
uniform_fixed,33,prior_median,fixed,0.7,0.8,995,0.24855729389430292,0.2501831936659014,-0.24855729389430292,
uniform_fixed,33,prior_median,fixed,0.8,0.9,1033,0.3478676702138415,0.3490467160918124,-0.3478676702138415,
uniform_fixed,33,prior_median,fixed,0.9,1.0,1025,0.4472052595092029,0.4481051694935269,-0.4472052595092029,
uniform_fixed,33,mean_var,fixed,0.0,0.1,975,0.1565912340887082,0.17484132341369277,0.1565912340887082,0.057330143229950975
uniform_fixed,33,mean_var,fixed,0.1,0.2,1017,0.08246091605991038,0.11153348410154733,0.07316305601901596,0.1125257943264221
uniform_fixed,33,mean_var,fixed,0.2,0.3,919,0.07730567224234569,0.09850801239781651,0.008283521951671783,0.13733059624517513
uniform_fixed,33,mean_var,fixed,0.3,0.4,1028,0.09623545798172282,0.11398049511105576,-0.03305866028606196,0.25750217417821525
uniform_fixed,33,mean_var,fixed,0.4,0.5,994,0.10764730499843718,0.13099439401679816,-0.03761184456902491,0.25998859050499995
uniform_fixed,33,mean_var,fixed,0.5,0.6,1002,0.09557167421320002,0.12149589507137597,-0.02630056895895632,0.2530642958347969
uniform_fixed,33,mean_var,fixed,0.6,0.7,1012,0.0789213846971395,0.10086633909124423,-0.01573002688851752,0.2830023695107641
uniform_fixed,33,mean_var,fixed,0.7,0.8,995,0.06925316384090252,0.08822848128312846,-0.00671683843411393,0.3568608209000161
uniform_fixed,33,mean_var,fixed,0.8,0.9,1033,0.054694366939762554,0.07188896817230153,-0.012205423828708468,0.33003297093098805
uniform_fixed,33,mean_var,fixed,0.9,1.0,1025,0.049590151833324894,0.0642884933206193,-0.04247524354516006,0.32824417738080935
uniform_fixed,33,expanded_stats,fixed,0.0,0.1,975,0.15395227430722652,0.17258914938577427,0.15395227430722652,0.05682347259146981
uniform_fixed,33,expanded_stats,fixed,0.1,0.2,1017,0.08141958482028695,0.10968877046996567,0.06999663070884543,0.11148874184405122
uniform_fixed,33,expanded_stats,fixed,0.2,0.3,919,0.0769352211948318,0.09754700088921239,0.0052616367434780795,0.13623713280167996
uniform_fixed,33,expanded_stats,fixed,0.3,0.4,1028,0.0960577111763713,0.11401390529261737,-0.036430372048444785,0.25623945723711866
uniform_fixed,33,expanded_stats,fixed,0.4,0.5,994,0.1080819951666433,0.13176182933858352,-0.04162828703701377,0.2617468511903148
uniform_fixed,33,expanded_stats,fixed,0.5,0.6,1002,0.09671056312239336,0.12290695334005257,-0.030147552192806005,0.2535733203317508
uniform_fixed,33,expanded_stats,fixed,0.6,0.7,1012,0.07979707761479932,0.10209595289297096,-0.019373811575263855,0.2841439373069798
uniform_fixed,33,expanded_stats,fixed,0.7,0.8,995,0.06764013186172026,0.08736075120080229,-0.010636386739548727,0.35479157999402583
uniform_fixed,33,expanded_stats,fixed,0.8,0.9,1033,0.054509049059691526,0.07200022824423788,-0.017440922320292974,0.3311694829328475
uniform_fixed,33,expanded_stats,fixed,0.9,1.0,1025,0.05303736442472876,0.06783905858726613,-0.047071240936837545,0.330482266133551
uniform_fixed,33,deepsets,fixed,0.0,0.1,975,0.1543398333894901,0.17252154622311022,0.1543398333894901,0.05744633172660111
uniform_fixed,33,deepsets,fixed,0.1,0.2,1017,0.0811574373214763,0.10940597201680062,0.07057041608185426,0.11276124748670495
uniform_fixed,33,deepsets,fixed,0.2,0.3,919,0.07651436111613119,0.09724396213005104,0.005188563183939107,0.13645134363173939
uniform_fixed,33,deepsets,fixed,0.3,0.4,1028,0.09659541907071603,0.11421202271803738,-0.03676155900966797,0.2554321695417388
uniform_fixed,33,deepsets,fixed,0.4,0.5,994,0.10805126940700371,0.1318324937383718,-0.041447559412816165,0.2620339361248415
uniform_fixed,33,deepsets,fixed,0.5,0.6,1002,0.09699033165049409,0.12340457512599459,-0.03019699945064362,0.25178313330016344
uniform_fixed,33,deepsets,fixed,0.6,0.7,1012,0.07986902130451126,0.10228878960224112,-0.018778523437590466,0.282790523502154
uniform_fixed,33,deepsets,fixed,0.7,0.8,995,0.06953089150352096,0.08896838671796668,-0.008699903625938761,0.3528926685944123
uniform_fixed,33,deepsets,fixed,0.8,0.9,1033,0.05555165777594168,0.07270462318799038,-0.013284611390382485,0.3315672542633108
uniform_fixed,33,deepsets,fixed,0.9,1.0,1025,0.04948845834266849,0.06450503603449668,-0.042665995214043594,0.33246214042703554
uniform_fixed,33,raw,fixed,0.0,0.1,975,0.15943211854268344,0.17697057145130435,0.15942182760208082,0.045789736345659804
uniform_fixed,33,raw,fixed,0.1,0.2,1017,0.08435905378242275,0.1106543560085395,0.07436474375316879,0.1259706133158788
uniform_fixed,33,raw,fixed,0.2,0.3,919,0.07247577761669803,0.09287123072491765,0.006940380306316538,0.13701859121010607
uniform_fixed,33,raw,fixed,0.3,0.4,1028,0.0917288178744715,0.10996189107964426,-0.04048456229878307,0.2534054196323524
uniform_fixed,33,raw,fixed,0.4,0.5,994,0.11051341177712025,0.1325614143061592,-0.048321792837119924,0.2528705505450919
uniform_fixed,33,raw,fixed,0.5,0.6,1002,0.1020913480106228,0.12826388590488466,-0.03919758461787553,0.2477612666250662
uniform_fixed,33,raw,fixed,0.6,0.7,1012,0.08205619298304494,0.106154166459872,-0.026026901137451878,0.2856157451302441
uniform_fixed,33,raw,fixed,0.7,0.8,995,0.07078031148742792,0.09078179909397,-0.016162620087963854,0.35086298631951823
uniform_fixed,33,raw,fixed,0.8,0.9,1033,0.05310705716704584,0.07318038914967748,-0.023384785490599167,0.3318699263598567
uniform_fixed,33,raw,fixed,0.9,1.0,1025,0.06045675492868191,0.07481167410396512,-0.053796986079797514,0.3116487599175929
