Device: cuda
N antennas : 8
Ns         : 127
step      1 | loss = +0.0504 | g_L = -0.0504 | EMA = -0.0504 | std(g_L) = 1.9069 | grad = 0.0462
step     20 | loss = +0.0538 | g_L = -0.0538 | EMA = -0.0905 | std(g_L) = 2.7161 | grad = 0.0313
step     40 | loss = +0.0080 | g_L = -0.0080 | EMA = -0.0735 | std(g_L) = 2.7100 | grad = 0.0426
step     60 | loss = +0.2050 | g_L = -0.2050 | EMA = -0.0086 | std(g_L) = 2.4061 | grad = 0.0870
step     80 | loss = -0.0430 | g_L = +0.0430 | EMA = +0.0285 | std(g_L) = 1.7831 | grad = 0.1647
step    100 | loss = -0.2208 | g_L = +0.2208 | EMA = +0.1183 | std(g_L) = 2.0919 | grad = 0.2931
step    120 | loss = -0.5830 | g_L = +0.5830 | EMA = +0.3388 | std(g_L) = 1.3677 | grad = 0.3129
step    140 | loss = -0.9357 | g_L = +0.9357 | EMA = +0.5709 | std(g_L) = 1.4080 | grad = 0.2511
step    160 | loss = -1.0390 | g_L = +1.0390 | EMA = +0.6828 | std(g_L) = 1.4025 | grad = 0.2835
step    180 | loss = -0.5315 | g_L = +0.5315 | EMA = +0.7909 | std(g_L) = 2.7729 | grad = 1.0396
step    200 | loss = -1.1899 | g_L = +1.1899 | EMA = +0.9722 | std(g_L) = 2.4662 | grad = 0.9928
step    220 | loss = -1.4731 | g_L = +1.4731 | EMA = +1.3010 | std(g_L) = 2.0494 | grad = 0.7584
step    240 | loss = -1.6525 | g_L = +1.6525 | EMA = +1.4982 | std(g_L) = 1.2594 | grad = 0.4113
step    260 | loss = -1.7656 | g_L = +1.7656 | EMA = +1.6037 | std(g_L) = 1.3258 | grad = 0.7936
step    280 | loss = -1.8535 | g_L = +1.8535 | EMA = +1.6760 | std(g_L) = 1.2703 | grad = 0.5901
step    300 | loss = -1.6788 | g_L = +1.6788 | EMA = +1.6874 | std(g_L) = 1.5644 | grad = 0.3796
step    320 | loss = -1.5362 | g_L = +1.5362 | EMA = +1.6917 | std(g_L) = 1.5258 | grad = 0.5756
step    340 | loss = -1.7347 | g_L = +1.7347 | EMA = +1.6900 | std(g_L) = 1.2449 | grad = 0.2495
step    360 | loss = -1.6663 | g_L = +1.6663 | EMA = +1.6936 | std(g_L) = 1.4167 | grad = 0.5798
step    380 | loss = -1.8864 | g_L = +1.8864 | EMA = +1.7153 | std(g_L) = 1.1878 | grad = 0.3777
step    400 | loss = -1.7010 | g_L = +1.7010 | EMA = +1.7072 | std(g_L) = 1.7105 | grad = 0.2466
step    420 | loss = -1.8590 | g_L = +1.8590 | EMA = +1.7112 | std(g_L) = 1.2448 | grad = 0.4733
step    440 | loss = -1.7981 | g_L = +1.7981 | EMA = +1.7251 | std(g_L) = 1.3157 | grad = 0.6899
step    460 | loss = -1.7306 | g_L = +1.7306 | EMA = +1.7279 | std(g_L) = 1.6764 | grad = 0.4286
step    480 | loss = -1.6268 | g_L = +1.6268 | EMA = +1.7003 | std(g_L) = 1.5309 | grad = 0.8092
step    500 | loss = -1.8112 | g_L = +1.8112 | EMA = +1.7254 | std(g_L) = 1.6512 | grad = 0.2774
step    520 | loss = -1.6291 | g_L = +1.6291 | EMA = +1.7092 | std(g_L) = 1.6373 | grad = 0.7577
step    540 | loss = -1.7343 | g_L = +1.7343 | EMA = +1.7170 | std(g_L) = 1.5901 | grad = 0.2261
step    560 | loss = -1.8177 | g_L = +1.8177 | EMA = +1.7316 | std(g_L) = 1.5335 | grad = 0.4833
step    580 | loss = -1.5948 | g_L = +1.5948 | EMA = +1.7244 | std(g_L) = 1.8598 | grad = 0.2585
step    600 | loss = -1.6716 | g_L = +1.6716 | EMA = +1.7187 | std(g_L) = 1.6159 | grad = 0.5530
step    620 | loss = -1.7575 | g_L = +1.7575 | EMA = +1.7338 | std(g_L) = 1.1639 | grad = 0.5277
step    640 | loss = -1.7796 | g_L = +1.7796 | EMA = +1.7388 | std(g_L) = 1.3512 | grad = 0.8348
step    660 | loss = -1.8153 | g_L = +1.8153 | EMA = +1.7233 | std(g_L) = 1.2971 | grad = 0.3387
step    680 | loss = -1.6530 | g_L = +1.6530 | EMA = +1.7455 | std(g_L) = 1.7330 | grad = 0.6610
step    700 | loss = -1.6600 | g_L = +1.6600 | EMA = +1.7365 | std(g_L) = 1.4927 | grad = 0.6454
step    720 | loss = -1.7974 | g_L = +1.7974 | EMA = +1.7190 | std(g_L) = 1.3551 | grad = 0.5692
step    740 | loss = -1.9031 | g_L = +1.9031 | EMA = +1.7400 | std(g_L) = 1.2441 | grad = 0.2555
step    760 | loss = -1.7609 | g_L = +1.7609 | EMA = +1.7248 | std(g_L) = 1.2424 | grad = 0.5086
step    780 | loss = -1.8657 | g_L = +1.8657 | EMA = +1.7307 | std(g_L) = 1.4139 | grad = 0.4193
step    800 | loss = -1.7195 | g_L = +1.7195 | EMA = +1.7654 | std(g_L) = 1.5163 | grad = 1.4047
step    820 | loss = -1.5431 | g_L = +1.5431 | EMA = +1.7405 | std(g_L) = 1.7586 | grad = 0.6270
step    840 | loss = -1.8138 | g_L = +1.8138 | EMA = +1.7583 | std(g_L) = 1.2975 | grad = 0.3790
step    860 | loss = -1.9402 | g_L = +1.9402 | EMA = +1.7583 | std(g_L) = 1.2736 | grad = 0.4249
step    880 | loss = -1.7136 | g_L = +1.7136 | EMA = +1.7536 | std(g_L) = 1.6166 | grad = 0.5364
step    900 | loss = -1.8153 | g_L = +1.8153 | EMA = +1.7728 | std(g_L) = 1.6366 | grad = 0.4690
step    920 | loss = -1.6525 | g_L = +1.6525 | EMA = +1.7645 | std(g_L) = 1.7777 | grad = 0.6980
step    940 | loss = -1.7766 | g_L = +1.7766 | EMA = +1.7701 | std(g_L) = 1.5338 | grad = 0.5376
step    960 | loss = -1.8029 | g_L = +1.8029 | EMA = +1.7844 | std(g_L) = 1.4237 | grad = 0.3490
step    980 | loss = -1.7908 | g_L = +1.7908 | EMA = +1.7785 | std(g_L) = 1.5996 | grad = 0.2025
step   1000 | loss = -1.6099 | g_L = +1.6099 | EMA = +1.7462 | std(g_L) = 1.7936 | grad = 1.0090
step   1020 | loss = -1.8420 | g_L = +1.8420 | EMA = +1.7936 | std(g_L) = 1.2285 | grad = 0.3519
step   1040 | loss = -1.8981 | g_L = +1.8981 | EMA = +1.7808 | std(g_L) = 1.1346 | grad = 0.6804
step   1060 | loss = -1.9421 | g_L = +1.9421 | EMA = +1.7925 | std(g_L) = 1.2886 | grad = 0.8758
step   1080 | loss = -1.7654 | g_L = +1.7654 | EMA = +1.7852 | std(g_L) = 1.4035 | grad = 0.5540
step   1100 | loss = -1.9633 | g_L = +1.9633 | EMA = +1.7721 | std(g_L) = 1.8125 | grad = 0.5527
step   1120 | loss = -1.6845 | g_L = +1.6845 | EMA = +1.7770 | std(g_L) = 1.3892 | grad = 0.7344
step   1140 | loss = -1.8875 | g_L = +1.8875 | EMA = +1.8169 | std(g_L) = 1.7557 | grad = 0.6006
step   1160 | loss = -1.8732 | g_L = +1.8732 | EMA = +1.8493 | std(g_L) = 1.3911 | grad = 0.7571
step   1180 | loss = -1.8536 | g_L = +1.8536 | EMA = +1.8337 | std(g_L) = 1.5669 | grad = 0.4100
step   1200 | loss = -1.8435 | g_L = +1.8435 | EMA = +1.8341 | std(g_L) = 1.2580 | grad = 0.5498
step   1220 | loss = -1.8146 | g_L = +1.8146 | EMA = +1.8720 | std(g_L) = 1.4156 | grad = 0.7181
step   1240 | loss = -1.8177 | g_L = +1.8177 | EMA = +1.8491 | std(g_L) = 1.3531 | grad = 0.4220
step   1260 | loss = -1.9452 | g_L = +1.9452 | EMA = +1.8521 | std(g_L) = 1.2840 | grad = 0.5762
step   1280 | loss = -1.8509 | g_L = +1.8509 | EMA = +1.8329 | std(g_L) = 1.4147 | grad = 0.4740
step   1300 | loss = -1.9038 | g_L = +1.9038 | EMA = +1.8590 | std(g_L) = 1.2752 | grad = 0.2852
step   1320 | loss = -1.8384 | g_L = +1.8384 | EMA = +1.8439 | std(g_L) = 1.4509 | grad = 0.5598
step   1340 | loss = -1.9918 | g_L = +1.9918 | EMA = +1.8909 | std(g_L) = 1.1425 | grad = 0.8731
step   1360 | loss = -1.8917 | g_L = +1.8917 | EMA = +1.8837 | std(g_L) = 1.4683 | grad = 0.8736
step   1380 | loss = -1.9840 | g_L = +1.9840 | EMA = +1.9256 | std(g_L) = 1.1653 | grad = 0.5958
step   1400 | loss = -1.8911 | g_L = +1.8911 | EMA = +1.9333 | std(g_L) = 1.3261 | grad = 0.5140
step   1420 | loss = -2.0236 | g_L = +2.0236 | EMA = +1.9600 | std(g_L) = 1.2587 | grad = 0.5950
step   1440 | loss = -2.1066 | g_L = +2.1066 | EMA = +1.9566 | std(g_L) = 1.0896 | grad = 0.6479
step   1460 | loss = -1.9721 | g_L = +1.9721 | EMA = +1.9764 | std(g_L) = 1.4129 | grad = 0.4397
step   1480 | loss = -1.8904 | g_L = +1.8904 | EMA = +1.9939 | std(g_L) = 1.3921 | grad = 0.4308
step   1500 | loss = -1.8485 | g_L = +1.8485 | EMA = +2.0015 | std(g_L) = 1.4474 | grad = 0.5859
step   1520 | loss = -2.0210 | g_L = +2.0210 | EMA = +1.9696 | std(g_L) = 1.0214 | grad = 0.3199
step   1540 | loss = -2.0093 | g_L = +2.0093 | EMA = +1.9829 | std(g_L) = 1.1988 | grad = 1.1546
step   1560 | loss = -2.1325 | g_L = +2.1325 | EMA = +2.0251 | std(g_L) = 1.1147 | grad = 0.4696
step   1580 | loss = -2.1013 | g_L = +2.1013 | EMA = +2.0442 | std(g_L) = 1.0498 | grad = 0.3102
step   1600 | loss = -2.0152 | g_L = +2.0152 | EMA = +2.0435 | std(g_L) = 1.1796 | grad = 0.6028
step   1620 | loss = -2.0876 | g_L = +2.0876 | EMA = +2.0339 | std(g_L) = 1.1863 | grad = 0.6298
step   1640 | loss = -2.1581 | g_L = +2.1581 | EMA = +2.0344 | std(g_L) = 0.9782 | grad = 0.6882
step   1660 | loss = -1.9386 | g_L = +1.9386 | EMA = +2.0455 | std(g_L) = 1.3410 | grad = 0.3061
step   1680 | loss = -2.2295 | g_L = +2.2295 | EMA = +2.0568 | std(g_L) = 1.1011 | grad = 0.3930
step   1700 | loss = -2.1412 | g_L = +2.1412 | EMA = +2.0528 | std(g_L) = 1.3002 | grad = 0.7437
step   1720 | loss = -1.9793 | g_L = +1.9793 | EMA = +2.0740 | std(g_L) = 1.3218 | grad = 1.0541
step   1740 | loss = -1.9736 | g_L = +1.9736 | EMA = +2.0458 | std(g_L) = 1.3905 | grad = 0.5669
step   1760 | loss = -2.0656 | g_L = +2.0656 | EMA = +2.0569 | std(g_L) = 1.1359 | grad = 0.8113
step   1780 | loss = -2.0310 | g_L = +2.0310 | EMA = +2.0331 | std(g_L) = 1.3539 | grad = 0.9062
step   1800 | loss = -2.0625 | g_L = +2.0625 | EMA = +2.0702 | std(g_L) = 1.4489 | grad = 0.6665
step   1820 | loss = -2.2897 | g_L = +2.2897 | EMA = +2.0925 | std(g_L) = 1.1287 | grad = 0.3593
step   1840 | loss = -2.2362 | g_L = +2.2362 | EMA = +2.0876 | std(g_L) = 1.0679 | grad = 0.6056
step   1860 | loss = -2.0318 | g_L = +2.0318 | EMA = +2.0885 | std(g_L) = 1.2996 | grad = 0.5085
step   1880 | loss = -2.1011 | g_L = +2.1011 | EMA = +2.0818 | std(g_L) = 1.3633 | grad = 0.5699
step   1900 | loss = -2.2644 | g_L = +2.2644 | EMA = +2.1065 | std(g_L) = 1.0766 | grad = 0.6008
step   1920 | loss = -2.0014 | g_L = +2.0014 | EMA = +2.0808 | std(g_L) = 1.6870 | grad = 0.8844
step   1940 | loss = -2.2885 | g_L = +2.2885 | EMA = +2.1091 | std(g_L) = 1.0028 | grad = 0.7177
step   1960 | loss = -1.9628 | g_L = +1.9628 | EMA = +2.0862 | std(g_L) = 1.4357 | grad = 0.8472
step   1980 | loss = -2.0928 | g_L = +2.0928 | EMA = +2.0779 | std(g_L) = 1.3163 | grad = 0.4819
step   2000 | loss = -1.8988 | g_L = +1.8988 | EMA = +2.0793 | std(g_L) = 1.4496 | grad = 0.5286
step   2020 | loss = -2.0296 | g_L = +2.0296 | EMA = +2.0961 | std(g_L) = 1.5944 | grad = 0.4262
step   2040 | loss = -2.1387 | g_L = +2.1387 | EMA = +2.0806 | std(g_L) = 1.5476 | grad = 0.4699
step   2060 | loss = -2.1086 | g_L = +2.1086 | EMA = +2.0863 | std(g_L) = 1.3945 | grad = 0.9401
step   2080 | loss = -2.2381 | g_L = +2.2381 | EMA = +2.1064 | std(g_L) = 1.0489 | grad = 0.7777
step   2100 | loss = -1.9714 | g_L = +1.9714 | EMA = +2.1139 | std(g_L) = 1.5164 | grad = 0.6825
step   2120 | loss = -2.1806 | g_L = +2.1806 | EMA = +2.1234 | std(g_L) = 1.1282 | grad = 0.4295
step   2140 | loss = -2.1018 | g_L = +2.1018 | EMA = +2.1150 | std(g_L) = 1.1967 | grad = 0.5655
step   2160 | loss = -1.9560 | g_L = +1.9560 | EMA = +2.1146 | std(g_L) = 1.2918 | grad = 0.7729
step   2180 | loss = -2.2992 | g_L = +2.2992 | EMA = +2.1415 | std(g_L) = 1.1778 | grad = 0.5071
step   2200 | loss = -2.0726 | g_L = +2.0726 | EMA = +2.1162 | std(g_L) = 1.1701 | grad = 1.1812
step   2220 | loss = -2.1522 | g_L = +2.1522 | EMA = +2.1109 | std(g_L) = 1.0314 | grad = 0.4093
step   2240 | loss = -2.0439 | g_L = +2.0439 | EMA = +2.1129 | std(g_L) = 1.2810 | grad = 0.8208
step   2260 | loss = -2.0123 | g_L = +2.0123 | EMA = +2.1130 | std(g_L) = 1.4054 | grad = 0.3473
step   2280 | loss = -1.9448 | g_L = +1.9448 | EMA = +2.1031 | std(g_L) = 1.8187 | grad = 0.3763
step   2300 | loss = -2.1750 | g_L = +2.1750 | EMA = +2.1161 | std(g_L) = 1.0961 | grad = 0.6896
step   2320 | loss = -2.1762 | g_L = +2.1762 | EMA = +2.1158 | std(g_L) = 1.5098 | grad = 0.3297
step   2340 | loss = -2.1617 | g_L = +2.1617 | EMA = +2.1342 | std(g_L) = 1.3069 | grad = 0.4792
step   2360 | loss = -2.1977 | g_L = +2.1977 | EMA = +2.1331 | std(g_L) = 1.0757 | grad = 0.1931
step   2380 | loss = -2.1428 | g_L = +2.1428 | EMA = +2.1111 | std(g_L) = 1.2572 | grad = 0.3144
step   2400 | loss = -1.9661 | g_L = +1.9661 | EMA = +2.1096 | std(g_L) = 1.4179 | grad = 0.6056
step   2420 | loss = -2.1442 | g_L = +2.1442 | EMA = +2.1188 | std(g_L) = 1.1945 | grad = 0.7157
step   2440 | loss = -2.3353 | g_L = +2.3353 | EMA = +2.1338 | std(g_L) = 0.9580 | grad = 0.8159
step   2460 | loss = -2.1818 | g_L = +2.1818 | EMA = +2.1592 | std(g_L) = 1.0471 | grad = 0.2822
step   2480 | loss = -2.1845 | g_L = +2.1845 | EMA = +2.1556 | std(g_L) = 1.2624 | grad = 0.6550
step   2500 | loss = -2.1198 | g_L = +2.1198 | EMA = +2.1258 | std(g_L) = 1.3033 | grad = 0.7500
step   2520 | loss = -2.1044 | g_L = +2.1044 | EMA = +2.1711 | std(g_L) = 1.0047 | grad = 0.5752
step   2540 | loss = -2.1586 | g_L = +2.1586 | EMA = +2.1565 | std(g_L) = 1.2020 | grad = 0.6114
step   2560 | loss = -1.9895 | g_L = +1.9895 | EMA = +2.1251 | std(g_L) = 1.5661 | grad = 0.4428
step   2580 | loss = -2.0446 | g_L = +2.0446 | EMA = +2.1130 | std(g_L) = 1.2244 | grad = 1.1335
step   2600 | loss = -2.0868 | g_L = +2.0868 | EMA = +2.1105 | std(g_L) = 1.2380 | grad = 0.5517
step   2620 | loss = -2.0846 | g_L = +2.0846 | EMA = +2.1232 | std(g_L) = 1.2813 | grad = 0.4553
step   2640 | loss = -2.1052 | g_L = +2.1052 | EMA = +2.1249 | std(g_L) = 1.3733 | grad = 0.2010
step   2660 | loss = -2.1735 | g_L = +2.1735 | EMA = +2.1067 | std(g_L) = 1.3071 | grad = 0.5165
step   2680 | loss = -2.1191 | g_L = +2.1191 | EMA = +2.1150 | std(g_L) = 1.2709 | grad = 0.5247
step   2700 | loss = -1.9097 | g_L = +1.9097 | EMA = +2.1113 | std(g_L) = 1.9574 | grad = 0.5367
step   2720 | loss = -2.1472 | g_L = +2.1472 | EMA = +2.1418 | std(g_L) = 1.2748 | grad = 0.4903
step   2740 | loss = -2.0067 | g_L = +2.0067 | EMA = +2.1196 | std(g_L) = 1.4245 | grad = 0.3704
step   2760 | loss = -2.2923 | g_L = +2.2923 | EMA = +2.1264 | std(g_L) = 1.0900 | grad = 1.2608
step   2780 | loss = -2.1224 | g_L = +2.1224 | EMA = +2.1273 | std(g_L) = 1.5047 | grad = 0.6496
step   2800 | loss = -2.0889 | g_L = +2.0889 | EMA = +2.1488 | std(g_L) = 1.3097 | grad = 0.5331
step   2820 | loss = -2.1767 | g_L = +2.1767 | EMA = +2.1437 | std(g_L) = 1.0633 | grad = 0.7934
step   2840 | loss = -2.2301 | g_L = +2.2301 | EMA = +2.1222 | std(g_L) = 1.1558 | grad = 0.5338
step   2860 | loss = -2.0712 | g_L = +2.0712 | EMA = +2.1351 | std(g_L) = 1.5446 | grad = 0.6268
step   2880 | loss = -2.2869 | g_L = +2.2869 | EMA = +2.1498 | std(g_L) = 0.9851 | grad = 0.4974
step   2900 | loss = -2.2075 | g_L = +2.2075 | EMA = +2.1401 | std(g_L) = 0.9999 | grad = 0.7297
step   2920 | loss = -2.1253 | g_L = +2.1253 | EMA = +2.1524 | std(g_L) = 1.2145 | grad = 0.3072
step   2940 | loss = -2.1143 | g_L = +2.1143 | EMA = +2.1432 | std(g_L) = 1.1660 | grad = 0.5059
step   2960 | loss = -2.1731 | g_L = +2.1731 | EMA = +2.1590 | std(g_L) = 1.2871 | grad = 1.3550
step   2980 | loss = -2.1297 | g_L = +2.1297 | EMA = +2.1662 | std(g_L) = 1.2900 | grad = 0.8057
step   3000 | loss = -2.2461 | g_L = +2.2461 | EMA = +2.1661 | std(g_L) = 0.9464 | grad = 0.6393
step   3020 | loss = -1.9300 | g_L = +1.9300 | EMA = +2.1639 | std(g_L) = 1.5675 | grad = 0.2840
step   3040 | loss = -2.1629 | g_L = +2.1629 | EMA = +2.1573 | std(g_L) = 1.1748 | grad = 0.3903
step   3060 | loss = -2.1816 | g_L = +2.1816 | EMA = +2.1507 | std(g_L) = 1.2718 | grad = 0.5874
step   3080 | loss = -1.8407 | g_L = +1.8407 | EMA = +2.1427 | std(g_L) = 1.6259 | grad = 0.3471
step   3100 | loss = -2.2392 | g_L = +2.2392 | EMA = +2.1382 | std(g_L) = 1.5485 | grad = 0.4316
step   3120 | loss = -2.1032 | g_L = +2.1032 | EMA = +2.1519 | std(g_L) = 1.6066 | grad = 0.5025
step   3140 | loss = -2.1375 | g_L = +2.1375 | EMA = +2.1458 | std(g_L) = 1.2162 | grad = 0.8589
step   3160 | loss = -2.3149 | g_L = +2.3149 | EMA = +2.1488 | std(g_L) = 0.9753 | grad = 0.2981
step   3180 | loss = -2.3089 | g_L = +2.3089 | EMA = +2.1656 | std(g_L) = 1.1429 | grad = 0.9395
step   3200 | loss = -2.0367 | g_L = +2.0367 | EMA = +2.1597 | std(g_L) = 1.5643 | grad = 0.4421
step   3220 | loss = -2.3034 | g_L = +2.3034 | EMA = +2.1482 | std(g_L) = 0.9310 | grad = 0.6025
step   3240 | loss = -2.0133 | g_L = +2.0133 | EMA = +2.1468 | std(g_L) = 1.4115 | grad = 0.3329
step   3260 | loss = -2.1920 | g_L = +2.1920 | EMA = +2.1544 | std(g_L) = 1.1051 | grad = 0.8755
step   3280 | loss = -2.1452 | g_L = +2.1452 | EMA = +2.1189 | std(g_L) = 1.2547 | grad = 0.5412
step   3300 | loss = -1.8824 | g_L = +1.8824 | EMA = +2.1040 | std(g_L) = 1.6828 | grad = 0.2988
step   3320 | loss = -2.2297 | g_L = +2.2297 | EMA = +2.1272 | std(g_L) = 1.3789 | grad = 0.5174
step   3340 | loss = -2.2984 | g_L = +2.2984 | EMA = +2.1431 | std(g_L) = 0.9760 | grad = 0.4611
step   3360 | loss = -2.2110 | g_L = +2.2110 | EMA = +2.1483 | std(g_L) = 1.1393 | grad = 0.7461
step   3380 | loss = -2.2604 | g_L = +2.2604 | EMA = +2.1711 | std(g_L) = 0.9625 | grad = 0.7865
step   3400 | loss = -2.0936 | g_L = +2.0936 | EMA = +2.1774 | std(g_L) = 1.5936 | grad = 0.5494
step   3420 | loss = -2.2671 | g_L = +2.2671 | EMA = +2.1657 | std(g_L) = 1.3092 | grad = 0.2098
step   3440 | loss = -2.1882 | g_L = +2.1882 | EMA = +2.1564 | std(g_L) = 1.1172 | grad = 0.4228
step   3460 | loss = -2.0821 | g_L = +2.0821 | EMA = +2.1425 | std(g_L) = 1.3834 | grad = 0.2747
step   3480 | loss = -2.3713 | g_L = +2.3713 | EMA = +2.1575 | std(g_L) = 1.0350 | grad = 0.2299
step   3500 | loss = -2.1909 | g_L = +2.1909 | EMA = +2.1783 | std(g_L) = 1.1199 | grad = 0.5028
step   3520 | loss = -2.0039 | g_L = +2.0039 | EMA = +2.1697 | std(g_L) = 1.5773 | grad = 0.5041
step   3540 | loss = -2.1058 | g_L = +2.1058 | EMA = +2.1623 | std(g_L) = 1.3168 | grad = 0.4880
step   3560 | loss = -2.1233 | g_L = +2.1233 | EMA = +2.1731 | std(g_L) = 1.4605 | grad = 0.9724
step   3580 | loss = -2.0160 | g_L = +2.0160 | EMA = +2.1496 | std(g_L) = 1.3871 | grad = 0.5261
step   3600 | loss = -2.1507 | g_L = +2.1507 | EMA = +2.1411 | std(g_L) = 1.0099 | grad = 0.6523
step   3620 | loss = -2.1988 | g_L = +2.1988 | EMA = +2.1450 | std(g_L) = 1.1752 | grad = 0.3063
step   3640 | loss = -1.9913 | g_L = +1.9913 | EMA = +2.1556 | std(g_L) = 1.3328 | grad = 0.9630
step   3660 | loss = -2.1305 | g_L = +2.1305 | EMA = +2.1340 | std(g_L) = 1.1850 | grad = 0.5311
step   3680 | loss = -2.1375 | g_L = +2.1375 | EMA = +2.1443 | std(g_L) = 1.2904 | grad = 1.0147
step   3700 | loss = -2.2955 | g_L = +2.2955 | EMA = +2.1838 | std(g_L) = 1.0300 | grad = 0.5269
step   3720 | loss = -2.1577 | g_L = +2.1577 | EMA = +2.1719 | std(g_L) = 1.1170 | grad = 0.6736
step   3740 | loss = -2.2682 | g_L = +2.2682 | EMA = +2.1653 | std(g_L) = 1.0031 | grad = 0.3822
step   3760 | loss = -2.0861 | g_L = +2.0861 | EMA = +2.1377 | std(g_L) = 1.1920 | grad = 0.7127
step   3780 | loss = -2.2014 | g_L = +2.2014 | EMA = +2.1373 | std(g_L) = 1.0070 | grad = 0.7097
step   3800 | loss = -2.0133 | g_L = +2.0133 | EMA = +2.1244 | std(g_L) = 1.8061 | grad = 0.7594
step   3820 | loss = -2.2876 | g_L = +2.2876 | EMA = +2.1508 | std(g_L) = 0.9836 | grad = 0.9793
step   3840 | loss = -2.1563 | g_L = +2.1563 | EMA = +2.1378 | std(g_L) = 1.3265 | grad = 0.8996
step   3860 | loss = -2.0208 | g_L = +2.0208 | EMA = +2.1370 | std(g_L) = 1.3238 | grad = 0.5802
step   3880 | loss = -2.2043 | g_L = +2.2043 | EMA = +2.1490 | std(g_L) = 1.0283 | grad = 1.5053
step   3900 | loss = -2.1493 | g_L = +2.1493 | EMA = +2.1620 | std(g_L) = 1.2253 | grad = 0.4072
step   3920 | loss = -2.2637 | g_L = +2.2637 | EMA = +2.1672 | std(g_L) = 1.0076 | grad = 0.5673
step   3940 | loss = -2.2596 | g_L = +2.2596 | EMA = +2.1494 | std(g_L) = 1.0000 | grad = 0.5662
step   3960 | loss = -2.1510 | g_L = +2.1510 | EMA = +2.1607 | std(g_L) = 1.2731 | grad = 0.5015
step   3980 | loss = -2.2569 | g_L = +2.2569 | EMA = +2.1510 | std(g_L) = 0.9954 | grad = 0.5923
step   4000 | loss = -2.2329 | g_L = +2.2329 | EMA = +2.1604 | std(g_L) = 1.0346 | grad = 0.1965
step   4020 | loss = -2.0922 | g_L = +2.0922 | EMA = +2.1470 | std(g_L) = 1.2046 | grad = 0.4963
step   4040 | loss = -2.1597 | g_L = +2.1597 | EMA = +2.1435 | std(g_L) = 1.2164 | grad = 0.6502
step   4060 | loss = -2.1641 | g_L = +2.1641 | EMA = +2.1489 | std(g_L) = 1.1426 | grad = 0.3369
step   4080 | loss = -2.1682 | g_L = +2.1682 | EMA = +2.1769 | std(g_L) = 1.1366 | grad = 0.7883
step   4100 | loss = -2.2037 | g_L = +2.2037 | EMA = +2.1937 | std(g_L) = 1.0086 | grad = 1.2756
step   4120 | loss = -1.9975 | g_L = +1.9975 | EMA = +2.1554 | std(g_L) = 1.2242 | grad = 0.5283
step   4140 | loss = -2.1862 | g_L = +2.1862 | EMA = +2.1568 | std(g_L) = 1.1908 | grad = 0.2764
step   4160 | loss = -2.1839 | g_L = +2.1839 | EMA = +2.1766 | std(g_L) = 1.2779 | grad = 0.5257
step   4180 | loss = -2.0884 | g_L = +2.0884 | EMA = +2.1660 | std(g_L) = 1.3540 | grad = 0.7005
step   4200 | loss = -2.2725 | g_L = +2.2725 | EMA = +2.1658 | std(g_L) = 1.2629 | grad = 0.6378
step   4220 | loss = -2.1197 | g_L = +2.1197 | EMA = +2.1887 | std(g_L) = 1.2599 | grad = 0.5784
step   4240 | loss = -2.1405 | g_L = +2.1405 | EMA = +2.1904 | std(g_L) = 1.4710 | grad = 0.4880
step   4260 | loss = -2.0942 | g_L = +2.0942 | EMA = +2.1777 | std(g_L) = 1.4801 | grad = 0.6068
step   4280 | loss = -2.0493 | g_L = +2.0493 | EMA = +2.1476 | std(g_L) = 1.5234 | grad = 0.8568
step   4300 | loss = -2.0277 | g_L = +2.0277 | EMA = +2.1311 | std(g_L) = 1.4136 | grad = 0.6268
step   4320 | loss = -2.2486 | g_L = +2.2486 | EMA = +2.1682 | std(g_L) = 1.1657 | grad = 0.4833
step   4340 | loss = -2.1751 | g_L = +2.1751 | EMA = +2.1555 | std(g_L) = 1.0373 | grad = 0.4686
step   4360 | loss = -2.2150 | g_L = +2.2150 | EMA = +2.1379 | std(g_L) = 1.2191 | grad = 0.4242
step   4380 | loss = -2.2400 | g_L = +2.2400 | EMA = +2.1526 | std(g_L) = 1.1440 | grad = 0.4451
step   4400 | loss = -2.2988 | g_L = +2.2988 | EMA = +2.1769 | std(g_L) = 1.1137 | grad = 0.6097
step   4420 | loss = -2.0407 | g_L = +2.0407 | EMA = +2.1600 | std(g_L) = 1.5416 | grad = 0.5198
step   4440 | loss = -2.2266 | g_L = +2.2266 | EMA = +2.1533 | std(g_L) = 1.0704 | grad = 0.7431
step   4460 | loss = -2.1358 | g_L = +2.1358 | EMA = +2.1597 | std(g_L) = 1.2740 | grad = 0.2276
step   4480 | loss = -2.0710 | g_L = +2.0710 | EMA = +2.1822 | std(g_L) = 1.1723 | grad = 0.1932
step   4500 | loss = -2.2731 | g_L = +2.2731 | EMA = +2.1674 | std(g_L) = 1.0572 | grad = 0.6962
step   4520 | loss = -2.0651 | g_L = +2.0651 | EMA = +2.1753 | std(g_L) = 1.3555 | grad = 0.4660
step   4540 | loss = -2.1739 | g_L = +2.1739 | EMA = +2.1508 | std(g_L) = 1.0846 | grad = 0.6478
step   4560 | loss = -2.2341 | g_L = +2.2341 | EMA = +2.1514 | std(g_L) = 0.9946 | grad = 0.4313
step   4580 | loss = -2.3000 | g_L = +2.3000 | EMA = +2.1654 | std(g_L) = 0.9078 | grad = 0.4628
step   4600 | loss = -2.1607 | g_L = +2.1607 | EMA = +2.1496 | std(g_L) = 1.1420 | grad = 0.5474
step   4620 | loss = -2.2601 | g_L = +2.2601 | EMA = +2.1402 | std(g_L) = 1.1279 | grad = 0.4852
step   4640 | loss = -2.1222 | g_L = +2.1222 | EMA = +2.1491 | std(g_L) = 1.0586 | grad = 0.2445
step   4660 | loss = -2.2091 | g_L = +2.2091 | EMA = +2.1687 | std(g_L) = 1.0510 | grad = 0.5897
step   4680 | loss = -2.1206 | g_L = +2.1206 | EMA = +2.1480 | std(g_L) = 1.3611 | grad = 0.7878
step   4700 | loss = -2.3200 | g_L = +2.3200 | EMA = +2.1717 | std(g_L) = 0.9485 | grad = 0.5199
step   4720 | loss = -2.1926 | g_L = +2.1926 | EMA = +2.1798 | std(g_L) = 1.1311 | grad = 0.2821
step   4740 | loss = -2.1094 | g_L = +2.1094 | EMA = +2.1433 | std(g_L) = 1.0265 | grad = 0.6360
step   4760 | loss = -2.2577 | g_L = +2.2577 | EMA = +2.1749 | std(g_L) = 1.0443 | grad = 0.2883
step   4780 | loss = -2.1445 | g_L = +2.1445 | EMA = +2.1674 | std(g_L) = 1.0602 | grad = 0.2649
step   4800 | loss = -2.3507 | g_L = +2.3507 | EMA = +2.1771 | std(g_L) = 0.9430 | grad = 0.3849
step   4820 | loss = -2.2928 | g_L = +2.2928 | EMA = +2.1790 | std(g_L) = 0.9539 | grad = 0.4833
step   4840 | loss = -2.3341 | g_L = +2.3341 | EMA = +2.1741 | std(g_L) = 0.9236 | grad = 0.2450
step   4860 | loss = -1.9790 | g_L = +1.9790 | EMA = +2.1596 | std(g_L) = 1.5196 | grad = 1.0426
step   4880 | loss = -2.2536 | g_L = +2.2536 | EMA = +2.1682 | std(g_L) = 1.1934 | grad = 0.5383
step   4900 | loss = -2.1637 | g_L = +2.1637 | EMA = +2.1450 | std(g_L) = 1.2392 | grad = 0.2984
step   4920 | loss = -2.3107 | g_L = +2.3107 | EMA = +2.1602 | std(g_L) = 1.1715 | grad = 0.8909
step   4940 | loss = -2.0619 | g_L = +2.0619 | EMA = +2.1811 | std(g_L) = 1.3958 | grad = 1.2054
step   4960 | loss = -2.1153 | g_L = +2.1153 | EMA = +2.1799 | std(g_L) = 1.2680 | grad = 0.6254
step   4980 | loss = -2.1189 | g_L = +2.1189 | EMA = +2.1646 | std(g_L) = 1.3938 | grad = 0.5400
step   5000 | loss = -2.0104 | g_L = +2.0104 | EMA = +2.1426 | std(g_L) = 1.6939 | grad = 0.5714
step   5020 | loss = -2.1744 | g_L = +2.1744 | EMA = +2.1485 | std(g_L) = 1.2261 | grad = 1.4033
step   5040 | loss = -2.2395 | g_L = +2.2395 | EMA = +2.1631 | std(g_L) = 0.9681 | grad = 0.8880
step   5060 | loss = -2.1838 | g_L = +2.1838 | EMA = +2.1410 | std(g_L) = 1.1334 | grad = 0.3119
step   5080 | loss = -2.1978 | g_L = +2.1978 | EMA = +2.1641 | std(g_L) = 1.1206 | grad = 0.5906
step   5100 | loss = -2.1534 | g_L = +2.1534 | EMA = +2.1485 | std(g_L) = 1.1228 | grad = 1.0165
step   5120 | loss = -2.0915 | g_L = +2.0915 | EMA = +2.1472 | std(g_L) = 1.5172 | grad = 0.5183
step   5140 | loss = -2.1603 | g_L = +2.1603 | EMA = +2.1555 | std(g_L) = 1.0397 | grad = 0.4470
step   5160 | loss = -2.2099 | g_L = +2.2099 | EMA = +2.1618 | std(g_L) = 1.0878 | grad = 1.3150
step   5180 | loss = -2.0402 | g_L = +2.0402 | EMA = +2.1503 | std(g_L) = 1.2929 | grad = 0.5032
step   5200 | loss = -2.1268 | g_L = +2.1268 | EMA = +2.1515 | std(g_L) = 1.1547 | grad = 0.4610
step   5220 | loss = -2.1326 | g_L = +2.1326 | EMA = +2.1598 | std(g_L) = 1.0372 | grad = 1.1759
step   5240 | loss = -2.1944 | g_L = +2.1944 | EMA = +2.1903 | std(g_L) = 1.2990 | grad = 0.4588
step   5260 | loss = -2.1954 | g_L = +2.1954 | EMA = +2.1726 | std(g_L) = 1.2405 | grad = 0.3570
step   5280 | loss = -2.1524 | g_L = +2.1524 | EMA = +2.1687 | std(g_L) = 1.2973 | grad = 0.5948
step   5300 | loss = -2.3149 | g_L = +2.3149 | EMA = +2.1846 | std(g_L) = 1.0045 | grad = 0.3423
step   5320 | loss = -2.2768 | g_L = +2.2768 | EMA = +2.1848 | std(g_L) = 0.9654 | grad = 0.4073
step   5340 | loss = -2.1322 | g_L = +2.1322 | EMA = +2.1728 | std(g_L) = 1.1874 | grad = 0.8724
step   5360 | loss = -2.1428 | g_L = +2.1428 | EMA = +2.1383 | std(g_L) = 1.0928 | grad = 0.9092
step   5380 | loss = -2.2666 | g_L = +2.2666 | EMA = +2.1441 | std(g_L) = 0.9587 | grad = 0.5651
step   5400 | loss = -2.1813 | g_L = +2.1813 | EMA = +2.1584 | std(g_L) = 0.9991 | grad = 0.4791
step   5420 | loss = -2.2044 | g_L = +2.2044 | EMA = +2.1713 | std(g_L) = 1.2770 | grad = 0.3087
step   5440 | loss = -2.1243 | g_L = +2.1243 | EMA = +2.1721 | std(g_L) = 1.7412 | grad = 0.4582
step   5460 | loss = -2.2345 | g_L = +2.2345 | EMA = +2.1555 | std(g_L) = 0.9978 | grad = 0.2762
step   5480 | loss = -2.2014 | g_L = +2.2014 | EMA = +2.1847 | std(g_L) = 1.5769 | grad = 0.5228
step   5500 | loss = -2.1228 | g_L = +2.1228 | EMA = +2.1546 | std(g_L) = 1.2638 | grad = 0.4939
step   5520 | loss = -2.1874 | g_L = +2.1874 | EMA = +2.1647 | std(g_L) = 1.3377 | grad = 0.4047
step   5540 | loss = -2.2537 | g_L = +2.2537 | EMA = +2.1830 | std(g_L) = 1.0326 | grad = 0.4356
step   5560 | loss = -2.1542 | g_L = +2.1542 | EMA = +2.1787 | std(g_L) = 1.2207 | grad = 0.6566
step   5580 | loss = -2.1042 | g_L = +2.1042 | EMA = +2.1680 | std(g_L) = 1.3914 | grad = 1.1079
step   5600 | loss = -2.0942 | g_L = +2.0942 | EMA = +2.1455 | std(g_L) = 1.1336 | grad = 0.5022
step   5620 | loss = -2.1163 | g_L = +2.1163 | EMA = +2.1609 | std(g_L) = 1.2848 | grad = 0.2081
step   5640 | loss = -1.9779 | g_L = +1.9779 | EMA = +2.1544 | std(g_L) = 1.2349 | grad = 0.2478
step   5660 | loss = -2.2471 | g_L = +2.2471 | EMA = +2.1794 | std(g_L) = 1.2163 | grad = 0.2811
step   5680 | loss = -1.9761 | g_L = +1.9761 | EMA = +2.1664 | std(g_L) = 1.5997 | grad = 0.7490
step   5700 | loss = -2.1380 | g_L = +2.1380 | EMA = +2.1663 | std(g_L) = 1.1629 | grad = 0.3668
step   5720 | loss = -2.0300 | g_L = +2.0300 | EMA = +2.1659 | std(g_L) = 1.2216 | grad = 0.4724
step   5740 | loss = -2.1080 | g_L = +2.1080 | EMA = +2.1522 | std(g_L) = 1.4341 | grad = 0.3678
step   5760 | loss = -2.3179 | g_L = +2.3179 | EMA = +2.1820 | std(g_L) = 0.8782 | grad = 1.0513
step   5780 | loss = -2.2295 | g_L = +2.2295 | EMA = +2.1724 | std(g_L) = 1.2170 | grad = 0.7137
step   5800 | loss = -2.2304 | g_L = +2.2304 | EMA = +2.1673 | std(g_L) = 1.0141 | grad = 0.2728
step   5820 | loss = -2.2289 | g_L = +2.2289 | EMA = +2.1720 | std(g_L) = 0.9893 | grad = 0.6675
step   5840 | loss = -2.0939 | g_L = +2.0939 | EMA = +2.1818 | std(g_L) = 1.4264 | grad = 0.4589
step   5860 | loss = -2.0960 | g_L = +2.0960 | EMA = +2.1660 | std(g_L) = 1.2499 | grad = 0.4558
step   5880 | loss = -2.1515 | g_L = +2.1515 | EMA = +2.1697 | std(g_L) = 1.0933 | grad = 0.9980
step   5900 | loss = -2.1285 | g_L = +2.1285 | EMA = +2.1539 | std(g_L) = 1.4515 | grad = 0.9506
step   5920 | loss = -2.2379 | g_L = +2.2379 | EMA = +2.1754 | std(g_L) = 1.1844 | grad = 0.5629
step   5940 | loss = -2.1508 | g_L = +2.1508 | EMA = +2.1851 | std(g_L) = 1.2497 | grad = 0.7854
step   5960 | loss = -2.3194 | g_L = +2.3194 | EMA = +2.1824 | std(g_L) = 1.0610 | grad = 0.3828
step   5980 | loss = -2.2082 | g_L = +2.2082 | EMA = +2.2028 | std(g_L) = 1.0475 | grad = 0.4346
step   6000 | loss = -2.0929 | g_L = +2.0929 | EMA = +2.1776 | std(g_L) = 1.6046 | grad = 0.5025
step   6020 | loss = -2.1316 | g_L = +2.1316 | EMA = +2.1899 | std(g_L) = 1.1350 | grad = 0.4285
step   6040 | loss = -2.1183 | g_L = +2.1183 | EMA = +2.1844 | std(g_L) = 1.2557 | grad = 0.4361
step   6060 | loss = -2.1551 | g_L = +2.1551 | EMA = +2.1757 | std(g_L) = 1.3521 | grad = 0.7612
step   6080 | loss = -2.2833 | g_L = +2.2833 | EMA = +2.1737 | std(g_L) = 1.0872 | grad = 0.3381
step   6100 | loss = -2.1676 | g_L = +2.1676 | EMA = +2.1498 | std(g_L) = 1.1866 | grad = 0.6773
step   6120 | loss = -2.1370 | g_L = +2.1370 | EMA = +2.1502 | std(g_L) = 1.5938 | grad = 0.3193
step   6140 | loss = -2.2373 | g_L = +2.2373 | EMA = +2.1876 | std(g_L) = 1.1314 | grad = 0.7834
step   6160 | loss = -2.3181 | g_L = +2.3181 | EMA = +2.2002 | std(g_L) = 0.8921 | grad = 0.5069
step   6180 | loss = -2.1394 | g_L = +2.1394 | EMA = +2.1636 | std(g_L) = 1.3358 | grad = 1.0205
step   6200 | loss = -2.2608 | g_L = +2.2608 | EMA = +2.1602 | std(g_L) = 1.1848 | grad = 0.5842
step   6220 | loss = -2.2446 | g_L = +2.2446 | EMA = +2.1488 | std(g_L) = 1.1239 | grad = 0.3339
step   6240 | loss = -2.0786 | g_L = +2.0786 | EMA = +2.1545 | std(g_L) = 1.1411 | grad = 0.5746
step   6260 | loss = -2.1648 | g_L = +2.1648 | EMA = +2.1702 | std(g_L) = 1.2825 | grad = 0.8039
step   6280 | loss = -2.1718 | g_L = +2.1718 | EMA = +2.1577 | std(g_L) = 1.0634 | grad = 0.8630
step   6300 | loss = -2.2346 | g_L = +2.2346 | EMA = +2.1754 | std(g_L) = 1.1773 | grad = 0.5030
step   6320 | loss = -2.1689 | g_L = +2.1689 | EMA = +2.1734 | std(g_L) = 1.4404 | grad = 0.5877
step   6340 | loss = -2.1671 | g_L = +2.1671 | EMA = +2.1813 | std(g_L) = 1.1480 | grad = 0.8046
step   6360 | loss = -2.2377 | g_L = +2.2377 | EMA = +2.1738 | std(g_L) = 1.3020 | grad = 0.7007
step   6380 | loss = -1.9934 | g_L = +1.9934 | EMA = +2.1818 | std(g_L) = 1.3488 | grad = 0.4641
step   6400 | loss = -2.2594 | g_L = +2.2594 | EMA = +2.1762 | std(g_L) = 1.0422 | grad = 0.4756
step   6420 | loss = -2.1157 | g_L = +2.1157 | EMA = +2.1533 | std(g_L) = 1.0236 | grad = 0.5956
step   6440 | loss = -2.1316 | g_L = +2.1316 | EMA = +2.1618 | std(g_L) = 1.1426 | grad = 0.3560
step   6460 | loss = -2.2720 | g_L = +2.2720 | EMA = +2.1638 | std(g_L) = 0.9624 | grad = 0.8007
step   6480 | loss = -2.2069 | g_L = +2.2069 | EMA = +2.1827 | std(g_L) = 1.1464 | grad = 0.5635
step   6500 | loss = -2.2367 | g_L = +2.2367 | EMA = +2.1848 | std(g_L) = 0.9656 | grad = 0.7466
step   6520 | loss = -2.1867 | g_L = +2.1867 | EMA = +2.1964 | std(g_L) = 0.9628 | grad = 0.4430
step   6540 | loss = -1.9492 | g_L = +1.9492 | EMA = +2.1436 | std(g_L) = 1.2530 | grad = 1.3286
step   6560 | loss = -2.1525 | g_L = +2.1525 | EMA = +2.1711 | std(g_L) = 1.6311 | grad = 0.5327
step   6580 | loss = -2.2326 | g_L = +2.2326 | EMA = +2.1669 | std(g_L) = 1.2538 | grad = 0.3982
step   6600 | loss = -2.2227 | g_L = +2.2227 | EMA = +2.1595 | std(g_L) = 1.3157 | grad = 0.4639
step   6620 | loss = -2.1102 | g_L = +2.1102 | EMA = +2.1676 | std(g_L) = 1.4364 | grad = 0.5331
step   6640 | loss = -2.0355 | g_L = +2.0355 | EMA = +2.1724 | std(g_L) = 1.3436 | grad = 0.8738
step   6660 | loss = -2.1915 | g_L = +2.1915 | EMA = +2.1578 | std(g_L) = 1.4722 | grad = 0.8666
step   6680 | loss = -2.2038 | g_L = +2.2038 | EMA = +2.1595 | std(g_L) = 1.2083 | grad = 0.4568
step   6700 | loss = -2.1005 | g_L = +2.1005 | EMA = +2.1814 | std(g_L) = 1.3875 | grad = 0.6411
step   6720 | loss = -2.2507 | g_L = +2.2507 | EMA = +2.1712 | std(g_L) = 0.9994 | grad = 0.3868
step   6740 | loss = -2.0960 | g_L = +2.0960 | EMA = +2.1612 | std(g_L) = 1.4261 | grad = 0.5659
step   6760 | loss = -2.1492 | g_L = +2.1492 | EMA = +2.1951 | std(g_L) = 1.1528 | grad = 0.5867
step   6780 | loss = -2.1135 | g_L = +2.1135 | EMA = +2.2106 | std(g_L) = 1.3395 | grad = 0.5559
step   6800 | loss = -2.0270 | g_L = +2.0270 | EMA = +2.1949 | std(g_L) = 1.2891 | grad = 0.9132
step   6820 | loss = -2.0762 | g_L = +2.0762 | EMA = +2.1927 | std(g_L) = 1.2741 | grad = 0.5831
step   6840 | loss = -2.2478 | g_L = +2.2478 | EMA = +2.1791 | std(g_L) = 1.0793 | grad = 0.4077
step   6860 | loss = -2.1670 | g_L = +2.1670 | EMA = +2.1959 | std(g_L) = 1.0706 | grad = 0.1406
step   6880 | loss = -2.2242 | g_L = +2.2242 | EMA = +2.1800 | std(g_L) = 1.0536 | grad = 0.7459
step   6900 | loss = -2.3176 | g_L = +2.3176 | EMA = +2.1885 | std(g_L) = 0.8450 | grad = 0.2189
step   6920 | loss = -2.2023 | g_L = +2.2023 | EMA = +2.1703 | std(g_L) = 1.0616 | grad = 0.5084
step   6940 | loss = -2.2326 | g_L = +2.2326 | EMA = +2.1926 | std(g_L) = 1.3486 | grad = 0.6206
step   6960 | loss = -2.0422 | g_L = +2.0422 | EMA = +2.1819 | std(g_L) = 1.3179 | grad = 0.3021
step   6980 | loss = -2.2720 | g_L = +2.2720 | EMA = +2.2027 | std(g_L) = 1.0474 | grad = 0.6681
step   7000 | loss = -2.1049 | g_L = +2.1049 | EMA = +2.2022 | std(g_L) = 1.3715 | grad = 0.5043
step   7020 | loss = -2.1866 | g_L = +2.1866 | EMA = +2.2029 | std(g_L) = 1.0516 | grad = 0.3747
step   7040 | loss = -2.2261 | g_L = +2.2261 | EMA = +2.1924 | std(g_L) = 1.1370 | grad = 0.6490
step   7060 | loss = -2.3600 | g_L = +2.3600 | EMA = +2.1668 | std(g_L) = 0.9478 | grad = 0.3916
step   7080 | loss = -2.1448 | g_L = +2.1448 | EMA = +2.1749 | std(g_L) = 1.3055 | grad = 0.3117
step   7100 | loss = -1.9711 | g_L = +1.9711 | EMA = +2.1703 | std(g_L) = 1.6792 | grad = 1.0457
step   7120 | loss = -2.2722 | g_L = +2.2722 | EMA = +2.1746 | std(g_L) = 1.0409 | grad = 0.4371
step   7140 | loss = -2.1569 | g_L = +2.1569 | EMA = +2.1577 | std(g_L) = 1.1232 | grad = 0.5634
step   7160 | loss = -2.2009 | g_L = +2.2009 | EMA = +2.1963 | std(g_L) = 1.0285 | grad = 0.6104
step   7180 | loss = -2.1856 | g_L = +2.1856 | EMA = +2.1915 | std(g_L) = 1.5195 | grad = 0.4969
step   7200 | loss = -2.1870 | g_L = +2.1870 | EMA = +2.1843 | std(g_L) = 1.3060 | grad = 0.8087
step   7220 | loss = -2.2007 | g_L = +2.2007 | EMA = +2.2045 | std(g_L) = 1.2157 | grad = 0.4166
step   7240 | loss = -2.1847 | g_L = +2.1847 | EMA = +2.1608 | std(g_L) = 1.4852 | grad = 0.4451
step   7260 | loss = -2.1084 | g_L = +2.1084 | EMA = +2.1706 | std(g_L) = 1.1151 | grad = 0.7365
step   7280 | loss = -2.0456 | g_L = +2.0456 | EMA = +2.1814 | std(g_L) = 1.3651 | grad = 0.4466
step   7300 | loss = -2.1555 | g_L = +2.1555 | EMA = +2.1739 | std(g_L) = 1.3334 | grad = 0.4903
step   7320 | loss = -2.1713 | g_L = +2.1713 | EMA = +2.1872 | std(g_L) = 1.0431 | grad = 0.2667
step   7340 | loss = -2.1485 | g_L = +2.1485 | EMA = +2.2137 | std(g_L) = 1.2146 | grad = 0.2860
step   7360 | loss = -2.1911 | g_L = +2.1911 | EMA = +2.1980 | std(g_L) = 1.2824 | grad = 0.4505
step   7380 | loss = -2.3316 | g_L = +2.3316 | EMA = +2.1862 | std(g_L) = 0.8379 | grad = 0.4777
step   7400 | loss = -2.1105 | g_L = +2.1105 | EMA = +2.1664 | std(g_L) = 1.3205 | grad = 0.7208
step   7420 | loss = -2.2208 | g_L = +2.2208 | EMA = +2.1655 | std(g_L) = 1.1256 | grad = 0.3311
step   7440 | loss = -2.1645 | g_L = +2.1645 | EMA = +2.1901 | std(g_L) = 1.0192 | grad = 0.5150
step   7460 | loss = -2.2849 | g_L = +2.2849 | EMA = +2.1989 | std(g_L) = 0.9484 | grad = 0.6382
step   7480 | loss = -2.1760 | g_L = +2.1760 | EMA = +2.1850 | std(g_L) = 1.1285 | grad = 1.1033
step   7500 | loss = -2.2963 | g_L = +2.2963 | EMA = +2.1826 | std(g_L) = 1.0970 | grad = 0.6425
step   7520 | loss = -2.1013 | g_L = +2.1013 | EMA = +2.1644 | std(g_L) = 1.1868 | grad = 0.4318
step   7540 | loss = -2.1156 | g_L = +2.1156 | EMA = +2.1725 | std(g_L) = 1.3756 | grad = 0.2167
step   7560 | loss = -2.2203 | g_L = +2.2203 | EMA = +2.1866 | std(g_L) = 1.1389 | grad = 0.9115
step   7580 | loss = -2.2251 | g_L = +2.2251 | EMA = +2.1908 | std(g_L) = 1.1667 | grad = 0.4570
step   7600 | loss = -2.1801 | g_L = +2.1801 | EMA = +2.1969 | std(g_L) = 1.2751 | grad = 0.7633
step   7620 | loss = -2.1136 | g_L = +2.1136 | EMA = +2.1650 | std(g_L) = 1.0944 | grad = 0.3919
step   7640 | loss = -2.1307 | g_L = +2.1307 | EMA = +2.2070 | std(g_L) = 1.1204 | grad = 0.4270
step   7660 | loss = -2.2672 | g_L = +2.2672 | EMA = +2.2072 | std(g_L) = 1.0361 | grad = 0.5430
step   7680 | loss = -2.0659 | g_L = +2.0659 | EMA = +2.2101 | std(g_L) = 1.2741 | grad = 1.0293
step   7700 | loss = -2.2024 | g_L = +2.2024 | EMA = +2.1954 | std(g_L) = 1.0400 | grad = 0.5839
step   7720 | loss = -2.0813 | g_L = +2.0813 | EMA = +2.1848 | std(g_L) = 1.4905 | grad = 0.3296
step   7740 | loss = -2.1230 | g_L = +2.1230 | EMA = +2.1693 | std(g_L) = 1.3025 | grad = 0.8938
step   7760 | loss = -2.3433 | g_L = +2.3433 | EMA = +2.1803 | std(g_L) = 1.1220 | grad = 0.5026
step   7780 | loss = -2.2025 | g_L = +2.2025 | EMA = +2.1744 | std(g_L) = 1.3395 | grad = 0.9684
step   7800 | loss = -2.2446 | g_L = +2.2446 | EMA = +2.1973 | std(g_L) = 1.1163 | grad = 1.1711
step   7820 | loss = -2.1712 | g_L = +2.1712 | EMA = +2.1827 | std(g_L) = 1.0108 | grad = 0.4734
step   7840 | loss = -2.2583 | g_L = +2.2583 | EMA = +2.1916 | std(g_L) = 0.9874 | grad = 0.5525
step   7860 | loss = -2.0824 | g_L = +2.0824 | EMA = +2.1622 | std(g_L) = 1.1952 | grad = 0.6537
step   7880 | loss = -2.1243 | g_L = +2.1243 | EMA = +2.1824 | std(g_L) = 1.2527 | grad = 0.4648
step   7900 | loss = -2.1459 | g_L = +2.1459 | EMA = +2.1878 | std(g_L) = 1.2201 | grad = 0.3194
step   7920 | loss = -2.2234 | g_L = +2.2234 | EMA = +2.2000 | std(g_L) = 1.1808 | grad = 0.6564
step   7940 | loss = -2.1450 | g_L = +2.1450 | EMA = +2.1864 | std(g_L) = 1.3446 | grad = 0.6064
step   7960 | loss = -2.0624 | g_L = +2.0624 | EMA = +2.1839 | std(g_L) = 1.2553 | grad = 0.5514
step   7980 | loss = -2.0934 | g_L = +2.0934 | EMA = +2.2035 | std(g_L) = 1.3110 | grad = 0.3374
step   8000 | loss = -2.1726 | g_L = +2.1726 | EMA = +2.1954 | std(g_L) = 1.2160 | grad = 1.2428
step   8020 | loss = -2.2183 | g_L = +2.2183 | EMA = +2.1803 | std(g_L) = 0.9553 | grad = 1.0859
step   8040 | loss = -2.1587 | g_L = +2.1587 | EMA = +2.1969 | std(g_L) = 0.9428 | grad = 0.9313
step   8060 | loss = -2.1378 | g_L = +2.1378 | EMA = +2.2045 | std(g_L) = 1.2617 | grad = 0.2862
step   8080 | loss = -2.1538 | g_L = +2.1538 | EMA = +2.1904 | std(g_L) = 1.4959 | grad = 0.8695
step   8100 | loss = -2.2724 | g_L = +2.2724 | EMA = +2.2098 | std(g_L) = 0.9003 | grad = 0.7113
step   8120 | loss = -2.3271 | g_L = +2.3271 | EMA = +2.2197 | std(g_L) = 1.0710 | grad = 0.8239
step   8140 | loss = -2.0990 | g_L = +2.0990 | EMA = +2.2173 | std(g_L) = 1.2630 | grad = 0.4860
step   8160 | loss = -2.1981 | g_L = +2.1981 | EMA = +2.2120 | std(g_L) = 0.9488 | grad = 0.7550
step   8180 | loss = -2.2944 | g_L = +2.2944 | EMA = +2.2152 | std(g_L) = 1.0128 | grad = 0.5369
step   8200 | loss = -2.2529 | g_L = +2.2529 | EMA = +2.1892 | std(g_L) = 1.0333 | grad = 0.9529
step   8220 | loss = -2.2040 | g_L = +2.2040 | EMA = +2.1864 | std(g_L) = 0.9518 | grad = 1.1952
step   8240 | loss = -2.2538 | g_L = +2.2538 | EMA = +2.1884 | std(g_L) = 1.1363 | grad = 1.3708
step   8260 | loss = -2.2926 | g_L = +2.2926 | EMA = +2.1823 | std(g_L) = 0.9666 | grad = 0.8330
step   8280 | loss = -2.1722 | g_L = +2.1722 | EMA = +2.2147 | std(g_L) = 1.1750 | grad = 0.4206
step   8300 | loss = -2.1520 | g_L = +2.1520 | EMA = +2.2090 | std(g_L) = 1.1830 | grad = 0.4367
step   8320 | loss = -2.2632 | g_L = +2.2632 | EMA = +2.2007 | std(g_L) = 1.1764 | grad = 0.6748
step   8340 | loss = -2.2333 | g_L = +2.2333 | EMA = +2.1953 | std(g_L) = 1.3779 | grad = 0.5495
step   8360 | loss = -2.1267 | g_L = +2.1267 | EMA = +2.1938 | std(g_L) = 1.2777 | grad = 0.8054
step   8380 | loss = -2.3330 | g_L = +2.3330 | EMA = +2.2113 | std(g_L) = 0.9770 | grad = 0.2723
step   8400 | loss = -2.2193 | g_L = +2.2193 | EMA = +2.2180 | std(g_L) = 1.2095 | grad = 0.4614
step   8420 | loss = -2.2076 | g_L = +2.2076 | EMA = +2.1906 | std(g_L) = 1.0852 | grad = 0.5897
step   8440 | loss = -2.1912 | g_L = +2.1912 | EMA = +2.1901 | std(g_L) = 1.3038 | grad = 0.3940
step   8460 | loss = -2.2609 | g_L = +2.2609 | EMA = +2.2137 | std(g_L) = 1.0730 | grad = 0.6361
step   8480 | loss = -2.1951 | g_L = +2.1951 | EMA = +2.2007 | std(g_L) = 1.3312 | grad = 0.8968
step   8500 | loss = -2.2412 | g_L = +2.2412 | EMA = +2.2072 | std(g_L) = 1.0437 | grad = 0.6140
step   8520 | loss = -2.2249 | g_L = +2.2249 | EMA = +2.1727 | std(g_L) = 1.0548 | grad = 1.2175
step   8540 | loss = -2.1944 | g_L = +2.1944 | EMA = +2.1914 | std(g_L) = 1.6935 | grad = 0.4575
step   8560 | loss = -2.3206 | g_L = +2.3206 | EMA = +2.2132 | std(g_L) = 1.2142 | grad = 0.8071
step   8580 | loss = -2.1237 | g_L = +2.1237 | EMA = +2.2145 | std(g_L) = 1.3466 | grad = 0.5123
step   8600 | loss = -2.2036 | g_L = +2.2036 | EMA = +2.2074 | std(g_L) = 0.9436 | grad = 0.3972
step   8620 | loss = -2.1753 | g_L = +2.1753 | EMA = +2.2017 | std(g_L) = 1.1040 | grad = 0.4215
step   8640 | loss = -2.2826 | g_L = +2.2826 | EMA = +2.1875 | std(g_L) = 1.1830 | grad = 0.4555
step   8660 | loss = -2.1594 | g_L = +2.1594 | EMA = +2.1888 | std(g_L) = 1.3283 | grad = 0.6811
step   8680 | loss = -2.1557 | g_L = +2.1557 | EMA = +2.1818 | std(g_L) = 1.2118 | grad = 0.5490
step   8700 | loss = -2.2376 | g_L = +2.2376 | EMA = +2.1892 | std(g_L) = 1.0297 | grad = 0.9506
step   8720 | loss = -2.2301 | g_L = +2.2301 | EMA = +2.2030 | std(g_L) = 1.1494 | grad = 0.3388
step   8740 | loss = -2.2001 | g_L = +2.2001 | EMA = +2.1943 | std(g_L) = 1.1467 | grad = 0.7215
step   8760 | loss = -2.1691 | g_L = +2.1691 | EMA = +2.2149 | std(g_L) = 1.2257 | grad = 0.5069
step   8780 | loss = -2.1929 | g_L = +2.1929 | EMA = +2.1937 | std(g_L) = 1.2488 | grad = 0.9206
step   8800 | loss = -2.3765 | g_L = +2.3765 | EMA = +2.2303 | std(g_L) = 0.8858 | grad = 0.8317
step   8820 | loss = -2.1907 | g_L = +2.1907 | EMA = +2.1923 | std(g_L) = 1.2552 | grad = 0.7908
step   8840 | loss = -2.1488 | g_L = +2.1488 | EMA = +2.2028 | std(g_L) = 1.0736 | grad = 0.1678
step   8860 | loss = -2.2195 | g_L = +2.2195 | EMA = +2.1799 | std(g_L) = 1.1492 | grad = 0.4198
step   8880 | loss = -2.1488 | g_L = +2.1488 | EMA = +2.1850 | std(g_L) = 1.2717 | grad = 0.2425
step   8900 | loss = -2.2150 | g_L = +2.2150 | EMA = +2.1990 | std(g_L) = 1.2167 | grad = 0.5045
step   8920 | loss = -2.2111 | g_L = +2.2111 | EMA = +2.1797 | std(g_L) = 0.9551 | grad = 1.2224
step   8940 | loss = -2.2175 | g_L = +2.2175 | EMA = +2.2133 | std(g_L) = 0.9366 | grad = 0.4464
step   8960 | loss = -2.1998 | g_L = +2.1998 | EMA = +2.2145 | std(g_L) = 1.3264 | grad = 0.7444
step   8980 | loss = -2.0814 | g_L = +2.0814 | EMA = +2.2109 | std(g_L) = 1.4464 | grad = 0.4446
step   9000 | loss = -2.0366 | g_L = +2.0366 | EMA = +2.2010 | std(g_L) = 1.3661 | grad = 0.3799
step   9020 | loss = -2.3060 | g_L = +2.3060 | EMA = +2.2010 | std(g_L) = 1.2833 | grad = 0.4504
step   9040 | loss = -2.2958 | g_L = +2.2958 | EMA = +2.2097 | std(g_L) = 0.9747 | grad = 0.8209
step   9060 | loss = -2.2715 | g_L = +2.2715 | EMA = +2.2217 | std(g_L) = 0.9721 | grad = 0.5412
step   9080 | loss = -2.1891 | g_L = +2.1891 | EMA = +2.2232 | std(g_L) = 1.2547 | grad = 0.6653
step   9100 | loss = -2.0929 | g_L = +2.0929 | EMA = +2.1995 | std(g_L) = 1.2095 | grad = 0.4054
step   9120 | loss = -2.2720 | g_L = +2.2720 | EMA = +2.2327 | std(g_L) = 1.3252 | grad = 0.5496
step   9140 | loss = -2.2252 | g_L = +2.2252 | EMA = +2.2297 | std(g_L) = 1.0850 | grad = 0.6935
step   9160 | loss = -2.1526 | g_L = +2.1526 | EMA = +2.2174 | std(g_L) = 1.3433 | grad = 0.5470
step   9180 | loss = -2.2558 | g_L = +2.2558 | EMA = +2.2163 | std(g_L) = 1.0757 | grad = 0.5209
step   9200 | loss = -2.0931 | g_L = +2.0931 | EMA = +2.2040 | std(g_L) = 1.3496 | grad = 0.5587
step   9220 | loss = -2.1556 | g_L = +2.1556 | EMA = +2.1869 | std(g_L) = 1.1378 | grad = 0.8427
step   9240 | loss = -2.2366 | g_L = +2.2366 | EMA = +2.2029 | std(g_L) = 1.1010 | grad = 0.2118
step   9260 | loss = -2.2744 | g_L = +2.2744 | EMA = +2.2292 | std(g_L) = 1.0058 | grad = 0.9240
step   9280 | loss = -2.2330 | g_L = +2.2330 | EMA = +2.2130 | std(g_L) = 1.1618 | grad = 0.4100
step   9300 | loss = -2.2998 | g_L = +2.2998 | EMA = +2.2335 | std(g_L) = 1.0119 | grad = 0.7053
step   9320 | loss = -2.2857 | g_L = +2.2857 | EMA = +2.2427 | std(g_L) = 1.0369 | grad = 1.0828
step   9340 | loss = -2.1981 | g_L = +2.1981 | EMA = +2.2322 | std(g_L) = 1.0068 | grad = 0.3862
step   9360 | loss = -2.2276 | g_L = +2.2276 | EMA = +2.2188 | std(g_L) = 1.2867 | grad = 1.1813
step   9380 | loss = -2.1717 | g_L = +2.1717 | EMA = +2.2283 | std(g_L) = 1.3711 | grad = 0.4201
step   9400 | loss = -2.2556 | g_L = +2.2556 | EMA = +2.2201 | std(g_L) = 1.1445 | grad = 0.8853
step   9420 | loss = -2.2240 | g_L = +2.2240 | EMA = +2.2088 | std(g_L) = 1.1270 | grad = 0.4905
step   9440 | loss = -2.2180 | g_L = +2.2180 | EMA = +2.2094 | std(g_L) = 0.9750 | grad = 0.8105
step   9460 | loss = -2.1904 | g_L = +2.1904 | EMA = +2.2386 | std(g_L) = 1.6348 | grad = 1.0505
step   9480 | loss = -2.3487 | g_L = +2.3487 | EMA = +2.2197 | std(g_L) = 0.9733 | grad = 0.4704
step   9500 | loss = -2.1981 | g_L = +2.1981 | EMA = +2.2247 | std(g_L) = 1.6642 | grad = 0.7215
step   9520 | loss = -2.2794 | g_L = +2.2794 | EMA = +2.2270 | std(g_L) = 1.0596 | grad = 0.3343
step   9540 | loss = -2.3118 | g_L = +2.3118 | EMA = +2.2254 | std(g_L) = 1.0163 | grad = 0.6667
step   9560 | loss = -2.0939 | g_L = +2.0939 | EMA = +2.2258 | std(g_L) = 1.3571 | grad = 0.6034
step   9580 | loss = -2.3075 | g_L = +2.3075 | EMA = +2.2142 | std(g_L) = 1.0999 | grad = 0.3665
step   9600 | loss = -2.2648 | g_L = +2.2648 | EMA = +2.2444 | std(g_L) = 1.0396 | grad = 0.9585
step   9620 | loss = -2.3468 | g_L = +2.3468 | EMA = +2.2147 | std(g_L) = 1.0248 | grad = 0.4612
step   9640 | loss = -2.1234 | g_L = +2.1234 | EMA = +2.2083 | std(g_L) = 1.1828 | grad = 0.9429
step   9660 | loss = -2.1710 | g_L = +2.1710 | EMA = +2.2028 | std(g_L) = 1.1862 | grad = 0.4526
step   9680 | loss = -2.1395 | g_L = +2.1395 | EMA = +2.2055 | std(g_L) = 1.2954 | grad = 0.4567
step   9700 | loss = -2.1008 | g_L = +2.1008 | EMA = +2.1871 | std(g_L) = 1.1195 | grad = 0.6797
step   9720 | loss = -2.0446 | g_L = +2.0446 | EMA = +2.2109 | std(g_L) = 1.0446 | grad = 0.6648
step   9740 | loss = -2.2516 | g_L = +2.2516 | EMA = +2.2236 | std(g_L) = 1.1497 | grad = 0.3341
step   9760 | loss = -2.3425 | g_L = +2.3425 | EMA = +2.2351 | std(g_L) = 1.3596 | grad = 0.6725
step   9780 | loss = -2.1974 | g_L = +2.1974 | EMA = +2.2075 | std(g_L) = 1.0880 | grad = 0.4380
step   9800 | loss = -2.1139 | g_L = +2.1139 | EMA = +2.2010 | std(g_L) = 1.3866 | grad = 0.4019
step   9820 | loss = -2.2394 | g_L = +2.2394 | EMA = +2.2028 | std(g_L) = 1.0525 | grad = 0.6508
step   9840 | loss = -2.1488 | g_L = +2.1488 | EMA = +2.2198 | std(g_L) = 1.4097 | grad = 1.1217
step   9860 | loss = -2.2457 | g_L = +2.2457 | EMA = +2.1866 | std(g_L) = 1.1280 | grad = 0.4905
step   9880 | loss = -2.1935 | g_L = +2.1935 | EMA = +2.2095 | std(g_L) = 1.0923 | grad = 0.5042
step   9900 | loss = -2.1001 | g_L = +2.1001 | EMA = +2.2279 | std(g_L) = 1.1871 | grad = 0.7940
step   9920 | loss = -2.2776 | g_L = +2.2776 | EMA = +2.2275 | std(g_L) = 1.1880 | grad = 0.5739
step   9940 | loss = -2.3299 | g_L = +2.3299 | EMA = +2.2181 | std(g_L) = 1.0086 | grad = 0.6186
step   9960 | loss = -2.3375 | g_L = +2.3375 | EMA = +2.2158 | std(g_L) = 1.0068 | grad = 0.3235
step   9980 | loss = -2.0604 | g_L = +2.0604 | EMA = +2.2068 | std(g_L) = 1.4328 | grad = 0.5118
step  10000 | loss = -2.1830 | g_L = +2.1830 | EMA = +2.2156 | std(g_L) = 1.1231 | grad = 1.4975
step  10020 | loss = -2.2514 | g_L = +2.2514 | EMA = +2.2241 | std(g_L) = 1.0805 | grad = 0.5900
step  10040 | loss = -2.0870 | g_L = +2.0870 | EMA = +2.2266 | std(g_L) = 1.3234 | grad = 0.9959
step  10060 | loss = -2.2906 | g_L = +2.2906 | EMA = +2.2416 | std(g_L) = 1.0406 | grad = 0.3859
step  10080 | loss = -2.2978 | g_L = +2.2978 | EMA = +2.2281 | std(g_L) = 1.0317 | grad = 0.3588
step  10100 | loss = -2.2120 | g_L = +2.2120 | EMA = +2.2264 | std(g_L) = 1.2944 | grad = 0.5497
step  10120 | loss = -2.2205 | g_L = +2.2205 | EMA = +2.2226 | std(g_L) = 0.9801 | grad = 0.7824
step  10140 | loss = -2.2745 | g_L = +2.2745 | EMA = +2.2367 | std(g_L) = 1.0235 | grad = 0.5647
step  10160 | loss = -2.3687 | g_L = +2.3687 | EMA = +2.2261 | std(g_L) = 0.9151 | grad = 0.3028
step  10180 | loss = -2.2181 | g_L = +2.2181 | EMA = +2.2177 | std(g_L) = 1.2066 | grad = 0.9499
step  10200 | loss = -2.2846 | g_L = +2.2846 | EMA = +2.2281 | std(g_L) = 1.0402 | grad = 0.6615
step  10220 | loss = -2.1210 | g_L = +2.1210 | EMA = +2.2252 | std(g_L) = 1.3311 | grad = 0.4600
step  10240 | loss = -2.2119 | g_L = +2.2119 | EMA = +2.2089 | std(g_L) = 1.1900 | grad = 1.0148
step  10260 | loss = -2.2343 | g_L = +2.2343 | EMA = +2.2227 | std(g_L) = 1.2068 | grad = 0.4705
step  10280 | loss = -2.1158 | g_L = +2.1158 | EMA = +2.2085 | std(g_L) = 1.1410 | grad = 0.6436
step  10300 | loss = -2.3058 | g_L = +2.3058 | EMA = +2.2117 | std(g_L) = 0.9242 | grad = 0.5482
step  10320 | loss = -2.2761 | g_L = +2.2761 | EMA = +2.2171 | std(g_L) = 0.9979 | grad = 0.3712
step  10340 | loss = -2.1917 | g_L = +2.1917 | EMA = +2.2174 | std(g_L) = 1.4745 | grad = 0.8190
step  10360 | loss = -1.9923 | g_L = +1.9923 | EMA = +2.2183 | std(g_L) = 1.3826 | grad = 0.4103
step  10380 | loss = -2.2720 | g_L = +2.2720 | EMA = +2.2344 | std(g_L) = 1.0595 | grad = 0.5310
step  10400 | loss = -2.1510 | g_L = +2.1510 | EMA = +2.2175 | std(g_L) = 0.9818 | grad = 0.6792
step  10420 | loss = -2.2252 | g_L = +2.2252 | EMA = +2.2294 | std(g_L) = 1.4476 | grad = 0.6915
step  10440 | loss = -2.2126 | g_L = +2.2126 | EMA = +2.1959 | std(g_L) = 1.1245 | grad = 0.9942
step  10460 | loss = -2.2951 | g_L = +2.2951 | EMA = +2.2356 | std(g_L) = 0.9467 | grad = 0.6197
step  10480 | loss = -2.1071 | g_L = +2.1071 | EMA = +2.2183 | std(g_L) = 1.1796 | grad = 0.5934
step  10500 | loss = -2.0711 | g_L = +2.0711 | EMA = +2.2286 | std(g_L) = 1.4364 | grad = 1.2578
step  10520 | loss = -2.4679 | g_L = +2.4679 | EMA = +2.2388 | std(g_L) = 0.8301 | grad = 0.2682
step  10540 | loss = -2.3664 | g_L = +2.3664 | EMA = +2.2160 | std(g_L) = 0.9510 | grad = 0.2826
step  10560 | loss = -2.2770 | g_L = +2.2770 | EMA = +2.1866 | std(g_L) = 1.0399 | grad = 0.9225
step  10580 | loss = -2.3199 | g_L = +2.3199 | EMA = +2.2113 | std(g_L) = 1.0863 | grad = 1.2384
step  10600 | loss = -2.1610 | g_L = +2.1610 | EMA = +2.2044 | std(g_L) = 1.0078 | grad = 0.3914
step  10620 | loss = -2.2658 | g_L = +2.2658 | EMA = +2.2348 | std(g_L) = 1.1294 | grad = 0.5955
step  10640 | loss = -2.3805 | g_L = +2.3805 | EMA = +2.2397 | std(g_L) = 0.9275 | grad = 0.6193
step  10660 | loss = -2.3528 | g_L = +2.3528 | EMA = +2.2233 | std(g_L) = 0.9993 | grad = 1.0720
step  10680 | loss = -2.0769 | g_L = +2.0769 | EMA = +2.2038 | std(g_L) = 1.4267 | grad = 0.4011
step  10700 | loss = -2.2478 | g_L = +2.2478 | EMA = +2.2297 | std(g_L) = 1.0721 | grad = 0.9723
step  10720 | loss = -2.0732 | g_L = +2.0732 | EMA = +2.2116 | std(g_L) = 1.3271 | grad = 1.0739
step  10740 | loss = -2.2674 | g_L = +2.2674 | EMA = +2.2397 | std(g_L) = 1.1935 | grad = 0.5325
step  10760 | loss = -2.1184 | g_L = +2.1184 | EMA = +2.2423 | std(g_L) = 1.2891 | grad = 0.8735
step  10780 | loss = -2.3621 | g_L = +2.3621 | EMA = +2.2457 | std(g_L) = 1.0041 | grad = 1.3832
step  10800 | loss = -2.0639 | g_L = +2.0639 | EMA = +2.2257 | std(g_L) = 1.4117 | grad = 0.4863
step  10820 | loss = -2.2869 | g_L = +2.2869 | EMA = +2.2310 | std(g_L) = 1.0126 | grad = 0.7250
step  10840 | loss = -2.1611 | g_L = +2.1611 | EMA = +2.2128 | std(g_L) = 1.1904 | grad = 0.6950
step  10860 | loss = -2.2191 | g_L = +2.2191 | EMA = +2.2265 | std(g_L) = 1.1101 | grad = 0.8303
step  10880 | loss = -2.2074 | g_L = +2.2074 | EMA = +2.2042 | std(g_L) = 1.2214 | grad = 0.4134
step  10900 | loss = -2.1985 | g_L = +2.1985 | EMA = +2.2117 | std(g_L) = 1.2179 | grad = 0.3998
step  10920 | loss = -2.1891 | g_L = +2.1891 | EMA = +2.2396 | std(g_L) = 1.2018 | grad = 0.8874
step  10940 | loss = -2.2340 | g_L = +2.2340 | EMA = +2.2425 | std(g_L) = 1.1512 | grad = 0.6574
step  10960 | loss = -2.2513 | g_L = +2.2513 | EMA = +2.2342 | std(g_L) = 1.1192 | grad = 0.9487
step  10980 | loss = -2.3536 | g_L = +2.3536 | EMA = +2.2465 | std(g_L) = 0.8595 | grad = 0.5639
step  11000 | loss = -2.2583 | g_L = +2.2583 | EMA = +2.2339 | std(g_L) = 1.0355 | grad = 0.2757
step  11020 | loss = -2.3028 | g_L = +2.3028 | EMA = +2.2398 | std(g_L) = 0.9946 | grad = 0.5353
step  11040 | loss = -2.1983 | g_L = +2.1983 | EMA = +2.2272 | std(g_L) = 1.1117 | grad = 0.7921
step  11060 | loss = -2.3184 | g_L = +2.3184 | EMA = +2.2444 | std(g_L) = 1.1395 | grad = 0.2461
step  11080 | loss = -2.1671 | g_L = +2.1671 | EMA = +2.2481 | std(g_L) = 1.2365 | grad = 0.4261
step  11100 | loss = -2.3296 | g_L = +2.3296 | EMA = +2.2475 | std(g_L) = 0.9284 | grad = 0.2709
step  11120 | loss = -2.3056 | g_L = +2.3056 | EMA = +2.2364 | std(g_L) = 1.1560 | grad = 0.4644
step  11140 | loss = -2.1684 | g_L = +2.1684 | EMA = +2.2327 | std(g_L) = 1.3061 | grad = 1.7018
step  11160 | loss = -2.2165 | g_L = +2.2165 | EMA = +2.2367 | std(g_L) = 1.2054 | grad = 0.3127
step  11180 | loss = -2.2634 | g_L = +2.2634 | EMA = +2.2295 | std(g_L) = 0.9914 | grad = 0.5389
step  11200 | loss = -2.2261 | g_L = +2.2261 | EMA = +2.2444 | std(g_L) = 0.9920 | grad = 0.8123
step  11220 | loss = -2.3053 | g_L = +2.3053 | EMA = +2.2463 | std(g_L) = 0.9800 | grad = 0.5821
step  11240 | loss = -2.1994 | g_L = +2.1994 | EMA = +2.2205 | std(g_L) = 1.0250 | grad = 1.1480
step  11260 | loss = -2.3860 | g_L = +2.3860 | EMA = +2.2339 | std(g_L) = 0.8929 | grad = 0.4224
step  11280 | loss = -2.0760 | g_L = +2.0760 | EMA = +2.2226 | std(g_L) = 1.3756 | grad = 0.7371
step  11300 | loss = -2.3147 | g_L = +2.3147 | EMA = +2.2440 | std(g_L) = 1.0100 | grad = 0.5952
step  11320 | loss = -2.2245 | g_L = +2.2245 | EMA = +2.2278 | std(g_L) = 0.9845 | grad = 1.3558
step  11340 | loss = -2.3361 | g_L = +2.3361 | EMA = +2.2376 | std(g_L) = 1.0032 | grad = 0.9900
step  11360 | loss = -2.2340 | g_L = +2.2340 | EMA = +2.2440 | std(g_L) = 1.2833 | grad = 0.4913
step  11380 | loss = -2.3436 | g_L = +2.3436 | EMA = +2.2423 | std(g_L) = 1.0688 | grad = 0.6377
step  11400 | loss = -2.2452 | g_L = +2.2452 | EMA = +2.2127 | std(g_L) = 1.0890 | grad = 0.9195
step  11420 | loss = -2.1234 | g_L = +2.1234 | EMA = +2.2349 | std(g_L) = 1.2524 | grad = 0.2739
step  11440 | loss = -2.3981 | g_L = +2.3981 | EMA = +2.2376 | std(g_L) = 1.1505 | grad = 0.8602
step  11460 | loss = -2.2039 | g_L = +2.2039 | EMA = +2.2398 | std(g_L) = 0.9941 | grad = 0.3820
step  11480 | loss = -2.3201 | g_L = +2.3201 | EMA = +2.2309 | std(g_L) = 0.9620 | grad = 0.4470
step  11500 | loss = -2.1676 | g_L = +2.1676 | EMA = +2.2324 | std(g_L) = 1.2133 | grad = 2.0900
step  11520 | loss = -2.1816 | g_L = +2.1816 | EMA = +2.2370 | std(g_L) = 1.2661 | grad = 0.8723
step  11540 | loss = -2.1224 | g_L = +2.1224 | EMA = +2.2310 | std(g_L) = 1.3046 | grad = 0.6878
step  11560 | loss = -2.2413 | g_L = +2.2413 | EMA = +2.2000 | std(g_L) = 0.9607 | grad = 0.7690
step  11580 | loss = -2.1718 | g_L = +2.1718 | EMA = +2.2088 | std(g_L) = 1.1095 | grad = 1.1387
step  11600 | loss = -2.2732 | g_L = +2.2732 | EMA = +2.2398 | std(g_L) = 0.9789 | grad = 0.4997
step  11620 | loss = -2.2508 | g_L = +2.2508 | EMA = +2.2433 | std(g_L) = 0.9160 | grad = 0.3218
step  11640 | loss = -2.3566 | g_L = +2.3566 | EMA = +2.2570 | std(g_L) = 0.9912 | grad = 0.8579
step  11660 | loss = -2.2782 | g_L = +2.2782 | EMA = +2.2643 | std(g_L) = 1.0072 | grad = 0.8766
step  11680 | loss = -2.1002 | g_L = +2.1002 | EMA = +2.2306 | std(g_L) = 1.3941 | grad = 0.5221
step  11700 | loss = -2.1626 | g_L = +2.1626 | EMA = +2.2253 | std(g_L) = 1.1496 | grad = 0.3176
step  11720 | loss = -2.2073 | g_L = +2.2073 | EMA = +2.2345 | std(g_L) = 1.1398 | grad = 0.4808
step  11740 | loss = -2.3915 | g_L = +2.3915 | EMA = +2.2436 | std(g_L) = 0.8444 | grad = 0.6893
step  11760 | loss = -2.2978 | g_L = +2.2978 | EMA = +2.2429 | std(g_L) = 0.9465 | grad = 1.3078
step  11780 | loss = -2.1685 | g_L = +2.1685 | EMA = +2.2401 | std(g_L) = 1.4906 | grad = 0.3578
step  11800 | loss = -2.1911 | g_L = +2.1911 | EMA = +2.2405 | std(g_L) = 1.0638 | grad = 0.3013
step  11820 | loss = -2.2287 | g_L = +2.2287 | EMA = +2.2452 | std(g_L) = 1.1237 | grad = 0.5595
step  11840 | loss = -2.1991 | g_L = +2.1991 | EMA = +2.2323 | std(g_L) = 1.2956 | grad = 0.5582
step  11860 | loss = -2.1606 | g_L = +2.1606 | EMA = +2.2183 | std(g_L) = 1.0612 | grad = 0.3495
step  11880 | loss = -2.1491 | g_L = +2.1491 | EMA = +2.2169 | std(g_L) = 1.1827 | grad = 0.3285
step  11900 | loss = -2.2341 | g_L = +2.2341 | EMA = +2.2264 | std(g_L) = 1.2196 | grad = 0.4771
step  11920 | loss = -2.2499 | g_L = +2.2499 | EMA = +2.2157 | std(g_L) = 1.1985 | grad = 0.4273
step  11940 | loss = -2.2343 | g_L = +2.2343 | EMA = +2.2289 | std(g_L) = 1.3661 | grad = 0.6354
step  11960 | loss = -2.2862 | g_L = +2.2862 | EMA = +2.2526 | std(g_L) = 0.9593 | grad = 0.4403
step  11980 | loss = -2.2800 | g_L = +2.2800 | EMA = +2.2670 | std(g_L) = 0.9815 | grad = 0.3505
step  12000 | loss = -2.2422 | g_L = +2.2422 | EMA = +2.2483 | std(g_L) = 1.1029 | grad = 0.5228
step  12020 | loss = -2.3254 | g_L = +2.3254 | EMA = +2.2315 | std(g_L) = 1.1838 | grad = 1.8883
step  12040 | loss = -2.2463 | g_L = +2.2463 | EMA = +2.2462 | std(g_L) = 1.1591 | grad = 1.6293
step  12060 | loss = -2.0954 | g_L = +2.0954 | EMA = +2.2173 | std(g_L) = 1.2648 | grad = 0.6845
step  12080 | loss = -2.2421 | g_L = +2.2421 | EMA = +2.2308 | std(g_L) = 1.2535 | grad = 0.8093
step  12100 | loss = -2.1877 | g_L = +2.1877 | EMA = +2.2206 | std(g_L) = 1.1603 | grad = 0.7966
step  12120 | loss = -2.3018 | g_L = +2.3018 | EMA = +2.2143 | std(g_L) = 1.3315 | grad = 0.4281
step  12140 | loss = -2.2996 | g_L = +2.2996 | EMA = +2.2324 | std(g_L) = 0.9135 | grad = 0.6295
step  12160 | loss = -2.2484 | g_L = +2.2484 | EMA = +2.2240 | std(g_L) = 1.0669 | grad = 0.2825
step  12180 | loss = -2.2941 | g_L = +2.2941 | EMA = +2.2404 | std(g_L) = 1.0066 | grad = 0.4964
step  12200 | loss = -2.3003 | g_L = +2.3003 | EMA = +2.2332 | std(g_L) = 0.9594 | grad = 0.5040
step  12220 | loss = -2.2627 | g_L = +2.2627 | EMA = +2.2184 | std(g_L) = 1.2703 | grad = 1.0145
step  12240 | loss = -2.2784 | g_L = +2.2784 | EMA = +2.2481 | std(g_L) = 1.0271 | grad = 0.7063
step  12260 | loss = -2.2212 | g_L = +2.2212 | EMA = +2.2439 | std(g_L) = 1.0753 | grad = 0.3647
step  12280 | loss = -2.3622 | g_L = +2.3622 | EMA = +2.2194 | std(g_L) = 1.0286 | grad = 1.0653
step  12300 | loss = -2.2307 | g_L = +2.2307 | EMA = +2.2267 | std(g_L) = 1.0155 | grad = 0.3516
step  12320 | loss = -2.2133 | g_L = +2.2133 | EMA = +2.2413 | std(g_L) = 1.1294 | grad = 0.3638
step  12340 | loss = -2.1020 | g_L = +2.1020 | EMA = +2.2040 | std(g_L) = 1.2922 | grad = 0.5094
step  12360 | loss = -2.1262 | g_L = +2.1262 | EMA = +2.2221 | std(g_L) = 1.3985 | grad = 0.3118
step  12380 | loss = -2.1169 | g_L = +2.1169 | EMA = +2.2186 | std(g_L) = 1.5294 | grad = 0.9459
step  12400 | loss = -2.1550 | g_L = +2.1550 | EMA = +2.2356 | std(g_L) = 1.1333 | grad = 1.1807
step  12420 | loss = -2.1868 | g_L = +2.1868 | EMA = +2.2138 | std(g_L) = 1.3137 | grad = 0.9323
step  12440 | loss = -2.1885 | g_L = +2.1885 | EMA = +2.2349 | std(g_L) = 1.1795 | grad = 0.4077
step  12460 | loss = -2.0988 | g_L = +2.0988 | EMA = +2.2165 | std(g_L) = 1.4057 | grad = 1.2381
step  12480 | loss = -2.3223 | g_L = +2.3223 | EMA = +2.2307 | std(g_L) = 0.9850 | grad = 0.7992
step  12500 | loss = -2.1914 | g_L = +2.1914 | EMA = +2.2224 | std(g_L) = 0.9810 | grad = 0.9588
step  12520 | loss = -2.2949 | g_L = +2.2949 | EMA = +2.2253 | std(g_L) = 1.1228 | grad = 0.5954
step  12540 | loss = -2.3457 | g_L = +2.3457 | EMA = +2.2483 | std(g_L) = 0.9980 | grad = 0.3810
step  12560 | loss = -2.2090 | g_L = +2.2090 | EMA = +2.2435 | std(g_L) = 1.4073 | grad = 1.0134
step  12580 | loss = -2.1396 | g_L = +2.1396 | EMA = +2.2352 | std(g_L) = 1.0495 | grad = 1.6270
step  12600 | loss = -2.2529 | g_L = +2.2529 | EMA = +2.2321 | std(g_L) = 1.0537 | grad = 0.5699
step  12620 | loss = -2.4145 | g_L = +2.4145 | EMA = +2.2532 | std(g_L) = 1.0237 | grad = 0.5064
step  12640 | loss = -2.2536 | g_L = +2.2536 | EMA = +2.2420 | std(g_L) = 0.9975 | grad = 0.6693
step  12660 | loss = -2.1120 | g_L = +2.1120 | EMA = +2.2473 | std(g_L) = 1.2349 | grad = 0.4743
step  12680 | loss = -2.1209 | g_L = +2.1209 | EMA = +2.2296 | std(g_L) = 1.1644 | grad = 0.4350
step  12700 | loss = -2.3035 | g_L = +2.3035 | EMA = +2.2399 | std(g_L) = 0.9678 | grad = 0.6384
step  12720 | loss = -2.2720 | g_L = +2.2720 | EMA = +2.2369 | std(g_L) = 0.9974 | grad = 0.4578
step  12740 | loss = -2.3701 | g_L = +2.3701 | EMA = +2.2631 | std(g_L) = 1.0832 | grad = 0.7663
step  12760 | loss = -2.2609 | g_L = +2.2609 | EMA = +2.2547 | std(g_L) = 1.0395 | grad = 0.9645
step  12780 | loss = -2.2115 | g_L = +2.2115 | EMA = +2.2333 | std(g_L) = 1.1104 | grad = 0.8110
step  12800 | loss = -2.3190 | g_L = +2.3190 | EMA = +2.2289 | std(g_L) = 0.9993 | grad = 0.5716
step  12820 | loss = -2.2236 | g_L = +2.2236 | EMA = +2.2379 | std(g_L) = 0.9957 | grad = 1.2784
step  12840 | loss = -2.1260 | g_L = +2.1260 | EMA = +2.2092 | std(g_L) = 1.4544 | grad = 1.6094
step  12860 | loss = -2.2988 | g_L = +2.2988 | EMA = +2.1930 | std(g_L) = 0.9517 | grad = 0.4765
step  12880 | loss = -2.3049 | g_L = +2.3049 | EMA = +2.2331 | std(g_L) = 0.9402 | grad = 0.5342
step  12900 | loss = -2.1988 | g_L = +2.1988 | EMA = +2.2372 | std(g_L) = 1.4498 | grad = 0.7261
step  12920 | loss = -2.2161 | g_L = +2.2161 | EMA = +2.2375 | std(g_L) = 1.3316 | grad = 0.9197
step  12940 | loss = -2.1915 | g_L = +2.1915 | EMA = +2.2110 | std(g_L) = 1.2638 | grad = 0.9045
step  12960 | loss = -2.2991 | g_L = +2.2991 | EMA = +2.2360 | std(g_L) = 0.9467 | grad = 0.7141
step  12980 | loss = -2.2714 | g_L = +2.2714 | EMA = +2.2490 | std(g_L) = 1.0375 | grad = 0.6050
step  13000 | loss = -2.3180 | g_L = +2.3180 | EMA = +2.2525 | std(g_L) = 0.9450 | grad = 0.5074
step  13020 | loss = -2.2366 | g_L = +2.2366 | EMA = +2.2476 | std(g_L) = 1.2357 | grad = 0.8391
step  13040 | loss = -2.2120 | g_L = +2.2120 | EMA = +2.2563 | std(g_L) = 0.9786 | grad = 0.6584
step  13060 | loss = -2.3197 | g_L = +2.3197 | EMA = +2.2401 | std(g_L) = 1.0098 | grad = 0.5123
step  13080 | loss = -2.2712 | g_L = +2.2712 | EMA = +2.2385 | std(g_L) = 1.0003 | grad = 1.3288
step  13100 | loss = -2.1897 | g_L = +2.1897 | EMA = +2.2368 | std(g_L) = 1.1296 | grad = 0.5934
step  13120 | loss = -2.2329 | g_L = +2.2329 | EMA = +2.2462 | std(g_L) = 1.0492 | grad = 0.9660
step  13140 | loss = -2.2678 | g_L = +2.2678 | EMA = +2.2491 | std(g_L) = 1.0082 | grad = 0.4435
step  13160 | loss = -2.3172 | g_L = +2.3172 | EMA = +2.2368 | std(g_L) = 0.9303 | grad = 0.7182
step  13180 | loss = -2.3005 | g_L = +2.3005 | EMA = +2.2321 | std(g_L) = 0.7969 | grad = 0.2472
step  13200 | loss = -2.1915 | g_L = +2.1915 | EMA = +2.2344 | std(g_L) = 1.2006 | grad = 0.7953
step  13220 | loss = -2.1426 | g_L = +2.1426 | EMA = +2.2302 | std(g_L) = 1.3371 | grad = 0.6381
step  13240 | loss = -2.2260 | g_L = +2.2260 | EMA = +2.2515 | std(g_L) = 1.0854 | grad = 0.5389
step  13260 | loss = -2.2274 | g_L = +2.2274 | EMA = +2.2510 | std(g_L) = 1.2723 | grad = 0.4402
step  13280 | loss = -2.3018 | g_L = +2.3018 | EMA = +2.2338 | std(g_L) = 0.9584 | grad = 0.7512
step  13300 | loss = -2.3505 | g_L = +2.3505 | EMA = +2.2322 | std(g_L) = 0.9096 | grad = 0.5411
step  13320 | loss = -2.2901 | g_L = +2.2901 | EMA = +2.2536 | std(g_L) = 1.0232 | grad = 0.9936
step  13340 | loss = -2.0981 | g_L = +2.0981 | EMA = +2.2330 | std(g_L) = 1.3576 | grad = 0.7043
step  13360 | loss = -2.3152 | g_L = +2.3152 | EMA = +2.2711 | std(g_L) = 1.1898 | grad = 1.3454
step  13380 | loss = -2.2588 | g_L = +2.2588 | EMA = +2.2512 | std(g_L) = 1.1724 | grad = 0.3199
step  13400 | loss = -2.2742 | g_L = +2.2742 | EMA = +2.2465 | std(g_L) = 1.2495 | grad = 0.3243
step  13420 | loss = -2.1987 | g_L = +2.1987 | EMA = +2.2659 | std(g_L) = 1.2294 | grad = 0.4857
step  13440 | loss = -2.0960 | g_L = +2.0960 | EMA = +2.2257 | std(g_L) = 1.3845 | grad = 0.7017
step  13460 | loss = -2.4134 | g_L = +2.4134 | EMA = +2.2489 | std(g_L) = 0.8949 | grad = 0.7741
step  13480 | loss = -2.2354 | g_L = +2.2354 | EMA = +2.2501 | std(g_L) = 0.9655 | grad = 1.1044
step  13500 | loss = -2.2780 | g_L = +2.2780 | EMA = +2.2398 | std(g_L) = 0.9969 | grad = 0.5138
step  13520 | loss = -2.3889 | g_L = +2.3889 | EMA = +2.2597 | std(g_L) = 1.0081 | grad = 0.8926
step  13540 | loss = -2.2940 | g_L = +2.2940 | EMA = +2.2373 | std(g_L) = 1.0629 | grad = 0.9548
step  13560 | loss = -2.2209 | g_L = +2.2209 | EMA = +2.2488 | std(g_L) = 1.2124 | grad = 0.2077
step  13580 | loss = -2.2054 | g_L = +2.2054 | EMA = +2.2260 | std(g_L) = 1.0314 | grad = 0.4782
step  13600 | loss = -2.3270 | g_L = +2.3270 | EMA = +2.2423 | std(g_L) = 0.9960 | grad = 0.8992
step  13620 | loss = -2.1818 | g_L = +2.1818 | EMA = +2.2493 | std(g_L) = 1.2250 | grad = 0.5083
step  13640 | loss = -2.4136 | g_L = +2.4136 | EMA = +2.2614 | std(g_L) = 0.9248 | grad = 0.3714
step  13660 | loss = -2.3071 | g_L = +2.3071 | EMA = +2.2644 | std(g_L) = 1.0537 | grad = 0.5399
step  13680 | loss = -2.2867 | g_L = +2.2867 | EMA = +2.2536 | std(g_L) = 1.0545 | grad = 0.5585
step  13700 | loss = -2.0988 | g_L = +2.0988 | EMA = +2.2571 | std(g_L) = 1.5457 | grad = 1.5377
step  13720 | loss = -2.2378 | g_L = +2.2378 | EMA = +2.2548 | std(g_L) = 1.0399 | grad = 0.7561
step  13740 | loss = -2.2563 | g_L = +2.2563 | EMA = +2.2565 | std(g_L) = 1.0983 | grad = 0.5623
step  13760 | loss = -2.2818 | g_L = +2.2818 | EMA = +2.2388 | std(g_L) = 1.5204 | grad = 0.2970
step  13780 | loss = -2.3160 | g_L = +2.3160 | EMA = +2.2454 | std(g_L) = 0.9332 | grad = 1.3084
step  13800 | loss = -2.2930 | g_L = +2.2930 | EMA = +2.2157 | std(g_L) = 1.0574 | grad = 0.8124
step  13820 | loss = -2.1684 | g_L = +2.1684 | EMA = +2.2370 | std(g_L) = 1.1085 | grad = 0.2928
step  13840 | loss = -2.3307 | g_L = +2.3307 | EMA = +2.2349 | std(g_L) = 0.9862 | grad = 0.8106
step  13860 | loss = -2.2756 | g_L = +2.2756 | EMA = +2.2565 | std(g_L) = 1.1613 | grad = 0.4147
step  13880 | loss = -2.1498 | g_L = +2.1498 | EMA = +2.2429 | std(g_L) = 1.3138 | grad = 0.7188
step  13900 | loss = -2.2033 | g_L = +2.2033 | EMA = +2.2449 | std(g_L) = 1.1690 | grad = 1.2135
step  13920 | loss = -2.3626 | g_L = +2.3626 | EMA = +2.2436 | std(g_L) = 0.9850 | grad = 0.7326
step  13940 | loss = -2.2789 | g_L = +2.2789 | EMA = +2.2467 | std(g_L) = 1.0665 | grad = 1.9982
step  13960 | loss = -2.2663 | g_L = +2.2663 | EMA = +2.2473 | std(g_L) = 1.1079 | grad = 1.4306
step  13980 | loss = -2.2700 | g_L = +2.2700 | EMA = +2.2176 | std(g_L) = 1.2118 | grad = 0.8197
step  14000 | loss = -2.3073 | g_L = +2.3073 | EMA = +2.2414 | std(g_L) = 1.0901 | grad = 0.4614
step  14020 | loss = -2.2707 | g_L = +2.2707 | EMA = +2.2437 | std(g_L) = 1.1603 | grad = 0.7285
step  14040 | loss = -2.2800 | g_L = +2.2800 | EMA = +2.2424 | std(g_L) = 1.0597 | grad = 0.6154
step  14060 | loss = -2.3636 | g_L = +2.3636 | EMA = +2.2599 | std(g_L) = 0.9781 | grad = 1.0265
step  14080 | loss = -2.1314 | g_L = +2.1314 | EMA = +2.2417 | std(g_L) = 1.2125 | grad = 1.0301
step  14100 | loss = -2.1898 | g_L = +2.1898 | EMA = +2.2367 | std(g_L) = 1.1389 | grad = 0.3616
step  14120 | loss = -2.2020 | g_L = +2.2020 | EMA = +2.2475 | std(g_L) = 1.2292 | grad = 0.7739
step  14140 | loss = -2.3454 | g_L = +2.3454 | EMA = +2.2322 | std(g_L) = 0.8101 | grad = 0.5116
step  14160 | loss = -2.2466 | g_L = +2.2466 | EMA = +2.2290 | std(g_L) = 1.3558 | grad = 0.9443
step  14180 | loss = -2.3044 | g_L = +2.3044 | EMA = +2.2384 | std(g_L) = 1.0119 | grad = 0.8721
step  14200 | loss = -2.3195 | g_L = +2.3195 | EMA = +2.2531 | std(g_L) = 1.0338 | grad = 0.5342
step  14220 | loss = -2.3973 | g_L = +2.3973 | EMA = +2.2532 | std(g_L) = 0.9154 | grad = 0.4328
step  14240 | loss = -2.2192 | g_L = +2.2192 | EMA = +2.2556 | std(g_L) = 1.1057 | grad = 1.0828
step  14260 | loss = -2.2399 | g_L = +2.2399 | EMA = +2.2509 | std(g_L) = 1.1282 | grad = 0.7526
step  14280 | loss = -2.2045 | g_L = +2.2045 | EMA = +2.2787 | std(g_L) = 1.2160 | grad = 1.2445
step  14300 | loss = -2.2297 | g_L = +2.2297 | EMA = +2.2591 | std(g_L) = 1.4207 | grad = 0.6388
step  14320 | loss = -2.2870 | g_L = +2.2870 | EMA = +2.2561 | std(g_L) = 1.5732 | grad = 0.8957
step  14340 | loss = -2.2204 | g_L = +2.2204 | EMA = +2.2511 | std(g_L) = 0.9829 | grad = 0.5983
step  14360 | loss = -2.2959 | g_L = +2.2959 | EMA = +2.2542 | std(g_L) = 1.0652 | grad = 1.3915
step  14380 | loss = -2.2992 | g_L = +2.2992 | EMA = +2.2384 | std(g_L) = 0.9020 | grad = 0.7338
step  14400 | loss = -2.4457 | g_L = +2.4457 | EMA = +2.2489 | std(g_L) = 0.9263 | grad = 1.6653
step  14420 | loss = -2.3673 | g_L = +2.3673 | EMA = +2.2473 | std(g_L) = 0.8758 | grad = 0.9321
step  14440 | loss = -2.1281 | g_L = +2.1281 | EMA = +2.2639 | std(g_L) = 1.1813 | grad = 1.7994
step  14460 | loss = -2.3023 | g_L = +2.3023 | EMA = +2.2495 | std(g_L) = 0.9670 | grad = 0.6707
step  14480 | loss = -2.2045 | g_L = +2.2045 | EMA = +2.2590 | std(g_L) = 1.0207 | grad = 0.6945
step  14500 | loss = -2.2512 | g_L = +2.2512 | EMA = +2.2631 | std(g_L) = 1.2297 | grad = 0.6519
step  14520 | loss = -2.3545 | g_L = +2.3545 | EMA = +2.2712 | std(g_L) = 1.0072 | grad = 1.0325
step  14540 | loss = -2.2646 | g_L = +2.2646 | EMA = +2.2484 | std(g_L) = 1.0288 | grad = 0.5633
step  14560 | loss = -2.3429 | g_L = +2.3429 | EMA = +2.2492 | std(g_L) = 0.9766 | grad = 1.0648
step  14580 | loss = -2.3125 | g_L = +2.3125 | EMA = +2.2529 | std(g_L) = 1.0010 | grad = 0.3373
step  14600 | loss = -2.3295 | g_L = +2.3295 | EMA = +2.2585 | std(g_L) = 0.8802 | grad = 0.5351
step  14620 | loss = -2.3176 | g_L = +2.3176 | EMA = +2.2640 | std(g_L) = 0.9931 | grad = 0.7870
step  14640 | loss = -2.2721 | g_L = +2.2721 | EMA = +2.2691 | std(g_L) = 0.9375 | grad = 0.5415
step  14660 | loss = -2.2740 | g_L = +2.2740 | EMA = +2.2558 | std(g_L) = 1.1401 | grad = 0.5309
step  14680 | loss = -2.2806 | g_L = +2.2806 | EMA = +2.2523 | std(g_L) = 0.9404 | grad = 0.5055
step  14700 | loss = -2.1641 | g_L = +2.1641 | EMA = +2.2275 | std(g_L) = 1.1601 | grad = 0.7735
step  14720 | loss = -2.2530 | g_L = +2.2530 | EMA = +2.2392 | std(g_L) = 1.1451 | grad = 0.8324
step  14740 | loss = -2.2288 | g_L = +2.2288 | EMA = +2.2430 | std(g_L) = 0.9875 | grad = 0.6749
step  14760 | loss = -2.2899 | g_L = +2.2899 | EMA = +2.2530 | std(g_L) = 1.0343 | grad = 0.6957
step  14780 | loss = -2.2327 | g_L = +2.2327 | EMA = +2.2569 | std(g_L) = 1.1495 | grad = 0.9292
step  14800 | loss = -2.2093 | g_L = +2.2093 | EMA = +2.2533 | std(g_L) = 1.0641 | grad = 0.2994
step  14820 | loss = -2.3869 | g_L = +2.3869 | EMA = +2.2458 | std(g_L) = 0.8540 | grad = 0.6635
step  14840 | loss = -2.0479 | g_L = +2.0479 | EMA = +2.2430 | std(g_L) = 1.2495 | grad = 1.0409
step  14860 | loss = -2.2531 | g_L = +2.2531 | EMA = +2.2589 | std(g_L) = 1.0959 | grad = 0.4218
step  14880 | loss = -2.3158 | g_L = +2.3158 | EMA = +2.2436 | std(g_L) = 1.0254 | grad = 0.9804
step  14900 | loss = -2.1909 | g_L = +2.1909 | EMA = +2.2462 | std(g_L) = 1.0230 | grad = 0.4715
step  14920 | loss = -2.2566 | g_L = +2.2566 | EMA = +2.2519 | std(g_L) = 0.9873 | grad = 0.7243
step  14940 | loss = -2.2021 | g_L = +2.2021 | EMA = +2.2502 | std(g_L) = 1.3498 | grad = 0.3515
step  14960 | loss = -2.1769 | g_L = +2.1769 | EMA = +2.2299 | std(g_L) = 1.2267 | grad = 1.2461
step  14980 | loss = -2.1992 | g_L = +2.1992 | EMA = +2.2102 | std(g_L) = 1.1291 | grad = 0.8147
step  15000 | loss = -2.2704 | g_L = +2.2704 | EMA = +2.2558 | std(g_L) = 1.0845 | grad = 0.1993
step  15020 | loss = -2.1894 | g_L = +2.1894 | EMA = +2.2648 | std(g_L) = 0.9987 | grad = 0.3807
step  15040 | loss = -2.2104 | g_L = +2.2104 | EMA = +2.2501 | std(g_L) = 1.0976 | grad = 0.9156
step  15060 | loss = -2.3546 | g_L = +2.3546 | EMA = +2.2508 | std(g_L) = 1.0308 | grad = 0.4828
step  15080 | loss = -2.1759 | g_L = +2.1759 | EMA = +2.2524 | std(g_L) = 1.3660 | grad = 0.6231
step  15100 | loss = -2.2461 | g_L = +2.2461 | EMA = +2.2451 | std(g_L) = 1.0743 | grad = 1.0401
step  15120 | loss = -2.2057 | g_L = +2.2057 | EMA = +2.2504 | std(g_L) = 1.1578 | grad = 0.5030
step  15140 | loss = -2.4048 | g_L = +2.4048 | EMA = +2.2857 | std(g_L) = 1.0304 | grad = 0.8666
step  15160 | loss = -2.1352 | g_L = +2.1352 | EMA = +2.2844 | std(g_L) = 1.2680 | grad = 1.2725
step  15180 | loss = -2.2919 | g_L = +2.2919 | EMA = +2.2694 | std(g_L) = 1.0081 | grad = 0.7349
step  15200 | loss = -2.2972 | g_L = +2.2972 | EMA = +2.2686 | std(g_L) = 0.9870 | grad = 0.8825
step  15220 | loss = -2.2510 | g_L = +2.2510 | EMA = +2.2319 | std(g_L) = 1.0492 | grad = 0.3831
step  15240 | loss = -2.0635 | g_L = +2.0635 | EMA = +2.2466 | std(g_L) = 1.4157 | grad = 1.1789
step  15260 | loss = -2.2131 | g_L = +2.2131 | EMA = +2.2750 | std(g_L) = 1.1413 | grad = 0.7636
step  15280 | loss = -2.2385 | g_L = +2.2385 | EMA = +2.2579 | std(g_L) = 1.1560 | grad = 0.6836
step  15300 | loss = -2.4087 | g_L = +2.4087 | EMA = +2.2617 | std(g_L) = 0.8718 | grad = 2.7683
step  15320 | loss = -2.3050 | g_L = +2.3050 | EMA = +2.2439 | std(g_L) = 1.0087 | grad = 0.5206
step  15340 | loss = -2.2986 | g_L = +2.2986 | EMA = +2.2620 | std(g_L) = 1.0280 | grad = 0.4448
step  15360 | loss = -2.0925 | g_L = +2.0925 | EMA = +2.2382 | std(g_L) = 1.2897 | grad = 0.9010
step  15380 | loss = -2.3642 | g_L = +2.3642 | EMA = +2.2676 | std(g_L) = 0.9745 | grad = 0.6350
step  15400 | loss = -2.2310 | g_L = +2.2310 | EMA = +2.2461 | std(g_L) = 1.0856 | grad = 0.6650
step  15420 | loss = -2.1977 | g_L = +2.1977 | EMA = +2.2448 | std(g_L) = 1.0294 | grad = 0.9881
step  15440 | loss = -2.1239 | g_L = +2.1239 | EMA = +2.2469 | std(g_L) = 1.1821 | grad = 0.5160
step  15460 | loss = -2.3302 | g_L = +2.3302 | EMA = +2.2544 | std(g_L) = 1.0180 | grad = 0.8376
step  15480 | loss = -2.2557 | g_L = +2.2557 | EMA = +2.2482 | std(g_L) = 1.0212 | grad = 0.3856
step  15500 | loss = -2.2475 | g_L = +2.2475 | EMA = +2.2653 | std(g_L) = 1.1763 | grad = 0.2100
step  15520 | loss = -2.2007 | g_L = +2.2007 | EMA = +2.2579 | std(g_L) = 1.2850 | grad = 0.6221
step  15540 | loss = -2.2971 | g_L = +2.2971 | EMA = +2.2799 | std(g_L) = 1.1122 | grad = 1.2701
step  15560 | loss = -2.2035 | g_L = +2.2035 | EMA = +2.2687 | std(g_L) = 1.1002 | grad = 0.6515
step  15580 | loss = -2.3579 | g_L = +2.3579 | EMA = +2.2575 | std(g_L) = 0.9152 | grad = 0.3646
step  15600 | loss = -2.3164 | g_L = +2.3164 | EMA = +2.2617 | std(g_L) = 1.0066 | grad = 0.6541
step  15620 | loss = -2.0586 | g_L = +2.0586 | EMA = +2.2459 | std(g_L) = 1.3157 | grad = 0.9964
step  15640 | loss = -2.2541 | g_L = +2.2541 | EMA = +2.2436 | std(g_L) = 1.0077 | grad = 0.4501
step  15660 | loss = -2.3331 | g_L = +2.3331 | EMA = +2.2572 | std(g_L) = 0.9369 | grad = 1.0349
step  15680 | loss = -2.3039 | g_L = +2.3039 | EMA = +2.2498 | std(g_L) = 1.0492 | grad = 0.7769
step  15700 | loss = -2.3580 | g_L = +2.3580 | EMA = +2.2604 | std(g_L) = 0.9264 | grad = 0.2761
step  15720 | loss = -2.3760 | g_L = +2.3760 | EMA = +2.2571 | std(g_L) = 1.1311 | grad = 0.3650
step  15740 | loss = -2.1439 | g_L = +2.1439 | EMA = +2.2575 | std(g_L) = 1.5497 | grad = 0.6588
step  15760 | loss = -2.2009 | g_L = +2.2009 | EMA = +2.2578 | std(g_L) = 1.2458 | grad = 0.7419
step  15780 | loss = -2.3366 | g_L = +2.3366 | EMA = +2.2457 | std(g_L) = 1.0490 | grad = 0.3518
step  15800 | loss = -2.4413 | g_L = +2.4413 | EMA = +2.2728 | std(g_L) = 0.8697 | grad = 0.8470
step  15820 | loss = -2.2757 | g_L = +2.2757 | EMA = +2.2647 | std(g_L) = 0.9835 | grad = 0.7979
step  15840 | loss = -2.2060 | g_L = +2.2060 | EMA = +2.2602 | std(g_L) = 1.0982 | grad = 1.1491
step  15860 | loss = -2.1743 | g_L = +2.1743 | EMA = +2.2797 | std(g_L) = 1.0752 | grad = 0.5731
step  15880 | loss = -2.2824 | g_L = +2.2824 | EMA = +2.2560 | std(g_L) = 0.9984 | grad = 1.6817
step  15900 | loss = -2.2527 | g_L = +2.2527 | EMA = +2.2492 | std(g_L) = 1.1306 | grad = 2.1844
step  15920 | loss = -2.2411 | g_L = +2.2411 | EMA = +2.2434 | std(g_L) = 1.1169 | grad = 1.1795
step  15940 | loss = -2.1562 | g_L = +2.1562 | EMA = +2.2445 | std(g_L) = 1.5239 | grad = 0.9598
step  15960 | loss = -2.3364 | g_L = +2.3364 | EMA = +2.2749 | std(g_L) = 1.0800 | grad = 1.1421
step  15980 | loss = -2.3056 | g_L = +2.3056 | EMA = +2.2724 | std(g_L) = 1.2900 | grad = 1.9441
step  16000 | loss = -2.2070 | g_L = +2.2070 | EMA = +2.2555 | std(g_L) = 1.1831 | grad = 0.4792
step  16020 | loss = -2.1082 | g_L = +2.1082 | EMA = +2.2377 | std(g_L) = 1.1865 | grad = 0.6197
step  16040 | loss = -2.2758 | g_L = +2.2758 | EMA = +2.2591 | std(g_L) = 1.1634 | grad = 1.2050
step  16060 | loss = -2.0223 | g_L = +2.0223 | EMA = +2.2472 | std(g_L) = 1.2705 | grad = 0.8621
step  16080 | loss = -2.2651 | g_L = +2.2651 | EMA = +2.2520 | std(g_L) = 1.1307 | grad = 1.0577
step  16100 | loss = -2.1799 | g_L = +2.1799 | EMA = +2.2451 | std(g_L) = 1.0950 | grad = 1.3106
step  16120 | loss = -2.4285 | g_L = +2.4285 | EMA = +2.2706 | std(g_L) = 0.8073 | grad = 1.0477
step  16140 | loss = -2.2143 | g_L = +2.2143 | EMA = +2.2640 | std(g_L) = 1.1046 | grad = 0.5962
step  16160 | loss = -2.2032 | g_L = +2.2032 | EMA = +2.2660 | std(g_L) = 1.1762 | grad = 1.5406
step  16180 | loss = -2.2436 | g_L = +2.2436 | EMA = +2.2730 | std(g_L) = 0.9613 | grad = 0.7811
step  16200 | loss = -2.1454 | g_L = +2.1454 | EMA = +2.2530 | std(g_L) = 1.3390 | grad = 0.7925
step  16220 | loss = -2.3052 | g_L = +2.3052 | EMA = +2.2589 | std(g_L) = 1.0565 | grad = 0.7428
step  16240 | loss = -2.3629 | g_L = +2.3629 | EMA = +2.2508 | std(g_L) = 1.0582 | grad = 0.7710
step  16260 | loss = -2.2597 | g_L = +2.2597 | EMA = +2.2522 | std(g_L) = 1.1370 | grad = 0.6830
step  16280 | loss = -2.2718 | g_L = +2.2718 | EMA = +2.2473 | std(g_L) = 1.2917 | grad = 1.2578
step  16300 | loss = -2.2635 | g_L = +2.2635 | EMA = +2.2476 | std(g_L) = 1.1673 | grad = 0.3624
step  16320 | loss = -2.2096 | g_L = +2.2096 | EMA = +2.2467 | std(g_L) = 1.2593 | grad = 1.8614
step  16340 | loss = -2.3338 | g_L = +2.3338 | EMA = +2.2751 | std(g_L) = 0.9906 | grad = 0.4310
step  16360 | loss = -2.3659 | g_L = +2.3659 | EMA = +2.2598 | std(g_L) = 0.8917 | grad = 0.7855
step  16380 | loss = -2.3979 | g_L = +2.3979 | EMA = +2.2567 | std(g_L) = 0.8726 | grad = 0.9200
step  16400 | loss = -2.2416 | g_L = +2.2416 | EMA = +2.2615 | std(g_L) = 1.0613 | grad = 0.8268
step  16420 | loss = -2.1984 | g_L = +2.1984 | EMA = +2.2489 | std(g_L) = 1.0907 | grad = 0.7479
step  16440 | loss = -2.4471 | g_L = +2.4471 | EMA = +2.2574 | std(g_L) = 0.7957 | grad = 0.5413
step  16460 | loss = -2.2308 | g_L = +2.2308 | EMA = +2.2671 | std(g_L) = 1.0845 | grad = 0.9114
step  16480 | loss = -2.2481 | g_L = +2.2481 | EMA = +2.2610 | std(g_L) = 1.1007 | grad = 0.4954
step  16500 | loss = -2.2042 | g_L = +2.2042 | EMA = +2.2655 | std(g_L) = 1.0477 | grad = 0.6749
step  16520 | loss = -2.1711 | g_L = +2.1711 | EMA = +2.2549 | std(g_L) = 1.3239 | grad = 0.5842
step  16540 | loss = -2.1179 | g_L = +2.1179 | EMA = +2.2435 | std(g_L) = 1.3448 | grad = 0.3908
step  16560 | loss = -2.3035 | g_L = +2.3035 | EMA = +2.2433 | std(g_L) = 0.9857 | grad = 0.9577
step  16580 | loss = -2.3026 | g_L = +2.3026 | EMA = +2.2407 | std(g_L) = 1.0799 | grad = 0.4929
step  16600 | loss = -2.2701 | g_L = +2.2701 | EMA = +2.2582 | std(g_L) = 0.9044 | grad = 0.6636
step  16620 | loss = -2.2091 | g_L = +2.2091 | EMA = +2.2524 | std(g_L) = 1.0672 | grad = 0.8017
step  16640 | loss = -2.1898 | g_L = +2.1898 | EMA = +2.2502 | std(g_L) = 1.0233 | grad = 1.2091
step  16660 | loss = -2.2354 | g_L = +2.2354 | EMA = +2.2710 | std(g_L) = 1.0413 | grad = 0.6241
step  16680 | loss = -2.2444 | g_L = +2.2444 | EMA = +2.2722 | std(g_L) = 1.0420 | grad = 1.4126
step  16700 | loss = -2.2751 | g_L = +2.2751 | EMA = +2.2560 | std(g_L) = 1.0886 | grad = 0.5306
step  16720 | loss = -2.1824 | g_L = +2.1824 | EMA = +2.2476 | std(g_L) = 1.1500 | grad = 0.6710
step  16740 | loss = -2.3304 | g_L = +2.3304 | EMA = +2.2737 | std(g_L) = 1.0506 | grad = 0.4767
step  16760 | loss = -2.3714 | g_L = +2.3714 | EMA = +2.2693 | std(g_L) = 0.9817 | grad = 0.5394
step  16780 | loss = -2.2457 | g_L = +2.2457 | EMA = +2.2664 | std(g_L) = 1.0430 | grad = 0.7838
step  16800 | loss = -2.2386 | g_L = +2.2386 | EMA = +2.2683 | std(g_L) = 0.9492 | grad = 0.7104
step  16820 | loss = -2.3273 | g_L = +2.3273 | EMA = +2.2686 | std(g_L) = 1.1123 | grad = 0.5774
step  16840 | loss = -2.3280 | g_L = +2.3280 | EMA = +2.2808 | std(g_L) = 1.0053 | grad = 1.7578
step  16860 | loss = -2.2443 | g_L = +2.2443 | EMA = +2.2578 | std(g_L) = 1.0522 | grad = 0.4263
step  16880 | loss = -2.2270 | g_L = +2.2270 | EMA = +2.2625 | std(g_L) = 0.9562 | grad = 0.8275
step  16900 | loss = -2.2950 | g_L = +2.2950 | EMA = +2.2799 | std(g_L) = 1.0069 | grad = 0.6249
step  16920 | loss = -2.2464 | g_L = +2.2464 | EMA = +2.2665 | std(g_L) = 1.1328 | grad = 0.2684
step  16940 | loss = -2.2890 | g_L = +2.2890 | EMA = +2.2764 | std(g_L) = 0.9827 | grad = 0.6414
step  16960 | loss = -2.3315 | g_L = +2.3315 | EMA = +2.2631 | std(g_L) = 0.9376 | grad = 1.4273
step  16980 | loss = -2.2413 | g_L = +2.2413 | EMA = +2.2446 | std(g_L) = 1.0182 | grad = 0.5442
step  17000 | loss = -2.2524 | g_L = +2.2524 | EMA = +2.2373 | std(g_L) = 1.0410 | grad = 0.4588
step  17020 | loss = -2.3971 | g_L = +2.3971 | EMA = +2.2680 | std(g_L) = 0.8923 | grad = 0.9597
step  17040 | loss = -2.1600 | g_L = +2.1600 | EMA = +2.2611 | std(g_L) = 1.3167 | grad = 0.9719
step  17060 | loss = -2.3096 | g_L = +2.3096 | EMA = +2.2492 | std(g_L) = 0.9627 | grad = 0.4505
step  17080 | loss = -2.2449 | g_L = +2.2449 | EMA = +2.2457 | std(g_L) = 1.1421 | grad = 0.8420
step  17100 | loss = -2.1292 | g_L = +2.1292 | EMA = +2.2520 | std(g_L) = 1.1101 | grad = 1.4736
step  17120 | loss = -2.2356 | g_L = +2.2356 | EMA = +2.2317 | std(g_L) = 1.3489 | grad = 0.9185
step  17140 | loss = -2.1790 | g_L = +2.1790 | EMA = +2.2418 | std(g_L) = 1.2781 | grad = 0.9722
step  17160 | loss = -2.2509 | g_L = +2.2509 | EMA = +2.2667 | std(g_L) = 0.9560 | grad = 0.5504
step  17180 | loss = -2.2241 | g_L = +2.2241 | EMA = +2.2782 | std(g_L) = 1.0177 | grad = 1.0765
step  17200 | loss = -2.1939 | g_L = +2.1939 | EMA = +2.2931 | std(g_L) = 1.0444 | grad = 1.2412
step  17220 | loss = -2.3062 | g_L = +2.3062 | EMA = +2.2810 | std(g_L) = 1.1650 | grad = 0.6759
step  17240 | loss = -2.4849 | g_L = +2.4849 | EMA = +2.2786 | std(g_L) = 0.9067 | grad = 1.0073
step  17260 | loss = -2.3428 | g_L = +2.3428 | EMA = +2.2761 | std(g_L) = 1.1189 | grad = 0.6625
step  17280 | loss = -2.2255 | g_L = +2.2255 | EMA = +2.2723 | std(g_L) = 1.2041 | grad = 0.5208
step  17300 | loss = -2.2433 | g_L = +2.2433 | EMA = +2.2665 | std(g_L) = 1.0763 | grad = 0.5870
step  17320 | loss = -2.2396 | g_L = +2.2396 | EMA = +2.2680 | std(g_L) = 1.0669 | grad = 0.6590
step  17340 | loss = -2.3425 | g_L = +2.3425 | EMA = +2.2898 | std(g_L) = 1.0593 | grad = 0.7162
step  17360 | loss = -2.3101 | g_L = +2.3101 | EMA = +2.2839 | std(g_L) = 1.0704 | grad = 0.6629
step  17380 | loss = -2.3713 | g_L = +2.3713 | EMA = +2.2825 | std(g_L) = 1.0147 | grad = 0.6683
step  17400 | loss = -2.3876 | g_L = +2.3876 | EMA = +2.2863 | std(g_L) = 0.9241 | grad = 0.5081
step  17420 | loss = -2.2376 | g_L = +2.2376 | EMA = +2.2676 | std(g_L) = 0.9188 | grad = 0.7784
step  17440 | loss = -2.3220 | g_L = +2.3220 | EMA = +2.2789 | std(g_L) = 0.9711 | grad = 0.4244
step  17460 | loss = -2.2887 | g_L = +2.2887 | EMA = +2.2595 | std(g_L) = 0.9673 | grad = 1.3551
step  17480 | loss = -2.3068 | g_L = +2.3068 | EMA = +2.2616 | std(g_L) = 1.0315 | grad = 0.3461
step  17500 | loss = -2.2265 | g_L = +2.2265 | EMA = +2.2630 | std(g_L) = 1.1587 | grad = 0.6584
step  17520 | loss = -2.2740 | g_L = +2.2740 | EMA = +2.2611 | std(g_L) = 1.0255 | grad = 0.6052
step  17540 | loss = -2.1657 | g_L = +2.1657 | EMA = +2.2535 | std(g_L) = 1.2520 | grad = 2.0653
step  17560 | loss = -2.2972 | g_L = +2.2972 | EMA = +2.2530 | std(g_L) = 0.9648 | grad = 0.7735
step  17580 | loss = -2.2204 | g_L = +2.2204 | EMA = +2.2718 | std(g_L) = 1.4675 | grad = 0.8214
step  17600 | loss = -2.2271 | g_L = +2.2271 | EMA = +2.2632 | std(g_L) = 1.1590 | grad = 0.4762
step  17620 | loss = -2.1188 | g_L = +2.1188 | EMA = +2.2502 | std(g_L) = 1.5882 | grad = 1.4495
step  17640 | loss = -2.3240 | g_L = +2.3240 | EMA = +2.2591 | std(g_L) = 0.9075 | grad = 0.5232
step  17660 | loss = -2.3567 | g_L = +2.3567 | EMA = +2.2729 | std(g_L) = 1.0431 | grad = 0.7303
step  17680 | loss = -2.2598 | g_L = +2.2598 | EMA = +2.2914 | std(g_L) = 1.1279 | grad = 0.8035
step  17700 | loss = -2.1676 | g_L = +2.1676 | EMA = +2.2918 | std(g_L) = 1.1067 | grad = 0.9905
step  17720 | loss = -2.3434 | g_L = +2.3434 | EMA = +2.2729 | std(g_L) = 0.9819 | grad = 0.6443
step  17740 | loss = -2.2946 | g_L = +2.2946 | EMA = +2.2461 | std(g_L) = 1.0416 | grad = 0.8265
step  17760 | loss = -2.1743 | g_L = +2.1743 | EMA = +2.2439 | std(g_L) = 1.1424 | grad = 1.0408
step  17780 | loss = -2.1842 | g_L = +2.1842 | EMA = +2.2703 | std(g_L) = 1.0058 | grad = 0.8596
step  17800 | loss = -2.1537 | g_L = +2.1537 | EMA = +2.2685 | std(g_L) = 1.1350 | grad = 0.6425
step  17820 | loss = -2.3269 | g_L = +2.3269 | EMA = +2.2610 | std(g_L) = 0.9956 | grad = 0.7446
step  17840 | loss = -2.3933 | g_L = +2.3933 | EMA = +2.2593 | std(g_L) = 1.1207 | grad = 0.8131
step  17860 | loss = -2.2565 | g_L = +2.2565 | EMA = +2.2627 | std(g_L) = 1.0823 | grad = 0.9009
step  17880 | loss = -2.3395 | g_L = +2.3395 | EMA = +2.2719 | std(g_L) = 1.0205 | grad = 0.9544
step  17900 | loss = -2.1245 | g_L = +2.1245 | EMA = +2.2461 | std(g_L) = 1.2119 | grad = 0.8852
step  17920 | loss = -2.1982 | g_L = +2.1982 | EMA = +2.2554 | std(g_L) = 1.1837 | grad = 1.4171
step  17940 | loss = -2.2013 | g_L = +2.2013 | EMA = +2.2536 | std(g_L) = 1.4336 | grad = 1.0870
step  17960 | loss = -2.3023 | g_L = +2.3023 | EMA = +2.2636 | std(g_L) = 1.0463 | grad = 0.9263
step  17980 | loss = -2.1812 | g_L = +2.1812 | EMA = +2.2440 | std(g_L) = 1.0653 | grad = 0.4552
step  18000 | loss = -2.3955 | g_L = +2.3955 | EMA = +2.2601 | std(g_L) = 0.8530 | grad = 0.3763
step  18020 | loss = -2.2866 | g_L = +2.2866 | EMA = +2.2745 | std(g_L) = 0.9628 | grad = 0.3901
step  18040 | loss = -2.3262 | g_L = +2.3262 | EMA = +2.2705 | std(g_L) = 1.0142 | grad = 2.4156
step  18060 | loss = -2.3114 | g_L = +2.3114 | EMA = +2.2769 | std(g_L) = 1.1275 | grad = 1.6028
step  18080 | loss = -2.1090 | g_L = +2.1090 | EMA = +2.2632 | std(g_L) = 1.3800 | grad = 0.7277
step  18100 | loss = -2.2422 | g_L = +2.2422 | EMA = +2.2622 | std(g_L) = 1.2122 | grad = 1.6258
step  18120 | loss = -2.1771 | g_L = +2.1771 | EMA = +2.2343 | std(g_L) = 1.4468 | grad = 1.0323
step  18140 | loss = -2.1816 | g_L = +2.1816 | EMA = +2.2545 | std(g_L) = 1.1593 | grad = 1.7394
step  18160 | loss = -2.3907 | g_L = +2.3907 | EMA = +2.2657 | std(g_L) = 0.9687 | grad = 0.9284
step  18180 | loss = -2.1809 | g_L = +2.1809 | EMA = +2.2483 | std(g_L) = 1.2319 | grad = 0.4946
step  18200 | loss = -2.1159 | g_L = +2.1159 | EMA = +2.2532 | std(g_L) = 1.0926 | grad = 0.8595
step  18220 | loss = -2.2474 | g_L = +2.2474 | EMA = +2.2836 | std(g_L) = 1.0197 | grad = 0.9408
step  18240 | loss = -2.4339 | g_L = +2.4339 | EMA = +2.2885 | std(g_L) = 0.8235 | grad = 0.9235
step  18260 | loss = -2.2033 | g_L = +2.2033 | EMA = +2.2552 | std(g_L) = 1.0712 | grad = 2.4999
step  18280 | loss = -2.4515 | g_L = +2.4515 | EMA = +2.2803 | std(g_L) = 0.8452 | grad = 0.4257
step  18300 | loss = -2.3846 | g_L = +2.3846 | EMA = +2.2812 | std(g_L) = 0.9106 | grad = 0.9107
step  18320 | loss = -2.3192 | g_L = +2.3192 | EMA = +2.2822 | std(g_L) = 0.9682 | grad = 0.6588
step  18340 | loss = -2.2790 | g_L = +2.2790 | EMA = +2.2852 | std(g_L) = 1.0872 | grad = 0.6181
step  18360 | loss = -2.3301 | g_L = +2.3301 | EMA = +2.2821 | std(g_L) = 0.9616 | grad = 0.7148
step  18380 | loss = -2.2580 | g_L = +2.2580 | EMA = +2.2802 | std(g_L) = 1.1339 | grad = 1.0295
step  18400 | loss = -2.3265 | g_L = +2.3265 | EMA = +2.2786 | std(g_L) = 1.0736 | grad = 0.9559
step  18420 | loss = -2.1029 | g_L = +2.1029 | EMA = +2.2655 | std(g_L) = 1.3589 | grad = 0.6263
step  18440 | loss = -2.2242 | g_L = +2.2242 | EMA = +2.2655 | std(g_L) = 1.2084 | grad = 1.4281
step  18460 | loss = -2.1856 | g_L = +2.1856 | EMA = +2.2659 | std(g_L) = 1.2383 | grad = 1.2764
step  18480 | loss = -2.2160 | g_L = +2.2160 | EMA = +2.2733 | std(g_L) = 1.0336 | grad = 0.6180
step  18500 | loss = -2.4025 | g_L = +2.4025 | EMA = +2.2943 | std(g_L) = 0.9447 | grad = 0.4179
step  18520 | loss = -2.3825 | g_L = +2.3825 | EMA = +2.2908 | std(g_L) = 1.0287 | grad = 0.6365
step  18540 | loss = -2.1836 | g_L = +2.1836 | EMA = +2.2814 | std(g_L) = 1.1764 | grad = 0.6890
step  18560 | loss = -2.2997 | g_L = +2.2997 | EMA = +2.3022 | std(g_L) = 0.9931 | grad = 0.3837
step  18580 | loss = -2.2592 | g_L = +2.2592 | EMA = +2.2843 | std(g_L) = 1.0067 | grad = 0.7649
step  18600 | loss = -2.1211 | g_L = +2.1211 | EMA = +2.2699 | std(g_L) = 1.2866 | grad = 0.3321
step  18620 | loss = -2.4276 | g_L = +2.4276 | EMA = +2.2877 | std(g_L) = 0.9818 | grad = 0.6879
step  18640 | loss = -2.3294 | g_L = +2.3294 | EMA = +2.2765 | std(g_L) = 1.0039 | grad = 0.7240
step  18660 | loss = -2.1969 | g_L = +2.1969 | EMA = +2.2766 | std(g_L) = 1.1365 | grad = 2.6235
step  18680 | loss = -2.1723 | g_L = +2.1723 | EMA = +2.2460 | std(g_L) = 1.1553 | grad = 0.5297
step  18700 | loss = -2.3444 | g_L = +2.3444 | EMA = +2.2665 | std(g_L) = 1.1378 | grad = 0.7051
step  18720 | loss = -2.3412 | g_L = +2.3412 | EMA = +2.2979 | std(g_L) = 0.9496 | grad = 0.4495
step  18740 | loss = -2.2582 | g_L = +2.2582 | EMA = +2.2764 | std(g_L) = 1.0903 | grad = 0.7682
step  18760 | loss = -2.2831 | g_L = +2.2831 | EMA = +2.2992 | std(g_L) = 0.9940 | grad = 0.8374
step  18780 | loss = -2.1982 | g_L = +2.1982 | EMA = +2.2895 | std(g_L) = 1.2520 | grad = 1.5993
step  18800 | loss = -2.3275 | g_L = +2.3275 | EMA = +2.2961 | std(g_L) = 1.0274 | grad = 1.2188
step  18820 | loss = -2.3042 | g_L = +2.3042 | EMA = +2.2985 | std(g_L) = 1.0816 | grad = 0.6472
step  18840 | loss = -2.2426 | g_L = +2.2426 | EMA = +2.2832 | std(g_L) = 1.2887 | grad = 0.6126
step  18860 | loss = -2.3251 | g_L = +2.3251 | EMA = +2.2921 | std(g_L) = 0.9818 | grad = 0.3176
step  18880 | loss = -2.2559 | g_L = +2.2559 | EMA = +2.3042 | std(g_L) = 1.0518 | grad = 0.6270
step  18900 | loss = -2.1430 | g_L = +2.1430 | EMA = +2.3038 | std(g_L) = 1.2297 | grad = 0.5619
step  18920 | loss = -2.2565 | g_L = +2.2565 | EMA = +2.3105 | std(g_L) = 1.2167 | grad = 1.0745
step  18940 | loss = -2.4248 | g_L = +2.4248 | EMA = +2.3150 | std(g_L) = 0.9919 | grad = 0.7613
step  18960 | loss = -2.1919 | g_L = +2.1919 | EMA = +2.3106 | std(g_L) = 1.1333 | grad = 0.7456
step  18980 | loss = -2.3289 | g_L = +2.3289 | EMA = +2.3032 | std(g_L) = 0.9702 | grad = 1.4219
step  19000 | loss = -2.2771 | g_L = +2.2771 | EMA = +2.2922 | std(g_L) = 1.1477 | grad = 1.0067
step  19020 | loss = -2.4118 | g_L = +2.4118 | EMA = +2.3080 | std(g_L) = 1.0867 | grad = 0.4486
step  19040 | loss = -2.3354 | g_L = +2.3354 | EMA = +2.3050 | std(g_L) = 1.0563 | grad = 0.3575
step  19060 | loss = -2.2751 | g_L = +2.2751 | EMA = +2.2919 | std(g_L) = 1.3933 | grad = 1.2648
step  19080 | loss = -2.2506 | g_L = +2.2506 | EMA = +2.3092 | std(g_L) = 1.0451 | grad = 0.6065
step  19100 | loss = -2.2652 | g_L = +2.2652 | EMA = +2.3161 | std(g_L) = 1.3059 | grad = 0.9436
step  19120 | loss = -2.2183 | g_L = +2.2183 | EMA = +2.3081 | std(g_L) = 1.1675 | grad = 1.1562
step  19140 | loss = -2.2943 | g_L = +2.2943 | EMA = +2.3148 | std(g_L) = 0.9705 | grad = 1.1875
step  19160 | loss = -2.2409 | g_L = +2.2409 | EMA = +2.3042 | std(g_L) = 1.0601 | grad = 0.8406
step  19180 | loss = -2.3003 | g_L = +2.3003 | EMA = +2.3177 | std(g_L) = 1.1491 | grad = 0.7277
step  19200 | loss = -2.2596 | g_L = +2.2596 | EMA = +2.3085 | std(g_L) = 1.0498 | grad = 0.6452
step  19220 | loss = -2.4771 | g_L = +2.4771 | EMA = +2.3297 | std(g_L) = 0.8542 | grad = 0.2793
step  19240 | loss = -2.3008 | g_L = +2.3008 | EMA = +2.3120 | std(g_L) = 0.9755 | grad = 0.3553
step  19260 | loss = -2.2290 | g_L = +2.2290 | EMA = +2.2943 | std(g_L) = 1.0822 | grad = 1.1160
step  19280 | loss = -2.3163 | g_L = +2.3163 | EMA = +2.3002 | std(g_L) = 1.0549 | grad = 0.5536
step  19300 | loss = -2.2828 | g_L = +2.2828 | EMA = +2.2923 | std(g_L) = 1.0862 | grad = 1.2085
step  19320 | loss = -2.4830 | g_L = +2.4830 | EMA = +2.3360 | std(g_L) = 0.8751 | grad = 0.7363
step  19340 | loss = -2.2848 | g_L = +2.2848 | EMA = +2.3295 | std(g_L) = 0.8484 | grad = 0.9562
step  19360 | loss = -2.3151 | g_L = +2.3151 | EMA = +2.3173 | std(g_L) = 1.1336 | grad = 0.8075
step  19380 | loss = -2.4826 | g_L = +2.4826 | EMA = +2.3438 | std(g_L) = 0.9853 | grad = 0.5218
step  19400 | loss = -2.3125 | g_L = +2.3125 | EMA = +2.3349 | std(g_L) = 0.9092 | grad = 1.0954
step  19420 | loss = -2.3237 | g_L = +2.3237 | EMA = +2.3248 | std(g_L) = 0.9055 | grad = 0.9338
step  19440 | loss = -2.3056 | g_L = +2.3056 | EMA = +2.3168 | std(g_L) = 1.0489 | grad = 1.2177
step  19460 | loss = -2.2251 | g_L = +2.2251 | EMA = +2.3061 | std(g_L) = 1.2432 | grad = 2.0180
step  19480 | loss = -2.1530 | g_L = +2.1530 | EMA = +2.2948 | std(g_L) = 1.2563 | grad = 1.5484
step  19500 | loss = -2.3002 | g_L = +2.3002 | EMA = +2.3017 | std(g_L) = 1.1660 | grad = 0.8526
step  19520 | loss = -2.2486 | g_L = +2.2486 | EMA = +2.3158 | std(g_L) = 1.1424 | grad = 1.7637
step  19540 | loss = -2.2382 | g_L = +2.2382 | EMA = +2.2866 | std(g_L) = 1.1279 | grad = 0.8593
step  19560 | loss = -2.1387 | g_L = +2.1387 | EMA = +2.2880 | std(g_L) = 1.5001 | grad = 1.4346
step  19580 | loss = -2.2059 | g_L = +2.2059 | EMA = +2.2965 | std(g_L) = 1.2479 | grad = 0.9668
step  19600 | loss = -2.3202 | g_L = +2.3202 | EMA = +2.2931 | std(g_L) = 1.0208 | grad = 0.5494
step  19620 | loss = -2.1662 | g_L = +2.1662 | EMA = +2.2968 | std(g_L) = 1.2566 | grad = 0.5169
step  19640 | loss = -2.3359 | g_L = +2.3359 | EMA = +2.3040 | std(g_L) = 1.0824 | grad = 1.4341
step  19660 | loss = -2.2945 | g_L = +2.2945 | EMA = +2.3231 | std(g_L) = 1.0352 | grad = 1.0105
step  19680 | loss = -2.4134 | g_L = +2.4134 | EMA = +2.3239 | std(g_L) = 0.9851 | grad = 0.9976
step  19700 | loss = -2.4070 | g_L = +2.4070 | EMA = +2.3370 | std(g_L) = 0.9999 | grad = 1.1520
step  19720 | loss = -2.3609 | g_L = +2.3609 | EMA = +2.3334 | std(g_L) = 1.0230 | grad = 0.4481
step  19740 | loss = -2.3159 | g_L = +2.3159 | EMA = +2.3126 | std(g_L) = 1.2074 | grad = 0.5585
step  19760 | loss = -2.3354 | g_L = +2.3354 | EMA = +2.3258 | std(g_L) = 1.1283 | grad = 0.7221
step  19780 | loss = -2.3780 | g_L = +2.3780 | EMA = +2.3196 | std(g_L) = 1.0461 | grad = 1.1179
step  19800 | loss = -2.5250 | g_L = +2.5250 | EMA = +2.3290 | std(g_L) = 0.9010 | grad = 0.9216
step  19820 | loss = -2.3867 | g_L = +2.3867 | EMA = +2.3251 | std(g_L) = 0.8938 | grad = 1.2235
step  19840 | loss = -2.1573 | g_L = +2.1573 | EMA = +2.3234 | std(g_L) = 1.1639 | grad = 1.0414
step  19860 | loss = -2.3281 | g_L = +2.3281 | EMA = +2.3390 | std(g_L) = 1.0137 | grad = 0.8187
step  19880 | loss = -2.2640 | g_L = +2.2640 | EMA = +2.3329 | std(g_L) = 1.0065 | grad = 1.9339
step  19900 | loss = -2.4581 | g_L = +2.4581 | EMA = +2.3214 | std(g_L) = 0.8950 | grad = 0.9323
step  19920 | loss = -2.3192 | g_L = +2.3192 | EMA = +2.3244 | std(g_L) = 1.0080 | grad = 0.9960
step  19940 | loss = -2.3590 | g_L = +2.3590 | EMA = +2.3202 | std(g_L) = 1.0615 | grad = 1.8283
step  19960 | loss = -2.3751 | g_L = +2.3751 | EMA = +2.3359 | std(g_L) = 1.0003 | grad = 0.6809
step  19980 | loss = -2.3366 | g_L = +2.3366 | EMA = +2.3326 | std(g_L) = 0.9697 | grad = 0.8721
step  20000 | loss = -2.2733 | g_L = +2.2733 | EMA = +2.3420 | std(g_L) = 1.0836 | grad = 0.7880
step  20020 | loss = -2.2751 | g_L = +2.2751 | EMA = +2.3301 | std(g_L) = 0.9719 | grad = 0.7778
step  20040 | loss = -2.3131 | g_L = +2.3131 | EMA = +2.3372 | std(g_L) = 1.1018 | grad = 0.7840
step  20060 | loss = -2.3488 | g_L = +2.3488 | EMA = +2.3350 | std(g_L) = 1.0825 | grad = 1.0726
step  20080 | loss = -2.3181 | g_L = +2.3181 | EMA = +2.3154 | std(g_L) = 1.0518 | grad = 0.6624
step  20100 | loss = -2.3472 | g_L = +2.3472 | EMA = +2.3103 | std(g_L) = 0.9745 | grad = 0.7724
step  20120 | loss = -2.3352 | g_L = +2.3352 | EMA = +2.3327 | std(g_L) = 1.0905 | grad = 1.2947
step  20140 | loss = -2.4530 | g_L = +2.4530 | EMA = +2.3412 | std(g_L) = 0.9614 | grad = 0.5425
step  20160 | loss = -2.3752 | g_L = +2.3752 | EMA = +2.3173 | std(g_L) = 0.9533 | grad = 1.1896
step  20180 | loss = -2.3214 | g_L = +2.3214 | EMA = +2.3351 | std(g_L) = 0.9919 | grad = 0.8154
step  20200 | loss = -2.4158 | g_L = +2.4158 | EMA = +2.3336 | std(g_L) = 0.9038 | grad = 0.3695
step  20220 | loss = -2.3975 | g_L = +2.3975 | EMA = +2.3141 | std(g_L) = 0.9655 | grad = 1.2904
step  20240 | loss = -2.2650 | g_L = +2.2650 | EMA = +2.3252 | std(g_L) = 0.9760 | grad = 0.4917
step  20260 | loss = -2.3169 | g_L = +2.3169 | EMA = +2.3347 | std(g_L) = 1.0782 | grad = 2.2760
step  20280 | loss = -2.2404 | g_L = +2.2404 | EMA = +2.3290 | std(g_L) = 1.1754 | grad = 1.5797
step  20300 | loss = -2.3946 | g_L = +2.3946 | EMA = +2.3311 | std(g_L) = 0.8961 | grad = 0.9002
step  20320 | loss = -2.3070 | g_L = +2.3070 | EMA = +2.3443 | std(g_L) = 1.0188 | grad = 0.3122
step  20340 | loss = -2.2756 | g_L = +2.2756 | EMA = +2.3296 | std(g_L) = 1.1953 | grad = 1.1733
step  20360 | loss = -2.3368 | g_L = +2.3368 | EMA = +2.3220 | std(g_L) = 0.9680 | grad = 0.9469
step  20380 | loss = -2.2131 | g_L = +2.2131 | EMA = +2.3345 | std(g_L) = 1.2516 | grad = 2.2871
step  20400 | loss = -2.4031 | g_L = +2.4031 | EMA = +2.3342 | std(g_L) = 0.9130 | grad = 0.6918
step  20420 | loss = -2.3597 | g_L = +2.3597 | EMA = +2.3270 | std(g_L) = 1.1133 | grad = 1.2469
step  20440 | loss = -2.4113 | g_L = +2.4113 | EMA = +2.3294 | std(g_L) = 1.2782 | grad = 0.6996
step  20460 | loss = -2.4699 | g_L = +2.4699 | EMA = +2.3444 | std(g_L) = 0.8955 | grad = 0.9165
step  20480 | loss = -2.4490 | g_L = +2.4490 | EMA = +2.3443 | std(g_L) = 0.9186 | grad = 1.0535
step  20500 | loss = -2.2643 | g_L = +2.2643 | EMA = +2.3357 | std(g_L) = 1.3319 | grad = 1.1141
step  20520 | loss = -2.2802 | g_L = +2.2802 | EMA = +2.3503 | std(g_L) = 1.2217 | grad = 1.4182
step  20540 | loss = -2.3142 | g_L = +2.3142 | EMA = +2.3211 | std(g_L) = 1.1678 | grad = 1.5635
step  20560 | loss = -2.3170 | g_L = +2.3170 | EMA = +2.3306 | std(g_L) = 1.1399 | grad = 1.1761
step  20580 | loss = -2.2986 | g_L = +2.2986 | EMA = +2.3227 | std(g_L) = 1.1121 | grad = 0.6263
step  20600 | loss = -2.3571 | g_L = +2.3571 | EMA = +2.3296 | std(g_L) = 0.8179 | grad = 0.3148
step  20620 | loss = -2.3229 | g_L = +2.3229 | EMA = +2.3349 | std(g_L) = 1.0203 | grad = 0.4713
step  20640 | loss = -2.4417 | g_L = +2.4417 | EMA = +2.3555 | std(g_L) = 0.8786 | grad = 0.6382
step  20660 | loss = -2.4201 | g_L = +2.4201 | EMA = +2.3577 | std(g_L) = 0.9859 | grad = 0.7615
step  20680 | loss = -2.3869 | g_L = +2.3869 | EMA = +2.3314 | std(g_L) = 0.9826 | grad = 1.9301
step  20700 | loss = -2.2949 | g_L = +2.2949 | EMA = +2.3305 | std(g_L) = 1.1329 | grad = 1.1063
step  20720 | loss = -2.3581 | g_L = +2.3581 | EMA = +2.3424 | std(g_L) = 0.9910 | grad = 1.2715
step  20740 | loss = -2.3366 | g_L = +2.3366 | EMA = +2.3315 | std(g_L) = 1.0170 | grad = 0.3567
step  20760 | loss = -2.3288 | g_L = +2.3288 | EMA = +2.3467 | std(g_L) = 1.0359 | grad = 1.2033
step  20780 | loss = -2.4610 | g_L = +2.4610 | EMA = +2.3369 | std(g_L) = 0.8703 | grad = 0.9945
step  20800 | loss = -2.3626 | g_L = +2.3626 | EMA = +2.3370 | std(g_L) = 1.0914 | grad = 1.0075
step  20820 | loss = -2.3774 | g_L = +2.3774 | EMA = +2.3442 | std(g_L) = 0.9749 | grad = 1.3509
step  20840 | loss = -2.3606 | g_L = +2.3606 | EMA = +2.3427 | std(g_L) = 1.0745 | grad = 1.3119
step  20860 | loss = -2.2538 | g_L = +2.2538 | EMA = +2.3232 | std(g_L) = 1.0703 | grad = 1.1969
step  20880 | loss = -2.2574 | g_L = +2.2574 | EMA = +2.3321 | std(g_L) = 1.0031 | grad = 0.8571
step  20900 | loss = -2.2649 | g_L = +2.2649 | EMA = +2.3305 | std(g_L) = 1.0256 | grad = 0.7945
step  20920 | loss = -2.3658 | g_L = +2.3658 | EMA = +2.3397 | std(g_L) = 1.1902 | grad = 0.5800
step  20940 | loss = -2.3006 | g_L = +2.3006 | EMA = +2.3245 | std(g_L) = 1.0593 | grad = 0.6434
step  20960 | loss = -2.3946 | g_L = +2.3946 | EMA = +2.3312 | std(g_L) = 0.9241 | grad = 0.5749
step  20980 | loss = -2.2673 | g_L = +2.2673 | EMA = +2.3372 | std(g_L) = 0.9257 | grad = 2.0064
step  21000 | loss = -2.3175 | g_L = +2.3175 | EMA = +2.3499 | std(g_L) = 0.9809 | grad = 0.4375
step  21020 | loss = -2.3052 | g_L = +2.3052 | EMA = +2.3404 | std(g_L) = 1.2117 | grad = 3.0122
step  21040 | loss = -2.2530 | g_L = +2.2530 | EMA = +2.3302 | std(g_L) = 0.9637 | grad = 0.5895
step  21060 | loss = -2.4198 | g_L = +2.4198 | EMA = +2.3458 | std(g_L) = 1.0225 | grad = 0.8061
step  21080 | loss = -2.2337 | g_L = +2.2337 | EMA = +2.3435 | std(g_L) = 1.1687 | grad = 0.7106
step  21100 | loss = -2.3409 | g_L = +2.3409 | EMA = +2.3504 | std(g_L) = 0.9964 | grad = 1.1263
step  21120 | loss = -2.3870 | g_L = +2.3870 | EMA = +2.3562 | std(g_L) = 1.0408 | grad = 0.9917
step  21140 | loss = -2.2583 | g_L = +2.2583 | EMA = +2.3338 | std(g_L) = 1.1365 | grad = 0.7383
step  21160 | loss = -2.3048 | g_L = +2.3048 | EMA = +2.3447 | std(g_L) = 1.2007 | grad = 2.2933
step  21180 | loss = -2.3740 | g_L = +2.3740 | EMA = +2.3641 | std(g_L) = 1.0130 | grad = 0.9000
step  21200 | loss = -2.3806 | g_L = +2.3806 | EMA = +2.3551 | std(g_L) = 0.9893 | grad = 0.4805
step  21220 | loss = -2.3371 | g_L = +2.3371 | EMA = +2.3518 | std(g_L) = 1.0699 | grad = 0.4106
step  21240 | loss = -2.4058 | g_L = +2.4058 | EMA = +2.3451 | std(g_L) = 1.0004 | grad = 1.4963
step  21260 | loss = -2.2838 | g_L = +2.2838 | EMA = +2.3269 | std(g_L) = 0.9652 | grad = 1.9288
step  21280 | loss = -2.4342 | g_L = +2.4342 | EMA = +2.3446 | std(g_L) = 0.9148 | grad = 0.7455
step  21300 | loss = -2.2766 | g_L = +2.2766 | EMA = +2.3406 | std(g_L) = 1.2841 | grad = 1.1693
step  21320 | loss = -2.3322 | g_L = +2.3322 | EMA = +2.3468 | std(g_L) = 1.0212 | grad = 1.2861
step  21340 | loss = -2.3275 | g_L = +2.3275 | EMA = +2.3509 | std(g_L) = 1.0711 | grad = 0.6669
step  21360 | loss = -2.5104 | g_L = +2.5104 | EMA = +2.3435 | std(g_L) = 0.7766 | grad = 1.8095
step  21380 | loss = -2.2690 | g_L = +2.2690 | EMA = +2.3445 | std(g_L) = 1.1876 | grad = 0.7336
step  21400 | loss = -2.3884 | g_L = +2.3884 | EMA = +2.3346 | std(g_L) = 0.8878 | grad = 1.8382
step  21420 | loss = -2.3820 | g_L = +2.3820 | EMA = +2.3205 | std(g_L) = 0.9529 | grad = 0.8587
step  21440 | loss = -2.2363 | g_L = +2.2363 | EMA = +2.3384 | std(g_L) = 1.0708 | grad = 0.9484
step  21460 | loss = -2.2976 | g_L = +2.2976 | EMA = +2.3157 | std(g_L) = 1.0293 | grad = 1.1227
step  21480 | loss = -2.3099 | g_L = +2.3099 | EMA = +2.3448 | std(g_L) = 1.0321 | grad = 0.7604
step  21500 | loss = -2.3194 | g_L = +2.3194 | EMA = +2.3393 | std(g_L) = 0.9816 | grad = 1.6732
step  21520 | loss = -2.3363 | g_L = +2.3363 | EMA = +2.3528 | std(g_L) = 0.9504 | grad = 0.5670
step  21540 | loss = -2.3829 | g_L = +2.3829 | EMA = +2.3368 | std(g_L) = 0.9255 | grad = 0.5935
step  21560 | loss = -2.3555 | g_L = +2.3555 | EMA = +2.3529 | std(g_L) = 1.1066 | grad = 1.1305
step  21580 | loss = -2.2935 | g_L = +2.2935 | EMA = +2.3313 | std(g_L) = 1.0781 | grad = 1.0482
step  21600 | loss = -2.4002 | g_L = +2.4002 | EMA = +2.3433 | std(g_L) = 0.9578 | grad = 0.9223
step  21620 | loss = -2.3764 | g_L = +2.3764 | EMA = +2.3542 | std(g_L) = 1.0111 | grad = 1.3045
step  21640 | loss = -2.4111 | g_L = +2.4111 | EMA = +2.3516 | std(g_L) = 1.0116 | grad = 1.7243
step  21660 | loss = -2.3872 | g_L = +2.3872 | EMA = +2.3562 | std(g_L) = 1.0093 | grad = 0.8250
step  21680 | loss = -2.4326 | g_L = +2.4326 | EMA = +2.3747 | std(g_L) = 0.9642 | grad = 0.9723
step  21700 | loss = -2.3533 | g_L = +2.3533 | EMA = +2.3576 | std(g_L) = 0.9999 | grad = 0.4726
step  21720 | loss = -2.3658 | g_L = +2.3658 | EMA = +2.3595 | std(g_L) = 0.9563 | grad = 1.0627
step  21740 | loss = -2.3650 | g_L = +2.3650 | EMA = +2.3672 | std(g_L) = 0.8865 | grad = 1.9189
step  21760 | loss = -2.3857 | g_L = +2.3857 | EMA = +2.3651 | std(g_L) = 1.1689 | grad = 1.1450
step  21780 | loss = -2.4151 | g_L = +2.4151 | EMA = +2.3664 | std(g_L) = 0.8485 | grad = 1.6875
step  21800 | loss = -2.2657 | g_L = +2.2657 | EMA = +2.3563 | std(g_L) = 1.0401 | grad = 1.7363
step  21820 | loss = -2.2843 | g_L = +2.2843 | EMA = +2.3754 | std(g_L) = 0.9012 | grad = 0.2147
step  21840 | loss = -2.3211 | g_L = +2.3211 | EMA = +2.3397 | std(g_L) = 1.0128 | grad = 1.0036
step  21860 | loss = -2.3098 | g_L = +2.3098 | EMA = +2.3519 | std(g_L) = 1.0873 | grad = 1.2254
step  21880 | loss = -2.4471 | g_L = +2.4471 | EMA = +2.3709 | std(g_L) = 0.9524 | grad = 1.0595
step  21900 | loss = -2.2489 | g_L = +2.2489 | EMA = +2.3575 | std(g_L) = 1.0279 | grad = 0.7265
step  21920 | loss = -2.3998 | g_L = +2.3998 | EMA = +2.3624 | std(g_L) = 1.0424 | grad = 0.7518
step  21940 | loss = -2.3802 | g_L = +2.3802 | EMA = +2.3577 | std(g_L) = 0.9979 | grad = 0.9622
step  21960 | loss = -2.3699 | g_L = +2.3699 | EMA = +2.3458 | std(g_L) = 1.0487 | grad = 1.0903
step  21980 | loss = -2.5539 | g_L = +2.5539 | EMA = +2.3667 | std(g_L) = 0.7806 | grad = 0.7260
step  22000 | loss = -2.3376 | g_L = +2.3376 | EMA = +2.3484 | std(g_L) = 0.9846 | grad = 0.7901
step  22020 | loss = -2.3046 | g_L = +2.3046 | EMA = +2.3564 | std(g_L) = 1.0173 | grad = 1.8322
step  22040 | loss = -2.3058 | g_L = +2.3058 | EMA = +2.3518 | std(g_L) = 1.1807 | grad = 0.6657
step  22060 | loss = -2.3289 | g_L = +2.3289 | EMA = +2.3590 | std(g_L) = 1.0452 | grad = 1.4011
step  22080 | loss = -2.4457 | g_L = +2.4457 | EMA = +2.3597 | std(g_L) = 0.9406 | grad = 0.8861
step  22100 | loss = -2.4004 | g_L = +2.4004 | EMA = +2.3760 | std(g_L) = 0.9826 | grad = 0.5518
step  22120 | loss = -2.4059 | g_L = +2.4059 | EMA = +2.3643 | std(g_L) = 0.9092 | grad = 1.0762
step  22140 | loss = -2.3754 | g_L = +2.3754 | EMA = +2.3517 | std(g_L) = 1.0846 | grad = 2.1888
step  22160 | loss = -2.3482 | g_L = +2.3482 | EMA = +2.3496 | std(g_L) = 1.0290 | grad = 1.2021
step  22180 | loss = -2.3490 | g_L = +2.3490 | EMA = +2.3637 | std(g_L) = 1.0204 | grad = 1.2732
step  22200 | loss = -2.2650 | g_L = +2.2650 | EMA = +2.3730 | std(g_L) = 1.0247 | grad = 1.5067
step  22220 | loss = -2.3706 | g_L = +2.3706 | EMA = +2.3737 | std(g_L) = 1.1261 | grad = 1.1946
step  22240 | loss = -2.4362 | g_L = +2.4362 | EMA = +2.3711 | std(g_L) = 0.9528 | grad = 0.2448
step  22260 | loss = -2.4133 | g_L = +2.4133 | EMA = +2.3647 | std(g_L) = 1.0184 | grad = 0.2040
step  22280 | loss = -2.3246 | g_L = +2.3246 | EMA = +2.3587 | std(g_L) = 1.2254 | grad = 1.8975
step  22300 | loss = -2.4196 | g_L = +2.4196 | EMA = +2.3454 | std(g_L) = 0.9679 | grad = 0.5189
step  22320 | loss = -2.1393 | g_L = +2.1393 | EMA = +2.3325 | std(g_L) = 1.1014 | grad = 0.8387
step  22340 | loss = -2.2878 | g_L = +2.2878 | EMA = +2.3493 | std(g_L) = 1.1936 | grad = 0.9380
step  22360 | loss = -2.3783 | g_L = +2.3783 | EMA = +2.3656 | std(g_L) = 0.8373 | grad = 0.7520
step  22380 | loss = -2.2909 | g_L = +2.2909 | EMA = +2.3819 | std(g_L) = 1.0783 | grad = 0.7148
step  22400 | loss = -2.4970 | g_L = +2.4970 | EMA = +2.3941 | std(g_L) = 0.9664 | grad = 1.1784
step  22420 | loss = -2.5099 | g_L = +2.5099 | EMA = +2.3711 | std(g_L) = 0.7717 | grad = 0.8415
step  22440 | loss = -2.2472 | g_L = +2.2472 | EMA = +2.3651 | std(g_L) = 1.1098 | grad = 0.5627
step  22460 | loss = -2.2935 | g_L = +2.2935 | EMA = +2.3588 | std(g_L) = 1.0842 | grad = 1.1225
step  22480 | loss = -2.4352 | g_L = +2.4352 | EMA = +2.3666 | std(g_L) = 1.0550 | grad = 0.4942
step  22500 | loss = -2.4208 | g_L = +2.4208 | EMA = +2.3847 | std(g_L) = 1.0276 | grad = 1.0598
step  22520 | loss = -2.3283 | g_L = +2.3283 | EMA = +2.3574 | std(g_L) = 0.9509 | grad = 1.0274
step  22540 | loss = -2.3437 | g_L = +2.3437 | EMA = +2.3568 | std(g_L) = 1.0243 | grad = 0.8441
step  22560 | loss = -2.2678 | g_L = +2.2678 | EMA = +2.3528 | std(g_L) = 1.0201 | grad = 0.4523
step  22580 | loss = -2.4801 | g_L = +2.4801 | EMA = +2.3689 | std(g_L) = 0.9243 | grad = 1.1698
step  22600 | loss = -2.2774 | g_L = +2.2774 | EMA = +2.3665 | std(g_L) = 1.1081 | grad = 0.5632
step  22620 | loss = -2.2041 | g_L = +2.2041 | EMA = +2.3422 | std(g_L) = 1.1713 | grad = 0.6257
step  22640 | loss = -2.4344 | g_L = +2.4344 | EMA = +2.3583 | std(g_L) = 0.9747 | grad = 0.4863
step  22660 | loss = -2.3284 | g_L = +2.3284 | EMA = +2.3691 | std(g_L) = 1.0991 | grad = 0.3917
step  22680 | loss = -2.4550 | g_L = +2.4550 | EMA = +2.3617 | std(g_L) = 0.8818 | grad = 0.8027
step  22700 | loss = -2.2401 | g_L = +2.2401 | EMA = +2.3866 | std(g_L) = 1.1404 | grad = 0.2909
step  22720 | loss = -2.3838 | g_L = +2.3838 | EMA = +2.3783 | std(g_L) = 0.9853 | grad = 0.5831
step  22740 | loss = -2.4125 | g_L = +2.4125 | EMA = +2.3769 | std(g_L) = 1.0134 | grad = 1.0786
step  22760 | loss = -2.3352 | g_L = +2.3352 | EMA = +2.3711 | std(g_L) = 0.9055 | grad = 0.6071
step  22780 | loss = -2.3734 | g_L = +2.3734 | EMA = +2.3703 | std(g_L) = 0.9560 | grad = 0.6658
step  22800 | loss = -2.3427 | g_L = +2.3427 | EMA = +2.3747 | std(g_L) = 0.9376 | grad = 1.3012
step  22820 | loss = -2.2842 | g_L = +2.2842 | EMA = +2.3569 | std(g_L) = 1.1406 | grad = 1.5788
step  22840 | loss = -2.3736 | g_L = +2.3736 | EMA = +2.3632 | std(g_L) = 0.8914 | grad = 1.1287
step  22860 | loss = -2.3779 | g_L = +2.3779 | EMA = +2.3499 | std(g_L) = 0.9043 | grad = 0.4981
step  22880 | loss = -2.5722 | g_L = +2.5722 | EMA = +2.3705 | std(g_L) = 0.7470 | grad = 0.5123
step  22900 | loss = -2.4044 | g_L = +2.4044 | EMA = +2.3586 | std(g_L) = 1.0522 | grad = 1.1249
step  22920 | loss = -2.3456 | g_L = +2.3456 | EMA = +2.3668 | std(g_L) = 0.9798 | grad = 0.9136
step  22940 | loss = -2.3598 | g_L = +2.3598 | EMA = +2.3725 | std(g_L) = 1.1559 | grad = 0.7320
step  22960 | loss = -2.1819 | g_L = +2.1819 | EMA = +2.3565 | std(g_L) = 1.2389 | grad = 2.0016
step  22980 | loss = -2.3243 | g_L = +2.3243 | EMA = +2.3516 | std(g_L) = 0.9680 | grad = 0.5696
step  23000 | loss = -2.3708 | g_L = +2.3708 | EMA = +2.3410 | std(g_L) = 1.0052 | grad = 1.0417
step  23020 | loss = -2.3928 | g_L = +2.3928 | EMA = +2.3677 | std(g_L) = 0.9733 | grad = 0.8977
step  23040 | loss = -2.2319 | g_L = +2.2319 | EMA = +2.3623 | std(g_L) = 1.2104 | grad = 0.5588
step  23060 | loss = -2.4178 | g_L = +2.4178 | EMA = +2.3644 | std(g_L) = 0.9699 | grad = 0.8172
step  23080 | loss = -2.3634 | g_L = +2.3634 | EMA = +2.3864 | std(g_L) = 1.0643 | grad = 0.8646
step  23100 | loss = -2.4386 | g_L = +2.4386 | EMA = +2.3538 | std(g_L) = 0.9681 | grad = 1.2695
step  23120 | loss = -2.3924 | g_L = +2.3924 | EMA = +2.3698 | std(g_L) = 0.9823 | grad = 0.8272
step  23140 | loss = -2.4201 | g_L = +2.4201 | EMA = +2.3696 | std(g_L) = 1.0672 | grad = 0.7094
step  23160 | loss = -2.4796 | g_L = +2.4796 | EMA = +2.3730 | std(g_L) = 0.8050 | grad = 1.7084
step  23180 | loss = -2.3379 | g_L = +2.3379 | EMA = +2.3615 | std(g_L) = 0.9439 | grad = 2.0718
step  23200 | loss = -2.2559 | g_L = +2.2559 | EMA = +2.3526 | std(g_L) = 1.1363 | grad = 0.5645
step  23220 | loss = -2.3440 | g_L = +2.3440 | EMA = +2.3690 | std(g_L) = 1.0745 | grad = 0.7220
step  23240 | loss = -2.3471 | g_L = +2.3471 | EMA = +2.3658 | std(g_L) = 1.2126 | grad = 0.9504
step  23260 | loss = -2.3736 | g_L = +2.3736 | EMA = +2.3585 | std(g_L) = 0.9887 | grad = 0.8000
step  23280 | loss = -2.3404 | g_L = +2.3404 | EMA = +2.3619 | std(g_L) = 0.9617 | grad = 0.4927
step  23300 | loss = -2.3721 | g_L = +2.3721 | EMA = +2.3721 | std(g_L) = 1.0899 | grad = 0.5174
step  23320 | loss = -2.4024 | g_L = +2.4024 | EMA = +2.3797 | std(g_L) = 1.0490 | grad = 1.5403
step  23340 | loss = -2.4234 | g_L = +2.4234 | EMA = +2.3765 | std(g_L) = 0.9997 | grad = 0.7367
step  23360 | loss = -2.3938 | g_L = +2.3938 | EMA = +2.3754 | std(g_L) = 1.0462 | grad = 0.7247
step  23380 | loss = -2.4833 | g_L = +2.4833 | EMA = +2.3742 | std(g_L) = 0.8244 | grad = 1.2026
step  23400 | loss = -2.3933 | g_L = +2.3933 | EMA = +2.3773 | std(g_L) = 0.8977 | grad = 1.5661
step  23420 | loss = -2.3306 | g_L = +2.3306 | EMA = +2.3795 | std(g_L) = 1.0207 | grad = 0.8320
step  23440 | loss = -2.5010 | g_L = +2.5010 | EMA = +2.3899 | std(g_L) = 0.9423 | grad = 1.1503
step  23460 | loss = -2.2897 | g_L = +2.2897 | EMA = +2.3612 | std(g_L) = 1.1018 | grad = 0.4770
step  23480 | loss = -2.3903 | g_L = +2.3903 | EMA = +2.3748 | std(g_L) = 0.9946 | grad = 1.2577
step  23500 | loss = -2.4639 | g_L = +2.4639 | EMA = +2.3847 | std(g_L) = 1.0029 | grad = 2.9086
step  23520 | loss = -2.3600 | g_L = +2.3600 | EMA = +2.3853 | std(g_L) = 0.8947 | grad = 0.6455
step  23540 | loss = -2.4638 | g_L = +2.4638 | EMA = +2.3867 | std(g_L) = 0.9919 | grad = 1.6854
step  23560 | loss = -2.2276 | g_L = +2.2276 | EMA = +2.3716 | std(g_L) = 1.2271 | grad = 1.2750
step  23580 | loss = -2.2976 | g_L = +2.2976 | EMA = +2.3381 | std(g_L) = 1.0981 | grad = 1.3149
step  23600 | loss = -2.3515 | g_L = +2.3515 | EMA = +2.3810 | std(g_L) = 0.9957 | grad = 2.6919
step  23620 | loss = -2.4251 | g_L = +2.4251 | EMA = +2.3585 | std(g_L) = 0.8808 | grad = 1.1317
step  23640 | loss = -2.2734 | g_L = +2.2734 | EMA = +2.3747 | std(g_L) = 1.0499 | grad = 0.5502
step  23660 | loss = -2.5691 | g_L = +2.5691 | EMA = +2.3839 | std(g_L) = 0.8952 | grad = 1.1173
step  23680 | loss = -2.3192 | g_L = +2.3192 | EMA = +2.3856 | std(g_L) = 1.0466 | grad = 1.3116
step  23700 | loss = -2.4607 | g_L = +2.4607 | EMA = +2.3708 | std(g_L) = 0.9011 | grad = 1.2674
step  23720 | loss = -2.3538 | g_L = +2.3538 | EMA = +2.3591 | std(g_L) = 1.0151 | grad = 1.6008
step  23740 | loss = -2.4754 | g_L = +2.4754 | EMA = +2.3628 | std(g_L) = 1.0660 | grad = 0.6819
step  23760 | loss = -2.3170 | g_L = +2.3170 | EMA = +2.3870 | std(g_L) = 1.0861 | grad = 0.6883
step  23780 | loss = -2.2680 | g_L = +2.2680 | EMA = +2.3641 | std(g_L) = 1.1688 | grad = 0.8526
step  23800 | loss = -2.3216 | g_L = +2.3216 | EMA = +2.3793 | std(g_L) = 1.0874 | grad = 0.4441
step  23820 | loss = -2.3002 | g_L = +2.3002 | EMA = +2.3898 | std(g_L) = 1.0468 | grad = 1.3711
step  23840 | loss = -2.3471 | g_L = +2.3471 | EMA = +2.4017 | std(g_L) = 0.9953 | grad = 0.7910
step  23860 | loss = -2.3184 | g_L = +2.3184 | EMA = +2.3925 | std(g_L) = 1.2433 | grad = 1.0994
step  23880 | loss = -2.3309 | g_L = +2.3309 | EMA = +2.3781 | std(g_L) = 1.0894 | grad = 0.4097
step  23900 | loss = -2.3948 | g_L = +2.3948 | EMA = +2.3709 | std(g_L) = 0.8816 | grad = 0.8962
step  23920 | loss = -2.4468 | g_L = +2.4468 | EMA = +2.3494 | std(g_L) = 1.0043 | grad = 1.4631
step  23940 | loss = -2.3071 | g_L = +2.3071 | EMA = +2.3643 | std(g_L) = 1.0819 | grad = 0.7620
step  23960 | loss = -2.3275 | g_L = +2.3275 | EMA = +2.3769 | std(g_L) = 0.9590 | grad = 1.1707
step  23980 | loss = -2.3819 | g_L = +2.3819 | EMA = +2.3831 | std(g_L) = 1.0477 | grad = 1.6758
step  24000 | loss = -2.3048 | g_L = +2.3048 | EMA = +2.3735 | std(g_L) = 0.9807 | grad = 1.2128
step  24020 | loss = -2.3502 | g_L = +2.3502 | EMA = +2.3879 | std(g_L) = 0.9600 | grad = 1.2329
step  24040 | loss = -2.3600 | g_L = +2.3600 | EMA = +2.3750 | std(g_L) = 1.0559 | grad = 0.9112
step  24060 | loss = -2.3979 | g_L = +2.3979 | EMA = +2.3811 | std(g_L) = 1.0367 | grad = 0.8509
step  24080 | loss = -2.3500 | g_L = +2.3500 | EMA = +2.3708 | std(g_L) = 1.0330 | grad = 0.9936
step  24100 | loss = -2.4354 | g_L = +2.4354 | EMA = +2.3719 | std(g_L) = 0.9318 | grad = 1.1189
step  24120 | loss = -2.3387 | g_L = +2.3387 | EMA = +2.3895 | std(g_L) = 0.9657 | grad = 2.3546
step  24140 | loss = -2.2944 | g_L = +2.2944 | EMA = +2.3804 | std(g_L) = 1.0822 | grad = 0.7875
step  24160 | loss = -2.3131 | g_L = +2.3131 | EMA = +2.3646 | std(g_L) = 0.9332 | grad = 2.0244
step  24180 | loss = -2.4537 | g_L = +2.4537 | EMA = +2.3950 | std(g_L) = 1.0065 | grad = 0.9935
step  24200 | loss = -2.3957 | g_L = +2.3957 | EMA = +2.3941 | std(g_L) = 1.0140 | grad = 0.9125
step  24220 | loss = -2.3396 | g_L = +2.3396 | EMA = +2.3788 | std(g_L) = 1.0406 | grad = 0.5027
step  24240 | loss = -2.4837 | g_L = +2.4837 | EMA = +2.3663 | std(g_L) = 0.8355 | grad = 1.7977
step  24260 | loss = -2.4619 | g_L = +2.4619 | EMA = +2.3714 | std(g_L) = 0.9911 | grad = 1.7895
step  24280 | loss = -2.3023 | g_L = +2.3023 | EMA = +2.3721 | std(g_L) = 1.0725 | grad = 0.4895
step  24300 | loss = -2.3265 | g_L = +2.3265 | EMA = +2.3943 | std(g_L) = 1.0697 | grad = 1.2914
step  24320 | loss = -2.4378 | g_L = +2.4378 | EMA = +2.3843 | std(g_L) = 1.0679 | grad = 1.1936
step  24340 | loss = -2.3688 | g_L = +2.3688 | EMA = +2.3878 | std(g_L) = 1.0223 | grad = 0.8029
step  24360 | loss = -2.5232 | g_L = +2.5232 | EMA = +2.3770 | std(g_L) = 0.7980 | grad = 0.8595
step  24380 | loss = -2.3815 | g_L = +2.3815 | EMA = +2.3752 | std(g_L) = 1.0362 | grad = 0.6675
step  24400 | loss = -2.3223 | g_L = +2.3223 | EMA = +2.3519 | std(g_L) = 1.0686 | grad = 1.5366
step  24420 | loss = -2.3779 | g_L = +2.3779 | EMA = +2.3699 | std(g_L) = 0.9472 | grad = 1.0254
step  24440 | loss = -2.4373 | g_L = +2.4373 | EMA = +2.3860 | std(g_L) = 0.9021 | grad = 1.0579
step  24460 | loss = -2.5158 | g_L = +2.5158 | EMA = +2.3830 | std(g_L) = 0.9272 | grad = 1.6815
step  24480 | loss = -2.4183 | g_L = +2.4183 | EMA = +2.3988 | std(g_L) = 0.8694 | grad = 2.3691
step  24500 | loss = -2.3845 | g_L = +2.3845 | EMA = +2.3869 | std(g_L) = 1.0224 | grad = 1.1841
step  24520 | loss = -2.4642 | g_L = +2.4642 | EMA = +2.3893 | std(g_L) = 0.8820 | grad = 0.6620
step  24540 | loss = -2.4134 | g_L = +2.4134 | EMA = +2.3858 | std(g_L) = 0.9654 | grad = 0.4877
step  24560 | loss = -2.3775 | g_L = +2.3775 | EMA = +2.4020 | std(g_L) = 1.0518 | grad = 1.0964
step  24580 | loss = -2.3332 | g_L = +2.3332 | EMA = +2.3842 | std(g_L) = 1.1348 | grad = 0.5890
step  24600 | loss = -2.3905 | g_L = +2.3905 | EMA = +2.3796 | std(g_L) = 1.0134 | grad = 1.7548
step  24620 | loss = -2.4219 | g_L = +2.4219 | EMA = +2.3721 | std(g_L) = 0.9674 | grad = 0.7158
step  24640 | loss = -2.3266 | g_L = +2.3266 | EMA = +2.3732 | std(g_L) = 0.9745 | grad = 0.7695
step  24660 | loss = -2.4459 | g_L = +2.4459 | EMA = +2.3707 | std(g_L) = 0.9573 | grad = 1.3195
step  24680 | loss = -2.3763 | g_L = +2.3763 | EMA = +2.3983 | std(g_L) = 1.0469 | grad = 1.4812
step  24700 | loss = -2.4286 | g_L = +2.4286 | EMA = +2.3906 | std(g_L) = 1.0118 | grad = 1.1910
step  24720 | loss = -2.3346 | g_L = +2.3346 | EMA = +2.3852 | std(g_L) = 1.0820 | grad = 0.9653
step  24740 | loss = -2.4351 | g_L = +2.4351 | EMA = +2.3854 | std(g_L) = 1.0291 | grad = 0.8842
step  24760 | loss = -2.3935 | g_L = +2.3935 | EMA = +2.3852 | std(g_L) = 0.8470 | grad = 1.2892
step  24780 | loss = -2.3450 | g_L = +2.3450 | EMA = +2.3888 | std(g_L) = 1.0030 | grad = 0.5368
step  24800 | loss = -2.4124 | g_L = +2.4124 | EMA = +2.4071 | std(g_L) = 0.9106 | grad = 1.9863
step  24820 | loss = -2.4873 | g_L = +2.4873 | EMA = +2.3879 | std(g_L) = 0.9727 | grad = 1.3830
step  24840 | loss = -2.3256 | g_L = +2.3256 | EMA = +2.3789 | std(g_L) = 0.9890 | grad = 1.1931
step  24860 | loss = -2.3067 | g_L = +2.3067 | EMA = +2.3644 | std(g_L) = 1.0794 | grad = 1.2589
step  24880 | loss = -2.2896 | g_L = +2.2896 | EMA = +2.3480 | std(g_L) = 1.1330 | grad = 1.4463
step  24900 | loss = -2.4062 | g_L = +2.4062 | EMA = +2.3744 | std(g_L) = 0.9667 | grad = 1.4409
step  24920 | loss = -2.4045 | g_L = +2.4045 | EMA = +2.4001 | std(g_L) = 1.0488 | grad = 1.5519
step  24940 | loss = -2.4335 | g_L = +2.4335 | EMA = +2.4009 | std(g_L) = 1.0325 | grad = 1.0103
step  24960 | loss = -2.4433 | g_L = +2.4433 | EMA = +2.3727 | std(g_L) = 0.8874 | grad = 0.4822
step  24980 | loss = -2.2933 | g_L = +2.2933 | EMA = +2.3787 | std(g_L) = 1.0969 | grad = 2.2648
step  25000 | loss = -2.4997 | g_L = +2.4997 | EMA = +2.3838 | std(g_L) = 0.8413 | grad = 1.0921
step  25020 | loss = -2.3473 | g_L = +2.3473 | EMA = +2.3908 | std(g_L) = 1.0699 | grad = 2.4288
step  25040 | loss = -2.4145 | g_L = +2.4145 | EMA = +2.4064 | std(g_L) = 0.9064 | grad = 0.9552
step  25060 | loss = -2.3846 | g_L = +2.3846 | EMA = +2.3905 | std(g_L) = 0.8920 | grad = 1.5945
step  25080 | loss = -2.4123 | g_L = +2.4123 | EMA = +2.3919 | std(g_L) = 0.9568 | grad = 1.0967
step  25100 | loss = -2.4354 | g_L = +2.4354 | EMA = +2.3954 | std(g_L) = 0.8324 | grad = 1.0280
step  25120 | loss = -2.4094 | g_L = +2.4094 | EMA = +2.4009 | std(g_L) = 1.0703 | grad = 1.4173
step  25140 | loss = -2.2403 | g_L = +2.2403 | EMA = +2.3809 | std(g_L) = 1.1356 | grad = 1.6588
step  25160 | loss = -2.4687 | g_L = +2.4687 | EMA = +2.3987 | std(g_L) = 1.0057 | grad = 0.6837
step  25180 | loss = -2.4482 | g_L = +2.4482 | EMA = +2.4028 | std(g_L) = 1.0720 | grad = 1.0202
step  25200 | loss = -2.3618 | g_L = +2.3618 | EMA = +2.3919 | std(g_L) = 0.9623 | grad = 0.8236
step  25220 | loss = -2.4027 | g_L = +2.4027 | EMA = +2.4063 | std(g_L) = 0.9086 | grad = 1.4699
step  25240 | loss = -2.4661 | g_L = +2.4661 | EMA = +2.3927 | std(g_L) = 0.9137 | grad = 1.0388
step  25260 | loss = -2.3755 | g_L = +2.3755 | EMA = +2.4088 | std(g_L) = 0.9377 | grad = 1.9320
step  25280 | loss = -2.3437 | g_L = +2.3437 | EMA = +2.4066 | std(g_L) = 0.9467 | grad = 1.4202
step  25300 | loss = -2.4792 | g_L = +2.4792 | EMA = +2.4038 | std(g_L) = 0.8321 | grad = 1.2781
step  25320 | loss = -2.3592 | g_L = +2.3592 | EMA = +2.3842 | std(g_L) = 1.1424 | grad = 1.1599
step  25340 | loss = -2.4213 | g_L = +2.4213 | EMA = +2.3776 | std(g_L) = 1.0209 | grad = 1.0760
step  25360 | loss = -2.3709 | g_L = +2.3709 | EMA = +2.3999 | std(g_L) = 1.0458 | grad = 0.7199
step  25380 | loss = -2.4510 | g_L = +2.4510 | EMA = +2.3894 | std(g_L) = 1.0180 | grad = 2.1184
step  25400 | loss = -2.3999 | g_L = +2.3999 | EMA = +2.4047 | std(g_L) = 1.0661 | grad = 0.5723
step  25420 | loss = -2.3426 | g_L = +2.3426 | EMA = +2.3944 | std(g_L) = 1.3124 | grad = 0.9550
step  25440 | loss = -2.2716 | g_L = +2.2716 | EMA = +2.3957 | std(g_L) = 1.0688 | grad = 1.3614
step  25460 | loss = -2.3803 | g_L = +2.3803 | EMA = +2.4140 | std(g_L) = 1.1115 | grad = 0.4680
step  25480 | loss = -2.4451 | g_L = +2.4451 | EMA = +2.3884 | std(g_L) = 1.0319 | grad = 0.8514
step  25500 | loss = -2.3970 | g_L = +2.3970 | EMA = +2.4076 | std(g_L) = 0.9333 | grad = 1.4466
step  25520 | loss = -2.5257 | g_L = +2.5257 | EMA = +2.4107 | std(g_L) = 0.9117 | grad = 1.6429
step  25540 | loss = -2.4610 | g_L = +2.4610 | EMA = +2.4008 | std(g_L) = 1.1097 | grad = 0.5868
step  25560 | loss = -2.3853 | g_L = +2.3853 | EMA = +2.3871 | std(g_L) = 1.1568 | grad = 1.7025
step  25580 | loss = -2.2256 | g_L = +2.2256 | EMA = +2.3872 | std(g_L) = 1.1914 | grad = 1.5625
step  25600 | loss = -2.4358 | g_L = +2.4358 | EMA = +2.3916 | std(g_L) = 0.9955 | grad = 0.9153
step  25620 | loss = -2.3532 | g_L = +2.3532 | EMA = +2.3978 | std(g_L) = 1.0432 | grad = 1.9358
step  25640 | loss = -2.4859 | g_L = +2.4859 | EMA = +2.4331 | std(g_L) = 1.0386 | grad = 0.8253
step  25660 | loss = -2.2948 | g_L = +2.2948 | EMA = +2.4088 | std(g_L) = 0.9754 | grad = 2.1410
step  25680 | loss = -2.4942 | g_L = +2.4942 | EMA = +2.3926 | std(g_L) = 0.8765 | grad = 1.2065
step  25700 | loss = -2.4882 | g_L = +2.4882 | EMA = +2.4123 | std(g_L) = 1.0345 | grad = 1.7847
step  25720 | loss = -2.2691 | g_L = +2.2691 | EMA = +2.4081 | std(g_L) = 1.2479 | grad = 3.1943
step  25740 | loss = -2.4110 | g_L = +2.4110 | EMA = +2.4005 | std(g_L) = 1.0217 | grad = 3.1109
step  25760 | loss = -2.4055 | g_L = +2.4055 | EMA = +2.3905 | std(g_L) = 1.0848 | grad = 0.4080
step  25780 | loss = -2.3254 | g_L = +2.3254 | EMA = +2.4043 | std(g_L) = 1.0805 | grad = 1.5626
step  25800 | loss = -2.4571 | g_L = +2.4571 | EMA = +2.4113 | std(g_L) = 1.0329 | grad = 1.3323
step  25820 | loss = -2.3215 | g_L = +2.3215 | EMA = +2.4080 | std(g_L) = 1.0660 | grad = 1.8936
step  25840 | loss = -2.3995 | g_L = +2.3995 | EMA = +2.3995 | std(g_L) = 0.9208 | grad = 0.9567
step  25860 | loss = -2.4782 | g_L = +2.4782 | EMA = +2.3886 | std(g_L) = 1.0396 | grad = 0.5238
step  25880 | loss = -2.2875 | g_L = +2.2875 | EMA = +2.4092 | std(g_L) = 1.0092 | grad = 1.3455
step  25900 | loss = -2.3424 | g_L = +2.3424 | EMA = +2.4015 | std(g_L) = 1.0764 | grad = 1.5443
step  25920 | loss = -2.4397 | g_L = +2.4397 | EMA = +2.3998 | std(g_L) = 0.9628 | grad = 0.8505
step  25940 | loss = -2.3837 | g_L = +2.3837 | EMA = +2.4054 | std(g_L) = 1.0996 | grad = 1.8406
step  25960 | loss = -2.4276 | g_L = +2.4276 | EMA = +2.3785 | std(g_L) = 0.9081 | grad = 0.3651
step  25980 | loss = -2.3178 | g_L = +2.3178 | EMA = +2.3803 | std(g_L) = 0.9046 | grad = 1.7764
step  26000 | loss = -2.2280 | g_L = +2.2280 | EMA = +2.3874 | std(g_L) = 1.0344 | grad = 2.2397
step  26020 | loss = -2.5339 | g_L = +2.5339 | EMA = +2.4050 | std(g_L) = 0.8664 | grad = 1.2396
step  26040 | loss = -2.3926 | g_L = +2.3926 | EMA = +2.4322 | std(g_L) = 0.9661 | grad = 0.3066
step  26060 | loss = -2.3950 | g_L = +2.3950 | EMA = +2.4235 | std(g_L) = 0.9858 | grad = 1.2859
step  26080 | loss = -2.4379 | g_L = +2.4379 | EMA = +2.4155 | std(g_L) = 0.8795 | grad = 1.0171
step  26100 | loss = -2.4454 | g_L = +2.4454 | EMA = +2.4010 | std(g_L) = 1.0052 | grad = 1.4365
step  26120 | loss = -2.2967 | g_L = +2.2967 | EMA = +2.3952 | std(g_L) = 1.1203 | grad = 1.9520
step  26140 | loss = -2.3809 | g_L = +2.3809 | EMA = +2.3997 | std(g_L) = 0.9215 | grad = 1.7685
step  26160 | loss = -2.4402 | g_L = +2.4402 | EMA = +2.4023 | std(g_L) = 1.0030 | grad = 1.1650
step  26180 | loss = -2.2645 | g_L = +2.2645 | EMA = +2.3830 | std(g_L) = 0.9814 | grad = 2.5606
step  26200 | loss = -2.4481 | g_L = +2.4481 | EMA = +2.3974 | std(g_L) = 1.1681 | grad = 1.5985
step  26220 | loss = -2.3983 | g_L = +2.3983 | EMA = +2.3968 | std(g_L) = 0.9841 | grad = 0.9131
step  26240 | loss = -2.3355 | g_L = +2.3355 | EMA = +2.4019 | std(g_L) = 1.1307 | grad = 1.6627
step  26260 | loss = -2.4071 | g_L = +2.4071 | EMA = +2.4343 | std(g_L) = 1.0094 | grad = 1.3298
step  26280 | loss = -2.3809 | g_L = +2.3809 | EMA = +2.4137 | std(g_L) = 0.9786 | grad = 1.0103
step  26300 | loss = -2.4554 | g_L = +2.4554 | EMA = +2.4212 | std(g_L) = 0.9615 | grad = 1.3640
step  26320 | loss = -2.4036 | g_L = +2.4036 | EMA = +2.4156 | std(g_L) = 0.9864 | grad = 0.7316
step  26340 | loss = -2.4460 | g_L = +2.4460 | EMA = +2.3979 | std(g_L) = 0.9530 | grad = 0.8104
step  26360 | loss = -2.4341 | g_L = +2.4341 | EMA = +2.4214 | std(g_L) = 0.9334 | grad = 0.8437
step  26380 | loss = -2.2979 | g_L = +2.2979 | EMA = +2.4062 | std(g_L) = 1.0706 | grad = 0.9583
step  26400 | loss = -2.3981 | g_L = +2.3981 | EMA = +2.3959 | std(g_L) = 0.9121 | grad = 1.6131
step  26420 | loss = -2.4105 | g_L = +2.4105 | EMA = +2.3831 | std(g_L) = 0.9009 | grad = 1.8455
step  26440 | loss = -2.3470 | g_L = +2.3470 | EMA = +2.3761 | std(g_L) = 1.0760 | grad = 1.8140
step  26460 | loss = -2.4297 | g_L = +2.4297 | EMA = +2.3853 | std(g_L) = 0.9993 | grad = 0.6945
step  26480 | loss = -2.4566 | g_L = +2.4566 | EMA = +2.3994 | std(g_L) = 0.9663 | grad = 2.7803
step  26500 | loss = -2.4796 | g_L = +2.4796 | EMA = +2.4117 | std(g_L) = 0.9644 | grad = 1.7275
step  26520 | loss = -2.4006 | g_L = +2.4006 | EMA = +2.4021 | std(g_L) = 1.0353 | grad = 1.3303
step  26540 | loss = -2.4161 | g_L = +2.4161 | EMA = +2.4080 | std(g_L) = 1.0439 | grad = 0.7486
step  26560 | loss = -2.4387 | g_L = +2.4387 | EMA = +2.4194 | std(g_L) = 0.8900 | grad = 0.5324
step  26580 | loss = -2.2945 | g_L = +2.2945 | EMA = +2.4174 | std(g_L) = 1.1785 | grad = 1.2226
step  26600 | loss = -2.3904 | g_L = +2.3904 | EMA = +2.4151 | std(g_L) = 0.9910 | grad = 1.6315
step  26620 | loss = -2.5055 | g_L = +2.5055 | EMA = +2.4050 | std(g_L) = 1.0403 | grad = 1.6979
step  26640 | loss = -2.5196 | g_L = +2.5196 | EMA = +2.4113 | std(g_L) = 0.9636 | grad = 0.8979
step  26660 | loss = -2.3172 | g_L = +2.3172 | EMA = +2.4129 | std(g_L) = 1.1994 | grad = 2.7478
step  26680 | loss = -2.4977 | g_L = +2.4977 | EMA = +2.3986 | std(g_L) = 0.8875 | grad = 1.0870
step  26700 | loss = -2.3999 | g_L = +2.3999 | EMA = +2.3957 | std(g_L) = 1.1613 | grad = 1.7577
step  26720 | loss = -2.3886 | g_L = +2.3886 | EMA = +2.4123 | std(g_L) = 1.1028 | grad = 1.1117
step  26740 | loss = -2.3986 | g_L = +2.3986 | EMA = +2.3877 | std(g_L) = 1.1248 | grad = 1.9291
step  26760 | loss = -2.3966 | g_L = +2.3966 | EMA = +2.3914 | std(g_L) = 0.9735 | grad = 1.0037
step  26780 | loss = -2.3482 | g_L = +2.3482 | EMA = +2.3880 | std(g_L) = 1.0752 | grad = 0.9476
step  26800 | loss = -2.4536 | g_L = +2.4536 | EMA = +2.4117 | std(g_L) = 1.0252 | grad = 1.0388
step  26820 | loss = -2.3622 | g_L = +2.3622 | EMA = +2.3903 | std(g_L) = 1.1855 | grad = 1.8839
step  26840 | loss = -2.4425 | g_L = +2.4425 | EMA = +2.3844 | std(g_L) = 0.9789 | grad = 1.1623
step  26860 | loss = -2.3851 | g_L = +2.3851 | EMA = +2.4037 | std(g_L) = 0.9942 | grad = 1.3575
step  26880 | loss = -2.4928 | g_L = +2.4928 | EMA = +2.4206 | std(g_L) = 0.7944 | grad = 1.1626
step  26900 | loss = -2.4438 | g_L = +2.4438 | EMA = +2.4031 | std(g_L) = 1.0419 | grad = 1.2433
step  26920 | loss = -2.3476 | g_L = +2.3476 | EMA = +2.4129 | std(g_L) = 1.1089 | grad = 1.6513
step  26940 | loss = -2.4560 | g_L = +2.4560 | EMA = +2.4058 | std(g_L) = 1.0401 | grad = 1.1598
step  26960 | loss = -2.4365 | g_L = +2.4365 | EMA = +2.4084 | std(g_L) = 1.0555 | grad = 0.8107
step  26980 | loss = -2.3791 | g_L = +2.3791 | EMA = +2.3893 | std(g_L) = 1.0561 | grad = 1.3832
step  27000 | loss = -2.4170 | g_L = +2.4170 | EMA = +2.3881 | std(g_L) = 1.0864 | grad = 0.6115
step  27020 | loss = -2.4731 | g_L = +2.4731 | EMA = +2.4028 | std(g_L) = 0.9404 | grad = 4.0881
step  27040 | loss = -2.5181 | g_L = +2.5181 | EMA = +2.3999 | std(g_L) = 0.8599 | grad = 1.0956
step  27060 | loss = -2.4893 | g_L = +2.4893 | EMA = +2.4064 | std(g_L) = 0.9389 | grad = 0.9299
step  27080 | loss = -2.4957 | g_L = +2.4957 | EMA = +2.4002 | std(g_L) = 0.9148 | grad = 1.2400
step  27100 | loss = -2.4671 | g_L = +2.4671 | EMA = +2.4096 | std(g_L) = 1.0165 | grad = 1.5681
step  27120 | loss = -2.4825 | g_L = +2.4825 | EMA = +2.4016 | std(g_L) = 0.9439 | grad = 2.6007
step  27140 | loss = -2.4272 | g_L = +2.4272 | EMA = +2.3926 | std(g_L) = 0.9969 | grad = 1.9925
step  27160 | loss = -2.3712 | g_L = +2.3712 | EMA = +2.4123 | std(g_L) = 1.0137 | grad = 1.0717
step  27180 | loss = -2.5272 | g_L = +2.5272 | EMA = +2.3913 | std(g_L) = 1.0054 | grad = 1.9675
step  27200 | loss = -2.3991 | g_L = +2.3991 | EMA = +2.4236 | std(g_L) = 0.9457 | grad = 2.7311
step  27220 | loss = -2.4653 | g_L = +2.4653 | EMA = +2.4344 | std(g_L) = 0.9608 | grad = 1.8418
step  27240 | loss = -2.4244 | g_L = +2.4244 | EMA = +2.4329 | std(g_L) = 1.0919 | grad = 2.5111
step  27260 | loss = -2.3814 | g_L = +2.3814 | EMA = +2.4145 | std(g_L) = 1.1083 | grad = 1.1134
step  27280 | loss = -2.3958 | g_L = +2.3958 | EMA = +2.4286 | std(g_L) = 1.0387 | grad = 0.5837
step  27300 | loss = -2.4198 | g_L = +2.4198 | EMA = +2.4119 | std(g_L) = 1.0123 | grad = 0.8639
step  27320 | loss = -2.3675 | g_L = +2.3675 | EMA = +2.4064 | std(g_L) = 0.9710 | grad = 2.1579
step  27340 | loss = -2.2988 | g_L = +2.2988 | EMA = +2.4105 | std(g_L) = 1.1435 | grad = 2.5815
step  27360 | loss = -2.5291 | g_L = +2.5291 | EMA = +2.4221 | std(g_L) = 0.8791 | grad = 0.8400
step  27380 | loss = -2.4650 | g_L = +2.4650 | EMA = +2.4306 | std(g_L) = 0.9167 | grad = 1.0705
step  27400 | loss = -2.4027 | g_L = +2.4027 | EMA = +2.4170 | std(g_L) = 1.1004 | grad = 1.3866
step  27420 | loss = -2.5912 | g_L = +2.5912 | EMA = +2.4275 | std(g_L) = 0.8736 | grad = 1.2047
step  27440 | loss = -2.3017 | g_L = +2.3017 | EMA = +2.4156 | std(g_L) = 1.0490 | grad = 1.7605
step  27460 | loss = -2.3830 | g_L = +2.3830 | EMA = +2.4112 | std(g_L) = 0.9354 | grad = 1.0813
step  27480 | loss = -2.3743 | g_L = +2.3743 | EMA = +2.4236 | std(g_L) = 1.0295 | grad = 1.3883
step  27500 | loss = -2.4084 | g_L = +2.4084 | EMA = +2.3961 | std(g_L) = 0.9855 | grad = 0.6953
step  27520 | loss = -2.4327 | g_L = +2.4327 | EMA = +2.4038 | std(g_L) = 0.9592 | grad = 1.0594
step  27540 | loss = -2.4065 | g_L = +2.4065 | EMA = +2.4073 | std(g_L) = 1.0420 | grad = 2.1149
step  27560 | loss = -2.4079 | g_L = +2.4079 | EMA = +2.4174 | std(g_L) = 1.1734 | grad = 1.2153
step  27580 | loss = -2.3314 | g_L = +2.3314 | EMA = +2.4100 | std(g_L) = 0.9790 | grad = 1.0155
step  27600 | loss = -2.4906 | g_L = +2.4906 | EMA = +2.4224 | std(g_L) = 0.9361 | grad = 0.7691
step  27620 | loss = -2.3496 | g_L = +2.3496 | EMA = +2.4085 | std(g_L) = 1.0428 | grad = 1.3201
step  27640 | loss = -2.3218 | g_L = +2.3218 | EMA = +2.3993 | std(g_L) = 1.1267 | grad = 3.6475
step  27660 | loss = -2.5072 | g_L = +2.5072 | EMA = +2.3957 | std(g_L) = 0.9410 | grad = 1.3962
step  27680 | loss = -2.3658 | g_L = +2.3658 | EMA = +2.3826 | std(g_L) = 0.9550 | grad = 1.3929
step  27700 | loss = -2.5332 | g_L = +2.5332 | EMA = +2.4049 | std(g_L) = 0.9036 | grad = 0.8358
step  27720 | loss = -2.3914 | g_L = +2.3914 | EMA = +2.4265 | std(g_L) = 0.8628 | grad = 1.3769
step  27740 | loss = -2.3852 | g_L = +2.3852 | EMA = +2.3923 | std(g_L) = 0.9999 | grad = 1.7173
step  27760 | loss = -2.3764 | g_L = +2.3764 | EMA = +2.3904 | std(g_L) = 1.1242 | grad = 0.6371
step  27780 | loss = -2.3020 | g_L = +2.3020 | EMA = +2.3885 | std(g_L) = 1.2295 | grad = 2.0565
step  27800 | loss = -2.4685 | g_L = +2.4685 | EMA = +2.4199 | std(g_L) = 0.9667 | grad = 0.8317
step  27820 | loss = -2.4505 | g_L = +2.4505 | EMA = +2.4054 | std(g_L) = 0.8911 | grad = 1.5931
step  27840 | loss = -2.3334 | g_L = +2.3334 | EMA = +2.4094 | std(g_L) = 1.2688 | grad = 1.0035
step  27860 | loss = -2.4278 | g_L = +2.4278 | EMA = +2.4265 | std(g_L) = 0.9281 | grad = 0.6750
step  27880 | loss = -2.3723 | g_L = +2.3723 | EMA = +2.4015 | std(g_L) = 1.1126 | grad = 0.5160
step  27900 | loss = -2.5657 | g_L = +2.5657 | EMA = +2.4168 | std(g_L) = 0.7693 | grad = 2.2019
step  27920 | loss = -2.4350 | g_L = +2.4350 | EMA = +2.4088 | std(g_L) = 1.0602 | grad = 2.2203
step  27940 | loss = -2.3510 | g_L = +2.3510 | EMA = +2.4083 | std(g_L) = 1.0852 | grad = 1.0881
step  27960 | loss = -2.5735 | g_L = +2.5735 | EMA = +2.4096 | std(g_L) = 0.8814 | grad = 0.7374
step  27980 | loss = -2.4791 | g_L = +2.4791 | EMA = +2.4211 | std(g_L) = 0.8992 | grad = 3.0733
step  28000 | loss = -2.5084 | g_L = +2.5084 | EMA = +2.4106 | std(g_L) = 1.0119 | grad = 1.7720
step  28020 | loss = -2.5040 | g_L = +2.5040 | EMA = +2.4233 | std(g_L) = 0.8641 | grad = 2.2649
step  28040 | loss = -2.4703 | g_L = +2.4703 | EMA = +2.4180 | std(g_L) = 0.8961 | grad = 1.7065
step  28060 | loss = -2.3935 | g_L = +2.3935 | EMA = +2.4247 | std(g_L) = 1.1648 | grad = 2.1351
step  28080 | loss = -2.3088 | g_L = +2.3088 | EMA = +2.4021 | std(g_L) = 1.2215 | grad = 2.1689
step  28100 | loss = -2.3020 | g_L = +2.3020 | EMA = +2.4084 | std(g_L) = 1.0779 | grad = 1.6564
step  28120 | loss = -2.4617 | g_L = +2.4617 | EMA = +2.4076 | std(g_L) = 0.9297 | grad = 2.1847
step  28140 | loss = -2.4656 | g_L = +2.4656 | EMA = +2.3995 | std(g_L) = 1.0138 | grad = 3.0143
step  28160 | loss = -2.4278 | g_L = +2.4278 | EMA = +2.4123 | std(g_L) = 1.0709 | grad = 0.6884
step  28180 | loss = -2.3865 | g_L = +2.3865 | EMA = +2.4184 | std(g_L) = 1.0864 | grad = 1.9216
step  28200 | loss = -2.4211 | g_L = +2.4211 | EMA = +2.3798 | std(g_L) = 0.9974 | grad = 1.9295
step  28220 | loss = -2.3121 | g_L = +2.3121 | EMA = +2.3861 | std(g_L) = 1.1420 | grad = 1.8328
step  28240 | loss = -2.3606 | g_L = +2.3606 | EMA = +2.4126 | std(g_L) = 1.0654 | grad = 1.7549
step  28260 | loss = -2.3923 | g_L = +2.3923 | EMA = +2.3969 | std(g_L) = 1.1700 | grad = 2.3771
step  28280 | loss = -2.5370 | g_L = +2.5370 | EMA = +2.4248 | std(g_L) = 0.9032 | grad = 0.7984
step  28300 | loss = -2.4627 | g_L = +2.4627 | EMA = +2.4170 | std(g_L) = 0.9285 | grad = 1.6194
step  28320 | loss = -2.4261 | g_L = +2.4261 | EMA = +2.4183 | std(g_L) = 1.1261 | grad = 0.9598
step  28340 | loss = -2.3452 | g_L = +2.3452 | EMA = +2.4182 | std(g_L) = 1.1424 | grad = 1.2120
step  28360 | loss = -2.4659 | g_L = +2.4659 | EMA = +2.4132 | std(g_L) = 1.0329 | grad = 0.6359
step  28380 | loss = -2.3788 | g_L = +2.3788 | EMA = +2.4119 | std(g_L) = 0.9022 | grad = 1.5563
step  28400 | loss = -2.5083 | g_L = +2.5083 | EMA = +2.4000 | std(g_L) = 0.9019 | grad = 1.3444
step  28420 | loss = -2.4308 | g_L = +2.4308 | EMA = +2.4185 | std(g_L) = 0.8884 | grad = 2.4164
step  28440 | loss = -2.4753 | g_L = +2.4753 | EMA = +2.4200 | std(g_L) = 0.7982 | grad = 1.6476
step  28460 | loss = -2.4412 | g_L = +2.4412 | EMA = +2.4158 | std(g_L) = 0.9187 | grad = 2.8435
step  28480 | loss = -2.4175 | g_L = +2.4175 | EMA = +2.4129 | std(g_L) = 1.1107 | grad = 1.6722
step  28500 | loss = -2.5534 | g_L = +2.5534 | EMA = +2.4233 | std(g_L) = 0.9295 | grad = 1.1536
step  28520 | loss = -2.3537 | g_L = +2.3537 | EMA = +2.4384 | std(g_L) = 1.0797 | grad = 1.0841
step  28540 | loss = -2.5198 | g_L = +2.5198 | EMA = +2.4398 | std(g_L) = 0.9984 | grad = 2.4113
step  28560 | loss = -2.4552 | g_L = +2.4552 | EMA = +2.4240 | std(g_L) = 1.0933 | grad = 2.1786
step  28580 | loss = -2.2958 | g_L = +2.2958 | EMA = +2.4100 | std(g_L) = 0.9887 | grad = 0.5512
step  28600 | loss = -2.4794 | g_L = +2.4794 | EMA = +2.4190 | std(g_L) = 1.0801 | grad = 1.5940
step  28620 | loss = -2.3922 | g_L = +2.3922 | EMA = +2.4174 | std(g_L) = 1.2332 | grad = 1.2111
step  28640 | loss = -2.4519 | g_L = +2.4519 | EMA = +2.4210 | std(g_L) = 0.9857 | grad = 0.7828
step  28660 | loss = -2.4869 | g_L = +2.4869 | EMA = +2.4376 | std(g_L) = 0.9131 | grad = 2.8971
step  28680 | loss = -2.3209 | g_L = +2.3209 | EMA = +2.4234 | std(g_L) = 0.9649 | grad = 0.4984
step  28700 | loss = -2.4301 | g_L = +2.4301 | EMA = +2.4212 | std(g_L) = 0.9826 | grad = 1.5495
step  28720 | loss = -2.5456 | g_L = +2.5456 | EMA = +2.4200 | std(g_L) = 0.9817 | grad = 2.2886
step  28740 | loss = -2.4456 | g_L = +2.4456 | EMA = +2.4402 | std(g_L) = 0.9054 | grad = 1.3438
step  28760 | loss = -2.4696 | g_L = +2.4696 | EMA = +2.4349 | std(g_L) = 0.9780 | grad = 3.2904
step  28780 | loss = -2.2708 | g_L = +2.2708 | EMA = +2.4016 | std(g_L) = 0.9969 | grad = 2.8133
step  28800 | loss = -2.4865 | g_L = +2.4865 | EMA = +2.4103 | std(g_L) = 1.0873 | grad = 1.0621
step  28820 | loss = -2.4675 | g_L = +2.4675 | EMA = +2.4153 | std(g_L) = 1.0052 | grad = 1.0686
step  28840 | loss = -2.4289 | g_L = +2.4289 | EMA = +2.4185 | std(g_L) = 0.9319 | grad = 1.9472
step  28860 | loss = -2.5188 | g_L = +2.5188 | EMA = +2.4294 | std(g_L) = 0.9930 | grad = 1.4344
step  28880 | loss = -2.4880 | g_L = +2.4880 | EMA = +2.4233 | std(g_L) = 0.9910 | grad = 1.3062
step  28900 | loss = -2.5814 | g_L = +2.5814 | EMA = +2.4448 | std(g_L) = 0.9238 | grad = 0.3518
step  28920 | loss = -2.4421 | g_L = +2.4421 | EMA = +2.4364 | std(g_L) = 1.0598 | grad = 2.0172
step  28940 | loss = -2.3498 | g_L = +2.3498 | EMA = +2.4297 | std(g_L) = 1.0615 | grad = 2.9443
step  28960 | loss = -2.4104 | g_L = +2.4104 | EMA = +2.4157 | std(g_L) = 0.9622 | grad = 0.9908
step  28980 | loss = -2.4348 | g_L = +2.4348 | EMA = +2.4145 | std(g_L) = 1.0431 | grad = 0.5654
step  29000 | loss = -2.5046 | g_L = +2.5046 | EMA = +2.4323 | std(g_L) = 0.9096 | grad = 1.3541
step  29020 | loss = -2.3328 | g_L = +2.3328 | EMA = +2.4141 | std(g_L) = 1.1581 | grad = 1.3073
step  29040 | loss = -2.3243 | g_L = +2.3243 | EMA = +2.4093 | std(g_L) = 1.1667 | grad = 1.5133
step  29060 | loss = -2.4493 | g_L = +2.4493 | EMA = +2.4087 | std(g_L) = 0.9205 | grad = 1.7377
step  29080 | loss = -2.3411 | g_L = +2.3411 | EMA = +2.4101 | std(g_L) = 1.0604 | grad = 2.9431
step  29100 | loss = -2.4735 | g_L = +2.4735 | EMA = +2.4255 | std(g_L) = 1.0666 | grad = 0.7248
step  29120 | loss = -2.3797 | g_L = +2.3797 | EMA = +2.4279 | std(g_L) = 1.2333 | grad = 1.3672
step  29140 | loss = -2.5087 | g_L = +2.5087 | EMA = +2.4329 | std(g_L) = 1.0030 | grad = 1.8131
step  29160 | loss = -2.3411 | g_L = +2.3411 | EMA = +2.4097 | std(g_L) = 1.0876 | grad = 2.1477
step  29180 | loss = -2.5547 | g_L = +2.5547 | EMA = +2.4286 | std(g_L) = 0.7785 | grad = 1.1648
step  29200 | loss = -2.4843 | g_L = +2.4843 | EMA = +2.4306 | std(g_L) = 0.9765 | grad = 1.2944
step  29220 | loss = -2.5081 | g_L = +2.5081 | EMA = +2.4239 | std(g_L) = 0.9113 | grad = 1.3069
step  29240 | loss = -2.4109 | g_L = +2.4109 | EMA = +2.4309 | std(g_L) = 1.0212 | grad = 0.4364
step  29260 | loss = -2.5480 | g_L = +2.5480 | EMA = +2.4337 | std(g_L) = 0.9258 | grad = 2.3888
step  29280 | loss = -2.3296 | g_L = +2.3296 | EMA = +2.4145 | std(g_L) = 1.0361 | grad = 1.2256
step  29300 | loss = -2.4075 | g_L = +2.4075 | EMA = +2.4152 | std(g_L) = 1.1636 | grad = 1.3781
step  29320 | loss = -2.4621 | g_L = +2.4621 | EMA = +2.4211 | std(g_L) = 0.9641 | grad = 0.8812
step  29340 | loss = -2.4435 | g_L = +2.4435 | EMA = +2.4180 | std(g_L) = 0.9548 | grad = 2.1708
step  29360 | loss = -2.4132 | g_L = +2.4132 | EMA = +2.4427 | std(g_L) = 1.0178 | grad = 1.1946
step  29380 | loss = -2.4293 | g_L = +2.4293 | EMA = +2.4074 | std(g_L) = 1.0013 | grad = 1.3383
step  29400 | loss = -2.4801 | g_L = +2.4801 | EMA = +2.4236 | std(g_L) = 0.9211 | grad = 1.1809
step  29420 | loss = -2.4835 | g_L = +2.4835 | EMA = +2.4184 | std(g_L) = 1.1225 | grad = 4.3365
step  29440 | loss = -2.4110 | g_L = +2.4110 | EMA = +2.4212 | std(g_L) = 1.0144 | grad = 1.1187
step  29460 | loss = -2.4761 | g_L = +2.4761 | EMA = +2.4264 | std(g_L) = 0.9541 | grad = 1.2151
step  29480 | loss = -2.4865 | g_L = +2.4865 | EMA = +2.4352 | std(g_L) = 1.0503 | grad = 1.9495
step  29500 | loss = -2.3820 | g_L = +2.3820 | EMA = +2.4302 | std(g_L) = 1.1943 | grad = 1.2730
step  29520 | loss = -2.4424 | g_L = +2.4424 | EMA = +2.4210 | std(g_L) = 1.0182 | grad = 2.3082
step  29540 | loss = -2.4946 | g_L = +2.4946 | EMA = +2.4413 | std(g_L) = 0.9228 | grad = 1.0939
step  29560 | loss = -2.4047 | g_L = +2.4047 | EMA = +2.4269 | std(g_L) = 0.9575 | grad = 0.9707
step  29580 | loss = -2.3590 | g_L = +2.3590 | EMA = +2.4167 | std(g_L) = 1.0956 | grad = 1.5944
step  29600 | loss = -2.5269 | g_L = +2.5269 | EMA = +2.4225 | std(g_L) = 0.8889 | grad = 1.4312
step  29620 | loss = -2.4198 | g_L = +2.4198 | EMA = +2.4292 | std(g_L) = 1.0233 | grad = 1.6083
step  29640 | loss = -2.4980 | g_L = +2.4980 | EMA = +2.4121 | std(g_L) = 0.9986 | grad = 1.2555
step  29660 | loss = -2.4608 | g_L = +2.4608 | EMA = +2.4422 | std(g_L) = 1.0216 | grad = 2.3902
step  29680 | loss = -2.4423 | g_L = +2.4423 | EMA = +2.4253 | std(g_L) = 1.0097 | grad = 2.4589
step  29700 | loss = -2.4438 | g_L = +2.4438 | EMA = +2.4094 | std(g_L) = 0.9971 | grad = 0.9887
step  29720 | loss = -2.4035 | g_L = +2.4035 | EMA = +2.4295 | std(g_L) = 0.9554 | grad = 2.3278
step  29740 | loss = -2.4578 | g_L = +2.4578 | EMA = +2.4142 | std(g_L) = 0.9872 | grad = 1.8078
step  29760 | loss = -2.3787 | g_L = +2.3787 | EMA = +2.4389 | std(g_L) = 1.2531 | grad = 0.7011
step  29780 | loss = -2.2983 | g_L = +2.2983 | EMA = +2.4139 | std(g_L) = 1.1581 | grad = 1.0537
step  29800 | loss = -2.4284 | g_L = +2.4284 | EMA = +2.4303 | std(g_L) = 0.9427 | grad = 1.3931
step  29820 | loss = -2.4368 | g_L = +2.4368 | EMA = +2.4510 | std(g_L) = 0.9120 | grad = 0.4932
step  29840 | loss = -2.4874 | g_L = +2.4874 | EMA = +2.4481 | std(g_L) = 0.9578 | grad = 1.5097
step  29860 | loss = -2.3998 | g_L = +2.3998 | EMA = +2.4354 | std(g_L) = 1.1866 | grad = 1.0017
step  29880 | loss = -2.4121 | g_L = +2.4121 | EMA = +2.4200 | std(g_L) = 1.0138 | grad = 2.2936
step  29900 | loss = -2.4868 | g_L = +2.4868 | EMA = +2.4358 | std(g_L) = 0.9880 | grad = 3.0331
step  29920 | loss = -2.5102 | g_L = +2.5102 | EMA = +2.4399 | std(g_L) = 0.9868 | grad = 1.1002
step  29940 | loss = -2.3904 | g_L = +2.3904 | EMA = +2.4453 | std(g_L) = 1.0721 | grad = 1.4547
step  29960 | loss = -2.3380 | g_L = +2.3380 | EMA = +2.4281 | std(g_L) = 0.8616 | grad = 1.3214
step  29980 | loss = -2.5485 | g_L = +2.5485 | EMA = +2.4338 | std(g_L) = 0.9611 | grad = 1.2607
step  30000 | loss = -2.4317 | g_L = +2.4317 | EMA = +2.4445 | std(g_L) = 1.0307 | grad = 2.5147
step  30020 | loss = -2.4668 | g_L = +2.4668 | EMA = +2.4453 | std(g_L) = 0.9336 | grad = 0.8202
step  30040 | loss = -2.3635 | g_L = +2.3635 | EMA = +2.4304 | std(g_L) = 1.1437 | grad = 0.5029
step  30060 | loss = -2.3789 | g_L = +2.3789 | EMA = +2.4298 | std(g_L) = 1.1114 | grad = 1.2181
step  30080 | loss = -2.4777 | g_L = +2.4777 | EMA = +2.4375 | std(g_L) = 0.8174 | grad = 1.5680
step  30100 | loss = -2.4840 | g_L = +2.4840 | EMA = +2.4225 | std(g_L) = 1.0252 | grad = 1.1916
step  30120 | loss = -2.4493 | g_L = +2.4493 | EMA = +2.4238 | std(g_L) = 1.0970 | grad = 2.8459
step  30140 | loss = -2.4283 | g_L = +2.4283 | EMA = +2.4150 | std(g_L) = 1.1553 | grad = 1.1664
step  30160 | loss = -2.3235 | g_L = +2.3235 | EMA = +2.4277 | std(g_L) = 1.1116 | grad = 1.8959
step  30180 | loss = -2.4129 | g_L = +2.4129 | EMA = +2.4268 | std(g_L) = 0.9109 | grad = 1.4896
step  30200 | loss = -2.4424 | g_L = +2.4424 | EMA = +2.4189 | std(g_L) = 1.0543 | grad = 1.8554
step  30220 | loss = -2.4340 | g_L = +2.4340 | EMA = +2.4277 | std(g_L) = 1.0507 | grad = 0.9627
step  30240 | loss = -2.3762 | g_L = +2.3762 | EMA = +2.4312 | std(g_L) = 1.1418 | grad = 1.5085
step  30260 | loss = -2.5051 | g_L = +2.5051 | EMA = +2.4405 | std(g_L) = 0.8684 | grad = 1.4641
step  30280 | loss = -2.3944 | g_L = +2.3944 | EMA = +2.4175 | std(g_L) = 1.1211 | grad = 1.8316
step  30300 | loss = -2.4378 | g_L = +2.4378 | EMA = +2.4383 | std(g_L) = 1.0172 | grad = 2.6383
step  30320 | loss = -2.3680 | g_L = +2.3680 | EMA = +2.4389 | std(g_L) = 1.2083 | grad = 2.8594
step  30340 | loss = -2.4280 | g_L = +2.4280 | EMA = +2.4373 | std(g_L) = 1.0001 | grad = 1.4871
step  30360 | loss = -2.6118 | g_L = +2.6118 | EMA = +2.4330 | std(g_L) = 0.8360 | grad = 2.2971
step  30380 | loss = -2.3786 | g_L = +2.3786 | EMA = +2.4337 | std(g_L) = 1.1359 | grad = 2.0458
step  30400 | loss = -2.5313 | g_L = +2.5313 | EMA = +2.4186 | std(g_L) = 0.9839 | grad = 1.1769
step  30420 | loss = -2.5579 | g_L = +2.5579 | EMA = +2.4240 | std(g_L) = 0.7714 | grad = 0.3931
step  30440 | loss = -2.4024 | g_L = +2.4024 | EMA = +2.4503 | std(g_L) = 1.0595 | grad = 3.2681
step  30460 | loss = -2.4587 | g_L = +2.4587 | EMA = +2.4300 | std(g_L) = 1.0696 | grad = 0.9812
step  30480 | loss = -2.5176 | g_L = +2.5176 | EMA = +2.4119 | std(g_L) = 0.9744 | grad = 2.5267
step  30500 | loss = -2.5303 | g_L = +2.5303 | EMA = +2.4282 | std(g_L) = 1.1064 | grad = 1.7541
step  30520 | loss = -2.4285 | g_L = +2.4285 | EMA = +2.4286 | std(g_L) = 0.9938 | grad = 1.4646
step  30540 | loss = -2.4243 | g_L = +2.4243 | EMA = +2.4200 | std(g_L) = 1.0079 | grad = 1.5261
step  30560 | loss = -2.5005 | g_L = +2.5005 | EMA = +2.4267 | std(g_L) = 0.9247 | grad = 1.1237
step  30580 | loss = -2.3335 | g_L = +2.3335 | EMA = +2.4271 | std(g_L) = 1.0592 | grad = 1.1447
step  30600 | loss = -2.3651 | g_L = +2.3651 | EMA = +2.4448 | std(g_L) = 1.0899 | grad = 2.2848
step  30620 | loss = -2.4765 | g_L = +2.4765 | EMA = +2.4425 | std(g_L) = 0.9380 | grad = 0.3512
step  30640 | loss = -2.4455 | g_L = +2.4455 | EMA = +2.4270 | std(g_L) = 0.8996 | grad = 1.2005
step  30660 | loss = -2.6320 | g_L = +2.6320 | EMA = +2.4433 | std(g_L) = 0.8657 | grad = 1.0828
step  30680 | loss = -2.3527 | g_L = +2.3527 | EMA = +2.4313 | std(g_L) = 1.1194 | grad = 1.8562
step  30700 | loss = -2.4324 | g_L = +2.4324 | EMA = +2.4126 | std(g_L) = 1.0010 | grad = 1.1544
step  30720 | loss = -2.3846 | g_L = +2.3846 | EMA = +2.4157 | std(g_L) = 0.9464 | grad = 1.1975
step  30740 | loss = -2.3649 | g_L = +2.3649 | EMA = +2.4171 | std(g_L) = 1.1905 | grad = 0.8510
step  30760 | loss = -2.3470 | g_L = +2.3470 | EMA = +2.4182 | std(g_L) = 1.0500 | grad = 0.6567
step  30780 | loss = -2.3928 | g_L = +2.3928 | EMA = +2.4028 | std(g_L) = 0.8628 | grad = 2.8184
step  30800 | loss = -2.2543 | g_L = +2.2543 | EMA = +2.4068 | std(g_L) = 1.2154 | grad = 0.6869
step  30820 | loss = -2.3838 | g_L = +2.3838 | EMA = +2.4165 | std(g_L) = 0.9918 | grad = 2.3796
step  30840 | loss = -2.4789 | g_L = +2.4789 | EMA = +2.4205 | std(g_L) = 0.8778 | grad = 1.1443
step  30860 | loss = -2.5742 | g_L = +2.5742 | EMA = +2.4507 | std(g_L) = 0.8571 | grad = 3.5097
step  30880 | loss = -2.5729 | g_L = +2.5729 | EMA = +2.4391 | std(g_L) = 0.8452 | grad = 2.5741
step  30900 | loss = -2.4887 | g_L = +2.4887 | EMA = +2.4301 | std(g_L) = 1.0056 | grad = 1.4192
step  30920 | loss = -2.3778 | g_L = +2.3778 | EMA = +2.4284 | std(g_L) = 1.0728 | grad = 0.7803
step  30940 | loss = -2.5365 | g_L = +2.5365 | EMA = +2.4396 | std(g_L) = 1.0533 | grad = 1.1420
step  30960 | loss = -2.4889 | g_L = +2.4889 | EMA = +2.4298 | std(g_L) = 0.9318 | grad = 1.6762
step  30980 | loss = -2.4863 | g_L = +2.4863 | EMA = +2.4359 | std(g_L) = 1.0260 | grad = 0.7172
step  31000 | loss = -2.3750 | g_L = +2.3750 | EMA = +2.4180 | std(g_L) = 1.1018 | grad = 3.3262
step  31020 | loss = -2.4667 | g_L = +2.4667 | EMA = +2.4315 | std(g_L) = 1.0772 | grad = 2.0652
step  31040 | loss = -2.4553 | g_L = +2.4553 | EMA = +2.4372 | std(g_L) = 1.0494 | grad = 1.3477
step  31060 | loss = -2.3545 | g_L = +2.3545 | EMA = +2.4380 | std(g_L) = 1.0693 | grad = 0.7356
step  31080 | loss = -2.4748 | g_L = +2.4748 | EMA = +2.4303 | std(g_L) = 0.9146 | grad = 2.3810
step  31100 | loss = -2.4280 | g_L = +2.4280 | EMA = +2.4325 | std(g_L) = 0.8348 | grad = 1.3800
step  31120 | loss = -2.3835 | g_L = +2.3835 | EMA = +2.4251 | std(g_L) = 1.1138 | grad = 2.2476
step  31140 | loss = -2.3782 | g_L = +2.3782 | EMA = +2.4251 | std(g_L) = 1.0729 | grad = 2.1892
step  31160 | loss = -2.4731 | g_L = +2.4731 | EMA = +2.4099 | std(g_L) = 0.9717 | grad = 1.9126
step  31180 | loss = -2.4423 | g_L = +2.4423 | EMA = +2.4255 | std(g_L) = 1.0047 | grad = 0.5176
step  31200 | loss = -2.3810 | g_L = +2.3810 | EMA = +2.4137 | std(g_L) = 0.9983 | grad = 1.3193
step  31220 | loss = -2.4497 | g_L = +2.4497 | EMA = +2.4215 | std(g_L) = 1.0857 | grad = 0.9561
step  31240 | loss = -2.2876 | g_L = +2.2876 | EMA = +2.4458 | std(g_L) = 1.1379 | grad = 0.6891
step  31260 | loss = -2.3528 | g_L = +2.3528 | EMA = +2.4364 | std(g_L) = 1.0173 | grad = 1.9141
step  31280 | loss = -2.3743 | g_L = +2.3743 | EMA = +2.4377 | std(g_L) = 1.0641 | grad = 1.6766
step  31300 | loss = -2.4374 | g_L = +2.4374 | EMA = +2.4481 | std(g_L) = 0.9943 | grad = 0.9079
step  31320 | loss = -2.5456 | g_L = +2.5456 | EMA = +2.4380 | std(g_L) = 0.8975 | grad = 0.9100
step  31340 | loss = -2.4132 | g_L = +2.4132 | EMA = +2.4400 | std(g_L) = 1.0217 | grad = 0.8269
step  31360 | loss = -2.4668 | g_L = +2.4668 | EMA = +2.4315 | std(g_L) = 1.1356 | grad = 1.0876
step  31380 | loss = -2.2961 | g_L = +2.2961 | EMA = +2.4173 | std(g_L) = 1.1572 | grad = 1.3842
step  31400 | loss = -2.3482 | g_L = +2.3482 | EMA = +2.4294 | std(g_L) = 1.0402 | grad = 2.7628
step  31420 | loss = -2.3891 | g_L = +2.3891 | EMA = +2.4246 | std(g_L) = 1.0886 | grad = 0.6215
step  31440 | loss = -2.4035 | g_L = +2.4035 | EMA = +2.4199 | std(g_L) = 1.1475 | grad = 1.5210
step  31460 | loss = -2.3566 | g_L = +2.3566 | EMA = +2.4507 | std(g_L) = 1.1530 | grad = 1.6430
step  31480 | loss = -2.3564 | g_L = +2.3564 | EMA = +2.4448 | std(g_L) = 1.1079 | grad = 2.3886
step  31500 | loss = -2.4857 | g_L = +2.4857 | EMA = +2.4421 | std(g_L) = 1.0541 | grad = 6.9548
step  31520 | loss = -2.3605 | g_L = +2.3605 | EMA = +2.4377 | std(g_L) = 1.1800 | grad = 2.4926
step  31540 | loss = -2.3762 | g_L = +2.3762 | EMA = +2.4322 | std(g_L) = 1.0186 | grad = 3.2150
step  31560 | loss = -2.4281 | g_L = +2.4281 | EMA = +2.4179 | std(g_L) = 1.0179 | grad = 1.0552
step  31580 | loss = -2.2288 | g_L = +2.2288 | EMA = +2.4224 | std(g_L) = 1.0859 | grad = 0.7361
step  31600 | loss = -2.4999 | g_L = +2.4999 | EMA = +2.4448 | std(g_L) = 1.0688 | grad = 1.4460
step  31620 | loss = -2.3770 | g_L = +2.3770 | EMA = +2.4228 | std(g_L) = 1.1678 | grad = 0.6514
step  31640 | loss = -2.4426 | g_L = +2.4426 | EMA = +2.4375 | std(g_L) = 0.9678 | grad = 1.1286
step  31660 | loss = -2.4164 | g_L = +2.4164 | EMA = +2.4223 | std(g_L) = 1.0096 | grad = 2.1830
step  31680 | loss = -2.4698 | g_L = +2.4698 | EMA = +2.4369 | std(g_L) = 1.0563 | grad = 1.2428
step  31700 | loss = -2.5365 | g_L = +2.5365 | EMA = +2.4494 | std(g_L) = 0.9174 | grad = 1.8031
step  31720 | loss = -2.5317 | g_L = +2.5317 | EMA = +2.4262 | std(g_L) = 1.0022 | grad = 4.5833
step  31740 | loss = -2.4845 | g_L = +2.4845 | EMA = +2.4351 | std(g_L) = 0.7942 | grad = 1.0481
step  31760 | loss = -2.4734 | g_L = +2.4734 | EMA = +2.4310 | std(g_L) = 1.0538 | grad = 1.2846
step  31780 | loss = -2.5183 | g_L = +2.5183 | EMA = +2.4306 | std(g_L) = 0.8329 | grad = 2.4862
step  31800 | loss = -2.4570 | g_L = +2.4570 | EMA = +2.4200 | std(g_L) = 1.0644 | grad = 1.2384
step  31820 | loss = -2.2415 | g_L = +2.2415 | EMA = +2.4069 | std(g_L) = 1.1318 | grad = 2.2474
step  31840 | loss = -2.4580 | g_L = +2.4580 | EMA = +2.4293 | std(g_L) = 1.0365 | grad = 0.4930
step  31860 | loss = -2.3864 | g_L = +2.3864 | EMA = +2.4046 | std(g_L) = 1.0541 | grad = 1.4567
step  31880 | loss = -2.4565 | g_L = +2.4565 | EMA = +2.4135 | std(g_L) = 1.1369 | grad = 1.1026
step  31900 | loss = -2.4233 | g_L = +2.4233 | EMA = +2.4158 | std(g_L) = 1.1279 | grad = 0.9861
step  31920 | loss = -2.3982 | g_L = +2.3982 | EMA = +2.4221 | std(g_L) = 0.9968 | grad = 0.4967
step  31940 | loss = -2.5698 | g_L = +2.5698 | EMA = +2.4596 | std(g_L) = 0.8807 | grad = 2.3858
step  31960 | loss = -2.2867 | g_L = +2.2867 | EMA = +2.4230 | std(g_L) = 1.0915 | grad = 4.6426
step  31980 | loss = -2.5515 | g_L = +2.5515 | EMA = +2.4257 | std(g_L) = 0.8457 | grad = 1.1350
step  32000 | loss = -2.3948 | g_L = +2.3948 | EMA = +2.4440 | std(g_L) = 0.9395 | grad = 2.4868
step  32020 | loss = -2.3804 | g_L = +2.3804 | EMA = +2.4609 | std(g_L) = 1.0742 | grad = 1.0570
step  32040 | loss = -2.3525 | g_L = +2.3525 | EMA = +2.4586 | std(g_L) = 0.9886 | grad = 3.4337
step  32060 | loss = -2.4696 | g_L = +2.4696 | EMA = +2.4500 | std(g_L) = 1.0470 | grad = 1.6060
step  32080 | loss = -2.4885 | g_L = +2.4885 | EMA = +2.4445 | std(g_L) = 1.0936 | grad = 1.1303
step  32100 | loss = -2.4501 | g_L = +2.4501 | EMA = +2.4246 | std(g_L) = 1.0167 | grad = 2.5007
step  32120 | loss = -2.4171 | g_L = +2.4171 | EMA = +2.4172 | std(g_L) = 0.9659 | grad = 0.9688
step  32140 | loss = -2.3481 | g_L = +2.3481 | EMA = +2.4327 | std(g_L) = 1.0966 | grad = 1.5602
step  32160 | loss = -2.4010 | g_L = +2.4010 | EMA = +2.4415 | std(g_L) = 1.0089 | grad = 2.1226
step  32180 | loss = -2.4206 | g_L = +2.4206 | EMA = +2.4416 | std(g_L) = 0.9788 | grad = 2.0359
step  32200 | loss = -2.4858 | g_L = +2.4858 | EMA = +2.4509 | std(g_L) = 1.1011 | grad = 1.5772
step  32220 | loss = -2.4735 | g_L = +2.4735 | EMA = +2.4439 | std(g_L) = 0.9432 | grad = 1.9993
step  32240 | loss = -2.5065 | g_L = +2.5065 | EMA = +2.4542 | std(g_L) = 1.0903 | grad = 1.6393
step  32260 | loss = -2.3616 | g_L = +2.3616 | EMA = +2.4452 | std(g_L) = 1.1464 | grad = 0.8204
step  32280 | loss = -2.5082 | g_L = +2.5082 | EMA = +2.4497 | std(g_L) = 0.8050 | grad = 1.3181
step  32300 | loss = -2.5286 | g_L = +2.5286 | EMA = +2.4406 | std(g_L) = 0.9305 | grad = 0.8899
step  32320 | loss = -2.5410 | g_L = +2.5410 | EMA = +2.4414 | std(g_L) = 0.9468 | grad = 1.4546
step  32340 | loss = -2.4617 | g_L = +2.4617 | EMA = +2.4473 | std(g_L) = 0.8906 | grad = 1.8063
step  32360 | loss = -2.5531 | g_L = +2.5531 | EMA = +2.4450 | std(g_L) = 1.0234 | grad = 0.8142
step  32380 | loss = -2.3185 | g_L = +2.3185 | EMA = +2.4314 | std(g_L) = 1.2073 | grad = 3.4656
step  32400 | loss = -2.3149 | g_L = +2.3149 | EMA = +2.4319 | std(g_L) = 1.1536 | grad = 1.8620
step  32420 | loss = -2.4566 | g_L = +2.4566 | EMA = +2.4426 | std(g_L) = 0.9829 | grad = 2.1941
step  32440 | loss = -2.4610 | g_L = +2.4610 | EMA = +2.4449 | std(g_L) = 1.0138 | grad = 0.7395
step  32460 | loss = -2.4691 | g_L = +2.4691 | EMA = +2.4305 | std(g_L) = 0.8726 | grad = 0.9859
step  32480 | loss = -2.4757 | g_L = +2.4757 | EMA = +2.4402 | std(g_L) = 0.9984 | grad = 2.1583
step  32500 | loss = -2.3085 | g_L = +2.3085 | EMA = +2.4217 | std(g_L) = 1.1913 | grad = 1.0929
step  32520 | loss = -2.5428 | g_L = +2.5428 | EMA = +2.4359 | std(g_L) = 0.8655 | grad = 3.5720
step  32540 | loss = -2.4598 | g_L = +2.4598 | EMA = +2.4369 | std(g_L) = 1.0744 | grad = 0.2322
step  32560 | loss = -2.3883 | g_L = +2.3883 | EMA = +2.4259 | std(g_L) = 1.1644 | grad = 1.9306
step  32580 | loss = -2.3654 | g_L = +2.3654 | EMA = +2.4375 | std(g_L) = 1.0132 | grad = 0.9604
step  32600 | loss = -2.4535 | g_L = +2.4535 | EMA = +2.4144 | std(g_L) = 1.0455 | grad = 2.4065
step  32620 | loss = -2.4255 | g_L = +2.4255 | EMA = +2.4119 | std(g_L) = 1.0961 | grad = 3.1363
step  32640 | loss = -2.5672 | g_L = +2.5672 | EMA = +2.4396 | std(g_L) = 0.8375 | grad = 2.1928
step  32660 | loss = -2.3940 | g_L = +2.3940 | EMA = +2.4169 | std(g_L) = 0.9800 | grad = 3.0108
step  32680 | loss = -2.3981 | g_L = +2.3981 | EMA = +2.4034 | std(g_L) = 1.2174 | grad = 1.4413
step  32700 | loss = -2.4031 | g_L = +2.4031 | EMA = +2.4419 | std(g_L) = 1.0662 | grad = 2.6383
step  32720 | loss = -2.3816 | g_L = +2.3816 | EMA = +2.4323 | std(g_L) = 1.0147 | grad = 2.2256
step  32740 | loss = -2.5578 | g_L = +2.5578 | EMA = +2.4468 | std(g_L) = 0.8115 | grad = 1.9746
step  32760 | loss = -2.4249 | g_L = +2.4249 | EMA = +2.4427 | std(g_L) = 1.1532 | grad = 2.2956
step  32780 | loss = -2.4599 | g_L = +2.4599 | EMA = +2.4556 | std(g_L) = 0.9473 | grad = 2.0148
step  32800 | loss = -2.4605 | g_L = +2.4605 | EMA = +2.4375 | std(g_L) = 1.0741 | grad = 1.8798
step  32820 | loss = -2.4037 | g_L = +2.4037 | EMA = +2.4248 | std(g_L) = 0.9333 | grad = 1.6333
step  32840 | loss = -2.3678 | g_L = +2.3678 | EMA = +2.4446 | std(g_L) = 1.0692 | grad = 1.0029
step  32860 | loss = -2.5255 | g_L = +2.5255 | EMA = +2.4401 | std(g_L) = 0.8749 | grad = 1.1875
step  32880 | loss = -2.4643 | g_L = +2.4643 | EMA = +2.4264 | std(g_L) = 0.9441 | grad = 1.6409
step  32900 | loss = -2.5472 | g_L = +2.5472 | EMA = +2.4368 | std(g_L) = 0.8373 | grad = 0.9854
step  32920 | loss = -2.4602 | g_L = +2.4602 | EMA = +2.4399 | std(g_L) = 1.0548 | grad = 1.3605
step  32940 | loss = -2.4900 | g_L = +2.4900 | EMA = +2.4370 | std(g_L) = 0.8997 | grad = 1.6993
step  32960 | loss = -2.4676 | g_L = +2.4676 | EMA = +2.4433 | std(g_L) = 0.9015 | grad = 1.7844
step  32980 | loss = -2.3178 | g_L = +2.3178 | EMA = +2.4256 | std(g_L) = 1.2594 | grad = 2.8298
step  33000 | loss = -2.5504 | g_L = +2.5504 | EMA = +2.4479 | std(g_L) = 0.8164 | grad = 2.0018
step  33020 | loss = -2.4667 | g_L = +2.4667 | EMA = +2.4551 | std(g_L) = 0.8948 | grad = 1.2294
step  33040 | loss = -2.4909 | g_L = +2.4909 | EMA = +2.4567 | std(g_L) = 0.9410 | grad = 1.1415
step  33060 | loss = -2.4448 | g_L = +2.4448 | EMA = +2.4388 | std(g_L) = 0.9399 | grad = 0.8514
step  33080 | loss = -2.4174 | g_L = +2.4174 | EMA = +2.4494 | std(g_L) = 1.1294 | grad = 1.9063
step  33100 | loss = -2.3682 | g_L = +2.3682 | EMA = +2.4453 | std(g_L) = 1.0583 | grad = 1.7368
step  33120 | loss = -2.4910 | g_L = +2.4910 | EMA = +2.4497 | std(g_L) = 0.9740 | grad = 2.0226
step  33140 | loss = -2.6042 | g_L = +2.6042 | EMA = +2.4544 | std(g_L) = 0.8719 | grad = 3.7015
step  33160 | loss = -2.4359 | g_L = +2.4359 | EMA = +2.4519 | std(g_L) = 0.9542 | grad = 2.2981
step  33180 | loss = -2.3700 | g_L = +2.3700 | EMA = +2.4349 | std(g_L) = 1.1851 | grad = 1.3386
step  33200 | loss = -2.4988 | g_L = +2.4988 | EMA = +2.4447 | std(g_L) = 1.0225 | grad = 1.5857
step  33220 | loss = -2.4022 | g_L = +2.4022 | EMA = +2.4529 | std(g_L) = 0.9779 | grad = 2.0676
step  33240 | loss = -2.4790 | g_L = +2.4790 | EMA = +2.4455 | std(g_L) = 1.0807 | grad = 1.5959
step  33260 | loss = -2.4714 | g_L = +2.4714 | EMA = +2.4443 | std(g_L) = 0.9667 | grad = 1.3457
step  33280 | loss = -2.4634 | g_L = +2.4634 | EMA = +2.4593 | std(g_L) = 0.9831 | grad = 1.3345
step  33300 | loss = -2.4609 | g_L = +2.4609 | EMA = +2.4408 | std(g_L) = 1.0705 | grad = 1.7846
step  33320 | loss = -2.4648 | g_L = +2.4648 | EMA = +2.4596 | std(g_L) = 1.0098 | grad = 1.1173
step  33340 | loss = -2.4636 | g_L = +2.4636 | EMA = +2.4661 | std(g_L) = 1.0665 | grad = 0.8116
step  33360 | loss = -2.5457 | g_L = +2.5457 | EMA = +2.4694 | std(g_L) = 0.9225 | grad = 1.5181
step  33380 | loss = -2.4186 | g_L = +2.4186 | EMA = +2.4513 | std(g_L) = 0.9996 | grad = 0.5318
step  33400 | loss = -2.5726 | g_L = +2.5726 | EMA = +2.4487 | std(g_L) = 0.9240 | grad = 1.7371
step  33420 | loss = -2.5779 | g_L = +2.5779 | EMA = +2.4629 | std(g_L) = 0.9039 | grad = 1.3785
step  33440 | loss = -2.5568 | g_L = +2.5568 | EMA = +2.4561 | std(g_L) = 0.9721 | grad = 1.4867
step  33460 | loss = -2.3740 | g_L = +2.3740 | EMA = +2.4406 | std(g_L) = 0.9864 | grad = 1.1294
step  33480 | loss = -2.4266 | g_L = +2.4266 | EMA = +2.4569 | std(g_L) = 1.0764 | grad = 2.2031
step  33500 | loss = -2.5816 | g_L = +2.5816 | EMA = +2.4464 | std(g_L) = 0.8700 | grad = 1.5056
step  33520 | loss = -2.4211 | g_L = +2.4211 | EMA = +2.4375 | std(g_L) = 0.9702 | grad = 2.2980
step  33540 | loss = -2.4059 | g_L = +2.4059 | EMA = +2.4517 | std(g_L) = 1.2170 | grad = 1.1861
step  33560 | loss = -2.4926 | g_L = +2.4926 | EMA = +2.4486 | std(g_L) = 1.0551 | grad = 1.9701
step  33580 | loss = -2.3467 | g_L = +2.3467 | EMA = +2.4276 | std(g_L) = 0.9887 | grad = 1.5825
step  33600 | loss = -2.4098 | g_L = +2.4098 | EMA = +2.4499 | std(g_L) = 0.9741 | grad = 1.5105
step  33620 | loss = -2.5044 | g_L = +2.5044 | EMA = +2.4578 | std(g_L) = 0.9177 | grad = 1.2250
step  33640 | loss = -2.4407 | g_L = +2.4407 | EMA = +2.4453 | std(g_L) = 1.0538 | grad = 0.7661
step  33660 | loss = -2.5154 | g_L = +2.5154 | EMA = +2.4475 | std(g_L) = 0.8530 | grad = 0.9337
step  33680 | loss = -2.3623 | g_L = +2.3623 | EMA = +2.4374 | std(g_L) = 1.0276 | grad = 6.4955
step  33700 | loss = -2.3850 | g_L = +2.3850 | EMA = +2.4453 | std(g_L) = 0.9776 | grad = 1.5646
step  33720 | loss = -2.5463 | g_L = +2.5463 | EMA = +2.4382 | std(g_L) = 0.9382 | grad = 2.1493
step  33740 | loss = -2.4213 | g_L = +2.4213 | EMA = +2.4394 | std(g_L) = 1.1190 | grad = 1.6431
step  33760 | loss = -2.4948 | g_L = +2.4948 | EMA = +2.4444 | std(g_L) = 0.8741 | grad = 1.1041
step  33780 | loss = -2.4619 | g_L = +2.4619 | EMA = +2.4248 | std(g_L) = 0.8812 | grad = 4.8895
step  33800 | loss = -2.4573 | g_L = +2.4573 | EMA = +2.4362 | std(g_L) = 1.1347 | grad = 4.4610
step  33820 | loss = -2.4301 | g_L = +2.4301 | EMA = +2.4463 | std(g_L) = 1.1210 | grad = 1.8921
step  33840 | loss = -2.4963 | g_L = +2.4963 | EMA = +2.4492 | std(g_L) = 0.9154 | grad = 1.8828
step  33860 | loss = -2.3204 | g_L = +2.3204 | EMA = +2.4298 | std(g_L) = 1.1183 | grad = 0.7533
step  33880 | loss = -2.4380 | g_L = +2.4380 | EMA = +2.4435 | std(g_L) = 1.0115 | grad = 0.6203
step  33900 | loss = -2.4046 | g_L = +2.4046 | EMA = +2.4419 | std(g_L) = 1.0086 | grad = 2.2762
step  33920 | loss = -2.5850 | g_L = +2.5850 | EMA = +2.4428 | std(g_L) = 0.9007 | grad = 2.1194
step  33940 | loss = -2.5178 | g_L = +2.5178 | EMA = +2.4361 | std(g_L) = 0.9397 | grad = 1.0789
step  33960 | loss = -2.4181 | g_L = +2.4181 | EMA = +2.4491 | std(g_L) = 0.9149 | grad = 1.8016
step  33980 | loss = -2.4944 | g_L = +2.4944 | EMA = +2.4535 | std(g_L) = 0.8812 | grad = 1.8869
step  34000 | loss = -2.4971 | g_L = +2.4971 | EMA = +2.4502 | std(g_L) = 0.9507 | grad = 3.0721
step  34020 | loss = -2.4008 | g_L = +2.4008 | EMA = +2.4489 | std(g_L) = 1.0584 | grad = 1.1514
step  34040 | loss = -2.4454 | g_L = +2.4454 | EMA = +2.4436 | std(g_L) = 1.0271 | grad = 1.4330
step  34060 | loss = -2.4772 | g_L = +2.4772 | EMA = +2.4680 | std(g_L) = 1.1041 | grad = 4.0169
step  34080 | loss = -2.5252 | g_L = +2.5252 | EMA = +2.4701 | std(g_L) = 0.9507 | grad = 2.3873
step  34100 | loss = -2.5223 | g_L = +2.5223 | EMA = +2.4801 | std(g_L) = 0.9639 | grad = 2.3524
step  34120 | loss = -2.4229 | g_L = +2.4229 | EMA = +2.4706 | std(g_L) = 1.1786 | grad = 2.0028
step  34140 | loss = -2.4750 | g_L = +2.4750 | EMA = +2.4670 | std(g_L) = 1.0580 | grad = 1.6579
step  34160 | loss = -2.4460 | g_L = +2.4460 | EMA = +2.4410 | std(g_L) = 1.0106 | grad = 0.7644
step  34180 | loss = -2.3278 | g_L = +2.3278 | EMA = +2.4393 | std(g_L) = 1.1171 | grad = 1.9957
step  34200 | loss = -2.3146 | g_L = +2.3146 | EMA = +2.4478 | std(g_L) = 1.0768 | grad = 2.7103
step  34220 | loss = -2.5522 | g_L = +2.5522 | EMA = +2.4662 | std(g_L) = 0.9047 | grad = 1.5074
step  34240 | loss = -2.3787 | g_L = +2.3787 | EMA = +2.4445 | std(g_L) = 1.0546 | grad = 1.6551
step  34260 | loss = -2.4477 | g_L = +2.4477 | EMA = +2.4289 | std(g_L) = 1.0264 | grad = 2.2997
step  34280 | loss = -2.5053 | g_L = +2.5053 | EMA = +2.4550 | std(g_L) = 1.0457 | grad = 3.5237
step  34300 | loss = -2.4532 | g_L = +2.4532 | EMA = +2.4431 | std(g_L) = 0.9682 | grad = 2.7215
step  34320 | loss = -2.5729 | g_L = +2.5729 | EMA = +2.4584 | std(g_L) = 1.0050 | grad = 1.1325
step  34340 | loss = -2.4344 | g_L = +2.4344 | EMA = +2.4722 | std(g_L) = 0.9332 | grad = 1.9759
step  34360 | loss = -2.3519 | g_L = +2.3519 | EMA = +2.4515 | std(g_L) = 1.2527 | grad = 2.1096
step  34380 | loss = -2.4508 | g_L = +2.4508 | EMA = +2.4417 | std(g_L) = 1.1759 | grad = 5.2919
step  34400 | loss = -2.4022 | g_L = +2.4022 | EMA = +2.4380 | std(g_L) = 1.0352 | grad = 1.5676
step  34420 | loss = -2.4495 | g_L = +2.4495 | EMA = +2.4469 | std(g_L) = 1.0023 | grad = 1.6753
step  34440 | loss = -2.5015 | g_L = +2.5015 | EMA = +2.4356 | std(g_L) = 0.9456 | grad = 0.6774
step  34460 | loss = -2.4642 | g_L = +2.4642 | EMA = +2.4514 | std(g_L) = 1.1178 | grad = 2.9389
step  34480 | loss = -2.4521 | g_L = +2.4521 | EMA = +2.4435 | std(g_L) = 0.9081 | grad = 2.0379
step  34500 | loss = -2.5157 | g_L = +2.5157 | EMA = +2.4533 | std(g_L) = 0.8206 | grad = 2.7512
step  34520 | loss = -2.3223 | g_L = +2.3223 | EMA = +2.4440 | std(g_L) = 1.2275 | grad = 1.8816
step  34540 | loss = -2.5088 | g_L = +2.5088 | EMA = +2.4469 | std(g_L) = 0.9805 | grad = 1.8067
step  34560 | loss = -2.4675 | g_L = +2.4675 | EMA = +2.4617 | std(g_L) = 0.9972 | grad = 0.9930
step  34580 | loss = -2.5143 | g_L = +2.5143 | EMA = +2.4539 | std(g_L) = 0.8962 | grad = 1.4041
step  34600 | loss = -2.5536 | g_L = +2.5536 | EMA = +2.4615 | std(g_L) = 0.9182 | grad = 1.6145
step  34620 | loss = -2.4554 | g_L = +2.4554 | EMA = +2.4455 | std(g_L) = 0.9825 | grad = 1.0224
step  34640 | loss = -2.4033 | g_L = +2.4033 | EMA = +2.4310 | std(g_L) = 1.0129 | grad = 2.4388
step  34660 | loss = -2.4136 | g_L = +2.4136 | EMA = +2.4494 | std(g_L) = 1.1128 | grad = 1.2416
step  34680 | loss = -2.4728 | g_L = +2.4728 | EMA = +2.4632 | std(g_L) = 0.9076 | grad = 4.6099
step  34700 | loss = -2.4261 | g_L = +2.4261 | EMA = +2.4451 | std(g_L) = 1.0496 | grad = 3.6910
step  34720 | loss = -2.3300 | g_L = +2.3300 | EMA = +2.4307 | std(g_L) = 1.2697 | grad = 1.3299
step  34740 | loss = -2.4173 | g_L = +2.4173 | EMA = +2.4404 | std(g_L) = 0.8878 | grad = 3.8152
step  34760 | loss = -2.3881 | g_L = +2.3881 | EMA = +2.4355 | std(g_L) = 1.0782 | grad = 1.1476
step  34780 | loss = -2.4940 | g_L = +2.4940 | EMA = +2.4487 | std(g_L) = 0.9389 | grad = 0.8575
step  34800 | loss = -2.3891 | g_L = +2.3891 | EMA = +2.4428 | std(g_L) = 1.1580 | grad = 1.3650
step  34820 | loss = -2.5377 | g_L = +2.5377 | EMA = +2.4529 | std(g_L) = 0.9201 | grad = 3.7640
step  34840 | loss = -2.4382 | g_L = +2.4382 | EMA = +2.4392 | std(g_L) = 0.9926 | grad = 3.1856
step  34860 | loss = -2.4012 | g_L = +2.4012 | EMA = +2.4423 | std(g_L) = 1.0068 | grad = 2.7290
step  34880 | loss = -2.4899 | g_L = +2.4899 | EMA = +2.4515 | std(g_L) = 1.0666 | grad = 2.0740
step  34900 | loss = -2.4942 | g_L = +2.4942 | EMA = +2.4449 | std(g_L) = 1.0535 | grad = 1.6822
step  34920 | loss = -2.3974 | g_L = +2.3974 | EMA = +2.4444 | std(g_L) = 0.9803 | grad = 4.5723
step  34940 | loss = -2.4461 | g_L = +2.4461 | EMA = +2.4616 | std(g_L) = 1.1724 | grad = 4.5210
step  34960 | loss = -2.4611 | g_L = +2.4611 | EMA = +2.4630 | std(g_L) = 1.0286 | grad = 1.2907
step  34980 | loss = -2.2784 | g_L = +2.2784 | EMA = +2.4480 | std(g_L) = 1.1362 | grad = 0.6020
step  35000 | loss = -2.4067 | g_L = +2.4067 | EMA = +2.4602 | std(g_L) = 1.0397 | grad = 1.6660
step  35020 | loss = -2.4788 | g_L = +2.4788 | EMA = +2.4656 | std(g_L) = 0.9803 | grad = 0.7987
step  35040 | loss = -2.4531 | g_L = +2.4531 | EMA = +2.4628 | std(g_L) = 1.0822 | grad = 3.7102
step  35060 | loss = -2.4944 | g_L = +2.4944 | EMA = +2.4553 | std(g_L) = 0.8254 | grad = 1.7568
step  35080 | loss = -2.5371 | g_L = +2.5371 | EMA = +2.4615 | std(g_L) = 0.9749 | grad = 1.1956
step  35100 | loss = -2.4482 | g_L = +2.4482 | EMA = +2.4639 | std(g_L) = 0.9243 | grad = 0.5812
step  35120 | loss = -2.4155 | g_L = +2.4155 | EMA = +2.4677 | std(g_L) = 0.9693 | grad = 2.7419
step  35140 | loss = -2.4246 | g_L = +2.4246 | EMA = +2.4580 | std(g_L) = 0.9924 | grad = 1.1980
step  35160 | loss = -2.4048 | g_L = +2.4048 | EMA = +2.4526 | std(g_L) = 1.1069 | grad = 1.6845
step  35180 | loss = -2.5681 | g_L = +2.5681 | EMA = +2.4881 | std(g_L) = 0.8125 | grad = 0.7973
step  35200 | loss = -2.4522 | g_L = +2.4522 | EMA = +2.4736 | std(g_L) = 0.9883 | grad = 3.1569
step  35220 | loss = -2.3756 | g_L = +2.3756 | EMA = +2.4630 | std(g_L) = 0.9589 | grad = 3.7787
step  35240 | loss = -2.5073 | g_L = +2.5073 | EMA = +2.4392 | std(g_L) = 0.9419 | grad = 2.2421
step  35260 | loss = -2.2184 | g_L = +2.2184 | EMA = +2.4386 | std(g_L) = 1.0712 | grad = 1.0556
step  35280 | loss = -2.4566 | g_L = +2.4566 | EMA = +2.4335 | std(g_L) = 0.9758 | grad = 3.1142
step  35300 | loss = -2.5527 | g_L = +2.5527 | EMA = +2.4690 | std(g_L) = 0.9489 | grad = 0.6783
step  35320 | loss = -2.4683 | g_L = +2.4683 | EMA = +2.4635 | std(g_L) = 1.0215 | grad = 2.2579
step  35340 | loss = -2.3802 | g_L = +2.3802 | EMA = +2.4457 | std(g_L) = 1.1451 | grad = 1.4543
step  35360 | loss = -2.3534 | g_L = +2.3534 | EMA = +2.4284 | std(g_L) = 1.0960 | grad = 1.2024
step  35380 | loss = -2.4020 | g_L = +2.4020 | EMA = +2.4305 | std(g_L) = 1.0591 | grad = 1.9026
step  35400 | loss = -2.3830 | g_L = +2.3830 | EMA = +2.4166 | std(g_L) = 0.9070 | grad = 2.0869
step  35420 | loss = -2.4948 | g_L = +2.4948 | EMA = +2.4360 | std(g_L) = 0.9509 | grad = 3.1749
step  35440 | loss = -2.4235 | g_L = +2.4235 | EMA = +2.4435 | std(g_L) = 0.8757 | grad = 1.0018
step  35460 | loss = -2.3562 | g_L = +2.3562 | EMA = +2.4368 | std(g_L) = 1.0991 | grad = 2.0729
step  35480 | loss = -2.4325 | g_L = +2.4325 | EMA = +2.4465 | std(g_L) = 0.9709 | grad = 1.4469
step  35500 | loss = -2.4451 | g_L = +2.4451 | EMA = +2.4554 | std(g_L) = 1.0747 | grad = 0.6579
step  35520 | loss = -2.3785 | g_L = +2.3785 | EMA = +2.4440 | std(g_L) = 0.9337 | grad = 2.1860
step  35540 | loss = -2.4263 | g_L = +2.4263 | EMA = +2.4130 | std(g_L) = 1.1808 | grad = 0.9090
step  35560 | loss = -2.5219 | g_L = +2.5219 | EMA = +2.4282 | std(g_L) = 1.0071 | grad = 2.2386
step  35580 | loss = -2.3892 | g_L = +2.3892 | EMA = +2.4516 | std(g_L) = 1.0107 | grad = 3.6666
step  35600 | loss = -2.5081 | g_L = +2.5081 | EMA = +2.4420 | std(g_L) = 0.9659 | grad = 0.6351
step  35620 | loss = -2.4693 | g_L = +2.4693 | EMA = +2.4340 | std(g_L) = 1.0357 | grad = 3.3109
step  35640 | loss = -2.4828 | g_L = +2.4828 | EMA = +2.4431 | std(g_L) = 1.0087 | grad = 1.9505
step  35660 | loss = -2.3990 | g_L = +2.3990 | EMA = +2.4468 | std(g_L) = 1.0493 | grad = 0.5165
step  35680 | loss = -2.4892 | g_L = +2.4892 | EMA = +2.4558 | std(g_L) = 0.9769 | grad = 2.7365
step  35700 | loss = -2.5316 | g_L = +2.5316 | EMA = +2.4634 | std(g_L) = 0.9893 | grad = 4.4160
step  35720 | loss = -2.4555 | g_L = +2.4555 | EMA = +2.4507 | std(g_L) = 0.9729 | grad = 2.7964
step  35740 | loss = -2.4270 | g_L = +2.4270 | EMA = +2.4695 | std(g_L) = 1.0351 | grad = 1.7004
step  35760 | loss = -2.3127 | g_L = +2.3127 | EMA = +2.4677 | std(g_L) = 1.2540 | grad = 0.8114
step  35780 | loss = -2.4240 | g_L = +2.4240 | EMA = +2.4624 | std(g_L) = 0.9467 | grad = 1.6015
step  35800 | loss = -2.4454 | g_L = +2.4454 | EMA = +2.4493 | std(g_L) = 1.1212 | grad = 0.4948
step  35820 | loss = -2.3849 | g_L = +2.3849 | EMA = +2.4349 | std(g_L) = 1.1590 | grad = 1.4898
step  35840 | loss = -2.4043 | g_L = +2.4043 | EMA = +2.4324 | std(g_L) = 0.9612 | grad = 2.1590
step  35860 | loss = -2.4317 | g_L = +2.4317 | EMA = +2.4340 | std(g_L) = 0.9464 | grad = 2.5511
step  35880 | loss = -2.4544 | g_L = +2.4544 | EMA = +2.4381 | std(g_L) = 1.0402 | grad = 1.8140
step  35900 | loss = -2.5294 | g_L = +2.5294 | EMA = +2.4471 | std(g_L) = 0.8678 | grad = 0.8115
step  35920 | loss = -2.3731 | g_L = +2.3731 | EMA = +2.4497 | std(g_L) = 1.1000 | grad = 4.1254
step  35940 | loss = -2.4905 | g_L = +2.4905 | EMA = +2.4495 | std(g_L) = 1.0723 | grad = 1.4926
step  35960 | loss = -2.4466 | g_L = +2.4466 | EMA = +2.4203 | std(g_L) = 1.1433 | grad = 5.4790
step  35980 | loss = -2.3853 | g_L = +2.3853 | EMA = +2.4234 | std(g_L) = 1.0266 | grad = 2.9546
step  36000 | loss = -2.5575 | g_L = +2.5575 | EMA = +2.4365 | std(g_L) = 0.8007 | grad = 1.3774
step  36020 | loss = -2.5153 | g_L = +2.5153 | EMA = +2.4373 | std(g_L) = 0.8478 | grad = 0.8423
step  36040 | loss = -2.3759 | g_L = +2.3759 | EMA = +2.4238 | std(g_L) = 1.0387 | grad = 2.5647
step  36060 | loss = -2.4556 | g_L = +2.4556 | EMA = +2.4501 | std(g_L) = 1.0720 | grad = 1.3069
step  36080 | loss = -2.5071 | g_L = +2.5071 | EMA = +2.4431 | std(g_L) = 0.8695 | grad = 2.5396
step  36100 | loss = -2.5041 | g_L = +2.5041 | EMA = +2.4484 | std(g_L) = 0.9580 | grad = 5.2894
step  36120 | loss = -2.4853 | g_L = +2.4853 | EMA = +2.4497 | std(g_L) = 1.0133 | grad = 1.8496
step  36140 | loss = -2.4003 | g_L = +2.4003 | EMA = +2.4398 | std(g_L) = 1.0684 | grad = 1.6040
step  36160 | loss = -2.4849 | g_L = +2.4849 | EMA = +2.4640 | std(g_L) = 0.8534 | grad = 3.8295
step  36180 | loss = -2.4689 | g_L = +2.4689 | EMA = +2.4592 | std(g_L) = 1.0536 | grad = 2.0183
step  36200 | loss = -2.4578 | g_L = +2.4578 | EMA = +2.4567 | std(g_L) = 1.1826 | grad = 3.3039
step  36220 | loss = -2.2687 | g_L = +2.2687 | EMA = +2.4449 | std(g_L) = 1.1590 | grad = 4.2889
step  36240 | loss = -2.3915 | g_L = +2.3915 | EMA = +2.4466 | std(g_L) = 1.0278 | grad = 1.1774
step  36260 | loss = -2.3798 | g_L = +2.3798 | EMA = +2.4491 | std(g_L) = 1.0922 | grad = 0.8183
step  36280 | loss = -2.3326 | g_L = +2.3326 | EMA = +2.4374 | std(g_L) = 1.0996 | grad = 0.5608
step  36300 | loss = -2.4483 | g_L = +2.4483 | EMA = +2.4436 | std(g_L) = 0.9769 | grad = 1.2486
step  36320 | loss = -2.4354 | g_L = +2.4354 | EMA = +2.4406 | std(g_L) = 1.0008 | grad = 1.9720
step  36340 | loss = -2.3911 | g_L = +2.3911 | EMA = +2.4463 | std(g_L) = 1.1417 | grad = 0.8217
step  36360 | loss = -2.4248 | g_L = +2.4248 | EMA = +2.4454 | std(g_L) = 1.0380 | grad = 3.2301
step  36380 | loss = -2.4602 | g_L = +2.4602 | EMA = +2.4539 | std(g_L) = 0.9465 | grad = 2.4685
step  36400 | loss = -2.5119 | g_L = +2.5119 | EMA = +2.4541 | std(g_L) = 0.9369 | grad = 2.6026
step  36420 | loss = -2.3798 | g_L = +2.3798 | EMA = +2.4441 | std(g_L) = 1.1040 | grad = 2.7678
step  36440 | loss = -2.5184 | g_L = +2.5184 | EMA = +2.4426 | std(g_L) = 1.0185 | grad = 2.1548
step  36460 | loss = -2.4835 | g_L = +2.4835 | EMA = +2.4551 | std(g_L) = 0.9904 | grad = 2.5770
step  36480 | loss = -2.4117 | g_L = +2.4117 | EMA = +2.4429 | std(g_L) = 0.9839 | grad = 2.9934
step  36500 | loss = -2.4016 | g_L = +2.4016 | EMA = +2.4496 | std(g_L) = 0.9792 | grad = 2.9308
step  36520 | loss = -2.5499 | g_L = +2.5499 | EMA = +2.4618 | std(g_L) = 0.8761 | grad = 2.4235
step  36540 | loss = -2.5556 | g_L = +2.5556 | EMA = +2.4692 | std(g_L) = 1.0642 | grad = 2.5568
step  36560 | loss = -2.3799 | g_L = +2.3799 | EMA = +2.4525 | std(g_L) = 1.1964 | grad = 1.2046
step  36580 | loss = -2.4244 | g_L = +2.4244 | EMA = +2.4580 | std(g_L) = 1.1013 | grad = 0.7779
step  36600 | loss = -2.4215 | g_L = +2.4215 | EMA = +2.4646 | std(g_L) = 0.9290 | grad = 1.8313
step  36620 | loss = -2.4692 | g_L = +2.4692 | EMA = +2.4556 | std(g_L) = 0.9969 | grad = 0.6648
step  36640 | loss = -2.5595 | g_L = +2.5595 | EMA = +2.4512 | std(g_L) = 0.8937 | grad = 1.0212
step  36660 | loss = -2.4969 | g_L = +2.4969 | EMA = +2.4474 | std(g_L) = 0.9078 | grad = 1.3829
step  36680 | loss = -2.5402 | g_L = +2.5402 | EMA = +2.4620 | std(g_L) = 0.9910 | grad = 1.0528
step  36700 | loss = -2.4428 | g_L = +2.4428 | EMA = +2.4555 | std(g_L) = 1.1109 | grad = 0.5461
step  36720 | loss = -2.3990 | g_L = +2.3990 | EMA = +2.4549 | std(g_L) = 1.0877 | grad = 2.2025
step  36740 | loss = -2.4404 | g_L = +2.4404 | EMA = +2.4525 | std(g_L) = 1.1206 | grad = 0.9125
step  36760 | loss = -2.5368 | g_L = +2.5368 | EMA = +2.4456 | std(g_L) = 0.9404 | grad = 3.1884
step  36780 | loss = -2.4177 | g_L = +2.4177 | EMA = +2.4644 | std(g_L) = 1.0713 | grad = 1.2190
step  36800 | loss = -2.4360 | g_L = +2.4360 | EMA = +2.4706 | std(g_L) = 1.0598 | grad = 1.7587
step  36820 | loss = -2.3488 | g_L = +2.3488 | EMA = +2.4495 | std(g_L) = 1.0911 | grad = 2.6470
step  36840 | loss = -2.4428 | g_L = +2.4428 | EMA = +2.4461 | std(g_L) = 0.9741 | grad = 0.8513
step  36860 | loss = -2.4747 | g_L = +2.4747 | EMA = +2.4503 | std(g_L) = 0.9483 | grad = 1.5380
step  36880 | loss = -2.5172 | g_L = +2.5172 | EMA = +2.4526 | std(g_L) = 0.8607 | grad = 0.8760
step  36900 | loss = -2.5112 | g_L = +2.5112 | EMA = +2.4758 | std(g_L) = 0.8496 | grad = 3.8249
step  36920 | loss = -2.4184 | g_L = +2.4184 | EMA = +2.4619 | std(g_L) = 0.9861 | grad = 0.9833
step  36940 | loss = -2.3941 | g_L = +2.3941 | EMA = +2.4648 | std(g_L) = 1.2467 | grad = 1.4335
step  36960 | loss = -2.4419 | g_L = +2.4419 | EMA = +2.4458 | std(g_L) = 1.1130 | grad = 2.4408
step  36980 | loss = -2.4408 | g_L = +2.4408 | EMA = +2.4606 | std(g_L) = 1.0266 | grad = 1.2188
step  37000 | loss = -2.4501 | g_L = +2.4501 | EMA = +2.4540 | std(g_L) = 0.9987 | grad = 2.5333
step  37020 | loss = -2.4564 | g_L = +2.4564 | EMA = +2.4357 | std(g_L) = 1.0437 | grad = 0.7173
step  37040 | loss = -2.4944 | g_L = +2.4944 | EMA = +2.4431 | std(g_L) = 0.9233 | grad = 1.5926
step  37060 | loss = -2.4369 | g_L = +2.4369 | EMA = +2.4310 | std(g_L) = 1.0413 | grad = 2.7093
step  37080 | loss = -2.5109 | g_L = +2.5109 | EMA = +2.4529 | std(g_L) = 0.9230 | grad = 1.2844
step  37100 | loss = -2.3048 | g_L = +2.3048 | EMA = +2.4320 | std(g_L) = 1.0480 | grad = 1.6219
step  37120 | loss = -2.5020 | g_L = +2.5020 | EMA = +2.4505 | std(g_L) = 1.0286 | grad = 3.2592
step  37140 | loss = -2.5573 | g_L = +2.5573 | EMA = +2.4602 | std(g_L) = 0.8411 | grad = 1.3013
step  37160 | loss = -2.4931 | g_L = +2.4931 | EMA = +2.4792 | std(g_L) = 0.8384 | grad = 2.8541
step  37180 | loss = -2.5952 | g_L = +2.5952 | EMA = +2.4569 | std(g_L) = 0.8898 | grad = 2.7251
step  37200 | loss = -2.6979 | g_L = +2.6979 | EMA = +2.4718 | std(g_L) = 0.8939 | grad = 1.0726
step  37220 | loss = -2.4100 | g_L = +2.4100 | EMA = +2.4579 | std(g_L) = 1.1230 | grad = 3.4317
step  37240 | loss = -2.4772 | g_L = +2.4772 | EMA = +2.4694 | std(g_L) = 1.1871 | grad = 2.2759
step  37260 | loss = -2.4500 | g_L = +2.4500 | EMA = +2.4665 | std(g_L) = 0.8937 | grad = 1.2654
step  37280 | loss = -2.4308 | g_L = +2.4308 | EMA = +2.4471 | std(g_L) = 1.1269 | grad = 2.3911
step  37300 | loss = -2.4778 | g_L = +2.4778 | EMA = +2.4732 | std(g_L) = 0.9597 | grad = 1.9044
step  37320 | loss = -2.4796 | g_L = +2.4796 | EMA = +2.4637 | std(g_L) = 0.9866 | grad = 6.4313
step  37340 | loss = -2.4440 | g_L = +2.4440 | EMA = +2.4467 | std(g_L) = 1.0107 | grad = 1.4181
step  37360 | loss = -2.5497 | g_L = +2.5497 | EMA = +2.4547 | std(g_L) = 0.8880 | grad = 0.1990
step  37380 | loss = -2.2965 | g_L = +2.2965 | EMA = +2.4565 | std(g_L) = 1.0688 | grad = 3.4451
step  37400 | loss = -2.4307 | g_L = +2.4307 | EMA = +2.4620 | std(g_L) = 1.1082 | grad = 1.9751
step  37420 | loss = -2.4784 | g_L = +2.4784 | EMA = +2.4524 | std(g_L) = 0.8949 | grad = 3.2954
step  37440 | loss = -2.3516 | g_L = +2.3516 | EMA = +2.4670 | std(g_L) = 1.1804 | grad = 3.3558
step  37460 | loss = -2.4752 | g_L = +2.4752 | EMA = +2.4482 | std(g_L) = 0.9682 | grad = 1.6321
step  37480 | loss = -2.3599 | g_L = +2.3599 | EMA = +2.4533 | std(g_L) = 1.0973 | grad = 1.7822
step  37500 | loss = -2.4880 | g_L = +2.4880 | EMA = +2.4574 | std(g_L) = 0.9600 | grad = 1.1811
step  37520 | loss = -2.4669 | g_L = +2.4669 | EMA = +2.4603 | std(g_L) = 0.9891 | grad = 1.7745
step  37540 | loss = -2.5307 | g_L = +2.5307 | EMA = +2.4505 | std(g_L) = 0.9794 | grad = 0.6560
step  37560 | loss = -2.3666 | g_L = +2.3666 | EMA = +2.4463 | std(g_L) = 1.1243 | grad = 1.5247
step  37580 | loss = -2.3436 | g_L = +2.3436 | EMA = +2.4552 | std(g_L) = 1.0946 | grad = 1.8204
step  37600 | loss = -2.3791 | g_L = +2.3791 | EMA = +2.4494 | std(g_L) = 1.1254 | grad = 1.5541
step  37620 | loss = -2.5901 | g_L = +2.5901 | EMA = +2.4721 | std(g_L) = 0.8142 | grad = 1.9008
step  37640 | loss = -2.4246 | g_L = +2.4246 | EMA = +2.4719 | std(g_L) = 0.9630 | grad = 0.4411
step  37660 | loss = -2.4595 | g_L = +2.4595 | EMA = +2.4588 | std(g_L) = 1.0593 | grad = 9.2725
step  37680 | loss = -2.4510 | g_L = +2.4510 | EMA = +2.4793 | std(g_L) = 0.9361 | grad = 3.5364
step  37700 | loss = -2.4858 | g_L = +2.4858 | EMA = +2.4722 | std(g_L) = 1.0110 | grad = 2.6443
step  37720 | loss = -2.4117 | g_L = +2.4117 | EMA = +2.4611 | std(g_L) = 1.0190 | grad = 0.9794
step  37740 | loss = -2.4628 | g_L = +2.4628 | EMA = +2.4511 | std(g_L) = 0.9756 | grad = 2.6248
step  37760 | loss = -2.4830 | g_L = +2.4830 | EMA = +2.4423 | std(g_L) = 1.0435 | grad = 1.4599
step  37780 | loss = -2.5220 | g_L = +2.5220 | EMA = +2.4415 | std(g_L) = 0.8462 | grad = 2.8929
step  37800 | loss = -2.4721 | g_L = +2.4721 | EMA = +2.4455 | std(g_L) = 1.1210 | grad = 2.2275
step  37820 | loss = -2.4705 | g_L = +2.4705 | EMA = +2.4482 | std(g_L) = 0.9937 | grad = 0.9751
step  37840 | loss = -2.4350 | g_L = +2.4350 | EMA = +2.4502 | std(g_L) = 1.0156 | grad = 1.4506
step  37860 | loss = -2.4922 | g_L = +2.4922 | EMA = +2.4494 | std(g_L) = 0.9880 | grad = 2.5870
step  37880 | loss = -2.4311 | g_L = +2.4311 | EMA = +2.4561 | std(g_L) = 1.0152 | grad = 2.1574
step  37900 | loss = -2.3241 | g_L = +2.3241 | EMA = +2.4361 | std(g_L) = 1.1036 | grad = 8.3748
step  37920 | loss = -2.4899 | g_L = +2.4899 | EMA = +2.4455 | std(g_L) = 0.9927 | grad = 0.9257
step  37940 | loss = -2.4656 | g_L = +2.4656 | EMA = +2.4577 | std(g_L) = 1.1326 | grad = 3.0154
step  37960 | loss = -2.3922 | g_L = +2.3922 | EMA = +2.4479 | std(g_L) = 1.1146 | grad = 1.3598
step  37980 | loss = -2.3986 | g_L = +2.3986 | EMA = +2.4497 | std(g_L) = 1.0499 | grad = 1.3921
step  38000 | loss = -2.2219 | g_L = +2.2219 | EMA = +2.4376 | std(g_L) = 1.2775 | grad = 1.5276
step  38020 | loss = -2.4903 | g_L = +2.4903 | EMA = +2.4512 | std(g_L) = 1.0797 | grad = 1.9089
step  38040 | loss = -2.4666 | g_L = +2.4666 | EMA = +2.4551 | std(g_L) = 1.0430 | grad = 0.5088
step  38060 | loss = -2.4526 | g_L = +2.4526 | EMA = +2.4516 | std(g_L) = 0.9711 | grad = 2.2577
step  38080 | loss = -2.3899 | g_L = +2.3899 | EMA = +2.4673 | std(g_L) = 1.0163 | grad = 3.4102
step  38100 | loss = -2.4100 | g_L = +2.4100 | EMA = +2.4585 | std(g_L) = 0.9735 | grad = 1.6789
step  38120 | loss = -2.3905 | g_L = +2.3905 | EMA = +2.4599 | std(g_L) = 1.0323 | grad = 2.2571
step  38140 | loss = -2.4454 | g_L = +2.4454 | EMA = +2.4742 | std(g_L) = 1.0626 | grad = 2.3885
step  38160 | loss = -2.4122 | g_L = +2.4122 | EMA = +2.4400 | std(g_L) = 1.0926 | grad = 1.0204
step  38180 | loss = -2.4973 | g_L = +2.4973 | EMA = +2.4575 | std(g_L) = 1.0511 | grad = 0.8106
step  38200 | loss = -2.5021 | g_L = +2.5021 | EMA = +2.4606 | std(g_L) = 0.8638 | grad = 2.4912
step  38220 | loss = -2.4408 | g_L = +2.4408 | EMA = +2.4734 | std(g_L) = 0.9940 | grad = 1.9595
step  38240 | loss = -2.4004 | g_L = +2.4004 | EMA = +2.4665 | std(g_L) = 1.0148 | grad = 1.1240
step  38260 | loss = -2.4127 | g_L = +2.4127 | EMA = +2.4517 | std(g_L) = 0.9651 | grad = 1.9569
step  38280 | loss = -2.4897 | g_L = +2.4897 | EMA = +2.4407 | std(g_L) = 1.0709 | grad = 1.5416
step  38300 | loss = -2.4371 | g_L = +2.4371 | EMA = +2.4606 | std(g_L) = 0.9759 | grad = 2.2377
step  38320 | loss = -2.4610 | g_L = +2.4610 | EMA = +2.4539 | std(g_L) = 0.9450 | grad = 3.4982
step  38340 | loss = -2.5739 | g_L = +2.5739 | EMA = +2.4695 | std(g_L) = 1.0834 | grad = 0.8048
step  38360 | loss = -2.4317 | g_L = +2.4317 | EMA = +2.4770 | std(g_L) = 1.1173 | grad = 2.7931
step  38380 | loss = -2.3722 | g_L = +2.3722 | EMA = +2.4603 | std(g_L) = 1.1281 | grad = 5.3995
step  38400 | loss = -2.5204 | g_L = +2.5204 | EMA = +2.4558 | std(g_L) = 1.0457 | grad = 2.2846
step  38420 | loss = -2.4482 | g_L = +2.4482 | EMA = +2.4729 | std(g_L) = 1.0241 | grad = 1.5822
step  38440 | loss = -2.6261 | g_L = +2.6261 | EMA = +2.4754 | std(g_L) = 0.9059 | grad = 4.9109
step  38460 | loss = -2.5377 | g_L = +2.5377 | EMA = +2.4655 | std(g_L) = 0.9791 | grad = 4.2434
step  38480 | loss = -2.4824 | g_L = +2.4824 | EMA = +2.4434 | std(g_L) = 1.1181 | grad = 1.0214
step  38500 | loss = -2.5694 | g_L = +2.5694 | EMA = +2.4484 | std(g_L) = 0.9178 | grad = 2.3700
step  38520 | loss = -2.3163 | g_L = +2.3163 | EMA = +2.4334 | std(g_L) = 1.1857 | grad = 2.0406
step  38540 | loss = -2.4928 | g_L = +2.4928 | EMA = +2.4569 | std(g_L) = 1.0289 | grad = 3.7673
step  38560 | loss = -2.4278 | g_L = +2.4278 | EMA = +2.4604 | std(g_L) = 1.1234 | grad = 0.8431
step  38580 | loss = -2.4120 | g_L = +2.4120 | EMA = +2.4671 | std(g_L) = 1.0360 | grad = 3.4368
step  38600 | loss = -2.3900 | g_L = +2.3900 | EMA = +2.4478 | std(g_L) = 1.0600 | grad = 1.4663
step  38620 | loss = -2.3240 | g_L = +2.3240 | EMA = +2.4264 | std(g_L) = 1.1516 | grad = 3.0270
step  38640 | loss = -2.4285 | g_L = +2.4285 | EMA = +2.4535 | std(g_L) = 0.9197 | grad = 2.0633
step  38660 | loss = -2.3255 | g_L = +2.3255 | EMA = +2.4578 | std(g_L) = 1.1078 | grad = 1.7382
step  38680 | loss = -2.5574 | g_L = +2.5574 | EMA = +2.4708 | std(g_L) = 0.9582 | grad = 1.2280
step  38700 | loss = -2.3732 | g_L = +2.3732 | EMA = +2.4589 | std(g_L) = 1.0383 | grad = 1.4198
step  38720 | loss = -2.5146 | g_L = +2.5146 | EMA = +2.4301 | std(g_L) = 0.8298 | grad = 4.6497
step  38740 | loss = -2.4676 | g_L = +2.4676 | EMA = +2.4369 | std(g_L) = 0.9215 | grad = 1.2145
step  38760 | loss = -2.4421 | g_L = +2.4421 | EMA = +2.4473 | std(g_L) = 1.1700 | grad = 2.3943
step  38780 | loss = -2.3988 | g_L = +2.3988 | EMA = +2.4465 | std(g_L) = 1.0668 | grad = 2.3897
step  38800 | loss = -2.4810 | g_L = +2.4810 | EMA = +2.4322 | std(g_L) = 0.9273 | grad = 1.3914
step  38820 | loss = -2.3756 | g_L = +2.3756 | EMA = +2.4488 | std(g_L) = 1.1558 | grad = 1.4670
step  38840 | loss = -2.4413 | g_L = +2.4413 | EMA = +2.4398 | std(g_L) = 0.9808 | grad = 1.7048
step  38860 | loss = -2.4942 | g_L = +2.4942 | EMA = +2.4517 | std(g_L) = 0.9090 | grad = 1.4296
step  38880 | loss = -2.4763 | g_L = +2.4763 | EMA = +2.4486 | std(g_L) = 0.9793 | grad = 3.6690
step  38900 | loss = -2.4788 | g_L = +2.4788 | EMA = +2.4411 | std(g_L) = 0.9689 | grad = 2.2492
step  38920 | loss = -2.3800 | g_L = +2.3800 | EMA = +2.4519 | std(g_L) = 0.9768 | grad = 1.1135
step  38940 | loss = -2.4401 | g_L = +2.4401 | EMA = +2.4529 | std(g_L) = 1.0925 | grad = 1.6731
step  38960 | loss = -2.3319 | g_L = +2.3319 | EMA = +2.4519 | std(g_L) = 1.1325 | grad = 1.8278
step  38980 | loss = -2.3300 | g_L = +2.3300 | EMA = +2.4326 | std(g_L) = 1.1319 | grad = 1.5985
step  39000 | loss = -2.4472 | g_L = +2.4472 | EMA = +2.4588 | std(g_L) = 1.0489 | grad = 2.2156
step  39020 | loss = -2.4557 | g_L = +2.4557 | EMA = +2.4508 | std(g_L) = 0.9558 | grad = 1.8137
step  39040 | loss = -2.4644 | g_L = +2.4644 | EMA = +2.4676 | std(g_L) = 0.8762 | grad = 0.8533
step  39060 | loss = -2.4211 | g_L = +2.4211 | EMA = +2.4444 | std(g_L) = 1.0335 | grad = 1.5023
step  39080 | loss = -2.4211 | g_L = +2.4211 | EMA = +2.4311 | std(g_L) = 1.0124 | grad = 4.6376
step  39100 | loss = -2.4101 | g_L = +2.4101 | EMA = +2.4382 | std(g_L) = 0.9704 | grad = 4.0477
step  39120 | loss = -2.4605 | g_L = +2.4605 | EMA = +2.4530 | std(g_L) = 1.0217 | grad = 3.9647
step  39140 | loss = -2.4759 | g_L = +2.4759 | EMA = +2.4665 | std(g_L) = 0.9497 | grad = 1.3584
step  39160 | loss = -2.4266 | g_L = +2.4266 | EMA = +2.4599 | std(g_L) = 0.9469 | grad = 1.9025
step  39180 | loss = -2.5775 | g_L = +2.5775 | EMA = +2.4645 | std(g_L) = 0.9636 | grad = 1.0868
step  39200 | loss = -2.6267 | g_L = +2.6267 | EMA = +2.4787 | std(g_L) = 0.7950 | grad = 0.9591
step  39220 | loss = -2.4963 | g_L = +2.4963 | EMA = +2.4748 | std(g_L) = 1.0692 | grad = 0.7615
step  39240 | loss = -2.5201 | g_L = +2.5201 | EMA = +2.4696 | std(g_L) = 0.9903 | grad = 1.0470
step  39260 | loss = -2.3888 | g_L = +2.3888 | EMA = +2.4634 | std(g_L) = 1.0523 | grad = 2.1331
step  39280 | loss = -2.5567 | g_L = +2.5567 | EMA = +2.4549 | std(g_L) = 0.9159 | grad = 1.2955
step  39300 | loss = -2.4211 | g_L = +2.4211 | EMA = +2.4553 | std(g_L) = 1.1953 | grad = 0.9132
step  39320 | loss = -2.4103 | g_L = +2.4103 | EMA = +2.4520 | std(g_L) = 1.0066 | grad = 1.7639
step  39340 | loss = -2.2796 | g_L = +2.2796 | EMA = +2.4530 | std(g_L) = 1.1789 | grad = 2.0407
step  39360 | loss = -2.4584 | g_L = +2.4584 | EMA = +2.4628 | std(g_L) = 0.9365 | grad = 0.5385
step  39380 | loss = -2.3684 | g_L = +2.3684 | EMA = +2.4582 | std(g_L) = 1.2135 | grad = 4.7978
step  39400 | loss = -2.6836 | g_L = +2.6836 | EMA = +2.4730 | std(g_L) = 0.7995 | grad = 2.1782
step  39420 | loss = -2.5620 | g_L = +2.5620 | EMA = +2.4782 | std(g_L) = 0.9687 | grad = 1.5483
step  39440 | loss = -2.5711 | g_L = +2.5711 | EMA = +2.4720 | std(g_L) = 0.9221 | grad = 2.0085
step  39460 | loss = -2.5199 | g_L = +2.5199 | EMA = +2.4778 | std(g_L) = 0.9767 | grad = 2.5383
step  39480 | loss = -2.5779 | g_L = +2.5779 | EMA = +2.4616 | std(g_L) = 0.8926 | grad = 2.0840
step  39500 | loss = -2.2907 | g_L = +2.2907 | EMA = +2.4369 | std(g_L) = 1.3253 | grad = 2.7432
step  39520 | loss = -2.5239 | g_L = +2.5239 | EMA = +2.4562 | std(g_L) = 0.9674 | grad = 2.8817
step  39540 | loss = -2.5012 | g_L = +2.5012 | EMA = +2.4540 | std(g_L) = 1.0210 | grad = 1.0717
step  39560 | loss = -2.4511 | g_L = +2.4511 | EMA = +2.4563 | std(g_L) = 1.1608 | grad = 1.9553
step  39580 | loss = -2.4818 | g_L = +2.4818 | EMA = +2.4536 | std(g_L) = 1.1121 | grad = 0.7468
step  39600 | loss = -2.5323 | g_L = +2.5323 | EMA = +2.4450 | std(g_L) = 0.9929 | grad = 0.9308
step  39620 | loss = -2.4871 | g_L = +2.4871 | EMA = +2.4566 | std(g_L) = 0.9640 | grad = 3.8577
step  39640 | loss = -2.5400 | g_L = +2.5400 | EMA = +2.4763 | std(g_L) = 0.8840 | grad = 3.2357
step  39660 | loss = -2.4462 | g_L = +2.4462 | EMA = +2.4758 | std(g_L) = 1.0652 | grad = 2.8882
step  39680 | loss = -2.5276 | g_L = +2.5276 | EMA = +2.4458 | std(g_L) = 1.0123 | grad = 0.6611
step  39700 | loss = -2.5503 | g_L = +2.5503 | EMA = +2.4618 | std(g_L) = 1.0340 | grad = 3.6161
step  39720 | loss = -2.3546 | g_L = +2.3546 | EMA = +2.4618 | std(g_L) = 1.1729 | grad = 4.3235
step  39740 | loss = -2.5026 | g_L = +2.5026 | EMA = +2.4434 | std(g_L) = 0.8991 | grad = 1.9001
step  39760 | loss = -2.5052 | g_L = +2.5052 | EMA = +2.4541 | std(g_L) = 0.8996 | grad = 2.0301
step  39780 | loss = -2.4749 | g_L = +2.4749 | EMA = +2.4619 | std(g_L) = 1.1005 | grad = 4.8031
step  39800 | loss = -2.3895 | g_L = +2.3895 | EMA = +2.4537 | std(g_L) = 0.9402 | grad = 1.5743
step  39820 | loss = -2.4738 | g_L = +2.4738 | EMA = +2.4671 | std(g_L) = 1.0060 | grad = 2.0538
step  39840 | loss = -2.4782 | g_L = +2.4782 | EMA = +2.4498 | std(g_L) = 0.8819 | grad = 3.4834
step  39860 | loss = -2.4550 | g_L = +2.4550 | EMA = +2.4374 | std(g_L) = 1.0596 | grad = 3.9122
step  39880 | loss = -2.3547 | g_L = +2.3547 | EMA = +2.4336 | std(g_L) = 1.2412 | grad = 2.6670
step  39900 | loss = -2.4637 | g_L = +2.4637 | EMA = +2.4589 | std(g_L) = 1.0406 | grad = 1.0401
step  39920 | loss = -2.4260 | g_L = +2.4260 | EMA = +2.4690 | std(g_L) = 1.0383 | grad = 1.4342
step  39940 | loss = -2.4854 | g_L = +2.4854 | EMA = +2.4672 | std(g_L) = 0.9864 | grad = 1.5151
step  39960 | loss = -2.5709 | g_L = +2.5709 | EMA = +2.4530 | std(g_L) = 0.8453 | grad = 3.8840
step  39980 | loss = -2.3075 | g_L = +2.3075 | EMA = +2.4713 | std(g_L) = 1.1772 | grad = 4.2650
step  40000 | loss = -2.4472 | g_L = +2.4472 | EMA = +2.4597 | std(g_L) = 1.2576 | grad = 3.3814
Model saved.
