Device: cuda
N antennas : 8
Ns         : 127
step      1 | loss = +0.5829 | g_L = -0.5829 | EMA = -0.5829 | std(g_L) = 4.3221 | grad = 0.1195
step     20 | loss = +0.1911 | g_L = -0.1911 | EMA = -0.4820 | std(g_L) = 4.0071 | grad = 0.1671
step     40 | loss = +0.9872 | g_L = -0.9872 | EMA = -0.4484 | std(g_L) = 5.0498 | grad = 0.3403
step     60 | loss = +0.8311 | g_L = -0.8311 | EMA = -0.2621 | std(g_L) = 6.8138 | grad = 0.9989
step     80 | loss = +0.0765 | g_L = -0.0765 | EMA = -0.1057 | std(g_L) = 5.5586 | grad = 0.8973
step    100 | loss = -0.6231 | g_L = +0.6231 | EMA = +0.1816 | std(g_L) = 3.8105 | grad = 0.8300
step    120 | loss = -0.0757 | g_L = +0.0757 | EMA = +0.4687 | std(g_L) = 6.4752 | grad = 0.7838
step    140 | loss = -1.1152 | g_L = +1.1152 | EMA = +0.7364 | std(g_L) = 3.3751 | grad = 1.2589
step    160 | loss = -1.4167 | g_L = +1.4167 | EMA = +1.1314 | std(g_L) = 2.8280 | grad = 0.7793
step    180 | loss = -1.6897 | g_L = +1.6897 | EMA = +1.4374 | std(g_L) = 3.1631 | grad = 0.9515
step    200 | loss = -2.1417 | g_L = +2.1417 | EMA = +1.7073 | std(g_L) = 2.1897 | grad = 1.3471
step    220 | loss = -2.0154 | g_L = +2.0154 | EMA = +1.9443 | std(g_L) = 1.8297 | grad = 0.8733
step    240 | loss = -1.8324 | g_L = +1.8324 | EMA = +2.0131 | std(g_L) = 3.7028 | grad = 0.6653
step    260 | loss = -2.1607 | g_L = +2.1607 | EMA = +2.0959 | std(g_L) = 1.8631 | grad = 0.5480
step    280 | loss = -2.1878 | g_L = +2.1878 | EMA = +2.1584 | std(g_L) = 2.3019 | grad = 1.2039
step    300 | loss = -2.2279 | g_L = +2.2279 | EMA = +2.1762 | std(g_L) = 1.4953 | grad = 0.9107
step    320 | loss = -2.0025 | g_L = +2.0025 | EMA = +2.1653 | std(g_L) = 2.3183 | grad = 1.9372
step    340 | loss = -2.4269 | g_L = +2.4269 | EMA = +2.2177 | std(g_L) = 1.3494 | grad = 1.3495
step    360 | loss = -2.1894 | g_L = +2.1894 | EMA = +2.2746 | std(g_L) = 1.9877 | grad = 2.1480
step    380 | loss = -2.6245 | g_L = +2.6245 | EMA = +2.3680 | std(g_L) = 1.0237 | grad = 1.5106
step    400 | loss = -2.6766 | g_L = +2.6766 | EMA = +2.4901 | std(g_L) = 0.9548 | grad = 1.1741
step    420 | loss = -2.7139 | g_L = +2.7139 | EMA = +2.5778 | std(g_L) = 0.9726 | grad = 1.4343
step    440 | loss = -2.6027 | g_L = +2.6027 | EMA = +2.6293 | std(g_L) = 1.2202 | grad = 1.1557
step    460 | loss = -2.7691 | g_L = +2.7691 | EMA = +2.6874 | std(g_L) = 0.8785 | grad = 0.8404
step    480 | loss = -2.8924 | g_L = +2.8924 | EMA = +2.7306 | std(g_L) = 0.8283 | grad = 0.8696
step    500 | loss = -2.7381 | g_L = +2.7381 | EMA = +2.7294 | std(g_L) = 0.9062 | grad = 0.9506
step    520 | loss = -2.8066 | g_L = +2.8066 | EMA = +2.7781 | std(g_L) = 0.9410 | grad = 1.3016
step    540 | loss = -2.9411 | g_L = +2.9411 | EMA = +2.7785 | std(g_L) = 0.8523 | grad = 0.6324
step    560 | loss = -2.7594 | g_L = +2.7594 | EMA = +2.7809 | std(g_L) = 0.9588 | grad = 0.7124
step    580 | loss = -2.7352 | g_L = +2.7352 | EMA = +2.7840 | std(g_L) = 1.0295 | grad = 1.1225
step    600 | loss = -2.8447 | g_L = +2.8447 | EMA = +2.8008 | std(g_L) = 0.8276 | grad = 1.5468
step    620 | loss = -2.6678 | g_L = +2.6678 | EMA = +2.7784 | std(g_L) = 0.9002 | grad = 0.8112
step    640 | loss = -2.7224 | g_L = +2.7224 | EMA = +2.7805 | std(g_L) = 1.2088 | grad = 0.9616
step    660 | loss = -2.7883 | g_L = +2.7883 | EMA = +2.7909 | std(g_L) = 0.9604 | grad = 1.5992
step    680 | loss = -2.8753 | g_L = +2.8753 | EMA = +2.8013 | std(g_L) = 0.7491 | grad = 1.4279
step    700 | loss = -2.7865 | g_L = +2.7865 | EMA = +2.8065 | std(g_L) = 0.9616 | grad = 1.2183
step    720 | loss = -2.8150 | g_L = +2.8150 | EMA = +2.8009 | std(g_L) = 0.7862 | grad = 0.9555
step    740 | loss = -2.9626 | g_L = +2.9626 | EMA = +2.8018 | std(g_L) = 0.8465 | grad = 0.8896
step    760 | loss = -2.7434 | g_L = +2.7434 | EMA = +2.7838 | std(g_L) = 1.1676 | grad = 0.8858
step    780 | loss = -2.8926 | g_L = +2.8926 | EMA = +2.7835 | std(g_L) = 0.9473 | grad = 0.6758
step    800 | loss = -2.8133 | g_L = +2.8133 | EMA = +2.7807 | std(g_L) = 0.9239 | grad = 1.1100
step    820 | loss = -2.7375 | g_L = +2.7375 | EMA = +2.7929 | std(g_L) = 1.0281 | grad = 0.7648
step    840 | loss = -2.7775 | g_L = +2.7775 | EMA = +2.8065 | std(g_L) = 1.0200 | grad = 0.5468
step    860 | loss = -2.7471 | g_L = +2.7471 | EMA = +2.7803 | std(g_L) = 0.9772 | grad = 0.9084
step    880 | loss = -2.9262 | g_L = +2.9262 | EMA = +2.8247 | std(g_L) = 0.8119 | grad = 0.5640
step    900 | loss = -2.9466 | g_L = +2.9466 | EMA = +2.8372 | std(g_L) = 0.7739 | grad = 1.6355
step    920 | loss = -2.9163 | g_L = +2.9163 | EMA = +2.8176 | std(g_L) = 0.8105 | grad = 1.7743
step    940 | loss = -2.7073 | g_L = +2.7073 | EMA = +2.8168 | std(g_L) = 0.8747 | grad = 1.1637
step    960 | loss = -2.7315 | g_L = +2.7315 | EMA = +2.8330 | std(g_L) = 1.0602 | grad = 1.0133
step    980 | loss = -2.7966 | g_L = +2.7966 | EMA = +2.8216 | std(g_L) = 0.8784 | grad = 0.8150
step   1000 | loss = -2.8792 | g_L = +2.8792 | EMA = +2.8347 | std(g_L) = 0.7905 | grad = 1.4484
step   1020 | loss = -2.8936 | g_L = +2.8936 | EMA = +2.8591 | std(g_L) = 0.8462 | grad = 0.7610
step   1040 | loss = -2.8090 | g_L = +2.8090 | EMA = +2.8281 | std(g_L) = 0.7885 | grad = 0.5793
step   1060 | loss = -2.8063 | g_L = +2.8063 | EMA = +2.8230 | std(g_L) = 0.9934 | grad = 1.6862
step   1080 | loss = -2.8899 | g_L = +2.8899 | EMA = +2.8446 | std(g_L) = 0.8750 | grad = 1.1811
step   1100 | loss = -2.7854 | g_L = +2.7854 | EMA = +2.8288 | std(g_L) = 0.8742 | grad = 1.1646
step   1120 | loss = -2.9149 | g_L = +2.9149 | EMA = +2.8489 | std(g_L) = 0.7945 | grad = 0.5989
step   1140 | loss = -2.8383 | g_L = +2.8383 | EMA = +2.8595 | std(g_L) = 0.8951 | grad = 1.1664
step   1160 | loss = -2.8291 | g_L = +2.8291 | EMA = +2.8709 | std(g_L) = 1.0988 | grad = 1.1748
step   1180 | loss = -2.7334 | g_L = +2.7334 | EMA = +2.8506 | std(g_L) = 1.0913 | grad = 0.9240
step   1200 | loss = -2.8165 | g_L = +2.8165 | EMA = +2.8524 | std(g_L) = 1.0833 | grad = 1.1558
step   1220 | loss = -2.9550 | g_L = +2.9550 | EMA = +2.8617 | std(g_L) = 0.8658 | grad = 0.8378
step   1240 | loss = -2.8781 | g_L = +2.8781 | EMA = +2.8696 | std(g_L) = 0.8375 | grad = 0.4558
step   1260 | loss = -2.9366 | g_L = +2.9366 | EMA = +2.8761 | std(g_L) = 0.8162 | grad = 0.6351
step   1280 | loss = -2.8347 | g_L = +2.8347 | EMA = +2.8901 | std(g_L) = 0.8477 | grad = 1.4965
step   1300 | loss = -2.8147 | g_L = +2.8147 | EMA = +2.8742 | std(g_L) = 1.0210 | grad = 2.6458
step   1320 | loss = -2.9665 | g_L = +2.9665 | EMA = +2.8886 | std(g_L) = 0.8330 | grad = 1.0192
step   1340 | loss = -2.8223 | g_L = +2.8223 | EMA = +2.8826 | std(g_L) = 0.8037 | grad = 1.1271
step   1360 | loss = -2.8650 | g_L = +2.8650 | EMA = +2.8965 | std(g_L) = 0.7996 | grad = 1.3045
step   1380 | loss = -2.9633 | g_L = +2.9633 | EMA = +2.9108 | std(g_L) = 0.7902 | grad = 1.4015
step   1400 | loss = -2.9652 | g_L = +2.9652 | EMA = +2.9186 | std(g_L) = 0.7410 | grad = 1.3137
step   1420 | loss = -2.9642 | g_L = +2.9642 | EMA = +2.9104 | std(g_L) = 0.7523 | grad = 1.6674
step   1440 | loss = -2.8231 | g_L = +2.8231 | EMA = +2.9215 | std(g_L) = 0.9923 | grad = 0.7350
step   1460 | loss = -2.8541 | g_L = +2.8541 | EMA = +2.8902 | std(g_L) = 1.1258 | grad = 0.8761
step   1480 | loss = -2.8290 | g_L = +2.8290 | EMA = +2.8809 | std(g_L) = 0.8131 | grad = 0.4817
step   1500 | loss = -2.9912 | g_L = +2.9912 | EMA = +2.8963 | std(g_L) = 0.8495 | grad = 0.5032
step   1520 | loss = -2.9306 | g_L = +2.9306 | EMA = +2.9156 | std(g_L) = 0.8600 | grad = 1.1810
step   1540 | loss = -2.8385 | g_L = +2.8385 | EMA = +2.9178 | std(g_L) = 1.0536 | grad = 0.9972
step   1560 | loss = -2.9272 | g_L = +2.9272 | EMA = +2.9093 | std(g_L) = 0.8282 | grad = 0.7262
step   1580 | loss = -2.9750 | g_L = +2.9750 | EMA = +2.9220 | std(g_L) = 0.8666 | grad = 1.2621
step   1600 | loss = -2.8178 | g_L = +2.8178 | EMA = +2.9234 | std(g_L) = 0.8995 | grad = 0.7027
step   1620 | loss = -2.8762 | g_L = +2.8762 | EMA = +2.9209 | std(g_L) = 0.8661 | grad = 0.8589
step   1640 | loss = -3.0262 | g_L = +3.0262 | EMA = +2.9205 | std(g_L) = 0.7136 | grad = 0.7721
step   1660 | loss = -2.9876 | g_L = +2.9876 | EMA = +2.9214 | std(g_L) = 0.7491 | grad = 1.4177
step   1680 | loss = -2.9255 | g_L = +2.9255 | EMA = +2.9302 | std(g_L) = 0.8663 | grad = 0.8016
step   1700 | loss = -2.9705 | g_L = +2.9705 | EMA = +2.9234 | std(g_L) = 0.8528 | grad = 0.9803
step   1720 | loss = -2.9969 | g_L = +2.9969 | EMA = +2.9147 | std(g_L) = 0.7543 | grad = 0.6213
step   1740 | loss = -2.8950 | g_L = +2.8950 | EMA = +2.9179 | std(g_L) = 0.8215 | grad = 1.0484
step   1760 | loss = -2.8717 | g_L = +2.8717 | EMA = +2.9144 | std(g_L) = 0.8872 | grad = 0.4122
step   1780 | loss = -2.8525 | g_L = +2.8525 | EMA = +2.9312 | std(g_L) = 0.9718 | grad = 1.0818
step   1800 | loss = -2.9367 | g_L = +2.9367 | EMA = +2.9088 | std(g_L) = 0.8590 | grad = 1.3293
step   1820 | loss = -3.0337 | g_L = +3.0337 | EMA = +2.9290 | std(g_L) = 0.7870 | grad = 1.1093
step   1840 | loss = -2.8338 | g_L = +2.8338 | EMA = +2.9278 | std(g_L) = 1.0398 | grad = 1.0936
step   1860 | loss = -2.8891 | g_L = +2.8891 | EMA = +2.9196 | std(g_L) = 1.1045 | grad = 1.0092
step   1880 | loss = -2.8470 | g_L = +2.8470 | EMA = +2.9234 | std(g_L) = 0.8383 | grad = 0.6472
step   1900 | loss = -2.8672 | g_L = +2.8672 | EMA = +2.9341 | std(g_L) = 0.8920 | grad = 0.6882
step   1920 | loss = -2.9189 | g_L = +2.9189 | EMA = +2.9286 | std(g_L) = 0.9423 | grad = 0.8143
step   1940 | loss = -2.9417 | g_L = +2.9417 | EMA = +2.9208 | std(g_L) = 0.7608 | grad = 0.5561
step   1960 | loss = -3.0305 | g_L = +3.0305 | EMA = +2.9286 | std(g_L) = 0.9055 | grad = 0.7385
step   1980 | loss = -2.9792 | g_L = +2.9792 | EMA = +2.9321 | std(g_L) = 0.8152 | grad = 0.5658
step   2000 | loss = -2.8230 | g_L = +2.8230 | EMA = +2.9258 | std(g_L) = 1.0117 | grad = 0.8639
step   2020 | loss = -2.9342 | g_L = +2.9342 | EMA = +2.9183 | std(g_L) = 0.7863 | grad = 0.7793
step   2040 | loss = -2.9346 | g_L = +2.9346 | EMA = +2.9209 | std(g_L) = 0.8336 | grad = 1.1299
step   2060 | loss = -2.8981 | g_L = +2.8981 | EMA = +2.9298 | std(g_L) = 0.9108 | grad = 1.1196
step   2080 | loss = -2.8503 | g_L = +2.8503 | EMA = +2.9331 | std(g_L) = 0.9819 | grad = 0.7934
step   2100 | loss = -2.9344 | g_L = +2.9344 | EMA = +2.9467 | std(g_L) = 0.8751 | grad = 2.0951
step   2120 | loss = -2.8627 | g_L = +2.8627 | EMA = +2.9315 | std(g_L) = 0.9743 | grad = 0.6903
step   2140 | loss = -2.8336 | g_L = +2.8336 | EMA = +2.9346 | std(g_L) = 0.9022 | grad = 0.5189
step   2160 | loss = -2.9903 | g_L = +2.9903 | EMA = +2.9452 | std(g_L) = 0.7759 | grad = 0.7320
step   2180 | loss = -2.8937 | g_L = +2.8937 | EMA = +2.9511 | std(g_L) = 0.9240 | grad = 0.4166
step   2200 | loss = -2.8931 | g_L = +2.8931 | EMA = +2.9326 | std(g_L) = 0.9642 | grad = 0.8577
step   2220 | loss = -2.9926 | g_L = +2.9926 | EMA = +2.9360 | std(g_L) = 0.8418 | grad = 0.5631
step   2240 | loss = -2.8503 | g_L = +2.8503 | EMA = +2.9409 | std(g_L) = 1.1149 | grad = 0.8175
step   2260 | loss = -2.9503 | g_L = +2.9503 | EMA = +2.9478 | std(g_L) = 0.8427 | grad = 1.6488
step   2280 | loss = -2.9009 | g_L = +2.9009 | EMA = +2.9305 | std(g_L) = 0.7773 | grad = 0.9409
step   2300 | loss = -2.8870 | g_L = +2.8870 | EMA = +2.9401 | std(g_L) = 1.1096 | grad = 1.0634
step   2320 | loss = -2.9152 | g_L = +2.9152 | EMA = +2.9374 | std(g_L) = 1.0749 | grad = 0.6463
step   2340 | loss = -2.9068 | g_L = +2.9068 | EMA = +2.9295 | std(g_L) = 0.8171 | grad = 0.6709
step   2360 | loss = -2.7657 | g_L = +2.7657 | EMA = +2.9243 | std(g_L) = 1.2704 | grad = 1.3314
step   2380 | loss = -2.8613 | g_L = +2.8613 | EMA = +2.9137 | std(g_L) = 0.9928 | grad = 1.3360
step   2400 | loss = -2.8135 | g_L = +2.8135 | EMA = +2.9275 | std(g_L) = 0.7812 | grad = 1.2128
step   2420 | loss = -2.8998 | g_L = +2.8998 | EMA = +2.9363 | std(g_L) = 0.8414 | grad = 1.5564
step   2440 | loss = -2.9957 | g_L = +2.9957 | EMA = +2.9544 | std(g_L) = 0.8328 | grad = 1.0180
step   2460 | loss = -3.0057 | g_L = +3.0057 | EMA = +2.9603 | std(g_L) = 0.9155 | grad = 1.3844
step   2480 | loss = -2.9543 | g_L = +2.9543 | EMA = +2.9371 | std(g_L) = 0.9092 | grad = 1.0796
step   2500 | loss = -2.8529 | g_L = +2.8529 | EMA = +2.9436 | std(g_L) = 0.9318 | grad = 1.2630
step   2520 | loss = -2.8444 | g_L = +2.8444 | EMA = +2.9316 | std(g_L) = 1.0100 | grad = 0.8285
step   2540 | loss = -2.8880 | g_L = +2.8880 | EMA = +2.9479 | std(g_L) = 0.9341 | grad = 0.6129
step   2560 | loss = -2.9819 | g_L = +2.9819 | EMA = +2.9433 | std(g_L) = 0.8018 | grad = 0.4403
step   2580 | loss = -2.8999 | g_L = +2.8999 | EMA = +2.9512 | std(g_L) = 0.8961 | grad = 1.1806
step   2600 | loss = -2.9994 | g_L = +2.9994 | EMA = +2.9634 | std(g_L) = 0.9589 | grad = 1.3085
step   2620 | loss = -2.9365 | g_L = +2.9365 | EMA = +2.9540 | std(g_L) = 0.7527 | grad = 0.9324
step   2640 | loss = -2.9789 | g_L = +2.9789 | EMA = +2.9351 | std(g_L) = 1.0066 | grad = 1.1943
step   2660 | loss = -3.0170 | g_L = +3.0170 | EMA = +2.9536 | std(g_L) = 0.7143 | grad = 0.4218
step   2680 | loss = -2.9567 | g_L = +2.9567 | EMA = +2.9589 | std(g_L) = 0.7459 | grad = 0.8190
step   2700 | loss = -2.9200 | g_L = +2.9200 | EMA = +2.9480 | std(g_L) = 0.9788 | grad = 1.6074
step   2720 | loss = -2.9469 | g_L = +2.9469 | EMA = +2.9390 | std(g_L) = 0.8463 | grad = 0.4542
step   2740 | loss = -2.9051 | g_L = +2.9051 | EMA = +2.9262 | std(g_L) = 1.0638 | grad = 1.2788
step   2760 | loss = -2.9660 | g_L = +2.9660 | EMA = +2.9363 | std(g_L) = 0.7627 | grad = 0.7577
step   2780 | loss = -3.0028 | g_L = +3.0028 | EMA = +2.9503 | std(g_L) = 0.8642 | grad = 0.7489
step   2800 | loss = -3.0309 | g_L = +3.0309 | EMA = +2.9658 | std(g_L) = 0.9407 | grad = 0.7267
step   2820 | loss = -2.9578 | g_L = +2.9578 | EMA = +2.9516 | std(g_L) = 0.9584 | grad = 0.5466
step   2840 | loss = -3.0051 | g_L = +3.0051 | EMA = +2.9402 | std(g_L) = 0.7344 | grad = 0.5221
step   2860 | loss = -2.8988 | g_L = +2.8988 | EMA = +2.9392 | std(g_L) = 0.8051 | grad = 1.0413
step   2880 | loss = -3.0435 | g_L = +3.0435 | EMA = +2.9477 | std(g_L) = 0.8467 | grad = 0.7251
step   2900 | loss = -2.9167 | g_L = +2.9167 | EMA = +2.9546 | std(g_L) = 0.7918 | grad = 1.5376
step   2920 | loss = -2.9803 | g_L = +2.9803 | EMA = +2.9533 | std(g_L) = 0.8010 | grad = 1.0602
step   2940 | loss = -2.9397 | g_L = +2.9397 | EMA = +2.9503 | std(g_L) = 0.8892 | grad = 1.3848
step   2960 | loss = -2.9450 | g_L = +2.9450 | EMA = +2.9614 | std(g_L) = 0.9173 | grad = 1.2128
step   2980 | loss = -2.8893 | g_L = +2.8893 | EMA = +2.9284 | std(g_L) = 0.9766 | grad = 0.8114
step   3000 | loss = -2.9865 | g_L = +2.9865 | EMA = +2.9347 | std(g_L) = 0.8572 | grad = 0.5928
step   3020 | loss = -2.8453 | g_L = +2.8453 | EMA = +2.9395 | std(g_L) = 1.0320 | grad = 1.0512
step   3040 | loss = -2.9656 | g_L = +2.9656 | EMA = +2.9481 | std(g_L) = 0.7112 | grad = 0.8428
step   3060 | loss = -2.8862 | g_L = +2.8862 | EMA = +2.9376 | std(g_L) = 1.1374 | grad = 0.8423
step   3080 | loss = -2.8497 | g_L = +2.8497 | EMA = +2.9328 | std(g_L) = 0.8479 | grad = 1.4917
step   3100 | loss = -2.9710 | g_L = +2.9710 | EMA = +2.9355 | std(g_L) = 0.7821 | grad = 0.4471
step   3120 | loss = -2.8893 | g_L = +2.8893 | EMA = +2.9388 | std(g_L) = 1.0064 | grad = 1.6054
step   3140 | loss = -2.9391 | g_L = +2.9391 | EMA = +2.9454 | std(g_L) = 0.9189 | grad = 1.6532
step   3160 | loss = -3.0071 | g_L = +3.0071 | EMA = +2.9410 | std(g_L) = 0.7656 | grad = 0.7458
step   3180 | loss = -3.0192 | g_L = +3.0192 | EMA = +2.9565 | std(g_L) = 0.9207 | grad = 1.0256
step   3200 | loss = -2.8991 | g_L = +2.8991 | EMA = +2.9264 | std(g_L) = 0.9546 | grad = 0.7963
step   3220 | loss = -2.9126 | g_L = +2.9126 | EMA = +2.9427 | std(g_L) = 1.1714 | grad = 1.6542
step   3240 | loss = -2.9271 | g_L = +2.9271 | EMA = +2.9384 | std(g_L) = 0.9175 | grad = 1.1149
step   3260 | loss = -3.0190 | g_L = +3.0190 | EMA = +2.9527 | std(g_L) = 0.6804 | grad = 1.0249
step   3280 | loss = -2.9626 | g_L = +2.9626 | EMA = +2.9474 | std(g_L) = 0.7564 | grad = 1.1080
step   3300 | loss = -2.9524 | g_L = +2.9524 | EMA = +2.9448 | std(g_L) = 0.8352 | grad = 1.1708
step   3320 | loss = -2.9687 | g_L = +2.9687 | EMA = +2.9550 | std(g_L) = 0.7260 | grad = 0.5387
step   3340 | loss = -2.9518 | g_L = +2.9518 | EMA = +2.9522 | std(g_L) = 0.9407 | grad = 0.6371
step   3360 | loss = -2.8336 | g_L = +2.8336 | EMA = +2.9412 | std(g_L) = 0.9073 | grad = 0.6366
step   3380 | loss = -2.8781 | g_L = +2.8781 | EMA = +2.9398 | std(g_L) = 0.8907 | grad = 1.2591
step   3400 | loss = -2.9835 | g_L = +2.9835 | EMA = +2.9381 | std(g_L) = 0.7870 | grad = 0.6982
step   3420 | loss = -2.9567 | g_L = +2.9567 | EMA = +2.9508 | std(g_L) = 0.8744 | grad = 0.6025
step   3440 | loss = -2.9683 | g_L = +2.9683 | EMA = +2.9482 | std(g_L) = 0.7854 | grad = 0.5554
step   3460 | loss = -3.1322 | g_L = +3.1322 | EMA = +2.9499 | std(g_L) = 0.6829 | grad = 1.1424
step   3480 | loss = -2.9980 | g_L = +2.9980 | EMA = +2.9370 | std(g_L) = 0.8793 | grad = 0.9971
step   3500 | loss = -3.0139 | g_L = +3.0139 | EMA = +2.9448 | std(g_L) = 0.8643 | grad = 0.5035
step   3520 | loss = -3.0507 | g_L = +3.0507 | EMA = +2.9507 | std(g_L) = 0.7229 | grad = 1.0991
step   3540 | loss = -2.9093 | g_L = +2.9093 | EMA = +2.9551 | std(g_L) = 1.0571 | grad = 0.9902
step   3560 | loss = -2.9182 | g_L = +2.9182 | EMA = +2.9558 | std(g_L) = 0.8679 | grad = 0.8738
step   3580 | loss = -2.9392 | g_L = +2.9392 | EMA = +2.9478 | std(g_L) = 0.9749 | grad = 1.6255
step   3600 | loss = -2.9147 | g_L = +2.9147 | EMA = +2.9244 | std(g_L) = 0.8086 | grad = 0.8894
step   3620 | loss = -2.9347 | g_L = +2.9347 | EMA = +2.9399 | std(g_L) = 0.7767 | grad = 0.8171
step   3640 | loss = -3.0052 | g_L = +3.0052 | EMA = +2.9394 | std(g_L) = 0.7525 | grad = 1.7050
step   3660 | loss = -2.9866 | g_L = +2.9866 | EMA = +2.9496 | std(g_L) = 1.1242 | grad = 0.9963
step   3680 | loss = -2.9605 | g_L = +2.9605 | EMA = +2.9410 | std(g_L) = 0.8153 | grad = 1.2962
step   3700 | loss = -2.9316 | g_L = +2.9316 | EMA = +2.9572 | std(g_L) = 0.8502 | grad = 0.7379
step   3720 | loss = -2.9426 | g_L = +2.9426 | EMA = +2.9615 | std(g_L) = 0.9051 | grad = 0.9591
step   3740 | loss = -2.8899 | g_L = +2.8899 | EMA = +2.9448 | std(g_L) = 1.0102 | grad = 1.2134
step   3760 | loss = -2.9405 | g_L = +2.9405 | EMA = +2.9537 | std(g_L) = 0.7586 | grad = 0.7395
step   3780 | loss = -2.7818 | g_L = +2.7818 | EMA = +2.9492 | std(g_L) = 1.4948 | grad = 0.8359
step   3800 | loss = -3.0770 | g_L = +3.0770 | EMA = +2.9389 | std(g_L) = 0.6951 | grad = 1.1157
step   3820 | loss = -3.0667 | g_L = +3.0667 | EMA = +2.9602 | std(g_L) = 0.7125 | grad = 0.5551
step   3840 | loss = -2.9705 | g_L = +2.9705 | EMA = +2.9635 | std(g_L) = 0.8460 | grad = 0.5493
step   3860 | loss = -2.9991 | g_L = +2.9991 | EMA = +2.9611 | std(g_L) = 0.7961 | grad = 0.7311
step   3880 | loss = -2.9518 | g_L = +2.9518 | EMA = +2.9427 | std(g_L) = 0.9057 | grad = 0.4295
step   3900 | loss = -2.9461 | g_L = +2.9461 | EMA = +2.9617 | std(g_L) = 0.8843 | grad = 0.9026
step   3920 | loss = -2.9316 | g_L = +2.9316 | EMA = +2.9557 | std(g_L) = 1.0026 | grad = 0.4324
step   3940 | loss = -2.9403 | g_L = +2.9403 | EMA = +2.9312 | std(g_L) = 0.8423 | grad = 1.3344
step   3960 | loss = -2.8716 | g_L = +2.8716 | EMA = +2.9408 | std(g_L) = 0.9874 | grad = 0.7630
step   3980 | loss = -3.0318 | g_L = +3.0318 | EMA = +2.9418 | std(g_L) = 0.8457 | grad = 0.7227
step   4000 | loss = -3.0152 | g_L = +3.0152 | EMA = +2.9578 | std(g_L) = 0.7130 | grad = 0.8243
step   4020 | loss = -3.0010 | g_L = +3.0010 | EMA = +2.9573 | std(g_L) = 0.7281 | grad = 1.0707
step   4040 | loss = -2.9359 | g_L = +2.9359 | EMA = +2.9518 | std(g_L) = 0.9721 | grad = 0.5094
step   4060 | loss = -2.9819 | g_L = +2.9819 | EMA = +2.9617 | std(g_L) = 0.9832 | grad = 0.9095
step   4080 | loss = -2.9605 | g_L = +2.9605 | EMA = +2.9571 | std(g_L) = 0.7368 | grad = 0.3722
step   4100 | loss = -2.9148 | g_L = +2.9148 | EMA = +2.9664 | std(g_L) = 0.9875 | grad = 1.1707
step   4120 | loss = -2.8978 | g_L = +2.8978 | EMA = +2.9627 | std(g_L) = 0.9918 | grad = 0.9951
step   4140 | loss = -2.8656 | g_L = +2.8656 | EMA = +2.9485 | std(g_L) = 1.0521 | grad = 2.3306
step   4160 | loss = -3.0034 | g_L = +3.0034 | EMA = +2.9602 | std(g_L) = 0.7339 | grad = 0.8142
step   4180 | loss = -2.9902 | g_L = +2.9902 | EMA = +2.9680 | std(g_L) = 0.7362 | grad = 1.9892
step   4200 | loss = -2.9547 | g_L = +2.9547 | EMA = +2.9466 | std(g_L) = 0.9025 | grad = 0.3230
step   4220 | loss = -3.0223 | g_L = +3.0223 | EMA = +2.9497 | std(g_L) = 0.7804 | grad = 1.0688
step   4240 | loss = -3.0690 | g_L = +3.0690 | EMA = +2.9620 | std(g_L) = 0.8263 | grad = 0.8588
step   4260 | loss = -3.0814 | g_L = +3.0814 | EMA = +2.9596 | std(g_L) = 0.7146 | grad = 0.8135
step   4280 | loss = -3.0958 | g_L = +3.0958 | EMA = +2.9696 | std(g_L) = 0.6653 | grad = 1.1797
step   4300 | loss = -2.9405 | g_L = +2.9405 | EMA = +2.9551 | std(g_L) = 0.9553 | grad = 1.3018
step   4320 | loss = -2.8941 | g_L = +2.8941 | EMA = +2.9411 | std(g_L) = 0.8894 | grad = 1.1559
step   4340 | loss = -2.9133 | g_L = +2.9133 | EMA = +2.9377 | std(g_L) = 1.1348 | grad = 0.4162
step   4360 | loss = -3.0086 | g_L = +3.0086 | EMA = +2.9376 | std(g_L) = 0.8358 | grad = 0.6731
step   4380 | loss = -3.0758 | g_L = +3.0758 | EMA = +2.9509 | std(g_L) = 0.6818 | grad = 0.4670
step   4400 | loss = -2.8943 | g_L = +2.8943 | EMA = +2.9500 | std(g_L) = 0.9743 | grad = 0.4552
step   4420 | loss = -2.9070 | g_L = +2.9070 | EMA = +2.9468 | std(g_L) = 1.0510 | grad = 1.4571
step   4440 | loss = -3.0294 | g_L = +3.0294 | EMA = +2.9589 | std(g_L) = 0.7392 | grad = 0.8060
step   4460 | loss = -2.9165 | g_L = +2.9165 | EMA = +2.9696 | std(g_L) = 0.8675 | grad = 1.4150
step   4480 | loss = -3.0402 | g_L = +3.0402 | EMA = +2.9720 | std(g_L) = 0.6683 | grad = 1.0530
step   4500 | loss = -2.8653 | g_L = +2.8653 | EMA = +2.9556 | std(g_L) = 0.9035 | grad = 0.6561
step   4520 | loss = -3.0089 | g_L = +3.0089 | EMA = +2.9518 | std(g_L) = 0.6992 | grad = 1.4180
step   4540 | loss = -2.8570 | g_L = +2.8570 | EMA = +2.9643 | std(g_L) = 0.9483 | grad = 0.5508
step   4560 | loss = -2.9609 | g_L = +2.9609 | EMA = +2.9614 | std(g_L) = 0.9837 | grad = 1.5847
step   4580 | loss = -2.9676 | g_L = +2.9676 | EMA = +2.9728 | std(g_L) = 1.0682 | grad = 0.9487
step   4600 | loss = -3.0546 | g_L = +3.0546 | EMA = +2.9865 | std(g_L) = 0.8205 | grad = 1.3277
step   4620 | loss = -3.0362 | g_L = +3.0362 | EMA = +2.9675 | std(g_L) = 0.7744 | grad = 0.7479
step   4640 | loss = -3.0112 | g_L = +3.0112 | EMA = +2.9481 | std(g_L) = 0.8409 | grad = 0.6285
step   4660 | loss = -2.9132 | g_L = +2.9132 | EMA = +2.9615 | std(g_L) = 1.0854 | grad = 0.9635
step   4680 | loss = -2.9283 | g_L = +2.9283 | EMA = +2.9762 | std(g_L) = 0.8123 | grad = 1.0050
step   4700 | loss = -2.9378 | g_L = +2.9378 | EMA = +2.9666 | std(g_L) = 0.8380 | grad = 0.7375
step   4720 | loss = -2.8834 | g_L = +2.8834 | EMA = +2.9676 | std(g_L) = 0.8273 | grad = 2.1313
step   4740 | loss = -3.0022 | g_L = +3.0022 | EMA = +2.9688 | std(g_L) = 0.7340 | grad = 0.8881
step   4760 | loss = -2.9773 | g_L = +2.9773 | EMA = +2.9792 | std(g_L) = 0.8727 | grad = 0.9446
step   4780 | loss = -2.9888 | g_L = +2.9888 | EMA = +2.9733 | std(g_L) = 0.9168 | grad = 1.2167
step   4800 | loss = -2.7804 | g_L = +2.7804 | EMA = +2.9650 | std(g_L) = 0.9920 | grad = 1.4455
step   4820 | loss = -2.9907 | g_L = +2.9907 | EMA = +2.9552 | std(g_L) = 0.8101 | grad = 0.4035
step   4840 | loss = -2.9653 | g_L = +2.9653 | EMA = +2.9587 | std(g_L) = 0.8219 | grad = 0.8192
step   4860 | loss = -3.0410 | g_L = +3.0410 | EMA = +2.9635 | std(g_L) = 0.7704 | grad = 0.6648
step   4880 | loss = -2.9337 | g_L = +2.9337 | EMA = +2.9518 | std(g_L) = 0.8595 | grad = 1.0315
step   4900 | loss = -2.9476 | g_L = +2.9476 | EMA = +2.9592 | std(g_L) = 0.8556 | grad = 1.5118
step   4920 | loss = -2.8677 | g_L = +2.8677 | EMA = +2.9466 | std(g_L) = 0.8408 | grad = 0.7243
step   4940 | loss = -2.8508 | g_L = +2.8508 | EMA = +2.9466 | std(g_L) = 1.0831 | grad = 1.4507
step   4960 | loss = -3.0016 | g_L = +3.0016 | EMA = +2.9621 | std(g_L) = 0.7511 | grad = 0.4699
step   4980 | loss = -2.9739 | g_L = +2.9739 | EMA = +2.9735 | std(g_L) = 0.8405 | grad = 0.5669
step   5000 | loss = -2.9663 | g_L = +2.9663 | EMA = +2.9606 | std(g_L) = 0.9854 | grad = 2.1980
step   5020 | loss = -3.0009 | g_L = +3.0009 | EMA = +2.9773 | std(g_L) = 0.7559 | grad = 0.5477
step   5040 | loss = -2.9582 | g_L = +2.9582 | EMA = +2.9651 | std(g_L) = 0.8841 | grad = 0.6275
step   5060 | loss = -2.8993 | g_L = +2.8993 | EMA = +2.9541 | std(g_L) = 0.9658 | grad = 0.9968
step   5080 | loss = -2.8903 | g_L = +2.8903 | EMA = +2.9728 | std(g_L) = 1.0210 | grad = 1.6693
step   5100 | loss = -2.8300 | g_L = +2.8300 | EMA = +2.9715 | std(g_L) = 1.1290 | grad = 1.1092
step   5120 | loss = -2.9723 | g_L = +2.9723 | EMA = +2.9948 | std(g_L) = 0.7937 | grad = 0.5088
step   5140 | loss = -3.0987 | g_L = +3.0987 | EMA = +2.9668 | std(g_L) = 0.6274 | grad = 0.4979
step   5160 | loss = -2.9742 | g_L = +2.9742 | EMA = +2.9558 | std(g_L) = 0.8938 | grad = 0.5343
step   5180 | loss = -2.8702 | g_L = +2.8702 | EMA = +2.9579 | std(g_L) = 1.1379 | grad = 0.7618
step   5200 | loss = -3.0230 | g_L = +3.0230 | EMA = +2.9812 | std(g_L) = 0.6973 | grad = 0.9756
step   5220 | loss = -2.9841 | g_L = +2.9841 | EMA = +2.9828 | std(g_L) = 0.9305 | grad = 0.7472
step   5240 | loss = -2.9187 | g_L = +2.9187 | EMA = +2.9546 | std(g_L) = 1.0276 | grad = 0.4104
step   5260 | loss = -3.0605 | g_L = +3.0605 | EMA = +2.9629 | std(g_L) = 0.7416 | grad = 1.9648
step   5280 | loss = -3.0162 | g_L = +3.0162 | EMA = +2.9794 | std(g_L) = 0.8777 | grad = 0.8823
step   5300 | loss = -3.0208 | g_L = +3.0208 | EMA = +2.9653 | std(g_L) = 0.7845 | grad = 0.9615
step   5320 | loss = -2.9818 | g_L = +2.9818 | EMA = +2.9681 | std(g_L) = 1.0354 | grad = 1.1817
step   5340 | loss = -2.7750 | g_L = +2.7750 | EMA = +2.9590 | std(g_L) = 1.1145 | grad = 1.0160
step   5360 | loss = -2.9720 | g_L = +2.9720 | EMA = +2.9645 | std(g_L) = 0.8881 | grad = 1.3350
step   5380 | loss = -2.9829 | g_L = +2.9829 | EMA = +2.9686 | std(g_L) = 0.8306 | grad = 0.9605
step   5400 | loss = -2.9929 | g_L = +2.9929 | EMA = +2.9637 | std(g_L) = 0.8721 | grad = 1.0470
step   5420 | loss = -3.0285 | g_L = +3.0285 | EMA = +2.9883 | std(g_L) = 0.8827 | grad = 1.0004
step   5440 | loss = -3.0421 | g_L = +3.0421 | EMA = +2.9738 | std(g_L) = 0.6884 | grad = 0.7144
step   5460 | loss = -2.9355 | g_L = +2.9355 | EMA = +2.9752 | std(g_L) = 0.7273 | grad = 1.7401
step   5480 | loss = -3.0670 | g_L = +3.0670 | EMA = +2.9868 | std(g_L) = 0.8182 | grad = 0.8379
step   5500 | loss = -2.9171 | g_L = +2.9171 | EMA = +2.9742 | std(g_L) = 0.9511 | grad = 0.7316
step   5520 | loss = -2.9503 | g_L = +2.9503 | EMA = +2.9644 | std(g_L) = 0.8873 | grad = 1.3900
step   5540 | loss = -2.8766 | g_L = +2.8766 | EMA = +2.9543 | std(g_L) = 0.9077 | grad = 1.1554
step   5560 | loss = -2.9818 | g_L = +2.9818 | EMA = +2.9568 | std(g_L) = 0.8211 | grad = 0.6917
step   5580 | loss = -3.0193 | g_L = +3.0193 | EMA = +2.9788 | std(g_L) = 0.7879 | grad = 0.7279
step   5600 | loss = -2.9289 | g_L = +2.9289 | EMA = +2.9775 | std(g_L) = 1.0254 | grad = 1.1104
step   5620 | loss = -2.7997 | g_L = +2.7997 | EMA = +2.9560 | std(g_L) = 0.9770 | grad = 1.5670
step   5640 | loss = -3.0846 | g_L = +3.0846 | EMA = +2.9670 | std(g_L) = 0.7271 | grad = 0.8743
step   5660 | loss = -3.0152 | g_L = +3.0152 | EMA = +2.9789 | std(g_L) = 0.8797 | grad = 1.1531
step   5680 | loss = -2.9046 | g_L = +2.9046 | EMA = +2.9795 | std(g_L) = 0.9310 | grad = 1.3707
step   5700 | loss = -3.0351 | g_L = +3.0351 | EMA = +2.9819 | std(g_L) = 0.8663 | grad = 1.0703
step   5720 | loss = -2.9998 | g_L = +2.9998 | EMA = +2.9753 | std(g_L) = 0.8481 | grad = 1.2520
step   5740 | loss = -3.1019 | g_L = +3.1019 | EMA = +2.9778 | std(g_L) = 0.7887 | grad = 1.9580
step   5760 | loss = -3.0708 | g_L = +3.0708 | EMA = +2.9709 | std(g_L) = 0.8918 | grad = 0.7437
step   5780 | loss = -2.9741 | g_L = +2.9741 | EMA = +2.9727 | std(g_L) = 0.8338 | grad = 1.0132
step   5800 | loss = -3.0424 | g_L = +3.0424 | EMA = +2.9755 | std(g_L) = 0.8490 | grad = 0.7567
step   5820 | loss = -2.8469 | g_L = +2.8469 | EMA = +2.9755 | std(g_L) = 0.9639 | grad = 0.7443
step   5840 | loss = -2.9442 | g_L = +2.9442 | EMA = +2.9705 | std(g_L) = 0.8831 | grad = 0.9958
step   5860 | loss = -2.8736 | g_L = +2.8736 | EMA = +2.9683 | std(g_L) = 0.8156 | grad = 1.5153
step   5880 | loss = -2.8760 | g_L = +2.8760 | EMA = +2.9591 | std(g_L) = 0.8986 | grad = 0.8825
step   5900 | loss = -2.8753 | g_L = +2.8753 | EMA = +2.9631 | std(g_L) = 0.8687 | grad = 0.7358
step   5920 | loss = -2.9063 | g_L = +2.9063 | EMA = +2.9502 | std(g_L) = 0.9613 | grad = 0.8980
step   5940 | loss = -3.0067 | g_L = +3.0067 | EMA = +2.9723 | std(g_L) = 0.8109 | grad = 0.8476
step   5960 | loss = -3.0363 | g_L = +3.0363 | EMA = +2.9861 | std(g_L) = 0.8025 | grad = 1.9416
step   5980 | loss = -3.0105 | g_L = +3.0105 | EMA = +2.9677 | std(g_L) = 0.9904 | grad = 1.4520
step   6000 | loss = -2.8616 | g_L = +2.8616 | EMA = +2.9610 | std(g_L) = 0.9518 | grad = 1.3450
step   6020 | loss = -2.9613 | g_L = +2.9613 | EMA = +2.9738 | std(g_L) = 0.8413 | grad = 1.1124
step   6040 | loss = -2.9608 | g_L = +2.9608 | EMA = +2.9716 | std(g_L) = 0.8540 | grad = 1.0792
step   6060 | loss = -2.9450 | g_L = +2.9450 | EMA = +2.9754 | std(g_L) = 0.9507 | grad = 1.2009
step   6080 | loss = -3.0404 | g_L = +3.0404 | EMA = +2.9764 | std(g_L) = 0.9966 | grad = 1.9622
step   6100 | loss = -2.9074 | g_L = +2.9074 | EMA = +2.9821 | std(g_L) = 0.9195 | grad = 1.1395
step   6120 | loss = -2.8548 | g_L = +2.8548 | EMA = +2.9786 | std(g_L) = 1.3085 | grad = 0.7422
step   6140 | loss = -2.8727 | g_L = +2.8727 | EMA = +2.9672 | std(g_L) = 1.2676 | grad = 1.9755
step   6160 | loss = -2.9217 | g_L = +2.9217 | EMA = +2.9643 | std(g_L) = 0.9290 | grad = 1.1958
step   6180 | loss = -2.9584 | g_L = +2.9584 | EMA = +2.9656 | std(g_L) = 1.0775 | grad = 0.9511
step   6200 | loss = -2.8947 | g_L = +2.8947 | EMA = +2.9646 | std(g_L) = 0.7491 | grad = 0.7619
step   6220 | loss = -3.0209 | g_L = +3.0209 | EMA = +2.9632 | std(g_L) = 0.7451 | grad = 0.7990
step   6240 | loss = -3.0911 | g_L = +3.0911 | EMA = +2.9809 | std(g_L) = 0.6979 | grad = 0.8345
step   6260 | loss = -3.0590 | g_L = +3.0590 | EMA = +2.9621 | std(g_L) = 0.6805 | grad = 1.5155
step   6280 | loss = -3.0858 | g_L = +3.0858 | EMA = +2.9787 | std(g_L) = 0.7670 | grad = 0.9338
step   6300 | loss = -3.0777 | g_L = +3.0777 | EMA = +2.9555 | std(g_L) = 0.7187 | grad = 0.6708
step   6320 | loss = -3.0643 | g_L = +3.0643 | EMA = +2.9899 | std(g_L) = 0.7937 | grad = 1.5621
step   6340 | loss = -2.9373 | g_L = +2.9373 | EMA = +2.9823 | std(g_L) = 0.8623 | grad = 1.1487
step   6360 | loss = -2.9695 | g_L = +2.9695 | EMA = +2.9673 | std(g_L) = 0.8607 | grad = 0.9295
step   6380 | loss = -3.0774 | g_L = +3.0774 | EMA = +2.9757 | std(g_L) = 0.7447 | grad = 1.3036
step   6400 | loss = -2.8092 | g_L = +2.8092 | EMA = +2.9675 | std(g_L) = 1.2939 | grad = 1.2851
step   6420 | loss = -3.0843 | g_L = +3.0843 | EMA = +3.0020 | std(g_L) = 0.8382 | grad = 1.0352
step   6440 | loss = -2.9166 | g_L = +2.9166 | EMA = +2.9725 | std(g_L) = 0.8267 | grad = 2.1079
step   6460 | loss = -2.9843 | g_L = +2.9843 | EMA = +2.9815 | std(g_L) = 0.8640 | grad = 1.4498
step   6480 | loss = -3.0306 | g_L = +3.0306 | EMA = +2.9763 | std(g_L) = 0.7585 | grad = 0.6181
step   6500 | loss = -3.0400 | g_L = +3.0400 | EMA = +2.9903 | std(g_L) = 0.7915 | grad = 0.8006
step   6520 | loss = -2.9087 | g_L = +2.9087 | EMA = +2.9861 | std(g_L) = 0.9505 | grad = 0.3684
step   6540 | loss = -3.0146 | g_L = +3.0146 | EMA = +2.9884 | std(g_L) = 0.7431 | grad = 1.4184
step   6560 | loss = -3.0160 | g_L = +3.0160 | EMA = +2.9914 | std(g_L) = 0.8031 | grad = 0.9009
step   6580 | loss = -3.0708 | g_L = +3.0708 | EMA = +2.9809 | std(g_L) = 0.7671 | grad = 0.9838
step   6600 | loss = -3.1084 | g_L = +3.1084 | EMA = +2.9932 | std(g_L) = 0.7314 | grad = 0.9477
step   6620 | loss = -2.9399 | g_L = +2.9399 | EMA = +2.9771 | std(g_L) = 1.0783 | grad = 0.7269
step   6640 | loss = -2.9309 | g_L = +2.9309 | EMA = +2.9640 | std(g_L) = 0.8789 | grad = 0.7552
step   6660 | loss = -2.9395 | g_L = +2.9395 | EMA = +2.9650 | std(g_L) = 1.0647 | grad = 2.2923
step   6680 | loss = -3.0027 | g_L = +3.0027 | EMA = +2.9726 | std(g_L) = 0.7259 | grad = 0.4843
step   6700 | loss = -2.9617 | g_L = +2.9617 | EMA = +2.9871 | std(g_L) = 0.9027 | grad = 1.3221
step   6720 | loss = -2.9448 | g_L = +2.9448 | EMA = +2.9875 | std(g_L) = 0.9111 | grad = 0.9889
step   6740 | loss = -3.0355 | g_L = +3.0355 | EMA = +2.9950 | std(g_L) = 0.8549 | grad = 1.2218
step   6760 | loss = -2.9538 | g_L = +2.9538 | EMA = +2.9855 | std(g_L) = 0.9373 | grad = 1.8593
step   6780 | loss = -3.1088 | g_L = +3.1088 | EMA = +3.0005 | std(g_L) = 0.7036 | grad = 0.8074
step   6800 | loss = -2.9986 | g_L = +2.9986 | EMA = +3.0027 | std(g_L) = 0.8808 | grad = 1.1924
step   6820 | loss = -2.9645 | g_L = +2.9645 | EMA = +2.9830 | std(g_L) = 1.0928 | grad = 0.6239
step   6840 | loss = -2.9504 | g_L = +2.9504 | EMA = +2.9842 | std(g_L) = 0.9089 | grad = 1.3899
step   6860 | loss = -2.9260 | g_L = +2.9260 | EMA = +2.9745 | std(g_L) = 0.7941 | grad = 1.4180
step   6880 | loss = -2.9559 | g_L = +2.9559 | EMA = +2.9805 | std(g_L) = 0.8471 | grad = 1.1561
step   6900 | loss = -3.0146 | g_L = +3.0146 | EMA = +2.9726 | std(g_L) = 1.0170 | grad = 0.9616
step   6920 | loss = -2.9136 | g_L = +2.9136 | EMA = +2.9770 | std(g_L) = 0.9099 | grad = 2.1420
step   6940 | loss = -2.9314 | g_L = +2.9314 | EMA = +2.9713 | std(g_L) = 0.8688 | grad = 0.7123
step   6960 | loss = -3.1084 | g_L = +3.1084 | EMA = +2.9947 | std(g_L) = 0.7375 | grad = 0.7016
step   6980 | loss = -2.9877 | g_L = +2.9877 | EMA = +2.9839 | std(g_L) = 0.8448 | grad = 0.9994
step   7000 | loss = -2.9076 | g_L = +2.9076 | EMA = +2.9794 | std(g_L) = 0.8919 | grad = 0.6044
step   7020 | loss = -3.0940 | g_L = +3.0940 | EMA = +2.9803 | std(g_L) = 0.8330 | grad = 0.5076
step   7040 | loss = -2.9742 | g_L = +2.9742 | EMA = +2.9647 | std(g_L) = 0.8384 | grad = 0.7004
step   7060 | loss = -2.9302 | g_L = +2.9302 | EMA = +2.9719 | std(g_L) = 0.9013 | grad = 1.5979
step   7080 | loss = -2.8491 | g_L = +2.8491 | EMA = +2.9668 | std(g_L) = 1.1170 | grad = 1.6903
step   7100 | loss = -3.0062 | g_L = +3.0062 | EMA = +2.9703 | std(g_L) = 0.8304 | grad = 1.2879
step   7120 | loss = -2.9926 | g_L = +2.9926 | EMA = +2.9932 | std(g_L) = 0.9343 | grad = 0.5596
step   7140 | loss = -3.0840 | g_L = +3.0840 | EMA = +3.0083 | std(g_L) = 0.8348 | grad = 0.5545
step   7160 | loss = -3.0141 | g_L = +3.0141 | EMA = +2.9775 | std(g_L) = 0.7830 | grad = 1.0034
step   7180 | loss = -2.9529 | g_L = +2.9529 | EMA = +2.9899 | std(g_L) = 0.9682 | grad = 0.9729
step   7200 | loss = -3.0037 | g_L = +3.0037 | EMA = +2.9875 | std(g_L) = 0.8972 | grad = 1.8224
step   7220 | loss = -2.9927 | g_L = +2.9927 | EMA = +2.9847 | std(g_L) = 0.8942 | grad = 1.0387
step   7240 | loss = -2.9981 | g_L = +2.9981 | EMA = +2.9879 | std(g_L) = 0.8213 | grad = 0.9194
step   7260 | loss = -2.9510 | g_L = +2.9510 | EMA = +2.9710 | std(g_L) = 0.8768 | grad = 0.7871
step   7280 | loss = -2.9906 | g_L = +2.9906 | EMA = +3.0036 | std(g_L) = 0.9143 | grad = 1.5815
step   7300 | loss = -3.1293 | g_L = +3.1293 | EMA = +2.9921 | std(g_L) = 0.6574 | grad = 0.6502
step   7320 | loss = -2.8404 | g_L = +2.8404 | EMA = +2.9710 | std(g_L) = 1.1527 | grad = 0.8875
step   7340 | loss = -2.9750 | g_L = +2.9750 | EMA = +2.9812 | std(g_L) = 0.8581 | grad = 0.9916
step   7360 | loss = -2.9468 | g_L = +2.9468 | EMA = +2.9823 | std(g_L) = 1.0952 | grad = 0.6675
step   7380 | loss = -3.0747 | g_L = +3.0747 | EMA = +3.0019 | std(g_L) = 0.6799 | grad = 1.9879
step   7400 | loss = -3.0685 | g_L = +3.0685 | EMA = +2.9766 | std(g_L) = 0.6786 | grad = 1.0792
step   7420 | loss = -2.8325 | g_L = +2.8325 | EMA = +2.9745 | std(g_L) = 1.3076 | grad = 1.1297
step   7440 | loss = -2.9634 | g_L = +2.9634 | EMA = +2.9861 | std(g_L) = 0.8009 | grad = 0.8337
step   7460 | loss = -3.0408 | g_L = +3.0408 | EMA = +2.9974 | std(g_L) = 0.8108 | grad = 1.4752
step   7480 | loss = -3.0255 | g_L = +3.0255 | EMA = +2.9964 | std(g_L) = 0.8674 | grad = 0.5927
step   7500 | loss = -2.8838 | g_L = +2.8838 | EMA = +2.9828 | std(g_L) = 0.9797 | grad = 0.6179
step   7520 | loss = -2.9165 | g_L = +2.9165 | EMA = +2.9753 | std(g_L) = 0.9674 | grad = 0.8355
step   7540 | loss = -2.9713 | g_L = +2.9713 | EMA = +2.9857 | std(g_L) = 0.9004 | grad = 1.0525
step   7560 | loss = -2.9688 | g_L = +2.9688 | EMA = +2.9889 | std(g_L) = 0.8992 | grad = 0.7546
step   7580 | loss = -2.9602 | g_L = +2.9602 | EMA = +2.9901 | std(g_L) = 0.8052 | grad = 0.8269
step   7600 | loss = -3.0006 | g_L = +3.0006 | EMA = +2.9879 | std(g_L) = 0.7538 | grad = 0.6573
step   7620 | loss = -2.9585 | g_L = +2.9585 | EMA = +3.0046 | std(g_L) = 0.8986 | grad = 1.0353
step   7640 | loss = -2.9883 | g_L = +2.9883 | EMA = +2.9899 | std(g_L) = 0.6918 | grad = 0.5146
step   7660 | loss = -3.0753 | g_L = +3.0753 | EMA = +2.9904 | std(g_L) = 0.7636 | grad = 0.6435
step   7680 | loss = -3.0045 | g_L = +3.0045 | EMA = +2.9984 | std(g_L) = 0.7823 | grad = 3.2980
step   7700 | loss = -3.0610 | g_L = +3.0610 | EMA = +2.9910 | std(g_L) = 0.8889 | grad = 0.4565
step   7720 | loss = -2.9766 | g_L = +2.9766 | EMA = +2.9826 | std(g_L) = 0.8560 | grad = 0.8260
step   7740 | loss = -2.8703 | g_L = +2.8703 | EMA = +2.9888 | std(g_L) = 0.8829 | grad = 2.6909
step   7760 | loss = -3.0204 | g_L = +3.0204 | EMA = +2.9869 | std(g_L) = 0.7554 | grad = 0.9323
step   7780 | loss = -2.9216 | g_L = +2.9216 | EMA = +2.9822 | std(g_L) = 1.0909 | grad = 1.5801
step   7800 | loss = -3.0231 | g_L = +3.0231 | EMA = +2.9926 | std(g_L) = 0.8263 | grad = 1.2994
step   7820 | loss = -3.0739 | g_L = +3.0739 | EMA = +2.9941 | std(g_L) = 0.8956 | grad = 0.9383
step   7840 | loss = -2.9963 | g_L = +2.9963 | EMA = +2.9803 | std(g_L) = 0.7450 | grad = 1.1670
step   7860 | loss = -2.9511 | g_L = +2.9511 | EMA = +2.9932 | std(g_L) = 0.7307 | grad = 1.9610
step   7880 | loss = -2.9792 | g_L = +2.9792 | EMA = +2.9795 | std(g_L) = 0.7647 | grad = 1.1047
step   7900 | loss = -2.8871 | g_L = +2.8871 | EMA = +2.9816 | std(g_L) = 0.7927 | grad = 1.1540
step   7920 | loss = -2.9991 | g_L = +2.9991 | EMA = +3.0022 | std(g_L) = 0.8977 | grad = 0.7206
step   7940 | loss = -3.0438 | g_L = +3.0438 | EMA = +2.9863 | std(g_L) = 0.8413 | grad = 1.7273
step   7960 | loss = -2.9254 | g_L = +2.9254 | EMA = +3.0002 | std(g_L) = 0.8034 | grad = 0.8907
step   7980 | loss = -2.9280 | g_L = +2.9280 | EMA = +2.9794 | std(g_L) = 0.9774 | grad = 1.2762
step   8000 | loss = -3.0301 | g_L = +3.0301 | EMA = +2.9948 | std(g_L) = 0.7993 | grad = 3.2260
step   8020 | loss = -3.0199 | g_L = +3.0199 | EMA = +2.9902 | std(g_L) = 0.7949 | grad = 0.9497
step   8040 | loss = -3.0040 | g_L = +3.0040 | EMA = +2.9947 | std(g_L) = 0.7716 | grad = 2.3308
step   8060 | loss = -3.0054 | g_L = +3.0054 | EMA = +2.9802 | std(g_L) = 0.7515 | grad = 0.4840
step   8080 | loss = -2.9140 | g_L = +2.9140 | EMA = +2.9647 | std(g_L) = 0.9308 | grad = 0.6896
step   8100 | loss = -2.9777 | g_L = +2.9777 | EMA = +3.0002 | std(g_L) = 0.8772 | grad = 0.8347
step   8120 | loss = -3.0127 | g_L = +3.0127 | EMA = +2.9879 | std(g_L) = 0.8725 | grad = 1.5492
step   8140 | loss = -2.9830 | g_L = +2.9830 | EMA = +2.9839 | std(g_L) = 0.7983 | grad = 0.9375
step   8160 | loss = -2.9152 | g_L = +2.9152 | EMA = +2.9865 | std(g_L) = 0.8429 | grad = 0.9915
step   8180 | loss = -3.0540 | g_L = +3.0540 | EMA = +3.0173 | std(g_L) = 0.7425 | grad = 0.9552
step   8200 | loss = -2.9949 | g_L = +2.9949 | EMA = +2.9941 | std(g_L) = 0.9427 | grad = 0.9459
step   8220 | loss = -2.9726 | g_L = +2.9726 | EMA = +2.9923 | std(g_L) = 0.9271 | grad = 1.0345
step   8240 | loss = -2.9887 | g_L = +2.9887 | EMA = +2.9958 | std(g_L) = 0.8900 | grad = 0.7461
step   8260 | loss = -2.9381 | g_L = +2.9381 | EMA = +2.9751 | std(g_L) = 0.9013 | grad = 1.3024
step   8280 | loss = -3.1361 | g_L = +3.1361 | EMA = +2.9911 | std(g_L) = 0.7223 | grad = 1.9935
step   8300 | loss = -3.0868 | g_L = +3.0868 | EMA = +3.0017 | std(g_L) = 0.7321 | grad = 1.1865
step   8320 | loss = -3.0291 | g_L = +3.0291 | EMA = +2.9962 | std(g_L) = 0.7064 | grad = 1.9044
step   8340 | loss = -2.9199 | g_L = +2.9199 | EMA = +2.9867 | std(g_L) = 0.8740 | grad = 2.7173
step   8360 | loss = -2.9603 | g_L = +2.9603 | EMA = +2.9954 | std(g_L) = 0.8647 | grad = 0.9070
step   8380 | loss = -2.8569 | g_L = +2.8569 | EMA = +2.9934 | std(g_L) = 1.0845 | grad = 1.2041
step   8400 | loss = -2.9392 | g_L = +2.9392 | EMA = +3.0058 | std(g_L) = 0.9107 | grad = 2.3149
step   8420 | loss = -2.9685 | g_L = +2.9685 | EMA = +2.9876 | std(g_L) = 0.8131 | grad = 2.2132
step   8440 | loss = -3.0568 | g_L = +3.0568 | EMA = +2.9769 | std(g_L) = 0.7658 | grad = 1.6651
step   8460 | loss = -3.0049 | g_L = +3.0049 | EMA = +3.0060 | std(g_L) = 0.8723 | grad = 0.6315
step   8480 | loss = -2.9654 | g_L = +2.9654 | EMA = +3.0015 | std(g_L) = 0.7479 | grad = 0.9310
step   8500 | loss = -2.9179 | g_L = +2.9179 | EMA = +3.0027 | std(g_L) = 0.9090 | grad = 1.1977
step   8520 | loss = -3.0205 | g_L = +3.0205 | EMA = +3.0018 | std(g_L) = 0.8637 | grad = 1.9722
step   8540 | loss = -3.1234 | g_L = +3.1234 | EMA = +2.9947 | std(g_L) = 0.7490 | grad = 2.4861
step   8560 | loss = -2.9585 | g_L = +2.9585 | EMA = +2.9950 | std(g_L) = 0.8578 | grad = 3.5267
step   8580 | loss = -3.0420 | g_L = +3.0420 | EMA = +2.9923 | std(g_L) = 0.8581 | grad = 1.6458
step   8600 | loss = -3.0804 | g_L = +3.0804 | EMA = +2.9933 | std(g_L) = 0.7508 | grad = 1.6540
step   8620 | loss = -2.9580 | g_L = +2.9580 | EMA = +2.9946 | std(g_L) = 0.7642 | grad = 1.2548
step   8640 | loss = -2.9413 | g_L = +2.9413 | EMA = +2.9846 | std(g_L) = 0.7612 | grad = 1.8476
step   8660 | loss = -3.0049 | g_L = +3.0049 | EMA = +2.9972 | std(g_L) = 0.7774 | grad = 1.3106
step   8680 | loss = -2.9983 | g_L = +2.9983 | EMA = +2.9821 | std(g_L) = 0.8735 | grad = 1.7071
step   8700 | loss = -2.8601 | g_L = +2.8601 | EMA = +2.9883 | std(g_L) = 0.8677 | grad = 1.2659
step   8720 | loss = -2.9659 | g_L = +2.9659 | EMA = +2.9928 | std(g_L) = 0.9100 | grad = 1.2913
step   8740 | loss = -3.0194 | g_L = +3.0194 | EMA = +2.9922 | std(g_L) = 0.8176 | grad = 0.3790
step   8760 | loss = -3.0528 | g_L = +3.0528 | EMA = +3.0006 | std(g_L) = 0.7577 | grad = 2.0338
step   8780 | loss = -3.0323 | g_L = +3.0323 | EMA = +3.0196 | std(g_L) = 0.8496 | grad = 1.4905
step   8800 | loss = -3.0646 | g_L = +3.0646 | EMA = +3.0187 | std(g_L) = 0.6751 | grad = 1.5439
step   8820 | loss = -2.9873 | g_L = +2.9873 | EMA = +3.0037 | std(g_L) = 0.8051 | grad = 1.4781
step   8840 | loss = -2.9642 | g_L = +2.9642 | EMA = +2.9965 | std(g_L) = 0.9052 | grad = 0.8575
step   8860 | loss = -3.0384 | g_L = +3.0384 | EMA = +2.9870 | std(g_L) = 0.7728 | grad = 0.7984
step   8880 | loss = -2.9073 | g_L = +2.9073 | EMA = +2.9790 | std(g_L) = 0.8103 | grad = 0.9780
step   8900 | loss = -3.0372 | g_L = +3.0372 | EMA = +2.9867 | std(g_L) = 0.7817 | grad = 0.5683
step   8920 | loss = -3.0632 | g_L = +3.0632 | EMA = +3.0000 | std(g_L) = 0.8871 | grad = 0.8659
step   8940 | loss = -2.9348 | g_L = +2.9348 | EMA = +2.9938 | std(g_L) = 0.9000 | grad = 1.7476
step   8960 | loss = -3.0968 | g_L = +3.0968 | EMA = +3.0012 | std(g_L) = 0.8181 | grad = 1.6047
step   8980 | loss = -2.9115 | g_L = +2.9115 | EMA = +2.9835 | std(g_L) = 1.0717 | grad = 0.5742
step   9000 | loss = -2.9636 | g_L = +2.9636 | EMA = +3.0078 | std(g_L) = 0.9651 | grad = 0.3461
step   9020 | loss = -3.0070 | g_L = +3.0070 | EMA = +3.0029 | std(g_L) = 0.8705 | grad = 0.6935
step   9040 | loss = -3.0586 | g_L = +3.0586 | EMA = +2.9848 | std(g_L) = 0.6678 | grad = 0.7742
step   9060 | loss = -2.9827 | g_L = +2.9827 | EMA = +2.9932 | std(g_L) = 0.8960 | grad = 1.4036
step   9080 | loss = -3.0406 | g_L = +3.0406 | EMA = +2.9967 | std(g_L) = 0.8286 | grad = 0.8738
step   9100 | loss = -2.9235 | g_L = +2.9235 | EMA = +2.9925 | std(g_L) = 0.9135 | grad = 1.6250
step   9120 | loss = -2.9181 | g_L = +2.9181 | EMA = +2.9933 | std(g_L) = 0.8561 | grad = 0.8400
step   9140 | loss = -3.0907 | g_L = +3.0907 | EMA = +3.0093 | std(g_L) = 0.6907 | grad = 1.5067
step   9160 | loss = -3.0063 | g_L = +3.0063 | EMA = +3.0102 | std(g_L) = 0.9060 | grad = 0.9129
step   9180 | loss = -2.9232 | g_L = +2.9232 | EMA = +3.0028 | std(g_L) = 0.9671 | grad = 1.7078
step   9200 | loss = -3.0667 | g_L = +3.0667 | EMA = +3.0065 | std(g_L) = 0.8792 | grad = 1.6334
step   9220 | loss = -2.9014 | g_L = +2.9014 | EMA = +3.0021 | std(g_L) = 1.0972 | grad = 1.6391
step   9240 | loss = -2.8731 | g_L = +2.8731 | EMA = +3.0083 | std(g_L) = 0.8724 | grad = 2.9957
step   9260 | loss = -3.0738 | g_L = +3.0738 | EMA = +3.0124 | std(g_L) = 0.8795 | grad = 1.8525
step   9280 | loss = -3.0601 | g_L = +3.0601 | EMA = +2.9982 | std(g_L) = 0.8028 | grad = 1.0754
step   9300 | loss = -3.0256 | g_L = +3.0256 | EMA = +2.9941 | std(g_L) = 1.0035 | grad = 0.8702
step   9320 | loss = -2.8182 | g_L = +2.8182 | EMA = +2.9933 | std(g_L) = 1.0467 | grad = 1.8216
step   9340 | loss = -2.8897 | g_L = +2.8897 | EMA = +2.9893 | std(g_L) = 1.0866 | grad = 1.2201
step   9360 | loss = -3.0017 | g_L = +3.0017 | EMA = +2.9796 | std(g_L) = 0.8012 | grad = 0.3844
step   9380 | loss = -3.0222 | g_L = +3.0222 | EMA = +3.0032 | std(g_L) = 0.7951 | grad = 0.9983
step   9400 | loss = -3.0754 | g_L = +3.0754 | EMA = +3.0107 | std(g_L) = 0.6999 | grad = 0.9490
step   9420 | loss = -2.9905 | g_L = +2.9905 | EMA = +3.0098 | std(g_L) = 0.8832 | grad = 1.3009
step   9440 | loss = -2.9415 | g_L = +2.9415 | EMA = +3.0053 | std(g_L) = 0.8672 | grad = 1.0226
step   9460 | loss = -2.9454 | g_L = +2.9454 | EMA = +3.0017 | std(g_L) = 0.7707 | grad = 1.1111
step   9480 | loss = -2.9077 | g_L = +2.9077 | EMA = +2.9928 | std(g_L) = 0.9474 | grad = 0.6946
step   9500 | loss = -2.8673 | g_L = +2.8673 | EMA = +2.9743 | std(g_L) = 0.9252 | grad = 1.2746
step   9520 | loss = -2.9230 | g_L = +2.9230 | EMA = +2.9906 | std(g_L) = 0.7696 | grad = 0.6258
step   9540 | loss = -2.8764 | g_L = +2.8764 | EMA = +2.9896 | std(g_L) = 0.9513 | grad = 1.1061
step   9560 | loss = -2.9530 | g_L = +2.9530 | EMA = +3.0184 | std(g_L) = 0.8744 | grad = 0.9036
step   9580 | loss = -2.9838 | g_L = +2.9838 | EMA = +3.0149 | std(g_L) = 0.9567 | grad = 4.6647
step   9600 | loss = -2.9457 | g_L = +2.9457 | EMA = +3.0158 | std(g_L) = 0.8753 | grad = 1.6822
step   9620 | loss = -3.0313 | g_L = +3.0313 | EMA = +3.0060 | std(g_L) = 0.9581 | grad = 0.8738
step   9640 | loss = -2.8806 | g_L = +2.8806 | EMA = +3.0017 | std(g_L) = 1.0231 | grad = 1.7785
step   9660 | loss = -2.8319 | g_L = +2.8319 | EMA = +2.9788 | std(g_L) = 1.0127 | grad = 0.7842
step   9680 | loss = -2.9909 | g_L = +2.9909 | EMA = +3.0016 | std(g_L) = 0.7720 | grad = 0.9004
step   9700 | loss = -3.1284 | g_L = +3.1284 | EMA = +3.0046 | std(g_L) = 0.8654 | grad = 2.1693
step   9720 | loss = -3.0683 | g_L = +3.0683 | EMA = +3.0070 | std(g_L) = 0.7926 | grad = 0.9878
step   9740 | loss = -2.9287 | g_L = +2.9287 | EMA = +3.0038 | std(g_L) = 0.9031 | grad = 0.9815
step   9760 | loss = -2.9440 | g_L = +2.9440 | EMA = +3.0133 | std(g_L) = 0.9652 | grad = 1.4384
step   9780 | loss = -2.9070 | g_L = +2.9070 | EMA = +2.9929 | std(g_L) = 0.9259 | grad = 1.4700
step   9800 | loss = -3.1057 | g_L = +3.1057 | EMA = +3.0259 | std(g_L) = 0.7209 | grad = 0.9381
step   9820 | loss = -3.0320 | g_L = +3.0320 | EMA = +3.0204 | std(g_L) = 0.7355 | grad = 1.2405
step   9840 | loss = -2.9887 | g_L = +2.9887 | EMA = +3.0114 | std(g_L) = 1.0604 | grad = 0.7829
step   9860 | loss = -2.8204 | g_L = +2.8204 | EMA = +2.9971 | std(g_L) = 1.0883 | grad = 1.2008
step   9880 | loss = -2.9714 | g_L = +2.9714 | EMA = +2.9995 | std(g_L) = 0.9509 | grad = 0.9699
step   9900 | loss = -2.9968 | g_L = +2.9968 | EMA = +3.0091 | std(g_L) = 0.8094 | grad = 0.9103
step   9920 | loss = -2.8944 | g_L = +2.8944 | EMA = +3.0031 | std(g_L) = 1.1249 | grad = 2.2168
step   9940 | loss = -3.0088 | g_L = +3.0088 | EMA = +3.0121 | std(g_L) = 0.8919 | grad = 1.2261
step   9960 | loss = -2.9056 | g_L = +2.9056 | EMA = +3.0047 | std(g_L) = 0.9642 | grad = 1.6921
step   9980 | loss = -2.9882 | g_L = +2.9882 | EMA = +3.0043 | std(g_L) = 0.7829 | grad = 1.3156
step  10000 | loss = -2.9116 | g_L = +2.9116 | EMA = +2.9880 | std(g_L) = 0.9603 | grad = 0.8324
step  10020 | loss = -3.1264 | g_L = +3.1264 | EMA = +3.0063 | std(g_L) = 0.6949 | grad = 1.0434
step  10040 | loss = -2.9654 | g_L = +2.9654 | EMA = +3.0048 | std(g_L) = 0.8708 | grad = 1.3189
step  10060 | loss = -3.0595 | g_L = +3.0595 | EMA = +3.0235 | std(g_L) = 0.8372 | grad = 0.9112
step  10080 | loss = -3.0215 | g_L = +3.0215 | EMA = +3.0311 | std(g_L) = 0.9430 | grad = 0.9480
step  10100 | loss = -3.0088 | g_L = +3.0088 | EMA = +3.0364 | std(g_L) = 0.8503 | grad = 0.8329
step  10120 | loss = -2.9149 | g_L = +2.9149 | EMA = +3.0232 | std(g_L) = 1.1665 | grad = 0.8155
step  10140 | loss = -2.8871 | g_L = +2.8871 | EMA = +3.0122 | std(g_L) = 1.1758 | grad = 0.8138
step  10160 | loss = -3.0182 | g_L = +3.0182 | EMA = +3.0211 | std(g_L) = 0.8469 | grad = 1.3512
step  10180 | loss = -3.0476 | g_L = +3.0476 | EMA = +3.0233 | std(g_L) = 1.0156 | grad = 0.7824
step  10200 | loss = -2.9923 | g_L = +2.9923 | EMA = +2.9950 | std(g_L) = 0.7659 | grad = 0.6190
step  10220 | loss = -3.1048 | g_L = +3.1048 | EMA = +3.0055 | std(g_L) = 0.7785 | grad = 0.6037
step  10240 | loss = -3.0360 | g_L = +3.0360 | EMA = +3.0222 | std(g_L) = 0.7628 | grad = 0.2107
step  10260 | loss = -3.0559 | g_L = +3.0559 | EMA = +3.0221 | std(g_L) = 0.9038 | grad = 0.9413
step  10280 | loss = -2.9953 | g_L = +2.9953 | EMA = +3.0126 | std(g_L) = 0.8230 | grad = 1.3367
step  10300 | loss = -2.9754 | g_L = +2.9754 | EMA = +3.0150 | std(g_L) = 0.9349 | grad = 0.5036
step  10320 | loss = -3.0026 | g_L = +3.0026 | EMA = +3.0205 | std(g_L) = 0.8187 | grad = 0.6786
step  10340 | loss = -2.9688 | g_L = +2.9688 | EMA = +3.0172 | std(g_L) = 0.9713 | grad = 0.7225
step  10360 | loss = -2.9794 | g_L = +2.9794 | EMA = +3.0075 | std(g_L) = 0.7743 | grad = 0.9198
step  10380 | loss = -2.9233 | g_L = +2.9233 | EMA = +2.9994 | std(g_L) = 0.8439 | grad = 2.3540
step  10400 | loss = -2.9117 | g_L = +2.9117 | EMA = +2.9988 | std(g_L) = 0.8837 | grad = 1.7476
step  10420 | loss = -3.0382 | g_L = +3.0382 | EMA = +3.0101 | std(g_L) = 0.7973 | grad = 1.2049
step  10440 | loss = -3.0341 | g_L = +3.0341 | EMA = +3.0173 | std(g_L) = 0.8574 | grad = 1.0683
step  10460 | loss = -3.0181 | g_L = +3.0181 | EMA = +3.0285 | std(g_L) = 0.7881 | grad = 2.2084
step  10480 | loss = -2.9678 | g_L = +2.9678 | EMA = +3.0304 | std(g_L) = 0.8932 | grad = 1.4117
step  10500 | loss = -3.0236 | g_L = +3.0236 | EMA = +3.0282 | std(g_L) = 0.8493 | grad = 1.1118
step  10520 | loss = -3.0039 | g_L = +3.0039 | EMA = +3.0262 | std(g_L) = 1.0070 | grad = 0.9585
step  10540 | loss = -2.9336 | g_L = +2.9336 | EMA = +3.0201 | std(g_L) = 0.9349 | grad = 1.3352
step  10560 | loss = -2.9427 | g_L = +2.9427 | EMA = +3.0169 | std(g_L) = 1.0007 | grad = 1.4888
step  10580 | loss = -3.0257 | g_L = +3.0257 | EMA = +3.0164 | std(g_L) = 0.8119 | grad = 1.1013
step  10600 | loss = -3.0811 | g_L = +3.0811 | EMA = +3.0168 | std(g_L) = 0.7850 | grad = 0.7344
step  10620 | loss = -2.9894 | g_L = +2.9894 | EMA = +3.0201 | std(g_L) = 0.7547 | grad = 0.3907
step  10640 | loss = -3.0104 | g_L = +3.0104 | EMA = +3.0225 | std(g_L) = 0.9040 | grad = 1.1634
step  10660 | loss = -2.9824 | g_L = +2.9824 | EMA = +3.0090 | std(g_L) = 0.8451 | grad = 1.4748
step  10680 | loss = -3.0300 | g_L = +3.0300 | EMA = +3.0120 | std(g_L) = 0.9843 | grad = 1.1750
step  10700 | loss = -2.9791 | g_L = +2.9791 | EMA = +3.0179 | std(g_L) = 0.9344 | grad = 0.8555
step  10720 | loss = -3.0515 | g_L = +3.0515 | EMA = +3.0234 | std(g_L) = 0.8692 | grad = 1.6110
step  10740 | loss = -2.9773 | g_L = +2.9773 | EMA = +3.0229 | std(g_L) = 0.8361 | grad = 1.1583
step  10760 | loss = -3.1381 | g_L = +3.1381 | EMA = +3.0421 | std(g_L) = 0.7177 | grad = 0.8884
step  10780 | loss = -3.0389 | g_L = +3.0389 | EMA = +3.0370 | std(g_L) = 0.9011 | grad = 0.8446
step  10800 | loss = -2.9147 | g_L = +2.9147 | EMA = +3.0234 | std(g_L) = 0.8406 | grad = 0.8281
step  10820 | loss = -2.9208 | g_L = +2.9208 | EMA = +3.0096 | std(g_L) = 0.9156 | grad = 1.4406
step  10840 | loss = -3.0737 | g_L = +3.0737 | EMA = +3.0200 | std(g_L) = 0.8006 | grad = 0.6490
step  10860 | loss = -3.0376 | g_L = +3.0376 | EMA = +3.0095 | std(g_L) = 0.9787 | grad = 1.7565
step  10880 | loss = -3.0519 | g_L = +3.0519 | EMA = +3.0162 | std(g_L) = 0.7900 | grad = 0.6559
step  10900 | loss = -3.0483 | g_L = +3.0483 | EMA = +3.0039 | std(g_L) = 0.8066 | grad = 1.5129
step  10920 | loss = -3.0383 | g_L = +3.0383 | EMA = +3.0259 | std(g_L) = 0.8541 | grad = 1.2503
step  10940 | loss = -3.0192 | g_L = +3.0192 | EMA = +3.0230 | std(g_L) = 0.8528 | grad = 1.5072
step  10960 | loss = -3.0381 | g_L = +3.0381 | EMA = +3.0243 | std(g_L) = 0.7707 | grad = 2.7935
step  10980 | loss = -3.0243 | g_L = +3.0243 | EMA = +3.0081 | std(g_L) = 0.8909 | grad = 1.9085
step  11000 | loss = -2.9876 | g_L = +2.9876 | EMA = +3.0184 | std(g_L) = 0.7674 | grad = 0.9252
step  11020 | loss = -3.0112 | g_L = +3.0112 | EMA = +3.0073 | std(g_L) = 0.7412 | grad = 0.7216
step  11040 | loss = -3.0122 | g_L = +3.0122 | EMA = +3.0235 | std(g_L) = 0.7579 | grad = 1.0602
step  11060 | loss = -3.0106 | g_L = +3.0106 | EMA = +3.0205 | std(g_L) = 0.7834 | grad = 1.5881
step  11080 | loss = -2.9490 | g_L = +2.9490 | EMA = +3.0069 | std(g_L) = 0.8278 | grad = 1.1101
step  11100 | loss = -3.0002 | g_L = +3.0002 | EMA = +3.0184 | std(g_L) = 0.8474 | grad = 1.1829
step  11120 | loss = -2.8651 | g_L = +2.8651 | EMA = +3.0184 | std(g_L) = 0.9717 | grad = 1.2813
step  11140 | loss = -3.1043 | g_L = +3.1043 | EMA = +3.0248 | std(g_L) = 0.7601 | grad = 1.3276
step  11160 | loss = -2.9068 | g_L = +2.9068 | EMA = +3.0191 | std(g_L) = 0.8837 | grad = 1.2640
step  11180 | loss = -3.0400 | g_L = +3.0400 | EMA = +3.0259 | std(g_L) = 0.8556 | grad = 1.1748
step  11200 | loss = -3.0903 | g_L = +3.0903 | EMA = +3.0395 | std(g_L) = 0.8684 | grad = 1.1711
step  11220 | loss = -2.9329 | g_L = +2.9329 | EMA = +3.0294 | std(g_L) = 0.8919 | grad = 1.5023
step  11240 | loss = -2.9915 | g_L = +2.9915 | EMA = +3.0095 | std(g_L) = 0.8764 | grad = 1.5366
step  11260 | loss = -3.0674 | g_L = +3.0674 | EMA = +3.0169 | std(g_L) = 0.7948 | grad = 2.0696
step  11280 | loss = -3.0738 | g_L = +3.0738 | EMA = +3.0259 | std(g_L) = 0.8607 | grad = 1.2964
step  11300 | loss = -2.9559 | g_L = +2.9559 | EMA = +3.0182 | std(g_L) = 0.8898 | grad = 2.3937
step  11320 | loss = -3.0156 | g_L = +3.0156 | EMA = +3.0316 | std(g_L) = 0.8263 | grad = 1.0281
step  11340 | loss = -3.0096 | g_L = +3.0096 | EMA = +3.0376 | std(g_L) = 1.0160 | grad = 0.8313
step  11360 | loss = -3.0747 | g_L = +3.0747 | EMA = +3.0242 | std(g_L) = 0.8041 | grad = 0.7067
step  11380 | loss = -3.1365 | g_L = +3.1365 | EMA = +3.0319 | std(g_L) = 0.7154 | grad = 2.2026
step  11400 | loss = -3.1265 | g_L = +3.1265 | EMA = +3.0283 | std(g_L) = 0.7239 | grad = 1.1616
step  11420 | loss = -2.9804 | g_L = +2.9804 | EMA = +3.0207 | std(g_L) = 0.8292 | grad = 1.3453
step  11440 | loss = -2.9863 | g_L = +2.9863 | EMA = +3.0304 | std(g_L) = 0.9806 | grad = 1.6286
step  11460 | loss = -3.0177 | g_L = +3.0177 | EMA = +3.0280 | std(g_L) = 0.7395 | grad = 1.5382
step  11480 | loss = -3.0029 | g_L = +3.0029 | EMA = +3.0243 | std(g_L) = 0.9067 | grad = 1.9736
step  11500 | loss = -3.0226 | g_L = +3.0226 | EMA = +3.0250 | std(g_L) = 0.8132 | grad = 1.0070
step  11520 | loss = -3.1372 | g_L = +3.1372 | EMA = +3.0235 | std(g_L) = 0.7295 | grad = 1.5713
step  11540 | loss = -2.9994 | g_L = +2.9994 | EMA = +3.0253 | std(g_L) = 0.8742 | grad = 1.8675
step  11560 | loss = -3.0211 | g_L = +3.0211 | EMA = +3.0216 | std(g_L) = 0.8720 | grad = 0.7306
step  11580 | loss = -3.0908 | g_L = +3.0908 | EMA = +3.0130 | std(g_L) = 0.7248 | grad = 0.9561
step  11600 | loss = -2.9732 | g_L = +2.9732 | EMA = +3.0419 | std(g_L) = 0.8542 | grad = 0.3526
step  11620 | loss = -3.0124 | g_L = +3.0124 | EMA = +3.0279 | std(g_L) = 0.7736 | grad = 1.0961
step  11640 | loss = -3.0816 | g_L = +3.0816 | EMA = +3.0397 | std(g_L) = 0.7539 | grad = 1.1028
step  11660 | loss = -2.9919 | g_L = +2.9919 | EMA = +3.0401 | std(g_L) = 0.9949 | grad = 3.2414
step  11680 | loss = -2.9418 | g_L = +2.9418 | EMA = +3.0328 | std(g_L) = 0.9069 | grad = 1.8260
step  11700 | loss = -3.0855 | g_L = +3.0855 | EMA = +3.0042 | std(g_L) = 0.8360 | grad = 3.6297
step  11720 | loss = -3.1149 | g_L = +3.1149 | EMA = +3.0305 | std(g_L) = 0.8146 | grad = 1.6384
step  11740 | loss = -3.0197 | g_L = +3.0197 | EMA = +3.0191 | std(g_L) = 0.7856 | grad = 1.6384
step  11760 | loss = -2.9206 | g_L = +2.9206 | EMA = +3.0146 | std(g_L) = 0.9142 | grad = 0.7523
step  11780 | loss = -3.0685 | g_L = +3.0685 | EMA = +3.0298 | std(g_L) = 0.8674 | grad = 2.0319
step  11800 | loss = -3.0456 | g_L = +3.0456 | EMA = +3.0320 | std(g_L) = 0.7927 | grad = 1.3594
step  11820 | loss = -2.9237 | g_L = +2.9237 | EMA = +3.0245 | std(g_L) = 0.9137 | grad = 1.0631
step  11840 | loss = -2.9866 | g_L = +2.9866 | EMA = +3.0283 | std(g_L) = 0.8155 | grad = 1.6700
step  11860 | loss = -3.0454 | g_L = +3.0454 | EMA = +3.0298 | std(g_L) = 0.7467 | grad = 1.2179
step  11880 | loss = -2.9170 | g_L = +2.9170 | EMA = +3.0211 | std(g_L) = 0.8814 | grad = 3.0040
step  11900 | loss = -3.0973 | g_L = +3.0973 | EMA = +3.0250 | std(g_L) = 0.6407 | grad = 0.6774
step  11920 | loss = -2.8184 | g_L = +2.8184 | EMA = +3.0181 | std(g_L) = 1.1559 | grad = 0.5904
step  11940 | loss = -3.0263 | g_L = +3.0263 | EMA = +3.0162 | std(g_L) = 0.7614 | grad = 0.8562
step  11960 | loss = -3.0134 | g_L = +3.0134 | EMA = +3.0284 | std(g_L) = 0.8198 | grad = 1.0367
step  11980 | loss = -2.9168 | g_L = +2.9168 | EMA = +3.0143 | std(g_L) = 0.8730 | grad = 0.3153
step  12000 | loss = -3.0911 | g_L = +3.0911 | EMA = +3.0364 | std(g_L) = 0.6877 | grad = 2.0626
step  12020 | loss = -3.0163 | g_L = +3.0163 | EMA = +3.0336 | std(g_L) = 0.8289 | grad = 1.4057
step  12040 | loss = -2.9800 | g_L = +2.9800 | EMA = +3.0315 | std(g_L) = 1.0611 | grad = 1.7707
step  12060 | loss = -3.0345 | g_L = +3.0345 | EMA = +3.0126 | std(g_L) = 0.8220 | grad = 1.5653
step  12080 | loss = -3.0370 | g_L = +3.0370 | EMA = +3.0230 | std(g_L) = 0.8937 | grad = 0.8120
step  12100 | loss = -3.1171 | g_L = +3.1171 | EMA = +3.0223 | std(g_L) = 0.7019 | grad = 0.8097
step  12120 | loss = -2.9216 | g_L = +2.9216 | EMA = +3.0282 | std(g_L) = 0.9360 | grad = 1.6782
step  12140 | loss = -2.9078 | g_L = +2.9078 | EMA = +3.0291 | std(g_L) = 0.9612 | grad = 1.9405
step  12160 | loss = -3.0057 | g_L = +3.0057 | EMA = +3.0381 | std(g_L) = 0.9400 | grad = 2.8685
step  12180 | loss = -3.0523 | g_L = +3.0523 | EMA = +3.0402 | std(g_L) = 0.7232 | grad = 1.5940
step  12200 | loss = -3.0928 | g_L = +3.0928 | EMA = +3.0408 | std(g_L) = 0.7505 | grad = 1.7039
step  12220 | loss = -3.0384 | g_L = +3.0384 | EMA = +3.0251 | std(g_L) = 0.8977 | grad = 2.0415
step  12240 | loss = -3.1007 | g_L = +3.1007 | EMA = +3.0485 | std(g_L) = 0.7532 | grad = 2.4292
step  12260 | loss = -3.1605 | g_L = +3.1605 | EMA = +3.0558 | std(g_L) = 0.7402 | grad = 0.7260
step  12280 | loss = -3.0903 | g_L = +3.0903 | EMA = +3.0412 | std(g_L) = 0.7490 | grad = 1.0794
step  12300 | loss = -3.0469 | g_L = +3.0469 | EMA = +3.0265 | std(g_L) = 0.8685 | grad = 1.0756
step  12320 | loss = -3.0439 | g_L = +3.0439 | EMA = +3.0321 | std(g_L) = 0.8392 | grad = 1.4642
step  12340 | loss = -2.9589 | g_L = +2.9589 | EMA = +3.0401 | std(g_L) = 0.9456 | grad = 1.5421
step  12360 | loss = -2.9915 | g_L = +2.9915 | EMA = +3.0470 | std(g_L) = 0.9991 | grad = 0.9860
step  12380 | loss = -2.9834 | g_L = +2.9834 | EMA = +3.0464 | std(g_L) = 0.9511 | grad = 0.5081
step  12400 | loss = -3.0844 | g_L = +3.0844 | EMA = +3.0422 | std(g_L) = 0.7457 | grad = 0.7852
step  12420 | loss = -3.0497 | g_L = +3.0497 | EMA = +3.0438 | std(g_L) = 0.7404 | grad = 2.1043
step  12440 | loss = -3.0696 | g_L = +3.0696 | EMA = +3.0423 | std(g_L) = 0.8144 | grad = 0.5841
step  12460 | loss = -2.9462 | g_L = +2.9462 | EMA = +3.0446 | std(g_L) = 0.8206 | grad = 1.1411
step  12480 | loss = -3.0729 | g_L = +3.0729 | EMA = +3.0424 | std(g_L) = 0.7434 | grad = 0.8985
step  12500 | loss = -3.1322 | g_L = +3.1322 | EMA = +3.0515 | std(g_L) = 0.7174 | grad = 0.9799
step  12520 | loss = -3.0241 | g_L = +3.0241 | EMA = +3.0402 | std(g_L) = 0.7027 | grad = 0.6027
step  12540 | loss = -3.0046 | g_L = +3.0046 | EMA = +3.0493 | std(g_L) = 0.8985 | grad = 1.5354
step  12560 | loss = -3.0330 | g_L = +3.0330 | EMA = +3.0368 | std(g_L) = 0.7275 | grad = 1.1034
step  12580 | loss = -3.0938 | g_L = +3.0938 | EMA = +3.0297 | std(g_L) = 0.5758 | grad = 0.7296
step  12600 | loss = -2.9859 | g_L = +2.9859 | EMA = +3.0278 | std(g_L) = 0.7813 | grad = 1.6539
step  12620 | loss = -2.9275 | g_L = +2.9275 | EMA = +3.0252 | std(g_L) = 0.9057 | grad = 2.4115
step  12640 | loss = -3.1180 | g_L = +3.1180 | EMA = +3.0432 | std(g_L) = 1.0049 | grad = 1.1711
step  12660 | loss = -2.9985 | g_L = +2.9985 | EMA = +3.0411 | std(g_L) = 0.7900 | grad = 2.1114
step  12680 | loss = -3.0643 | g_L = +3.0643 | EMA = +3.0390 | std(g_L) = 0.7574 | grad = 0.4084
step  12700 | loss = -2.9845 | g_L = +2.9845 | EMA = +3.0420 | std(g_L) = 0.9472 | grad = 0.9888
step  12720 | loss = -3.0968 | g_L = +3.0968 | EMA = +3.0407 | std(g_L) = 0.7521 | grad = 0.7246
step  12740 | loss = -3.0403 | g_L = +3.0403 | EMA = +3.0349 | std(g_L) = 0.8073 | grad = 1.3160
step  12760 | loss = -3.0987 | g_L = +3.0987 | EMA = +3.0259 | std(g_L) = 0.8615 | grad = 1.0012
step  12780 | loss = -3.0637 | g_L = +3.0637 | EMA = +3.0212 | std(g_L) = 0.7396 | grad = 2.1940
step  12800 | loss = -3.0612 | g_L = +3.0612 | EMA = +3.0393 | std(g_L) = 0.8890 | grad = 1.0555
step  12820 | loss = -3.0613 | g_L = +3.0613 | EMA = +3.0120 | std(g_L) = 0.7794 | grad = 0.7286
step  12840 | loss = -3.0485 | g_L = +3.0485 | EMA = +3.0224 | std(g_L) = 0.7634 | grad = 2.6515
step  12860 | loss = -3.0491 | g_L = +3.0491 | EMA = +3.0326 | std(g_L) = 0.7860 | grad = 1.0785
step  12880 | loss = -3.0044 | g_L = +3.0044 | EMA = +3.0200 | std(g_L) = 0.8747 | grad = 2.2011
step  12900 | loss = -3.0250 | g_L = +3.0250 | EMA = +3.0426 | std(g_L) = 0.7774 | grad = 0.8877
step  12920 | loss = -3.0544 | g_L = +3.0544 | EMA = +3.0448 | std(g_L) = 0.7687 | grad = 1.1481
step  12940 | loss = -3.0626 | g_L = +3.0626 | EMA = +3.0403 | std(g_L) = 0.8661 | grad = 0.4602
step  12960 | loss = -2.9889 | g_L = +2.9889 | EMA = +3.0405 | std(g_L) = 0.8176 | grad = 1.2936
step  12980 | loss = -2.9484 | g_L = +2.9484 | EMA = +3.0278 | std(g_L) = 0.8856 | grad = 0.6613
step  13000 | loss = -2.9760 | g_L = +2.9760 | EMA = +3.0144 | std(g_L) = 0.8691 | grad = 0.5860
step  13020 | loss = -2.9692 | g_L = +2.9692 | EMA = +3.0353 | std(g_L) = 0.9233 | grad = 0.9994
step  13040 | loss = -3.1434 | g_L = +3.1434 | EMA = +3.0363 | std(g_L) = 0.6133 | grad = 2.4628
step  13060 | loss = -3.1471 | g_L = +3.1471 | EMA = +3.0476 | std(g_L) = 0.7625 | grad = 2.6722
step  13080 | loss = -3.0396 | g_L = +3.0396 | EMA = +3.0385 | std(g_L) = 0.8841 | grad = 0.8130
step  13100 | loss = -3.0566 | g_L = +3.0566 | EMA = +3.0333 | std(g_L) = 0.8900 | grad = 2.4331
step  13120 | loss = -2.9707 | g_L = +2.9707 | EMA = +3.0464 | std(g_L) = 0.9290 | grad = 1.1239
step  13140 | loss = -2.9713 | g_L = +2.9713 | EMA = +3.0336 | std(g_L) = 0.9353 | grad = 3.3824
step  13160 | loss = -3.0495 | g_L = +3.0495 | EMA = +3.0435 | std(g_L) = 0.7244 | grad = 1.6383
step  13180 | loss = -3.0423 | g_L = +3.0423 | EMA = +3.0338 | std(g_L) = 0.7193 | grad = 0.6218
step  13200 | loss = -2.9186 | g_L = +2.9186 | EMA = +3.0360 | std(g_L) = 0.9367 | grad = 1.8697
step  13220 | loss = -3.0256 | g_L = +3.0256 | EMA = +3.0470 | std(g_L) = 0.8926 | grad = 0.7116
step  13240 | loss = -2.9528 | g_L = +2.9528 | EMA = +3.0466 | std(g_L) = 0.8871 | grad = 0.6605
step  13260 | loss = -2.9678 | g_L = +2.9678 | EMA = +3.0201 | std(g_L) = 1.0271 | grad = 1.0458
step  13280 | loss = -3.0743 | g_L = +3.0743 | EMA = +3.0291 | std(g_L) = 0.6605 | grad = 1.0089
step  13300 | loss = -2.9922 | g_L = +2.9922 | EMA = +3.0356 | std(g_L) = 0.8148 | grad = 1.2896
step  13320 | loss = -2.9771 | g_L = +2.9771 | EMA = +3.0328 | std(g_L) = 0.8354 | grad = 0.9785
step  13340 | loss = -3.0826 | g_L = +3.0826 | EMA = +3.0385 | std(g_L) = 0.7375 | grad = 1.4385
step  13360 | loss = -3.0378 | g_L = +3.0378 | EMA = +3.0375 | std(g_L) = 0.8751 | grad = 0.7501
step  13380 | loss = -2.9587 | g_L = +2.9587 | EMA = +3.0489 | std(g_L) = 0.8596 | grad = 0.5814
step  13400 | loss = -3.0806 | g_L = +3.0806 | EMA = +3.0578 | std(g_L) = 0.7647 | grad = 1.8858
step  13420 | loss = -3.0237 | g_L = +3.0237 | EMA = +3.0456 | std(g_L) = 0.7802 | grad = 1.2187
step  13440 | loss = -3.0802 | g_L = +3.0802 | EMA = +3.0543 | std(g_L) = 0.6592 | grad = 1.0694
step  13460 | loss = -3.0472 | g_L = +3.0472 | EMA = +3.0515 | std(g_L) = 0.6848 | grad = 0.9791
step  13480 | loss = -3.0459 | g_L = +3.0459 | EMA = +3.0422 | std(g_L) = 0.8788 | grad = 0.9648
step  13500 | loss = -3.0135 | g_L = +3.0135 | EMA = +3.0308 | std(g_L) = 0.8352 | grad = 3.2962
step  13520 | loss = -3.0421 | g_L = +3.0421 | EMA = +3.0334 | std(g_L) = 0.7923 | grad = 0.6985
step  13540 | loss = -3.0414 | g_L = +3.0414 | EMA = +3.0590 | std(g_L) = 0.7583 | grad = 1.3120
step  13560 | loss = -3.0406 | g_L = +3.0406 | EMA = +3.0605 | std(g_L) = 0.9185 | grad = 0.9351
step  13580 | loss = -3.1264 | g_L = +3.1264 | EMA = +3.0402 | std(g_L) = 0.7383 | grad = 1.9893
step  13600 | loss = -3.1713 | g_L = +3.1713 | EMA = +3.0510 | std(g_L) = 0.7210 | grad = 0.3410
step  13620 | loss = -3.0696 | g_L = +3.0696 | EMA = +3.0170 | std(g_L) = 0.8088 | grad = 0.6640
step  13640 | loss = -2.8713 | g_L = +2.8713 | EMA = +3.0319 | std(g_L) = 0.9986 | grad = 1.4478
step  13660 | loss = -3.1022 | g_L = +3.1022 | EMA = +3.0478 | std(g_L) = 0.7357 | grad = 1.6734
step  13680 | loss = -3.0804 | g_L = +3.0804 | EMA = +3.0344 | std(g_L) = 0.6230 | grad = 0.4928
step  13700 | loss = -3.0539 | g_L = +3.0539 | EMA = +3.0589 | std(g_L) = 0.7980 | grad = 1.7074
step  13720 | loss = -3.0309 | g_L = +3.0309 | EMA = +3.0340 | std(g_L) = 0.7925 | grad = 1.5863
step  13740 | loss = -3.0216 | g_L = +3.0216 | EMA = +3.0450 | std(g_L) = 0.8957 | grad = 0.8757
step  13760 | loss = -3.0338 | g_L = +3.0338 | EMA = +3.0495 | std(g_L) = 0.8174 | grad = 0.8627
step  13780 | loss = -3.0570 | g_L = +3.0570 | EMA = +3.0532 | std(g_L) = 0.8633 | grad = 1.2399
step  13800 | loss = -3.0892 | g_L = +3.0892 | EMA = +3.0517 | std(g_L) = 0.7293 | grad = 0.9166
step  13820 | loss = -3.0530 | g_L = +3.0530 | EMA = +3.0618 | std(g_L) = 0.7849 | grad = 0.3862
step  13840 | loss = -2.9982 | g_L = +2.9982 | EMA = +3.0538 | std(g_L) = 0.9286 | grad = 0.7008
step  13860 | loss = -2.9544 | g_L = +2.9544 | EMA = +3.0597 | std(g_L) = 0.9153 | grad = 1.4355
step  13880 | loss = -3.1024 | g_L = +3.1024 | EMA = +3.0483 | std(g_L) = 0.8209 | grad = 0.8085
step  13900 | loss = -3.1702 | g_L = +3.1702 | EMA = +3.0524 | std(g_L) = 0.7316 | grad = 1.0323
step  13920 | loss = -2.9908 | g_L = +2.9908 | EMA = +3.0545 | std(g_L) = 1.0453 | grad = 1.4640
step  13940 | loss = -3.0977 | g_L = +3.0977 | EMA = +3.0594 | std(g_L) = 0.7716 | grad = 0.9991
step  13960 | loss = -2.9074 | g_L = +2.9074 | EMA = +3.0379 | std(g_L) = 0.8802 | grad = 2.6013
step  13980 | loss = -3.2151 | g_L = +3.2151 | EMA = +3.0504 | std(g_L) = 0.7080 | grad = 1.0935
step  14000 | loss = -3.0066 | g_L = +3.0066 | EMA = +3.0391 | std(g_L) = 0.9577 | grad = 0.9060
step  14020 | loss = -3.1148 | g_L = +3.1148 | EMA = +3.0621 | std(g_L) = 0.8859 | grad = 1.7089
step  14040 | loss = -3.0950 | g_L = +3.0950 | EMA = +3.0492 | std(g_L) = 0.6648 | grad = 0.6740
step  14060 | loss = -3.0947 | g_L = +3.0947 | EMA = +3.0614 | std(g_L) = 0.7824 | grad = 3.4254
step  14080 | loss = -3.0202 | g_L = +3.0202 | EMA = +3.0530 | std(g_L) = 0.7760 | grad = 2.5448
step  14100 | loss = -3.0718 | g_L = +3.0718 | EMA = +3.0296 | std(g_L) = 0.7428 | grad = 0.7306
step  14120 | loss = -3.0419 | g_L = +3.0419 | EMA = +3.0330 | std(g_L) = 0.8245 | grad = 1.1914
step  14140 | loss = -3.0858 | g_L = +3.0858 | EMA = +3.0559 | std(g_L) = 0.8751 | grad = 0.9183
step  14160 | loss = -3.1431 | g_L = +3.1431 | EMA = +3.0662 | std(g_L) = 0.7130 | grad = 1.1392
step  14180 | loss = -3.0322 | g_L = +3.0322 | EMA = +3.0598 | std(g_L) = 0.8008 | grad = 3.0745
step  14200 | loss = -3.0595 | g_L = +3.0595 | EMA = +3.0475 | std(g_L) = 0.7730 | grad = 1.2903
step  14220 | loss = -3.1510 | g_L = +3.1510 | EMA = +3.0600 | std(g_L) = 0.8203 | grad = 2.0183
step  14240 | loss = -3.0124 | g_L = +3.0124 | EMA = +3.0503 | std(g_L) = 0.7368 | grad = 0.6548
step  14260 | loss = -3.0640 | g_L = +3.0640 | EMA = +3.0634 | std(g_L) = 0.7086 | grad = 1.7190
step  14280 | loss = -3.0592 | g_L = +3.0592 | EMA = +3.0610 | std(g_L) = 0.7142 | grad = 1.7592
step  14300 | loss = -3.0178 | g_L = +3.0178 | EMA = +3.0597 | std(g_L) = 0.8963 | grad = 1.1452
step  14320 | loss = -3.0285 | g_L = +3.0285 | EMA = +3.0574 | std(g_L) = 0.8475 | grad = 0.5390
step  14340 | loss = -3.0203 | g_L = +3.0203 | EMA = +3.0626 | std(g_L) = 0.8303 | grad = 2.0229
step  14360 | loss = -3.0784 | g_L = +3.0784 | EMA = +3.0543 | std(g_L) = 0.6788 | grad = 0.7806
step  14380 | loss = -3.0552 | g_L = +3.0552 | EMA = +3.0514 | std(g_L) = 0.8493 | grad = 0.4915
step  14400 | loss = -3.0952 | g_L = +3.0952 | EMA = +3.0500 | std(g_L) = 0.8315 | grad = 0.7269
step  14420 | loss = -2.9250 | g_L = +2.9250 | EMA = +3.0392 | std(g_L) = 0.9785 | grad = 0.6725
step  14440 | loss = -3.0944 | g_L = +3.0944 | EMA = +3.0531 | std(g_L) = 0.7784 | grad = 0.3157
step  14460 | loss = -3.1405 | g_L = +3.1405 | EMA = +3.0464 | std(g_L) = 0.6414 | grad = 0.7869
step  14480 | loss = -3.0619 | g_L = +3.0619 | EMA = +3.0500 | std(g_L) = 0.9226 | grad = 1.7443
step  14500 | loss = -2.9367 | g_L = +2.9367 | EMA = +3.0630 | std(g_L) = 0.8801 | grad = 1.7020
step  14520 | loss = -3.0140 | g_L = +3.0140 | EMA = +3.0501 | std(g_L) = 0.7854 | grad = 2.7551
step  14540 | loss = -3.0480 | g_L = +3.0480 | EMA = +3.0621 | std(g_L) = 0.7935 | grad = 2.2513
step  14560 | loss = -3.1219 | g_L = +3.1219 | EMA = +3.0666 | std(g_L) = 0.8187 | grad = 1.1612
step  14580 | loss = -2.9974 | g_L = +2.9974 | EMA = +3.0699 | std(g_L) = 0.7378 | grad = 0.7548
step  14600 | loss = -3.0982 | g_L = +3.0982 | EMA = +3.0741 | std(g_L) = 0.9397 | grad = 0.9912
step  14620 | loss = -3.0771 | g_L = +3.0771 | EMA = +3.0535 | std(g_L) = 0.8663 | grad = 2.0697
step  14640 | loss = -2.9049 | g_L = +2.9049 | EMA = +3.0355 | std(g_L) = 0.9753 | grad = 1.1752
step  14660 | loss = -3.1147 | g_L = +3.1147 | EMA = +3.0705 | std(g_L) = 0.7128 | grad = 1.9250
step  14680 | loss = -2.9755 | g_L = +2.9755 | EMA = +3.0582 | std(g_L) = 0.9386 | grad = 0.5955
step  14700 | loss = -3.0640 | g_L = +3.0640 | EMA = +3.0682 | std(g_L) = 0.8187 | grad = 1.1681
step  14720 | loss = -3.0517 | g_L = +3.0517 | EMA = +3.0471 | std(g_L) = 0.7501 | grad = 1.0899
step  14740 | loss = -3.0498 | g_L = +3.0498 | EMA = +3.0482 | std(g_L) = 0.7907 | grad = 1.2518
step  14760 | loss = -3.0562 | g_L = +3.0562 | EMA = +3.0508 | std(g_L) = 0.7595 | grad = 1.4950
step  14780 | loss = -3.1531 | g_L = +3.1531 | EMA = +3.0682 | std(g_L) = 0.6636 | grad = 0.4218
step  14800 | loss = -3.0965 | g_L = +3.0965 | EMA = +3.0653 | std(g_L) = 0.7376 | grad = 2.8796
step  14820 | loss = -3.0604 | g_L = +3.0604 | EMA = +3.0631 | std(g_L) = 0.6841 | grad = 0.6069
step  14840 | loss = -3.0663 | g_L = +3.0663 | EMA = +3.0744 | std(g_L) = 0.8759 | grad = 3.2981
step  14860 | loss = -3.0272 | g_L = +3.0272 | EMA = +3.0557 | std(g_L) = 1.0200 | grad = 2.9943
step  14880 | loss = -3.1460 | g_L = +3.1460 | EMA = +3.0612 | std(g_L) = 0.8372 | grad = 1.0703
step  14900 | loss = -3.0452 | g_L = +3.0452 | EMA = +3.0572 | std(g_L) = 0.7770 | grad = 1.4390
step  14920 | loss = -3.0530 | g_L = +3.0530 | EMA = +3.0593 | std(g_L) = 0.7545 | grad = 1.2079
step  14940 | loss = -3.1491 | g_L = +3.1491 | EMA = +3.0603 | std(g_L) = 0.8099 | grad = 0.6795
step  14960 | loss = -3.1576 | g_L = +3.1576 | EMA = +3.0569 | std(g_L) = 0.7416 | grad = 0.7337
step  14980 | loss = -3.0849 | g_L = +3.0849 | EMA = +3.0554 | std(g_L) = 0.7934 | grad = 1.2522
step  15000 | loss = -3.1108 | g_L = +3.1108 | EMA = +3.0628 | std(g_L) = 0.6790 | grad = 1.7422
step  15020 | loss = -3.1354 | g_L = +3.1354 | EMA = +3.0645 | std(g_L) = 0.9349 | grad = 0.4362
step  15040 | loss = -3.0976 | g_L = +3.0976 | EMA = +3.0634 | std(g_L) = 0.7354 | grad = 0.9265
step  15060 | loss = -3.1507 | g_L = +3.1507 | EMA = +3.0625 | std(g_L) = 0.8000 | grad = 1.0862
step  15080 | loss = -3.0784 | g_L = +3.0784 | EMA = +3.0537 | std(g_L) = 0.9606 | grad = 1.1158
step  15100 | loss = -2.9301 | g_L = +2.9301 | EMA = +3.0510 | std(g_L) = 0.8234 | grad = 0.6932
step  15120 | loss = -3.0756 | g_L = +3.0756 | EMA = +3.0347 | std(g_L) = 0.7547 | grad = 0.9614
step  15140 | loss = -3.1595 | g_L = +3.1595 | EMA = +3.0496 | std(g_L) = 0.6721 | grad = 0.7802
step  15160 | loss = -3.1303 | g_L = +3.1303 | EMA = +3.0603 | std(g_L) = 0.7615 | grad = 1.0227
step  15180 | loss = -2.9404 | g_L = +2.9404 | EMA = +3.0581 | std(g_L) = 1.0745 | grad = 0.9071
step  15200 | loss = -3.0831 | g_L = +3.0831 | EMA = +3.0512 | std(g_L) = 0.8515 | grad = 1.8964
step  15220 | loss = -3.0505 | g_L = +3.0505 | EMA = +3.0565 | std(g_L) = 0.7350 | grad = 2.0793
step  15240 | loss = -3.1095 | g_L = +3.1095 | EMA = +3.0583 | std(g_L) = 0.7449 | grad = 1.0521
step  15260 | loss = -3.0798 | g_L = +3.0798 | EMA = +3.0496 | std(g_L) = 0.7724 | grad = 0.7154
step  15280 | loss = -3.0988 | g_L = +3.0988 | EMA = +3.0646 | std(g_L) = 0.6963 | grad = 1.5845
step  15300 | loss = -2.9851 | g_L = +2.9851 | EMA = +3.0624 | std(g_L) = 0.8175 | grad = 0.6195
step  15320 | loss = -3.0464 | g_L = +3.0464 | EMA = +3.0555 | std(g_L) = 0.8460 | grad = 0.9106
step  15340 | loss = -3.0491 | g_L = +3.0491 | EMA = +3.0523 | std(g_L) = 0.7411 | grad = 1.3559
step  15360 | loss = -2.9966 | g_L = +2.9966 | EMA = +3.0585 | std(g_L) = 1.0379 | grad = 0.7171
step  15380 | loss = -3.0374 | g_L = +3.0374 | EMA = +3.0637 | std(g_L) = 0.8721 | grad = 2.3250
step  15400 | loss = -3.1034 | g_L = +3.1034 | EMA = +3.0635 | std(g_L) = 0.7266 | grad = 1.4530
step  15420 | loss = -2.9995 | g_L = +2.9995 | EMA = +3.0529 | std(g_L) = 0.7665 | grad = 2.9021
step  15440 | loss = -2.9298 | g_L = +2.9298 | EMA = +3.0526 | std(g_L) = 0.9739 | grad = 1.0874
step  15460 | loss = -3.0482 | g_L = +3.0482 | EMA = +3.0611 | std(g_L) = 0.8651 | grad = 2.2099
step  15480 | loss = -2.9967 | g_L = +2.9967 | EMA = +3.0417 | std(g_L) = 0.9100 | grad = 1.2754
step  15500 | loss = -2.9982 | g_L = +2.9982 | EMA = +3.0559 | std(g_L) = 1.0130 | grad = 1.1598
step  15520 | loss = -3.1433 | g_L = +3.1433 | EMA = +3.0657 | std(g_L) = 0.7695 | grad = 1.9244
step  15540 | loss = -3.1033 | g_L = +3.1033 | EMA = +3.0676 | std(g_L) = 0.7998 | grad = 1.0905
step  15560 | loss = -2.9390 | g_L = +2.9390 | EMA = +3.0508 | std(g_L) = 0.7653 | grad = 1.0661
step  15580 | loss = -3.1132 | g_L = +3.1132 | EMA = +3.0581 | std(g_L) = 0.7725 | grad = 1.6088
step  15600 | loss = -2.9950 | g_L = +2.9950 | EMA = +3.0666 | std(g_L) = 0.7828 | grad = 1.4023
step  15620 | loss = -2.9057 | g_L = +2.9057 | EMA = +3.0577 | std(g_L) = 1.1737 | grad = 1.3440
step  15640 | loss = -3.0189 | g_L = +3.0189 | EMA = +3.0533 | std(g_L) = 0.8542 | grad = 0.8368
step  15660 | loss = -3.0512 | g_L = +3.0512 | EMA = +3.0615 | std(g_L) = 0.8630 | grad = 2.0070
step  15680 | loss = -3.1004 | g_L = +3.1004 | EMA = +3.0664 | std(g_L) = 0.6399 | grad = 1.2339
step  15700 | loss = -3.1257 | g_L = +3.1257 | EMA = +3.0649 | std(g_L) = 0.6360 | grad = 1.7552
step  15720 | loss = -3.1488 | g_L = +3.1488 | EMA = +3.0600 | std(g_L) = 0.7635 | grad = 1.4635
step  15740 | loss = -3.0063 | g_L = +3.0063 | EMA = +3.0538 | std(g_L) = 0.8538 | grad = 1.3980
step  15760 | loss = -3.0086 | g_L = +3.0086 | EMA = +3.0531 | std(g_L) = 0.7715 | grad = 1.7309
step  15780 | loss = -3.1142 | g_L = +3.1142 | EMA = +3.0601 | std(g_L) = 0.8003 | grad = 1.2608
step  15800 | loss = -3.1096 | g_L = +3.1096 | EMA = +3.0637 | std(g_L) = 0.7767 | grad = 0.8794
step  15820 | loss = -3.1040 | g_L = +3.1040 | EMA = +3.0600 | std(g_L) = 0.7134 | grad = 1.2410
step  15840 | loss = -3.0966 | g_L = +3.0966 | EMA = +3.0509 | std(g_L) = 0.8529 | grad = 0.8358
step  15860 | loss = -3.2058 | g_L = +3.2058 | EMA = +3.0602 | std(g_L) = 0.6449 | grad = 1.0390
step  15880 | loss = -2.9757 | g_L = +2.9757 | EMA = +3.0639 | std(g_L) = 1.0976 | grad = 1.6061
step  15900 | loss = -3.0179 | g_L = +3.0179 | EMA = +3.0597 | std(g_L) = 0.6892 | grad = 0.4861
step  15920 | loss = -3.1796 | g_L = +3.1796 | EMA = +3.0719 | std(g_L) = 0.7639 | grad = 2.0636
step  15940 | loss = -3.0029 | g_L = +3.0029 | EMA = +3.0521 | std(g_L) = 0.8679 | grad = 0.7596
step  15960 | loss = -2.9396 | g_L = +2.9396 | EMA = +3.0501 | std(g_L) = 1.0009 | grad = 2.2576
step  15980 | loss = -2.9261 | g_L = +2.9261 | EMA = +3.0556 | std(g_L) = 0.9400 | grad = 0.9963
step  16000 | loss = -3.1139 | g_L = +3.1139 | EMA = +3.0805 | std(g_L) = 0.7534 | grad = 1.0432
step  16020 | loss = -3.0943 | g_L = +3.0943 | EMA = +3.0656 | std(g_L) = 0.7883 | grad = 1.6957
step  16040 | loss = -3.1214 | g_L = +3.1214 | EMA = +3.0668 | std(g_L) = 0.7951 | grad = 2.6309
step  16060 | loss = -2.8942 | g_L = +2.8942 | EMA = +3.0574 | std(g_L) = 1.2177 | grad = 0.8866
step  16080 | loss = -3.0495 | g_L = +3.0495 | EMA = +3.0699 | std(g_L) = 0.8586 | grad = 1.6696
step  16100 | loss = -3.0278 | g_L = +3.0278 | EMA = +3.0700 | std(g_L) = 0.8856 | grad = 0.7133
step  16120 | loss = -3.1362 | g_L = +3.1362 | EMA = +3.0781 | std(g_L) = 0.8439 | grad = 0.8584
step  16140 | loss = -3.1435 | g_L = +3.1435 | EMA = +3.0898 | std(g_L) = 0.8209 | grad = 1.3779
step  16160 | loss = -3.1054 | g_L = +3.1054 | EMA = +3.0745 | std(g_L) = 0.7554 | grad = 1.1014
step  16180 | loss = -3.0289 | g_L = +3.0289 | EMA = +3.0590 | std(g_L) = 0.9052 | grad = 0.7492
step  16200 | loss = -3.0438 | g_L = +3.0438 | EMA = +3.0546 | std(g_L) = 0.8962 | grad = 1.2535
step  16220 | loss = -3.0680 | g_L = +3.0680 | EMA = +3.0677 | std(g_L) = 0.7815 | grad = 0.5294
step  16240 | loss = -3.0681 | g_L = +3.0681 | EMA = +3.0706 | std(g_L) = 0.7902 | grad = 0.7560
step  16260 | loss = -3.0038 | g_L = +3.0038 | EMA = +3.0769 | std(g_L) = 0.8372 | grad = 3.2082
step  16280 | loss = -2.9302 | g_L = +2.9302 | EMA = +3.0614 | std(g_L) = 0.9957 | grad = 0.9160
step  16300 | loss = -3.0794 | g_L = +3.0794 | EMA = +3.0665 | std(g_L) = 0.7446 | grad = 1.2927
step  16320 | loss = -3.0418 | g_L = +3.0418 | EMA = +3.0684 | std(g_L) = 0.9266 | grad = 0.5121
step  16340 | loss = -3.0100 | g_L = +3.0100 | EMA = +3.0555 | std(g_L) = 0.7159 | grad = 1.3738
step  16360 | loss = -3.1178 | g_L = +3.1178 | EMA = +3.0653 | std(g_L) = 0.7210 | grad = 0.7427
step  16380 | loss = -3.2305 | g_L = +3.2305 | EMA = +3.0781 | std(g_L) = 0.6904 | grad = 1.0443
step  16400 | loss = -3.0722 | g_L = +3.0722 | EMA = +3.0574 | std(g_L) = 0.8188 | grad = 1.1450
step  16420 | loss = -3.1012 | g_L = +3.1012 | EMA = +3.0677 | std(g_L) = 0.7885 | grad = 1.3718
step  16440 | loss = -3.0222 | g_L = +3.0222 | EMA = +3.0571 | std(g_L) = 0.8513 | grad = 1.2203
step  16460 | loss = -3.0664 | g_L = +3.0664 | EMA = +3.0631 | std(g_L) = 0.7330 | grad = 0.7510
step  16480 | loss = -3.0500 | g_L = +3.0500 | EMA = +3.0783 | std(g_L) = 0.8564 | grad = 1.4978
step  16500 | loss = -3.0457 | g_L = +3.0457 | EMA = +3.0795 | std(g_L) = 0.8395 | grad = 0.9829
step  16520 | loss = -3.0132 | g_L = +3.0132 | EMA = +3.0636 | std(g_L) = 0.7740 | grad = 1.4081
step  16540 | loss = -3.0499 | g_L = +3.0499 | EMA = +3.0576 | std(g_L) = 0.9539 | grad = 0.8038
step  16560 | loss = -2.9891 | g_L = +2.9891 | EMA = +3.0533 | std(g_L) = 0.8633 | grad = 1.2459
step  16580 | loss = -3.1254 | g_L = +3.1254 | EMA = +3.0693 | std(g_L) = 0.6493 | grad = 0.8486
step  16600 | loss = -3.1573 | g_L = +3.1573 | EMA = +3.0636 | std(g_L) = 0.8036 | grad = 1.0349
step  16620 | loss = -3.0867 | g_L = +3.0867 | EMA = +3.0773 | std(g_L) = 0.7767 | grad = 3.0195
step  16640 | loss = -3.0600 | g_L = +3.0600 | EMA = +3.0715 | std(g_L) = 0.8118 | grad = 3.3485
step  16660 | loss = -3.0920 | g_L = +3.0920 | EMA = +3.0689 | std(g_L) = 0.7879 | grad = 1.9044
step  16680 | loss = -3.0729 | g_L = +3.0729 | EMA = +3.0590 | std(g_L) = 0.8102 | grad = 1.5762
step  16700 | loss = -3.0256 | g_L = +3.0256 | EMA = +3.0667 | std(g_L) = 0.9530 | grad = 0.7664
step  16720 | loss = -3.1053 | g_L = +3.1053 | EMA = +3.0601 | std(g_L) = 0.7781 | grad = 2.2917
step  16740 | loss = -3.0593 | g_L = +3.0593 | EMA = +3.0678 | std(g_L) = 0.7885 | grad = 1.8984
step  16760 | loss = -3.0048 | g_L = +3.0048 | EMA = +3.0641 | std(g_L) = 0.8277 | grad = 0.8060
step  16780 | loss = -3.0435 | g_L = +3.0435 | EMA = +3.0621 | std(g_L) = 0.8171 | grad = 0.2908
step  16800 | loss = -3.0416 | g_L = +3.0416 | EMA = +3.0340 | std(g_L) = 0.8234 | grad = 1.2263
step  16820 | loss = -3.2124 | g_L = +3.2124 | EMA = +3.0727 | std(g_L) = 0.6932 | grad = 0.9403
step  16840 | loss = -2.9680 | g_L = +2.9680 | EMA = +3.0754 | std(g_L) = 0.9110 | grad = 1.1245
step  16860 | loss = -3.0677 | g_L = +3.0677 | EMA = +3.0846 | std(g_L) = 0.7340 | grad = 0.5767
step  16880 | loss = -3.1169 | g_L = +3.1169 | EMA = +3.0687 | std(g_L) = 0.7024 | grad = 1.1767
step  16900 | loss = -3.0466 | g_L = +3.0466 | EMA = +3.0563 | std(g_L) = 0.8285 | grad = 1.5742
step  16920 | loss = -3.0185 | g_L = +3.0185 | EMA = +3.0455 | std(g_L) = 0.9027 | grad = 1.5676
step  16940 | loss = -3.0837 | g_L = +3.0837 | EMA = +3.0680 | std(g_L) = 0.7771 | grad = 1.4961
step  16960 | loss = -3.0520 | g_L = +3.0520 | EMA = +3.0680 | std(g_L) = 0.7809 | grad = 1.0405
step  16980 | loss = -3.0569 | g_L = +3.0569 | EMA = +3.0688 | std(g_L) = 0.9119 | grad = 0.8729
step  17000 | loss = -3.0521 | g_L = +3.0521 | EMA = +3.0652 | std(g_L) = 0.8055 | grad = 0.9026
step  17020 | loss = -3.0429 | g_L = +3.0429 | EMA = +3.0575 | std(g_L) = 0.7876 | grad = 0.4961
step  17040 | loss = -3.2022 | g_L = +3.2022 | EMA = +3.0545 | std(g_L) = 0.6820 | grad = 0.7677
step  17060 | loss = -2.9781 | g_L = +2.9781 | EMA = +3.0651 | std(g_L) = 0.8200 | grad = 1.1888
step  17080 | loss = -2.9225 | g_L = +2.9225 | EMA = +3.0585 | std(g_L) = 0.8547 | grad = 0.5252
step  17100 | loss = -3.0887 | g_L = +3.0887 | EMA = +3.0664 | std(g_L) = 0.7695 | grad = 3.1004
step  17120 | loss = -3.0797 | g_L = +3.0797 | EMA = +3.0687 | std(g_L) = 0.8132 | grad = 0.4361
step  17140 | loss = -2.9996 | g_L = +2.9996 | EMA = +3.0660 | std(g_L) = 1.0517 | grad = 1.2551
step  17160 | loss = -3.1487 | g_L = +3.1487 | EMA = +3.0743 | std(g_L) = 0.7700 | grad = 0.6658
step  17180 | loss = -3.0556 | g_L = +3.0556 | EMA = +3.0756 | std(g_L) = 0.6993 | grad = 0.8521
step  17200 | loss = -3.1106 | g_L = +3.1106 | EMA = +3.0780 | std(g_L) = 0.8250 | grad = 1.8074
step  17220 | loss = -3.1237 | g_L = +3.1237 | EMA = +3.0679 | std(g_L) = 0.8359 | grad = 0.8654
step  17240 | loss = -3.0996 | g_L = +3.0996 | EMA = +3.0661 | std(g_L) = 0.7451 | grad = 0.8027
step  17260 | loss = -3.0441 | g_L = +3.0441 | EMA = +3.0712 | std(g_L) = 0.7174 | grad = 1.3643
step  17280 | loss = -3.0880 | g_L = +3.0880 | EMA = +3.0693 | std(g_L) = 0.7801 | grad = 1.0258
step  17300 | loss = -3.0861 | g_L = +3.0861 | EMA = +3.0841 | std(g_L) = 0.8210 | grad = 0.7216
step  17320 | loss = -3.0634 | g_L = +3.0634 | EMA = +3.0605 | std(g_L) = 0.8143 | grad = 0.7805
step  17340 | loss = -3.0770 | g_L = +3.0770 | EMA = +3.0541 | std(g_L) = 0.8818 | grad = 1.6947
step  17360 | loss = -2.9609 | g_L = +2.9609 | EMA = +3.0545 | std(g_L) = 0.8742 | grad = 2.5139
step  17380 | loss = -3.1984 | g_L = +3.1984 | EMA = +3.0753 | std(g_L) = 0.7247 | grad = 0.8002
step  17400 | loss = -2.9739 | g_L = +2.9739 | EMA = +3.0639 | std(g_L) = 0.8414 | grad = 3.7368
step  17420 | loss = -3.0715 | g_L = +3.0715 | EMA = +3.0809 | std(g_L) = 0.7950 | grad = 1.6685
step  17440 | loss = -3.2000 | g_L = +3.2000 | EMA = +3.0779 | std(g_L) = 0.6244 | grad = 0.9008
step  17460 | loss = -3.0754 | g_L = +3.0754 | EMA = +3.0612 | std(g_L) = 0.7614 | grad = 1.9141
step  17480 | loss = -3.1203 | g_L = +3.1203 | EMA = +3.0733 | std(g_L) = 0.7980 | grad = 1.8472
step  17500 | loss = -3.1120 | g_L = +3.1120 | EMA = +3.0730 | std(g_L) = 0.7681 | grad = 1.5731
step  17520 | loss = -3.1249 | g_L = +3.1249 | EMA = +3.0652 | std(g_L) = 0.6974 | grad = 1.1144
step  17540 | loss = -3.1458 | g_L = +3.1458 | EMA = +3.0610 | std(g_L) = 0.6796 | grad = 0.7511
step  17560 | loss = -3.0017 | g_L = +3.0017 | EMA = +3.0545 | std(g_L) = 1.0758 | grad = 1.3504
step  17580 | loss = -3.1323 | g_L = +3.1323 | EMA = +3.0665 | std(g_L) = 0.7675 | grad = 4.4183
step  17600 | loss = -3.1391 | g_L = +3.1391 | EMA = +3.0637 | std(g_L) = 0.8073 | grad = 0.6706
step  17620 | loss = -3.1512 | g_L = +3.1512 | EMA = +3.0735 | std(g_L) = 0.8309 | grad = 0.9423
step  17640 | loss = -3.0849 | g_L = +3.0849 | EMA = +3.0661 | std(g_L) = 0.7388 | grad = 1.0858
step  17660 | loss = -3.1328 | g_L = +3.1328 | EMA = +3.0793 | std(g_L) = 0.7159 | grad = 0.6339
step  17680 | loss = -3.0363 | g_L = +3.0363 | EMA = +3.0493 | std(g_L) = 0.7952 | grad = 0.7224
step  17700 | loss = -3.0776 | g_L = +3.0776 | EMA = +3.0505 | std(g_L) = 0.8187 | grad = 0.6989
step  17720 | loss = -3.1520 | g_L = +3.1520 | EMA = +3.0610 | std(g_L) = 0.6946 | grad = 1.6055
step  17740 | loss = -3.0380 | g_L = +3.0380 | EMA = +3.0549 | std(g_L) = 0.9268 | grad = 0.8435
step  17760 | loss = -3.1343 | g_L = +3.1343 | EMA = +3.0729 | std(g_L) = 0.6720 | grad = 0.8464
step  17780 | loss = -3.0677 | g_L = +3.0677 | EMA = +3.0698 | std(g_L) = 0.8290 | grad = 0.9149
step  17800 | loss = -3.1082 | g_L = +3.1082 | EMA = +3.0832 | std(g_L) = 0.7121 | grad = 1.1450
step  17820 | loss = -3.1011 | g_L = +3.1011 | EMA = +3.0949 | std(g_L) = 0.8115 | grad = 0.7933
step  17840 | loss = -2.9669 | g_L = +2.9669 | EMA = +3.0722 | std(g_L) = 0.9950 | grad = 0.8091
step  17860 | loss = -3.0835 | g_L = +3.0835 | EMA = +3.0634 | std(g_L) = 0.7825 | grad = 1.2296
step  17880 | loss = -3.1568 | g_L = +3.1568 | EMA = +3.0745 | std(g_L) = 0.6573 | grad = 1.1945
step  17900 | loss = -3.1149 | g_L = +3.1149 | EMA = +3.0618 | std(g_L) = 0.7825 | grad = 2.2328
step  17920 | loss = -3.1334 | g_L = +3.1334 | EMA = +3.0644 | std(g_L) = 0.6620 | grad = 0.9395
step  17940 | loss = -3.1500 | g_L = +3.1500 | EMA = +3.0843 | std(g_L) = 0.7866 | grad = 1.2803
step  17960 | loss = -3.0838 | g_L = +3.0838 | EMA = +3.0867 | std(g_L) = 0.7517 | grad = 2.4995
step  17980 | loss = -3.0735 | g_L = +3.0735 | EMA = +3.0571 | std(g_L) = 0.7339 | grad = 0.8031
step  18000 | loss = -3.0800 | g_L = +3.0800 | EMA = +3.0843 | std(g_L) = 0.7645 | grad = 0.8543
step  18020 | loss = -3.0326 | g_L = +3.0326 | EMA = +3.0687 | std(g_L) = 0.8989 | grad = 1.0949
step  18040 | loss = -3.1370 | g_L = +3.1370 | EMA = +3.0711 | std(g_L) = 0.8773 | grad = 0.4448
step  18060 | loss = -3.0630 | g_L = +3.0630 | EMA = +3.0750 | std(g_L) = 0.7632 | grad = 0.5802
step  18080 | loss = -3.0031 | g_L = +3.0031 | EMA = +3.0709 | std(g_L) = 0.9148 | grad = 0.8844
step  18100 | loss = -3.1109 | g_L = +3.1109 | EMA = +3.0781 | std(g_L) = 0.6745 | grad = 1.0868
step  18120 | loss = -3.0723 | g_L = +3.0723 | EMA = +3.0817 | std(g_L) = 0.7066 | grad = 1.5670
step  18140 | loss = -3.0301 | g_L = +3.0301 | EMA = +3.0753 | std(g_L) = 0.8274 | grad = 1.4494
step  18160 | loss = -3.1528 | g_L = +3.1528 | EMA = +3.0899 | std(g_L) = 0.6614 | grad = 0.6454
step  18180 | loss = -3.1035 | g_L = +3.1035 | EMA = +3.0982 | std(g_L) = 0.7582 | grad = 0.8245
step  18200 | loss = -3.1036 | g_L = +3.1036 | EMA = +3.0922 | std(g_L) = 0.7537 | grad = 0.6579
step  18220 | loss = -3.1340 | g_L = +3.1340 | EMA = +3.0811 | std(g_L) = 0.7817 | grad = 1.8588
step  18240 | loss = -3.0699 | g_L = +3.0699 | EMA = +3.0834 | std(g_L) = 0.8704 | grad = 1.9078
step  18260 | loss = -3.1047 | g_L = +3.1047 | EMA = +3.0744 | std(g_L) = 0.9663 | grad = 1.2469
step  18280 | loss = -3.1035 | g_L = +3.1035 | EMA = +3.0733 | std(g_L) = 0.7021 | grad = 0.8770
step  18300 | loss = -3.0171 | g_L = +3.0171 | EMA = +3.0640 | std(g_L) = 1.0455 | grad = 2.4541
step  18320 | loss = -2.9978 | g_L = +2.9978 | EMA = +3.0636 | std(g_L) = 1.3627 | grad = 1.5881
step  18340 | loss = -3.0063 | g_L = +3.0063 | EMA = +3.0733 | std(g_L) = 0.9324 | grad = 0.8598
step  18360 | loss = -3.0398 | g_L = +3.0398 | EMA = +3.0584 | std(g_L) = 0.8982 | grad = 1.5815
step  18380 | loss = -3.0738 | g_L = +3.0738 | EMA = +3.0623 | std(g_L) = 0.6963 | grad = 1.4343
step  18400 | loss = -3.0372 | g_L = +3.0372 | EMA = +3.0662 | std(g_L) = 0.7762 | grad = 1.1147
step  18420 | loss = -3.0568 | g_L = +3.0568 | EMA = +3.0709 | std(g_L) = 0.9176 | grad = 1.3054
step  18440 | loss = -3.0884 | g_L = +3.0884 | EMA = +3.0698 | std(g_L) = 0.8969 | grad = 0.5350
step  18460 | loss = -3.0950 | g_L = +3.0950 | EMA = +3.0795 | std(g_L) = 0.8599 | grad = 1.4503
step  18480 | loss = -3.1234 | g_L = +3.1234 | EMA = +3.0771 | std(g_L) = 0.7647 | grad = 2.1963
step  18500 | loss = -3.0931 | g_L = +3.0931 | EMA = +3.0651 | std(g_L) = 0.8407 | grad = 1.8381
step  18520 | loss = -3.0825 | g_L = +3.0825 | EMA = +3.0635 | std(g_L) = 0.7070 | grad = 1.1949
step  18540 | loss = -3.0272 | g_L = +3.0272 | EMA = +3.0591 | std(g_L) = 0.9420 | grad = 2.2926
step  18560 | loss = -3.0724 | g_L = +3.0724 | EMA = +3.0584 | std(g_L) = 0.7668 | grad = 1.1733
step  18580 | loss = -2.9784 | g_L = +2.9784 | EMA = +3.0593 | std(g_L) = 0.9486 | grad = 0.6035
step  18600 | loss = -3.0662 | g_L = +3.0662 | EMA = +3.0677 | std(g_L) = 0.7912 | grad = 1.1780
step  18620 | loss = -3.0320 | g_L = +3.0320 | EMA = +3.0683 | std(g_L) = 0.6965 | grad = 0.6813
step  18640 | loss = -3.1277 | g_L = +3.1277 | EMA = +3.0642 | std(g_L) = 0.8136 | grad = 0.6725
step  18660 | loss = -3.0834 | g_L = +3.0834 | EMA = +3.0834 | std(g_L) = 0.7601 | grad = 0.9535
step  18680 | loss = -3.2176 | g_L = +3.2176 | EMA = +3.0831 | std(g_L) = 0.6706 | grad = 0.6336
step  18700 | loss = -3.0201 | g_L = +3.0201 | EMA = +3.0830 | std(g_L) = 0.7916 | grad = 0.7980
step  18720 | loss = -3.1561 | g_L = +3.1561 | EMA = +3.0976 | std(g_L) = 0.6216 | grad = 0.7579
step  18740 | loss = -3.1263 | g_L = +3.1263 | EMA = +3.0728 | std(g_L) = 0.8768 | grad = 0.7980
step  18760 | loss = -3.0656 | g_L = +3.0656 | EMA = +3.0864 | std(g_L) = 0.8495 | grad = 1.9760
step  18780 | loss = -3.0912 | g_L = +3.0912 | EMA = +3.0801 | std(g_L) = 0.7417 | grad = 1.1802
step  18800 | loss = -3.0474 | g_L = +3.0474 | EMA = +3.0766 | std(g_L) = 0.7898 | grad = 0.9117
step  18820 | loss = -3.0467 | g_L = +3.0467 | EMA = +3.0700 | std(g_L) = 0.8390 | grad = 0.8870
step  18840 | loss = -3.0909 | g_L = +3.0909 | EMA = +3.0744 | std(g_L) = 0.8251 | grad = 1.2166
step  18860 | loss = -3.1059 | g_L = +3.1059 | EMA = +3.0693 | std(g_L) = 0.6823 | grad = 2.3487
step  18880 | loss = -3.1184 | g_L = +3.1184 | EMA = +3.0686 | std(g_L) = 0.8008 | grad = 0.6256
step  18900 | loss = -3.0106 | g_L = +3.0106 | EMA = +3.0696 | std(g_L) = 0.8374 | grad = 1.1445
step  18920 | loss = -3.1108 | g_L = +3.1108 | EMA = +3.0678 | std(g_L) = 0.7608 | grad = 1.6805
step  18940 | loss = -3.0448 | g_L = +3.0448 | EMA = +3.0838 | std(g_L) = 0.8281 | grad = 0.6415
step  18960 | loss = -3.0893 | g_L = +3.0893 | EMA = +3.0760 | std(g_L) = 0.8418 | grad = 1.0858
step  18980 | loss = -3.1245 | g_L = +3.1245 | EMA = +3.0810 | std(g_L) = 0.7379 | grad = 1.2218
step  19000 | loss = -3.1241 | g_L = +3.1241 | EMA = +3.0871 | std(g_L) = 0.8932 | grad = 0.3944
step  19020 | loss = -3.0894 | g_L = +3.0894 | EMA = +3.0652 | std(g_L) = 0.7631 | grad = 1.1388
step  19040 | loss = -3.0409 | g_L = +3.0409 | EMA = +3.0579 | std(g_L) = 0.7821 | grad = 1.2127
step  19060 | loss = -3.0875 | g_L = +3.0875 | EMA = +3.0697 | std(g_L) = 0.8483 | grad = 0.7536
step  19080 | loss = -3.1334 | g_L = +3.1334 | EMA = +3.0803 | std(g_L) = 0.8198 | grad = 0.9817
step  19100 | loss = -2.9292 | g_L = +2.9292 | EMA = +3.0742 | std(g_L) = 0.8559 | grad = 0.9640
step  19120 | loss = -3.0793 | g_L = +3.0793 | EMA = +3.0727 | std(g_L) = 0.7060 | grad = 1.3377
step  19140 | loss = -3.0778 | g_L = +3.0778 | EMA = +3.0877 | std(g_L) = 0.7829 | grad = 1.7972
step  19160 | loss = -3.0065 | g_L = +3.0065 | EMA = +3.0856 | std(g_L) = 0.8815 | grad = 0.8741
step  19180 | loss = -2.9577 | g_L = +2.9577 | EMA = +3.0537 | std(g_L) = 0.7843 | grad = 2.0130
step  19200 | loss = -3.0412 | g_L = +3.0412 | EMA = +3.0680 | std(g_L) = 0.8060 | grad = 0.9125
step  19220 | loss = -3.1162 | g_L = +3.1162 | EMA = +3.0710 | std(g_L) = 0.7777 | grad = 0.8292
step  19240 | loss = -3.0286 | g_L = +3.0286 | EMA = +3.0693 | std(g_L) = 0.8950 | grad = 1.5589
step  19260 | loss = -3.1271 | g_L = +3.1271 | EMA = +3.0732 | std(g_L) = 0.9410 | grad = 1.0081
step  19280 | loss = -3.1105 | g_L = +3.1105 | EMA = +3.0729 | std(g_L) = 0.8651 | grad = 0.6892
step  19300 | loss = -3.1124 | g_L = +3.1124 | EMA = +3.0742 | std(g_L) = 0.6868 | grad = 1.0389
step  19320 | loss = -3.0048 | g_L = +3.0048 | EMA = +3.0691 | std(g_L) = 0.7877 | grad = 0.5511
step  19340 | loss = -3.1081 | g_L = +3.1081 | EMA = +3.0775 | std(g_L) = 0.7041 | grad = 2.0380
step  19360 | loss = -3.1575 | g_L = +3.1575 | EMA = +3.0795 | std(g_L) = 0.7738 | grad = 1.0595
step  19380 | loss = -3.1540 | g_L = +3.1540 | EMA = +3.0705 | std(g_L) = 0.7274 | grad = 1.0812
step  19400 | loss = -3.0390 | g_L = +3.0390 | EMA = +3.0832 | std(g_L) = 0.8822 | grad = 1.0246
step  19420 | loss = -3.1870 | g_L = +3.1870 | EMA = +3.0962 | std(g_L) = 0.7107 | grad = 1.7748
step  19440 | loss = -3.1601 | g_L = +3.1601 | EMA = +3.0880 | std(g_L) = 0.6708 | grad = 0.7578
step  19460 | loss = -2.9022 | g_L = +2.9022 | EMA = +3.0680 | std(g_L) = 0.8916 | grad = 2.6551
step  19480 | loss = -3.0977 | g_L = +3.0977 | EMA = +3.0618 | std(g_L) = 0.8842 | grad = 1.1185
step  19500 | loss = -3.0838 | g_L = +3.0838 | EMA = +3.0677 | std(g_L) = 0.7925 | grad = 1.2942
step  19520 | loss = -3.0881 | g_L = +3.0881 | EMA = +3.0880 | std(g_L) = 0.7423 | grad = 1.0627
step  19540 | loss = -3.1055 | g_L = +3.1055 | EMA = +3.0687 | std(g_L) = 0.8044 | grad = 1.1841
step  19560 | loss = -2.9826 | g_L = +2.9826 | EMA = +3.0603 | std(g_L) = 0.8752 | grad = 0.7894
step  19580 | loss = -3.0991 | g_L = +3.0991 | EMA = +3.0671 | std(g_L) = 0.7277 | grad = 0.4987
step  19600 | loss = -3.1488 | g_L = +3.1488 | EMA = +3.0822 | std(g_L) = 0.8223 | grad = 1.2193
step  19620 | loss = -3.0592 | g_L = +3.0592 | EMA = +3.0686 | std(g_L) = 0.8757 | grad = 1.0362
step  19640 | loss = -3.0609 | g_L = +3.0609 | EMA = +3.0651 | std(g_L) = 0.8129 | grad = 1.9396
step  19660 | loss = -3.0922 | g_L = +3.0922 | EMA = +3.0594 | std(g_L) = 0.8184 | grad = 0.3929
step  19680 | loss = -3.0006 | g_L = +3.0006 | EMA = +3.0606 | std(g_L) = 0.8804 | grad = 3.3043
step  19700 | loss = -3.0866 | g_L = +3.0866 | EMA = +3.0786 | std(g_L) = 0.8144 | grad = 1.2852
step  19720 | loss = -3.0875 | g_L = +3.0875 | EMA = +3.0672 | std(g_L) = 0.8282 | grad = 1.6889
step  19740 | loss = -3.0663 | g_L = +3.0663 | EMA = +3.0748 | std(g_L) = 0.7850 | grad = 1.4218
step  19760 | loss = -3.1333 | g_L = +3.1333 | EMA = +3.0812 | std(g_L) = 0.7424 | grad = 0.7768
step  19780 | loss = -3.1124 | g_L = +3.1124 | EMA = +3.0876 | std(g_L) = 0.8899 | grad = 0.9674
step  19800 | loss = -2.9680 | g_L = +2.9680 | EMA = +3.0942 | std(g_L) = 1.0069 | grad = 1.0492
step  19820 | loss = -3.1779 | g_L = +3.1779 | EMA = +3.0878 | std(g_L) = 0.6550 | grad = 1.1813
step  19840 | loss = -3.0717 | g_L = +3.0717 | EMA = +3.0870 | std(g_L) = 0.7830 | grad = 0.5818
step  19860 | loss = -3.0280 | g_L = +3.0280 | EMA = +3.0766 | std(g_L) = 0.9117 | grad = 1.9784
step  19880 | loss = -3.0900 | g_L = +3.0900 | EMA = +3.0675 | std(g_L) = 0.8740 | grad = 1.2450
step  19900 | loss = -3.1301 | g_L = +3.1301 | EMA = +3.0834 | std(g_L) = 0.6450 | grad = 0.6881
step  19920 | loss = -3.1439 | g_L = +3.1439 | EMA = +3.0995 | std(g_L) = 0.6810 | grad = 1.6757
step  19940 | loss = -3.0245 | g_L = +3.0245 | EMA = +3.0851 | std(g_L) = 0.8387 | grad = 0.6371
step  19960 | loss = -3.0664 | g_L = +3.0664 | EMA = +3.0939 | std(g_L) = 0.9047 | grad = 1.7888
step  19980 | loss = -3.0837 | g_L = +3.0837 | EMA = +3.0882 | std(g_L) = 0.7122 | grad = 0.7174
step  20000 | loss = -3.1098 | g_L = +3.1098 | EMA = +3.0801 | std(g_L) = 0.7264 | grad = 1.0521
step  20020 | loss = -3.1414 | g_L = +3.1414 | EMA = +3.0747 | std(g_L) = 0.7172 | grad = 1.0676
step  20040 | loss = -3.1017 | g_L = +3.1017 | EMA = +3.0808 | std(g_L) = 0.8833 | grad = 1.4132
step  20060 | loss = -3.0578 | g_L = +3.0578 | EMA = +3.0814 | std(g_L) = 0.8059 | grad = 0.7215
step  20080 | loss = -2.9943 | g_L = +2.9943 | EMA = +3.0717 | std(g_L) = 0.9056 | grad = 1.8888
step  20100 | loss = -3.0321 | g_L = +3.0321 | EMA = +3.0842 | std(g_L) = 0.9155 | grad = 0.9241
step  20120 | loss = -3.0414 | g_L = +3.0414 | EMA = +3.0742 | std(g_L) = 0.8587 | grad = 2.2617
step  20140 | loss = -2.9733 | g_L = +2.9733 | EMA = +3.0601 | std(g_L) = 0.7682 | grad = 1.4857
step  20160 | loss = -3.0077 | g_L = +3.0077 | EMA = +3.0929 | std(g_L) = 0.9899 | grad = 2.0006
step  20180 | loss = -3.1418 | g_L = +3.1418 | EMA = +3.0923 | std(g_L) = 0.7162 | grad = 1.2965
step  20200 | loss = -3.0989 | g_L = +3.0989 | EMA = +3.0946 | std(g_L) = 0.6987 | grad = 1.6218
step  20220 | loss = -3.0632 | g_L = +3.0632 | EMA = +3.0975 | std(g_L) = 0.7808 | grad = 0.5690
step  20240 | loss = -3.0556 | g_L = +3.0556 | EMA = +3.0915 | std(g_L) = 0.8446 | grad = 2.1035
step  20260 | loss = -3.0531 | g_L = +3.0531 | EMA = +3.0759 | std(g_L) = 0.7083 | grad = 0.7995
step  20280 | loss = -3.0571 | g_L = +3.0571 | EMA = +3.0758 | std(g_L) = 0.7078 | grad = 0.7849
step  20300 | loss = -3.1289 | g_L = +3.1289 | EMA = +3.0749 | std(g_L) = 0.7754 | grad = 0.7778
step  20320 | loss = -3.1227 | g_L = +3.1227 | EMA = +3.0918 | std(g_L) = 0.7990 | grad = 1.4501
step  20340 | loss = -2.9959 | g_L = +2.9959 | EMA = +3.0694 | std(g_L) = 0.7905 | grad = 1.1934
step  20360 | loss = -3.0775 | g_L = +3.0775 | EMA = +3.0747 | std(g_L) = 0.8566 | grad = 1.9734
step  20380 | loss = -2.9080 | g_L = +2.9080 | EMA = +3.0654 | std(g_L) = 0.9309 | grad = 1.4559
step  20400 | loss = -3.1689 | g_L = +3.1689 | EMA = +3.0935 | std(g_L) = 0.6654 | grad = 1.8303
step  20420 | loss = -3.1345 | g_L = +3.1345 | EMA = +3.0793 | std(g_L) = 0.7852 | grad = 1.1367
step  20440 | loss = -3.1013 | g_L = +3.1013 | EMA = +3.0947 | std(g_L) = 0.7218 | grad = 1.3739
step  20460 | loss = -2.9619 | g_L = +2.9619 | EMA = +3.0830 | std(g_L) = 1.0486 | grad = 1.6574
step  20480 | loss = -3.2074 | g_L = +3.2074 | EMA = +3.0816 | std(g_L) = 0.7179 | grad = 1.3160
step  20500 | loss = -3.0454 | g_L = +3.0454 | EMA = +3.0765 | std(g_L) = 0.8436 | grad = 1.1444
step  20520 | loss = -2.9554 | g_L = +2.9554 | EMA = +3.0586 | std(g_L) = 0.8842 | grad = 0.3461
step  20540 | loss = -3.1787 | g_L = +3.1787 | EMA = +3.0741 | std(g_L) = 0.6530 | grad = 1.0402
step  20560 | loss = -3.0222 | g_L = +3.0222 | EMA = +3.0765 | std(g_L) = 1.0670 | grad = 1.0353
step  20580 | loss = -3.0419 | g_L = +3.0419 | EMA = +3.0700 | std(g_L) = 0.8036 | grad = 1.8069
step  20600 | loss = -3.0488 | g_L = +3.0488 | EMA = +3.0839 | std(g_L) = 0.7274 | grad = 0.5025
step  20620 | loss = -3.0928 | g_L = +3.0928 | EMA = +3.0801 | std(g_L) = 0.8329 | grad = 1.5348
step  20640 | loss = -3.0680 | g_L = +3.0680 | EMA = +3.0800 | std(g_L) = 0.8427 | grad = 1.1472
step  20660 | loss = -3.0957 | g_L = +3.0957 | EMA = +3.0738 | std(g_L) = 0.7662 | grad = 0.4090
step  20680 | loss = -3.1136 | g_L = +3.1136 | EMA = +3.0791 | std(g_L) = 0.8198 | grad = 0.8046
step  20700 | loss = -3.1112 | g_L = +3.1112 | EMA = +3.0790 | std(g_L) = 0.7437 | grad = 0.6430
step  20720 | loss = -3.0513 | g_L = +3.0513 | EMA = +3.0909 | std(g_L) = 0.7345 | grad = 0.8400
step  20740 | loss = -3.1113 | g_L = +3.1113 | EMA = +3.0964 | std(g_L) = 0.7618 | grad = 2.5006
step  20760 | loss = -3.0166 | g_L = +3.0166 | EMA = +3.0775 | std(g_L) = 0.9116 | grad = 1.6827
step  20780 | loss = -3.1066 | g_L = +3.1066 | EMA = +3.0788 | std(g_L) = 0.8053 | grad = 0.3379
step  20800 | loss = -3.0412 | g_L = +3.0412 | EMA = +3.0808 | std(g_L) = 0.9624 | grad = 0.9644
step  20820 | loss = -3.0948 | g_L = +3.0948 | EMA = +3.0829 | std(g_L) = 0.7457 | grad = 1.4803
step  20840 | loss = -3.0457 | g_L = +3.0457 | EMA = +3.0911 | std(g_L) = 0.8441 | grad = 1.7820
step  20860 | loss = -3.1503 | g_L = +3.1503 | EMA = +3.1033 | std(g_L) = 0.7185 | grad = 1.0511
step  20880 | loss = -3.1379 | g_L = +3.1379 | EMA = +3.0970 | std(g_L) = 0.8128 | grad = 0.5164
step  20900 | loss = -3.0491 | g_L = +3.0491 | EMA = +3.0777 | std(g_L) = 1.0364 | grad = 0.6546
step  20920 | loss = -3.0934 | g_L = +3.0934 | EMA = +3.0843 | std(g_L) = 0.8802 | grad = 1.2269
step  20940 | loss = -3.1660 | g_L = +3.1660 | EMA = +3.0919 | std(g_L) = 0.7964 | grad = 2.5421
step  20960 | loss = -3.0746 | g_L = +3.0746 | EMA = +3.0846 | std(g_L) = 0.7665 | grad = 1.4104
step  20980 | loss = -3.0266 | g_L = +3.0266 | EMA = +3.0852 | std(g_L) = 0.8024 | grad = 0.5470
step  21000 | loss = -3.1438 | g_L = +3.1438 | EMA = +3.0733 | std(g_L) = 0.7314 | grad = 1.0343
step  21020 | loss = -3.1312 | g_L = +3.1312 | EMA = +3.0911 | std(g_L) = 0.7992 | grad = 1.4390
step  21040 | loss = -2.9993 | g_L = +2.9993 | EMA = +3.0790 | std(g_L) = 0.9681 | grad = 1.1139
step  21060 | loss = -3.0570 | g_L = +3.0570 | EMA = +3.0963 | std(g_L) = 0.7635 | grad = 0.9329
step  21080 | loss = -3.0981 | g_L = +3.0981 | EMA = +3.1090 | std(g_L) = 0.7979 | grad = 1.5263
step  21100 | loss = -3.1107 | g_L = +3.1107 | EMA = +3.0939 | std(g_L) = 0.8578 | grad = 0.8784
step  21120 | loss = -3.1636 | g_L = +3.1636 | EMA = +3.0874 | std(g_L) = 0.7184 | grad = 1.0187
step  21140 | loss = -3.1878 | g_L = +3.1878 | EMA = +3.0937 | std(g_L) = 0.6911 | grad = 0.6757
step  21160 | loss = -3.1370 | g_L = +3.1370 | EMA = +3.0877 | std(g_L) = 0.6685 | grad = 3.2084
step  21180 | loss = -3.1270 | g_L = +3.1270 | EMA = +3.0839 | std(g_L) = 0.6957 | grad = 1.7337
step  21200 | loss = -3.2226 | g_L = +3.2226 | EMA = +3.0825 | std(g_L) = 0.6526 | grad = 1.9421
step  21220 | loss = -3.0159 | g_L = +3.0159 | EMA = +3.0785 | std(g_L) = 0.8048 | grad = 0.4525
step  21240 | loss = -3.0733 | g_L = +3.0733 | EMA = +3.0793 | std(g_L) = 0.7799 | grad = 0.9638
step  21260 | loss = -3.0703 | g_L = +3.0703 | EMA = +3.0818 | std(g_L) = 0.7495 | grad = 1.3694
step  21280 | loss = -3.2135 | g_L = +3.2135 | EMA = +3.0808 | std(g_L) = 0.6594 | grad = 1.1235
step  21300 | loss = -3.0451 | g_L = +3.0451 | EMA = +3.0803 | std(g_L) = 0.8657 | grad = 1.1873
step  21320 | loss = -2.9743 | g_L = +2.9743 | EMA = +3.0805 | std(g_L) = 0.9660 | grad = 1.0448
step  21340 | loss = -3.0845 | g_L = +3.0845 | EMA = +3.0800 | std(g_L) = 0.7384 | grad = 0.7783
step  21360 | loss = -2.9840 | g_L = +2.9840 | EMA = +3.0855 | std(g_L) = 0.7220 | grad = 1.0342
step  21380 | loss = -3.0564 | g_L = +3.0564 | EMA = +3.0876 | std(g_L) = 0.8293 | grad = 0.5944
step  21400 | loss = -3.2103 | g_L = +3.2103 | EMA = +3.0876 | std(g_L) = 0.7665 | grad = 1.6311
step  21420 | loss = -3.1062 | g_L = +3.1062 | EMA = +3.0828 | std(g_L) = 0.8881 | grad = 1.7239
step  21440 | loss = -3.0745 | g_L = +3.0745 | EMA = +3.0717 | std(g_L) = 0.9198 | grad = 1.6876
step  21460 | loss = -3.0597 | g_L = +3.0597 | EMA = +3.0717 | std(g_L) = 0.7884 | grad = 1.1988
step  21480 | loss = -3.0112 | g_L = +3.0112 | EMA = +3.0829 | std(g_L) = 0.8444 | grad = 0.5547
step  21500 | loss = -3.1017 | g_L = +3.1017 | EMA = +3.0844 | std(g_L) = 0.9015 | grad = 0.4858
step  21520 | loss = -3.0436 | g_L = +3.0436 | EMA = +3.0798 | std(g_L) = 0.9073 | grad = 5.0108
step  21540 | loss = -3.0099 | g_L = +3.0099 | EMA = +3.0784 | std(g_L) = 0.8623 | grad = 1.8746
step  21560 | loss = -3.0855 | g_L = +3.0855 | EMA = +3.0781 | std(g_L) = 0.8636 | grad = 0.5588
step  21580 | loss = -3.0179 | g_L = +3.0179 | EMA = +3.0847 | std(g_L) = 0.9208 | grad = 1.7387
step  21600 | loss = -3.0777 | g_L = +3.0777 | EMA = +3.0948 | std(g_L) = 0.8849 | grad = 2.0203
step  21620 | loss = -3.0750 | g_L = +3.0750 | EMA = +3.0857 | std(g_L) = 0.7290 | grad = 1.9303
step  21640 | loss = -3.0289 | g_L = +3.0289 | EMA = +3.0959 | std(g_L) = 0.8467 | grad = 1.1191
step  21660 | loss = -3.1195 | g_L = +3.1195 | EMA = +3.1027 | std(g_L) = 0.6301 | grad = 1.4222
step  21680 | loss = -3.1387 | g_L = +3.1387 | EMA = +3.1102 | std(g_L) = 0.7406 | grad = 0.7992
step  21700 | loss = -2.9758 | g_L = +2.9758 | EMA = +3.0767 | std(g_L) = 0.8872 | grad = 1.7753
step  21720 | loss = -3.1786 | g_L = +3.1786 | EMA = +3.0725 | std(g_L) = 0.7818 | grad = 0.8537
step  21740 | loss = -3.0600 | g_L = +3.0600 | EMA = +3.0797 | std(g_L) = 0.9336 | grad = 0.7788
step  21760 | loss = -3.0521 | g_L = +3.0521 | EMA = +3.0764 | std(g_L) = 0.9393 | grad = 2.1341
step  21780 | loss = -2.9594 | g_L = +2.9594 | EMA = +3.0838 | std(g_L) = 0.8159 | grad = 1.6269
step  21800 | loss = -3.0045 | g_L = +3.0045 | EMA = +3.0931 | std(g_L) = 0.8689 | grad = 1.3359
step  21820 | loss = -3.0827 | g_L = +3.0827 | EMA = +3.0760 | std(g_L) = 0.6759 | grad = 1.2173
step  21840 | loss = -3.1719 | g_L = +3.1719 | EMA = +3.0960 | std(g_L) = 0.6960 | grad = 2.2870
step  21860 | loss = -3.1160 | g_L = +3.1160 | EMA = +3.0965 | std(g_L) = 0.8627 | grad = 2.6536
step  21880 | loss = -3.0351 | g_L = +3.0351 | EMA = +3.0850 | std(g_L) = 0.8353 | grad = 1.0032
step  21900 | loss = -3.1137 | g_L = +3.1137 | EMA = +3.0941 | std(g_L) = 0.7749 | grad = 1.0739
step  21920 | loss = -3.0823 | g_L = +3.0823 | EMA = +3.0916 | std(g_L) = 0.7865 | grad = 1.3400
step  21940 | loss = -3.2058 | g_L = +3.2058 | EMA = +3.1065 | std(g_L) = 0.7742 | grad = 1.4686
step  21960 | loss = -3.0760 | g_L = +3.0760 | EMA = +3.0833 | std(g_L) = 0.7182 | grad = 1.5274
step  21980 | loss = -2.9838 | g_L = +2.9838 | EMA = +3.0756 | std(g_L) = 0.7995 | grad = 1.2466
step  22000 | loss = -3.0297 | g_L = +3.0297 | EMA = +3.0682 | std(g_L) = 0.8003 | grad = 0.7254
step  22020 | loss = -3.1075 | g_L = +3.1075 | EMA = +3.0758 | std(g_L) = 0.7387 | grad = 1.8805
step  22040 | loss = -3.0243 | g_L = +3.0243 | EMA = +3.0807 | std(g_L) = 0.8497 | grad = 2.6282
step  22060 | loss = -3.1500 | g_L = +3.1500 | EMA = +3.0900 | std(g_L) = 0.7293 | grad = 0.8596
step  22080 | loss = -3.1446 | g_L = +3.1446 | EMA = +3.0825 | std(g_L) = 0.7710 | grad = 0.7667
step  22100 | loss = -3.0990 | g_L = +3.0990 | EMA = +3.0811 | std(g_L) = 0.8416 | grad = 1.3137
step  22120 | loss = -2.9657 | g_L = +2.9657 | EMA = +3.0718 | std(g_L) = 0.9544 | grad = 0.5620
step  22140 | loss = -3.0242 | g_L = +3.0242 | EMA = +3.0756 | std(g_L) = 1.0022 | grad = 1.2200
step  22160 | loss = -3.0564 | g_L = +3.0564 | EMA = +3.0836 | std(g_L) = 0.8638 | grad = 2.2513
step  22180 | loss = -3.0861 | g_L = +3.0861 | EMA = +3.0860 | std(g_L) = 0.8000 | grad = 0.9554
step  22200 | loss = -3.1070 | g_L = +3.1070 | EMA = +3.0944 | std(g_L) = 0.7833 | grad = 3.5978
step  22220 | loss = -3.0892 | g_L = +3.0892 | EMA = +3.0820 | std(g_L) = 0.8771 | grad = 1.6394
step  22240 | loss = -3.1568 | g_L = +3.1568 | EMA = +3.0788 | std(g_L) = 0.8668 | grad = 0.6254
step  22260 | loss = -2.9806 | g_L = +2.9806 | EMA = +3.0918 | std(g_L) = 0.9204 | grad = 2.6656
step  22280 | loss = -3.0504 | g_L = +3.0504 | EMA = +3.0862 | std(g_L) = 0.9598 | grad = 1.2510
step  22300 | loss = -3.1704 | g_L = +3.1704 | EMA = +3.0634 | std(g_L) = 0.6924 | grad = 1.4946
step  22320 | loss = -3.0722 | g_L = +3.0722 | EMA = +3.0832 | std(g_L) = 0.7822 | grad = 1.0967
step  22340 | loss = -3.0376 | g_L = +3.0376 | EMA = +3.0783 | std(g_L) = 0.8625 | grad = 1.1736
step  22360 | loss = -3.0981 | g_L = +3.0981 | EMA = +3.0841 | std(g_L) = 0.9333 | grad = 1.4496
step  22380 | loss = -3.0051 | g_L = +3.0051 | EMA = +3.0792 | std(g_L) = 0.7733 | grad = 0.7093
step  22400 | loss = -3.1462 | g_L = +3.1462 | EMA = +3.0865 | std(g_L) = 0.8501 | grad = 1.7264
step  22420 | loss = -3.0411 | g_L = +3.0411 | EMA = +3.0757 | std(g_L) = 0.8451 | grad = 1.7476
step  22440 | loss = -3.1848 | g_L = +3.1848 | EMA = +3.0856 | std(g_L) = 0.6832 | grad = 0.9472
step  22460 | loss = -3.0410 | g_L = +3.0410 | EMA = +3.0710 | std(g_L) = 0.8086 | grad = 0.8146
step  22480 | loss = -3.0477 | g_L = +3.0477 | EMA = +3.0729 | std(g_L) = 0.9588 | grad = 3.0078
step  22500 | loss = -2.9954 | g_L = +2.9954 | EMA = +3.0959 | std(g_L) = 0.8336 | grad = 1.0350
step  22520 | loss = -3.0823 | g_L = +3.0823 | EMA = +3.0808 | std(g_L) = 0.9232 | grad = 0.8278
step  22540 | loss = -3.0317 | g_L = +3.0317 | EMA = +3.0901 | std(g_L) = 0.8512 | grad = 2.1327
step  22560 | loss = -3.1002 | g_L = +3.1002 | EMA = +3.1013 | std(g_L) = 0.7055 | grad = 1.3081
step  22580 | loss = -3.0738 | g_L = +3.0738 | EMA = +3.0867 | std(g_L) = 0.7706 | grad = 0.8798
step  22600 | loss = -3.0501 | g_L = +3.0501 | EMA = +3.0772 | std(g_L) = 0.7901 | grad = 0.8571
step  22620 | loss = -3.0656 | g_L = +3.0656 | EMA = +3.0732 | std(g_L) = 0.8251 | grad = 0.7878
step  22640 | loss = -2.9124 | g_L = +2.9124 | EMA = +3.0825 | std(g_L) = 0.9951 | grad = 0.3214
step  22660 | loss = -3.0122 | g_L = +3.0122 | EMA = +3.0977 | std(g_L) = 0.8710 | grad = 1.0764
step  22680 | loss = -3.0294 | g_L = +3.0294 | EMA = +3.0823 | std(g_L) = 0.7963 | grad = 2.1087
step  22700 | loss = -3.1468 | g_L = +3.1468 | EMA = +3.0889 | std(g_L) = 0.6996 | grad = 2.2969
step  22720 | loss = -3.1067 | g_L = +3.1067 | EMA = +3.0770 | std(g_L) = 0.8589 | grad = 0.4716
step  22740 | loss = -2.9877 | g_L = +2.9877 | EMA = +3.0826 | std(g_L) = 1.0071 | grad = 1.3244
step  22760 | loss = -3.0600 | g_L = +3.0600 | EMA = +3.0869 | std(g_L) = 0.7077 | grad = 1.1392
step  22780 | loss = -3.0657 | g_L = +3.0657 | EMA = +3.0914 | std(g_L) = 0.8197 | grad = 0.6415
step  22800 | loss = -3.0963 | g_L = +3.0963 | EMA = +3.0896 | std(g_L) = 0.8957 | grad = 1.4924
step  22820 | loss = -3.1022 | g_L = +3.1022 | EMA = +3.0899 | std(g_L) = 0.7424 | grad = 0.9044
step  22840 | loss = -3.1174 | g_L = +3.1174 | EMA = +3.0989 | std(g_L) = 0.8617 | grad = 3.1660
step  22860 | loss = -3.0511 | g_L = +3.0511 | EMA = +3.0929 | std(g_L) = 0.8867 | grad = 2.5090
step  22880 | loss = -2.9952 | g_L = +2.9952 | EMA = +3.0898 | std(g_L) = 1.1123 | grad = 0.9264
step  22900 | loss = -3.1357 | g_L = +3.1357 | EMA = +3.0912 | std(g_L) = 0.7357 | grad = 0.7592
step  22920 | loss = -3.0670 | g_L = +3.0670 | EMA = +3.0932 | std(g_L) = 0.8646 | grad = 1.2678
step  22940 | loss = -3.0780 | g_L = +3.0780 | EMA = +3.0866 | std(g_L) = 0.7886 | grad = 0.8791
step  22960 | loss = -3.0298 | g_L = +3.0298 | EMA = +3.0980 | std(g_L) = 0.8462 | grad = 0.9049
step  22980 | loss = -3.0455 | g_L = +3.0455 | EMA = +3.0750 | std(g_L) = 0.8175 | grad = 2.9835
step  23000 | loss = -3.1144 | g_L = +3.1144 | EMA = +3.0853 | std(g_L) = 1.0542 | grad = 1.3953
step  23020 | loss = -3.1257 | g_L = +3.1257 | EMA = +3.0827 | std(g_L) = 0.7700 | grad = 1.9352
step  23040 | loss = -3.0749 | g_L = +3.0749 | EMA = +3.0988 | std(g_L) = 0.7821 | grad = 0.9365
step  23060 | loss = -3.1381 | g_L = +3.1381 | EMA = +3.0788 | std(g_L) = 0.7520 | grad = 2.5848
step  23080 | loss = -3.0356 | g_L = +3.0356 | EMA = +3.0859 | std(g_L) = 0.9532 | grad = 1.2316
step  23100 | loss = -3.0587 | g_L = +3.0587 | EMA = +3.0818 | std(g_L) = 0.7594 | grad = 0.8553
step  23120 | loss = -3.2174 | g_L = +3.2174 | EMA = +3.0880 | std(g_L) = 0.6965 | grad = 0.9020
step  23140 | loss = -3.0336 | g_L = +3.0336 | EMA = +3.1046 | std(g_L) = 0.8445 | grad = 1.6246
step  23160 | loss = -3.1107 | g_L = +3.1107 | EMA = +3.0951 | std(g_L) = 0.6992 | grad = 1.3858
step  23180 | loss = -3.2184 | g_L = +3.2184 | EMA = +3.1100 | std(g_L) = 0.6860 | grad = 0.5307
step  23200 | loss = -3.1603 | g_L = +3.1603 | EMA = +3.0951 | std(g_L) = 0.8416 | grad = 0.7398
step  23220 | loss = -3.0946 | g_L = +3.0946 | EMA = +3.0956 | std(g_L) = 0.8051 | grad = 1.9846
step  23240 | loss = -3.1353 | g_L = +3.1353 | EMA = +3.0989 | std(g_L) = 0.7358 | grad = 0.4214
step  23260 | loss = -2.9557 | g_L = +2.9557 | EMA = +3.0805 | std(g_L) = 1.0387 | grad = 1.4220
step  23280 | loss = -3.0457 | g_L = +3.0457 | EMA = +3.0733 | std(g_L) = 0.8626 | grad = 3.2162
step  23300 | loss = -2.9709 | g_L = +2.9709 | EMA = +3.0875 | std(g_L) = 0.8605 | grad = 0.7391
step  23320 | loss = -3.0644 | g_L = +3.0644 | EMA = +3.0868 | std(g_L) = 0.7088 | grad = 1.0105
step  23340 | loss = -3.0243 | g_L = +3.0243 | EMA = +3.0942 | std(g_L) = 0.7425 | grad = 0.9147
step  23360 | loss = -3.0545 | g_L = +3.0545 | EMA = +3.0948 | std(g_L) = 0.8048 | grad = 3.0254
step  23380 | loss = -3.0137 | g_L = +3.0137 | EMA = +3.0812 | std(g_L) = 0.8489 | grad = 1.4319
step  23400 | loss = -3.1299 | g_L = +3.1299 | EMA = +3.0890 | std(g_L) = 0.6924 | grad = 2.4091
step  23420 | loss = -3.0578 | g_L = +3.0578 | EMA = +3.1050 | std(g_L) = 0.7299 | grad = 1.3290
step  23440 | loss = -3.0901 | g_L = +3.0901 | EMA = +3.1053 | std(g_L) = 0.9812 | grad = 1.5390
step  23460 | loss = -3.0434 | g_L = +3.0434 | EMA = +3.0850 | std(g_L) = 0.7826 | grad = 2.0267
step  23480 | loss = -3.0665 | g_L = +3.0665 | EMA = +3.0813 | std(g_L) = 0.8429 | grad = 1.7056
step  23500 | loss = -3.1364 | g_L = +3.1364 | EMA = +3.1023 | std(g_L) = 0.8185 | grad = 0.8673
step  23520 | loss = -3.0184 | g_L = +3.0184 | EMA = +3.0937 | std(g_L) = 0.7995 | grad = 1.4835
step  23540 | loss = -3.0024 | g_L = +3.0024 | EMA = +3.0913 | std(g_L) = 0.8281 | grad = 0.3688
step  23560 | loss = -3.1646 | g_L = +3.1646 | EMA = +3.1122 | std(g_L) = 0.7184 | grad = 0.8413
step  23580 | loss = -3.1165 | g_L = +3.1165 | EMA = +3.0968 | std(g_L) = 0.8043 | grad = 0.9200
step  23600 | loss = -3.1008 | g_L = +3.1008 | EMA = +3.0967 | std(g_L) = 0.7311 | grad = 1.7805
step  23620 | loss = -3.1675 | g_L = +3.1675 | EMA = +3.1026 | std(g_L) = 0.7239 | grad = 1.9932
step  23640 | loss = -3.0022 | g_L = +3.0022 | EMA = +3.0797 | std(g_L) = 0.8614 | grad = 0.9045
step  23660 | loss = -3.0336 | g_L = +3.0336 | EMA = +3.0776 | std(g_L) = 0.7615 | grad = 1.1540
step  23680 | loss = -3.0353 | g_L = +3.0353 | EMA = +3.0876 | std(g_L) = 0.9231 | grad = 0.8083
step  23700 | loss = -2.9258 | g_L = +2.9258 | EMA = +3.0696 | std(g_L) = 0.9177 | grad = 1.1523
step  23720 | loss = -3.2522 | g_L = +3.2522 | EMA = +3.0788 | std(g_L) = 0.6231 | grad = 3.2957
step  23740 | loss = -3.1362 | g_L = +3.1362 | EMA = +3.0922 | std(g_L) = 0.8340 | grad = 0.4291
step  23760 | loss = -2.9987 | g_L = +2.9987 | EMA = +3.1028 | std(g_L) = 0.7618 | grad = 1.5856
step  23780 | loss = -3.1448 | g_L = +3.1448 | EMA = +3.1094 | std(g_L) = 0.6908 | grad = 1.0988
step  23800 | loss = -2.9830 | g_L = +2.9830 | EMA = +3.0873 | std(g_L) = 1.0815 | grad = 0.5983
step  23820 | loss = -3.1311 | g_L = +3.1311 | EMA = +3.0939 | std(g_L) = 0.7056 | grad = 0.5460
step  23840 | loss = -3.1376 | g_L = +3.1376 | EMA = +3.0963 | std(g_L) = 0.8255 | grad = 2.9663
step  23860 | loss = -3.0521 | g_L = +3.0521 | EMA = +3.0927 | std(g_L) = 0.8379 | grad = 1.2584
step  23880 | loss = -3.0505 | g_L = +3.0505 | EMA = +3.0968 | std(g_L) = 0.8494 | grad = 0.9995
step  23900 | loss = -3.0538 | g_L = +3.0538 | EMA = +3.0957 | std(g_L) = 0.7270 | grad = 0.6681
step  23920 | loss = -3.0703 | g_L = +3.0703 | EMA = +3.0959 | std(g_L) = 0.8751 | grad = 1.9505
step  23940 | loss = -3.0922 | g_L = +3.0922 | EMA = +3.0916 | std(g_L) = 0.7445 | grad = 1.0523
step  23960 | loss = -2.9123 | g_L = +2.9123 | EMA = +3.0680 | std(g_L) = 1.0662 | grad = 2.1057
step  23980 | loss = -3.0100 | g_L = +3.0100 | EMA = +3.0923 | std(g_L) = 0.9358 | grad = 1.5631
step  24000 | loss = -3.1333 | g_L = +3.1333 | EMA = +3.0894 | std(g_L) = 0.6818 | grad = 1.3299
step  24020 | loss = -3.0651 | g_L = +3.0651 | EMA = +3.0778 | std(g_L) = 0.9836 | grad = 1.9044
step  24040 | loss = -3.0097 | g_L = +3.0097 | EMA = +3.0920 | std(g_L) = 0.8807 | grad = 2.5390
step  24060 | loss = -3.0497 | g_L = +3.0497 | EMA = +3.1107 | std(g_L) = 0.8397 | grad = 1.1366
step  24080 | loss = -3.0869 | g_L = +3.0869 | EMA = +3.1017 | std(g_L) = 0.8138 | grad = 3.8403
step  24100 | loss = -3.1804 | g_L = +3.1804 | EMA = +3.1008 | std(g_L) = 0.7022 | grad = 1.7401
step  24120 | loss = -3.0429 | g_L = +3.0429 | EMA = +3.1027 | std(g_L) = 0.8529 | grad = 1.6956
step  24140 | loss = -3.0739 | g_L = +3.0739 | EMA = +3.0860 | std(g_L) = 0.8100 | grad = 1.5178
step  24160 | loss = -3.0310 | g_L = +3.0310 | EMA = +3.0801 | std(g_L) = 0.8074 | grad = 0.5104
step  24180 | loss = -3.0725 | g_L = +3.0725 | EMA = +3.0804 | std(g_L) = 0.7960 | grad = 1.7154
step  24200 | loss = -2.9916 | g_L = +2.9916 | EMA = +3.0940 | std(g_L) = 1.0143 | grad = 1.8787
step  24220 | loss = -3.0713 | g_L = +3.0713 | EMA = +3.1036 | std(g_L) = 0.7696 | grad = 1.8715
step  24240 | loss = -3.1416 | g_L = +3.1416 | EMA = +3.1062 | std(g_L) = 0.8167 | grad = 3.3019
step  24260 | loss = -3.0965 | g_L = +3.0965 | EMA = +3.1020 | std(g_L) = 0.7326 | grad = 0.6299
step  24280 | loss = -3.1592 | g_L = +3.1592 | EMA = +3.0991 | std(g_L) = 0.7747 | grad = 0.9791
step  24300 | loss = -3.0799 | g_L = +3.0799 | EMA = +3.0865 | std(g_L) = 0.8816 | grad = 1.0924
step  24320 | loss = -3.1292 | g_L = +3.1292 | EMA = +3.0916 | std(g_L) = 0.7264 | grad = 1.0161
step  24340 | loss = -3.0860 | g_L = +3.0860 | EMA = +3.0927 | std(g_L) = 0.8837 | grad = 3.6388
step  24360 | loss = -3.0394 | g_L = +3.0394 | EMA = +3.0979 | std(g_L) = 0.8211 | grad = 2.6923
step  24380 | loss = -3.0524 | g_L = +3.0524 | EMA = +3.0779 | std(g_L) = 0.8969 | grad = 1.1018
step  24400 | loss = -3.0577 | g_L = +3.0577 | EMA = +3.0817 | std(g_L) = 0.7967 | grad = 0.7430
step  24420 | loss = -3.0254 | g_L = +3.0254 | EMA = +3.0935 | std(g_L) = 0.8276 | grad = 0.4853
step  24440 | loss = -3.1067 | g_L = +3.1067 | EMA = +3.0946 | std(g_L) = 0.6757 | grad = 2.0493
step  24460 | loss = -3.1145 | g_L = +3.1145 | EMA = +3.1063 | std(g_L) = 0.7030 | grad = 1.4410
step  24480 | loss = -3.1161 | g_L = +3.1161 | EMA = +3.1027 | std(g_L) = 0.7351 | grad = 2.7018
step  24500 | loss = -3.0121 | g_L = +3.0121 | EMA = +3.1010 | std(g_L) = 0.8084 | grad = 3.8727
step  24520 | loss = -3.1938 | g_L = +3.1938 | EMA = +3.0913 | std(g_L) = 0.7004 | grad = 0.9665
step  24540 | loss = -3.1631 | g_L = +3.1631 | EMA = +3.0885 | std(g_L) = 1.0159 | grad = 3.2089
step  24560 | loss = -3.0930 | g_L = +3.0930 | EMA = +3.1091 | std(g_L) = 0.6178 | grad = 0.3569
step  24580 | loss = -3.0886 | g_L = +3.0886 | EMA = +3.1010 | std(g_L) = 0.8766 | grad = 0.7874
step  24600 | loss = -3.0675 | g_L = +3.0675 | EMA = +3.0859 | std(g_L) = 0.8649 | grad = 2.0596
step  24620 | loss = -3.1099 | g_L = +3.1099 | EMA = +3.0776 | std(g_L) = 0.8405 | grad = 0.4719
step  24640 | loss = -3.1185 | g_L = +3.1185 | EMA = +3.0994 | std(g_L) = 0.7515 | grad = 1.9261
step  24660 | loss = -3.1012 | g_L = +3.1012 | EMA = +3.1000 | std(g_L) = 0.7692 | grad = 0.7141
step  24680 | loss = -3.0981 | g_L = +3.0981 | EMA = +3.0786 | std(g_L) = 0.6816 | grad = 0.9951
step  24700 | loss = -3.0008 | g_L = +3.0008 | EMA = +3.0833 | std(g_L) = 0.8266 | grad = 0.6927
step  24720 | loss = -3.1696 | g_L = +3.1696 | EMA = +3.0879 | std(g_L) = 0.8187 | grad = 2.1373
step  24740 | loss = -3.1485 | g_L = +3.1485 | EMA = +3.0902 | std(g_L) = 0.7970 | grad = 1.0963
step  24760 | loss = -3.1273 | g_L = +3.1273 | EMA = +3.0727 | std(g_L) = 0.8064 | grad = 0.7030
step  24780 | loss = -3.1618 | g_L = +3.1618 | EMA = +3.0821 | std(g_L) = 0.6963 | grad = 1.6829
step  24800 | loss = -3.1262 | g_L = +3.1262 | EMA = +3.0873 | std(g_L) = 0.7788 | grad = 0.9849
step  24820 | loss = -3.1549 | g_L = +3.1549 | EMA = +3.1071 | std(g_L) = 0.7541 | grad = 0.9524
step  24840 | loss = -3.0442 | g_L = +3.0442 | EMA = +3.0996 | std(g_L) = 0.9191 | grad = 2.2964
step  24860 | loss = -3.1146 | g_L = +3.1146 | EMA = +3.0934 | std(g_L) = 0.7238 | grad = 1.1510
step  24880 | loss = -3.0839 | g_L = +3.0839 | EMA = +3.1000 | std(g_L) = 0.6911 | grad = 1.8089
step  24900 | loss = -3.0439 | g_L = +3.0439 | EMA = +3.0982 | std(g_L) = 0.9011 | grad = 1.2591
step  24920 | loss = -3.0106 | g_L = +3.0106 | EMA = +3.0891 | std(g_L) = 0.7983 | grad = 4.3876
step  24940 | loss = -3.1369 | g_L = +3.1369 | EMA = +3.1052 | std(g_L) = 0.7292 | grad = 1.5202
step  24960 | loss = -3.1377 | g_L = +3.1377 | EMA = +3.1032 | std(g_L) = 0.8161 | grad = 2.5568
step  24980 | loss = -3.1280 | g_L = +3.1280 | EMA = +3.0995 | std(g_L) = 0.7260 | grad = 1.4392
step  25000 | loss = -3.1226 | g_L = +3.1226 | EMA = +3.0981 | std(g_L) = 0.7884 | grad = 2.5332
step  25020 | loss = -3.1018 | g_L = +3.1018 | EMA = +3.0987 | std(g_L) = 0.7653 | grad = 0.9770
step  25040 | loss = -3.1092 | g_L = +3.1092 | EMA = +3.0841 | std(g_L) = 0.7059 | grad = 2.6561
step  25060 | loss = -3.1175 | g_L = +3.1175 | EMA = +3.0955 | std(g_L) = 0.7830 | grad = 0.7189
step  25080 | loss = -3.0986 | g_L = +3.0986 | EMA = +3.1047 | std(g_L) = 0.7457 | grad = 1.7614
step  25100 | loss = -3.0974 | g_L = +3.0974 | EMA = +3.1022 | std(g_L) = 0.7031 | grad = 0.8656
step  25120 | loss = -3.1475 | g_L = +3.1475 | EMA = +3.0970 | std(g_L) = 0.7391 | grad = 0.6151
step  25140 | loss = -3.1104 | g_L = +3.1104 | EMA = +3.0862 | std(g_L) = 0.7341 | grad = 0.5196
step  25160 | loss = -3.1013 | g_L = +3.1013 | EMA = +3.0877 | std(g_L) = 0.7152 | grad = 2.0916
step  25180 | loss = -3.0370 | g_L = +3.0370 | EMA = +3.0884 | std(g_L) = 0.9157 | grad = 1.5914
step  25200 | loss = -3.1085 | g_L = +3.1085 | EMA = +3.1028 | std(g_L) = 0.7308 | grad = 0.3889
step  25220 | loss = -3.1157 | g_L = +3.1157 | EMA = +3.1113 | std(g_L) = 0.7986 | grad = 1.4789
step  25240 | loss = -3.1660 | g_L = +3.1660 | EMA = +3.1026 | std(g_L) = 0.8634 | grad = 2.4248
step  25260 | loss = -3.0888 | g_L = +3.0888 | EMA = +3.0888 | std(g_L) = 0.7844 | grad = 0.9270
step  25280 | loss = -3.0696 | g_L = +3.0696 | EMA = +3.1015 | std(g_L) = 0.7765 | grad = 1.2766
step  25300 | loss = -3.2194 | g_L = +3.2194 | EMA = +3.1177 | std(g_L) = 0.7324 | grad = 0.7792
step  25320 | loss = -3.1153 | g_L = +3.1153 | EMA = +3.0957 | std(g_L) = 0.7641 | grad = 0.9298
step  25340 | loss = -3.0323 | g_L = +3.0323 | EMA = +3.0944 | std(g_L) = 0.7584 | grad = 0.5814
step  25360 | loss = -3.1631 | g_L = +3.1631 | EMA = +3.1071 | std(g_L) = 0.7858 | grad = 0.8545
step  25380 | loss = -3.1250 | g_L = +3.1250 | EMA = +3.1112 | std(g_L) = 0.7554 | grad = 0.8279
step  25400 | loss = -3.1085 | g_L = +3.1085 | EMA = +3.0980 | std(g_L) = 0.7307 | grad = 1.7097
step  25420 | loss = -3.1645 | g_L = +3.1645 | EMA = +3.0802 | std(g_L) = 0.7870 | grad = 1.0984
step  25440 | loss = -3.0394 | g_L = +3.0394 | EMA = +3.1111 | std(g_L) = 0.8297 | grad = 1.5842
step  25460 | loss = -3.0275 | g_L = +3.0275 | EMA = +3.0917 | std(g_L) = 0.8022 | grad = 0.5833
step  25480 | loss = -3.0479 | g_L = +3.0479 | EMA = +3.0918 | std(g_L) = 0.7670 | grad = 0.9615
step  25500 | loss = -3.1157 | g_L = +3.1157 | EMA = +3.0791 | std(g_L) = 0.8390 | grad = 0.7597
step  25520 | loss = -3.1091 | g_L = +3.1091 | EMA = +3.0880 | std(g_L) = 0.7444 | grad = 1.6456
step  25540 | loss = -3.0064 | g_L = +3.0064 | EMA = +3.0905 | std(g_L) = 0.9361 | grad = 0.9208
step  25560 | loss = -3.1252 | g_L = +3.1252 | EMA = +3.1048 | std(g_L) = 0.8571 | grad = 1.1980
step  25580 | loss = -3.0192 | g_L = +3.0192 | EMA = +3.0963 | std(g_L) = 0.9073 | grad = 0.8591
step  25600 | loss = -3.2152 | g_L = +3.2152 | EMA = +3.0966 | std(g_L) = 0.7456 | grad = 0.8909
step  25620 | loss = -3.1295 | g_L = +3.1295 | EMA = +3.0834 | std(g_L) = 0.6960 | grad = 0.8402
step  25640 | loss = -3.0540 | g_L = +3.0540 | EMA = +3.0828 | std(g_L) = 0.8253 | grad = 1.9716
step  25660 | loss = -3.1686 | g_L = +3.1686 | EMA = +3.0961 | std(g_L) = 0.7994 | grad = 1.6778
step  25680 | loss = -3.0846 | g_L = +3.0846 | EMA = +3.0936 | std(g_L) = 0.8314 | grad = 0.4999
step  25700 | loss = -3.0346 | g_L = +3.0346 | EMA = +3.0949 | std(g_L) = 0.7905 | grad = 0.7314
step  25720 | loss = -3.0394 | g_L = +3.0394 | EMA = +3.0892 | std(g_L) = 0.7934 | grad = 5.3751
step  25740 | loss = -3.0138 | g_L = +3.0138 | EMA = +3.0835 | std(g_L) = 1.0661 | grad = 2.2601
step  25760 | loss = -3.1169 | g_L = +3.1169 | EMA = +3.0838 | std(g_L) = 0.7244 | grad = 3.5732
step  25780 | loss = -3.1066 | g_L = +3.1066 | EMA = +3.0917 | std(g_L) = 0.7147 | grad = 0.6144
step  25800 | loss = -3.0818 | g_L = +3.0818 | EMA = +3.0733 | std(g_L) = 0.9297 | grad = 1.4694
step  25820 | loss = -3.0959 | g_L = +3.0959 | EMA = +3.0772 | std(g_L) = 0.7890 | grad = 1.3443
step  25840 | loss = -3.2280 | g_L = +3.2280 | EMA = +3.1120 | std(g_L) = 0.6226 | grad = 1.7450
step  25860 | loss = -3.1318 | g_L = +3.1318 | EMA = +3.0868 | std(g_L) = 0.7811 | grad = 0.9842
step  25880 | loss = -2.9655 | g_L = +2.9655 | EMA = +3.0761 | std(g_L) = 0.8896 | grad = 3.4228
step  25900 | loss = -3.0362 | g_L = +3.0362 | EMA = +3.0947 | std(g_L) = 0.9147 | grad = 1.3385
step  25920 | loss = -3.0627 | g_L = +3.0627 | EMA = +3.0833 | std(g_L) = 1.0498 | grad = 1.0405
step  25940 | loss = -3.0537 | g_L = +3.0537 | EMA = +3.0951 | std(g_L) = 0.6933 | grad = 2.9610
step  25960 | loss = -3.1602 | g_L = +3.1602 | EMA = +3.0915 | std(g_L) = 0.6689 | grad = 2.2685
step  25980 | loss = -3.0612 | g_L = +3.0612 | EMA = +3.0937 | std(g_L) = 0.9452 | grad = 0.8676
step  26000 | loss = -3.2148 | g_L = +3.2148 | EMA = +3.0985 | std(g_L) = 0.7224 | grad = 0.4125
step  26020 | loss = -3.1357 | g_L = +3.1357 | EMA = +3.0983 | std(g_L) = 0.6778 | grad = 0.8713
step  26040 | loss = -3.1072 | g_L = +3.1072 | EMA = +3.1149 | std(g_L) = 0.7711 | grad = 2.1078
step  26060 | loss = -3.0749 | g_L = +3.0749 | EMA = +3.0985 | std(g_L) = 0.6450 | grad = 1.9157
step  26080 | loss = -3.0540 | g_L = +3.0540 | EMA = +3.1056 | std(g_L) = 0.8387 | grad = 0.3202
step  26100 | loss = -3.1821 | g_L = +3.1821 | EMA = +3.0994 | std(g_L) = 0.6809 | grad = 0.7994
step  26120 | loss = -3.1756 | g_L = +3.1756 | EMA = +3.0976 | std(g_L) = 0.7241 | grad = 0.9571
step  26140 | loss = -3.1115 | g_L = +3.1115 | EMA = +3.0829 | std(g_L) = 0.7340 | grad = 2.1140
step  26160 | loss = -3.1166 | g_L = +3.1166 | EMA = +3.0909 | std(g_L) = 0.7507 | grad = 1.1328
step  26180 | loss = -2.9891 | g_L = +2.9891 | EMA = +3.0695 | std(g_L) = 0.7880 | grad = 1.0919
step  26200 | loss = -3.0903 | g_L = +3.0903 | EMA = +3.0842 | std(g_L) = 0.8572 | grad = 2.5212
step  26220 | loss = -3.0634 | g_L = +3.0634 | EMA = +3.0794 | std(g_L) = 0.8157 | grad = 0.9377
step  26240 | loss = -3.0239 | g_L = +3.0239 | EMA = +3.0825 | std(g_L) = 1.0773 | grad = 0.7721
step  26260 | loss = -3.1469 | g_L = +3.1469 | EMA = +3.1021 | std(g_L) = 0.8164 | grad = 0.9333
step  26280 | loss = -3.1664 | g_L = +3.1664 | EMA = +3.1030 | std(g_L) = 0.7157 | grad = 0.8202
step  26300 | loss = -3.0768 | g_L = +3.0768 | EMA = +3.1065 | std(g_L) = 0.7450 | grad = 0.6858
step  26320 | loss = -2.9807 | g_L = +2.9807 | EMA = +3.0934 | std(g_L) = 0.8645 | grad = 0.7560
step  26340 | loss = -3.0647 | g_L = +3.0647 | EMA = +3.0961 | std(g_L) = 0.8943 | grad = 1.1659
step  26360 | loss = -2.9145 | g_L = +2.9145 | EMA = +3.0653 | std(g_L) = 0.9477 | grad = 1.3347
step  26380 | loss = -3.1237 | g_L = +3.1237 | EMA = +3.0920 | std(g_L) = 0.7567 | grad = 0.3360
step  26400 | loss = -2.9627 | g_L = +2.9627 | EMA = +3.0835 | std(g_L) = 0.8694 | grad = 0.9941
step  26420 | loss = -3.0839 | g_L = +3.0839 | EMA = +3.1029 | std(g_L) = 0.7421 | grad = 1.0983
step  26440 | loss = -3.0631 | g_L = +3.0631 | EMA = +3.0974 | std(g_L) = 0.9260 | grad = 1.1199
step  26460 | loss = -3.0375 | g_L = +3.0375 | EMA = +3.1073 | std(g_L) = 0.7044 | grad = 1.3847
step  26480 | loss = -3.1059 | g_L = +3.1059 | EMA = +3.0936 | std(g_L) = 0.7400 | grad = 1.7438
step  26500 | loss = -3.0845 | g_L = +3.0845 | EMA = +3.0662 | std(g_L) = 0.8272 | grad = 1.1104
step  26520 | loss = -3.0505 | g_L = +3.0505 | EMA = +3.0896 | std(g_L) = 0.7675 | grad = 0.5035
step  26540 | loss = -3.1427 | g_L = +3.1427 | EMA = +3.0699 | std(g_L) = 0.7586 | grad = 1.6007
step  26560 | loss = -3.1266 | g_L = +3.1266 | EMA = +3.0833 | std(g_L) = 0.7738 | grad = 1.5863
step  26580 | loss = -3.0959 | g_L = +3.0959 | EMA = +3.0997 | std(g_L) = 0.8130 | grad = 1.3941
step  26600 | loss = -3.0829 | g_L = +3.0829 | EMA = +3.0831 | std(g_L) = 0.7969 | grad = 0.7602
step  26620 | loss = -3.0978 | g_L = +3.0978 | EMA = +3.0841 | std(g_L) = 0.7017 | grad = 0.6755
step  26640 | loss = -3.1512 | g_L = +3.1512 | EMA = +3.1072 | std(g_L) = 0.8005 | grad = 1.7012
step  26660 | loss = -3.2372 | g_L = +3.2372 | EMA = +3.1120 | std(g_L) = 0.7837 | grad = 2.2863
step  26680 | loss = -3.0984 | g_L = +3.0984 | EMA = +3.0930 | std(g_L) = 0.7369 | grad = 2.3711
step  26700 | loss = -3.1982 | g_L = +3.1982 | EMA = +3.0870 | std(g_L) = 0.7040 | grad = 1.0463
step  26720 | loss = -3.1709 | g_L = +3.1709 | EMA = +3.0990 | std(g_L) = 0.6671 | grad = 0.8898
step  26740 | loss = -3.0296 | g_L = +3.0296 | EMA = +3.1010 | std(g_L) = 0.8042 | grad = 1.0653
step  26760 | loss = -3.1410 | g_L = +3.1410 | EMA = +3.1016 | std(g_L) = 0.8024 | grad = 0.9309
step  26780 | loss = -3.0943 | g_L = +3.0943 | EMA = +3.1058 | std(g_L) = 0.8641 | grad = 0.5444
step  26800 | loss = -3.1392 | g_L = +3.1392 | EMA = +3.1002 | std(g_L) = 0.7613 | grad = 1.2213
step  26820 | loss = -3.1797 | g_L = +3.1797 | EMA = +3.1045 | std(g_L) = 0.8747 | grad = 2.1907
step  26840 | loss = -3.1131 | g_L = +3.1131 | EMA = +3.1061 | std(g_L) = 0.7589 | grad = 2.7880
step  26860 | loss = -3.0438 | g_L = +3.0438 | EMA = +3.0908 | std(g_L) = 0.8141 | grad = 0.8728
step  26880 | loss = -3.0243 | g_L = +3.0243 | EMA = +3.0830 | std(g_L) = 0.9901 | grad = 3.3537
step  26900 | loss = -3.1723 | g_L = +3.1723 | EMA = +3.0969 | std(g_L) = 0.6468 | grad = 1.7949
step  26920 | loss = -3.1639 | g_L = +3.1639 | EMA = +3.1072 | std(g_L) = 0.7811 | grad = 2.0836
step  26940 | loss = -3.1429 | g_L = +3.1429 | EMA = +3.1041 | std(g_L) = 0.8433 | grad = 1.1325
step  26960 | loss = -3.1470 | g_L = +3.1470 | EMA = +3.1097 | std(g_L) = 0.7660 | grad = 0.4413
step  26980 | loss = -3.1162 | g_L = +3.1162 | EMA = +3.0974 | std(g_L) = 0.7771 | grad = 0.7997
step  27000 | loss = -3.1008 | g_L = +3.1008 | EMA = +3.0940 | std(g_L) = 0.8124 | grad = 1.1262
step  27020 | loss = -3.0651 | g_L = +3.0651 | EMA = +3.0948 | std(g_L) = 0.8561 | grad = 1.7499
step  27040 | loss = -2.9915 | g_L = +2.9915 | EMA = +3.1047 | std(g_L) = 0.9042 | grad = 2.0350
step  27060 | loss = -3.0315 | g_L = +3.0315 | EMA = +3.0931 | std(g_L) = 1.1155 | grad = 0.8866
step  27080 | loss = -3.2026 | g_L = +3.2026 | EMA = +3.1020 | std(g_L) = 0.7061 | grad = 0.5879
step  27100 | loss = -3.1134 | g_L = +3.1134 | EMA = +3.1169 | std(g_L) = 0.8823 | grad = 0.8765
step  27120 | loss = -3.0772 | g_L = +3.0772 | EMA = +3.1130 | std(g_L) = 0.8371 | grad = 0.8955
step  27140 | loss = -3.0685 | g_L = +3.0685 | EMA = +3.0873 | std(g_L) = 0.8008 | grad = 2.0414
step  27160 | loss = -2.9873 | g_L = +2.9873 | EMA = +3.0882 | std(g_L) = 0.8048 | grad = 2.9491
step  27180 | loss = -2.9831 | g_L = +2.9831 | EMA = +3.0850 | std(g_L) = 0.8450 | grad = 1.1581
step  27200 | loss = -3.0344 | g_L = +3.0344 | EMA = +3.0877 | std(g_L) = 0.7666 | grad = 0.8860
step  27220 | loss = -3.1223 | g_L = +3.1223 | EMA = +3.0952 | std(g_L) = 0.7557 | grad = 2.2555
step  27240 | loss = -3.1002 | g_L = +3.1002 | EMA = +3.0977 | std(g_L) = 1.0675 | grad = 2.7944
step  27260 | loss = -3.1348 | g_L = +3.1348 | EMA = +3.0890 | std(g_L) = 0.7599 | grad = 0.8682
step  27280 | loss = -3.0175 | g_L = +3.0175 | EMA = +3.0901 | std(g_L) = 1.1324 | grad = 2.2421
step  27300 | loss = -3.0965 | g_L = +3.0965 | EMA = +3.0933 | std(g_L) = 0.7744 | grad = 0.8496
step  27320 | loss = -3.0004 | g_L = +3.0004 | EMA = +3.0887 | std(g_L) = 0.9400 | grad = 1.8954
step  27340 | loss = -3.1180 | g_L = +3.1180 | EMA = +3.0991 | std(g_L) = 0.7899 | grad = 1.5308
step  27360 | loss = -3.1181 | g_L = +3.1181 | EMA = +3.0984 | std(g_L) = 0.6536 | grad = 0.9284
step  27380 | loss = -3.1020 | g_L = +3.1020 | EMA = +3.0961 | std(g_L) = 0.7578 | grad = 0.6362
step  27400 | loss = -3.0236 | g_L = +3.0236 | EMA = +3.0845 | std(g_L) = 0.9929 | grad = 1.1858
step  27420 | loss = -3.0858 | g_L = +3.0858 | EMA = +3.0934 | std(g_L) = 0.8208 | grad = 1.4028
step  27440 | loss = -3.2326 | g_L = +3.2326 | EMA = +3.0932 | std(g_L) = 0.8484 | grad = 3.0808
step  27460 | loss = -2.9875 | g_L = +2.9875 | EMA = +3.0882 | std(g_L) = 0.7662 | grad = 3.8644
step  27480 | loss = -3.0683 | g_L = +3.0683 | EMA = +3.0985 | std(g_L) = 0.8698 | grad = 0.6535
step  27500 | loss = -3.0616 | g_L = +3.0616 | EMA = +3.1022 | std(g_L) = 0.8514 | grad = 0.8960
step  27520 | loss = -3.0777 | g_L = +3.0777 | EMA = +3.0941 | std(g_L) = 0.8618 | grad = 1.0634
step  27540 | loss = -3.0622 | g_L = +3.0622 | EMA = +3.0965 | std(g_L) = 0.8048 | grad = 0.3855
step  27560 | loss = -3.0626 | g_L = +3.0626 | EMA = +3.0953 | std(g_L) = 0.9541 | grad = 0.4781
step  27580 | loss = -2.9699 | g_L = +2.9699 | EMA = +3.0846 | std(g_L) = 0.9497 | grad = 0.9599
step  27600 | loss = -3.1336 | g_L = +3.1336 | EMA = +3.0908 | std(g_L) = 0.7463 | grad = 1.3280
step  27620 | loss = -3.1115 | g_L = +3.1115 | EMA = +3.1020 | std(g_L) = 0.7599 | grad = 2.6792
step  27640 | loss = -3.0563 | g_L = +3.0563 | EMA = +3.1013 | std(g_L) = 0.8480 | grad = 2.2268
step  27660 | loss = -3.0169 | g_L = +3.0169 | EMA = +3.1043 | std(g_L) = 0.9275 | grad = 0.9718
step  27680 | loss = -3.1832 | g_L = +3.1832 | EMA = +3.1064 | std(g_L) = 0.6306 | grad = 2.7340
step  27700 | loss = -3.0176 | g_L = +3.0176 | EMA = +3.0976 | std(g_L) = 0.9009 | grad = 1.2367
step  27720 | loss = -3.1246 | g_L = +3.1246 | EMA = +3.1024 | std(g_L) = 0.8386 | grad = 2.5355
step  27740 | loss = -3.0570 | g_L = +3.0570 | EMA = +3.0909 | std(g_L) = 0.7433 | grad = 1.1456
step  27760 | loss = -3.0816 | g_L = +3.0816 | EMA = +3.1020 | std(g_L) = 0.7307 | grad = 1.8579
step  27780 | loss = -3.0873 | g_L = +3.0873 | EMA = +3.1065 | std(g_L) = 0.7974 | grad = 0.4206
step  27800 | loss = -3.1537 | g_L = +3.1537 | EMA = +3.0867 | std(g_L) = 0.8892 | grad = 2.4235
step  27820 | loss = -3.0799 | g_L = +3.0799 | EMA = +3.0886 | std(g_L) = 0.7172 | grad = 1.1035
step  27840 | loss = -3.1492 | g_L = +3.1492 | EMA = +3.1053 | std(g_L) = 0.6732 | grad = 1.3837
step  27860 | loss = -3.0590 | g_L = +3.0590 | EMA = +3.0792 | std(g_L) = 0.7439 | grad = 1.1754
step  27880 | loss = -3.1239 | g_L = +3.1239 | EMA = +3.0856 | std(g_L) = 0.7599 | grad = 1.0173
step  27900 | loss = -3.0471 | g_L = +3.0471 | EMA = +3.1013 | std(g_L) = 1.1462 | grad = 0.7014
step  27920 | loss = -3.1513 | g_L = +3.1513 | EMA = +3.1127 | std(g_L) = 0.7066 | grad = 0.6550
step  27940 | loss = -3.0786 | g_L = +3.0786 | EMA = +3.1015 | std(g_L) = 0.9976 | grad = 1.3796
step  27960 | loss = -3.1294 | g_L = +3.1294 | EMA = +3.0971 | std(g_L) = 0.7280 | grad = 1.4497
step  27980 | loss = -3.0238 | g_L = +3.0238 | EMA = +3.1076 | std(g_L) = 0.9513 | grad = 1.9175
step  28000 | loss = -3.1615 | g_L = +3.1615 | EMA = +3.1287 | std(g_L) = 0.8015 | grad = 1.0367
step  28020 | loss = -3.2172 | g_L = +3.2172 | EMA = +3.1383 | std(g_L) = 0.6979 | grad = 0.6141
step  28040 | loss = -3.1358 | g_L = +3.1358 | EMA = +3.1212 | std(g_L) = 0.7651 | grad = 2.8215
step  28060 | loss = -2.9743 | g_L = +2.9743 | EMA = +3.1122 | std(g_L) = 0.9532 | grad = 2.4844
step  28080 | loss = -3.0508 | g_L = +3.0508 | EMA = +3.1150 | std(g_L) = 0.8972 | grad = 1.7801
step  28100 | loss = -2.9500 | g_L = +2.9500 | EMA = +3.0809 | std(g_L) = 0.9841 | grad = 3.8277
step  28120 | loss = -3.1615 | g_L = +3.1615 | EMA = +3.0811 | std(g_L) = 0.6661 | grad = 1.2869
step  28140 | loss = -3.1209 | g_L = +3.1209 | EMA = +3.1097 | std(g_L) = 0.7374 | grad = 2.0158
step  28160 | loss = -3.1469 | g_L = +3.1469 | EMA = +3.1143 | std(g_L) = 0.7838 | grad = 0.7578
step  28180 | loss = -3.0549 | g_L = +3.0549 | EMA = +3.1176 | std(g_L) = 1.0542 | grad = 1.1100
step  28200 | loss = -3.0302 | g_L = +3.0302 | EMA = +3.1124 | std(g_L) = 0.8261 | grad = 1.0756
step  28220 | loss = -3.0146 | g_L = +3.0146 | EMA = +3.1007 | std(g_L) = 0.8670 | grad = 0.9798
step  28240 | loss = -3.1120 | g_L = +3.1120 | EMA = +3.1041 | std(g_L) = 0.6897 | grad = 0.7666
step  28260 | loss = -3.1095 | g_L = +3.1095 | EMA = +3.1118 | std(g_L) = 0.6310 | grad = 0.8736
step  28280 | loss = -3.1492 | g_L = +3.1492 | EMA = +3.1093 | std(g_L) = 0.6911 | grad = 0.8582
step  28300 | loss = -3.0607 | g_L = +3.0607 | EMA = +3.1112 | std(g_L) = 0.7096 | grad = 2.1046
step  28320 | loss = -3.1193 | g_L = +3.1193 | EMA = +3.1089 | std(g_L) = 0.7728 | grad = 2.1232
step  28340 | loss = -3.0345 | g_L = +3.0345 | EMA = +3.1137 | std(g_L) = 0.8706 | grad = 2.1421
step  28360 | loss = -3.0687 | g_L = +3.0687 | EMA = +3.1104 | std(g_L) = 0.7540 | grad = 0.8497
step  28380 | loss = -3.0372 | g_L = +3.0372 | EMA = +3.0981 | std(g_L) = 0.9094 | grad = 1.4302
step  28400 | loss = -3.0033 | g_L = +3.0033 | EMA = +3.0920 | std(g_L) = 0.7681 | grad = 2.7593
step  28420 | loss = -3.0749 | g_L = +3.0749 | EMA = +3.1063 | std(g_L) = 0.8415 | grad = 0.6722
step  28440 | loss = -3.1657 | g_L = +3.1657 | EMA = +3.0984 | std(g_L) = 0.7433 | grad = 1.0202
step  28460 | loss = -3.2007 | g_L = +3.2007 | EMA = +3.1071 | std(g_L) = 0.6254 | grad = 1.0138
step  28480 | loss = -3.1844 | g_L = +3.1844 | EMA = +3.1279 | std(g_L) = 0.7228 | grad = 1.5651
step  28500 | loss = -3.0723 | g_L = +3.0723 | EMA = +3.0995 | std(g_L) = 0.7222 | grad = 1.6242
step  28520 | loss = -3.0187 | g_L = +3.0187 | EMA = +3.0943 | std(g_L) = 0.9692 | grad = 1.4769
step  28540 | loss = -3.1244 | g_L = +3.1244 | EMA = +3.1195 | std(g_L) = 0.7436 | grad = 0.8031
step  28560 | loss = -3.0542 | g_L = +3.0542 | EMA = +3.1200 | std(g_L) = 0.9437 | grad = 1.3765
step  28580 | loss = -3.1849 | g_L = +3.1849 | EMA = +3.1210 | std(g_L) = 0.7184 | grad = 0.9196
step  28600 | loss = -3.1355 | g_L = +3.1355 | EMA = +3.1005 | std(g_L) = 0.7098 | grad = 1.4337
step  28620 | loss = -3.0873 | g_L = +3.0873 | EMA = +3.0999 | std(g_L) = 0.8583 | grad = 2.4073
step  28640 | loss = -3.1345 | g_L = +3.1345 | EMA = +3.1037 | std(g_L) = 0.7561 | grad = 0.9400
step  28660 | loss = -3.1024 | g_L = +3.1024 | EMA = +3.0983 | std(g_L) = 0.7849 | grad = 0.6920
step  28680 | loss = -3.0710 | g_L = +3.0710 | EMA = +3.1121 | std(g_L) = 0.8438 | grad = 1.1423
step  28700 | loss = -3.1679 | g_L = +3.1679 | EMA = +3.1109 | std(g_L) = 0.8027 | grad = 1.5901
step  28720 | loss = -3.1209 | g_L = +3.1209 | EMA = +3.1099 | std(g_L) = 0.7699 | grad = 1.3493
step  28740 | loss = -3.0966 | g_L = +3.0966 | EMA = +3.1141 | std(g_L) = 0.8275 | grad = 0.8686
step  28760 | loss = -3.0719 | g_L = +3.0719 | EMA = +3.1116 | std(g_L) = 0.7688 | grad = 1.2215
step  28780 | loss = -3.0825 | g_L = +3.0825 | EMA = +3.0970 | std(g_L) = 0.8418 | grad = 1.5093
step  28800 | loss = -3.0862 | g_L = +3.0862 | EMA = +3.1163 | std(g_L) = 0.8107 | grad = 3.5312
step  28820 | loss = -2.9245 | g_L = +2.9245 | EMA = +3.0936 | std(g_L) = 0.7668 | grad = 2.6385
step  28840 | loss = -3.2057 | g_L = +3.2057 | EMA = +3.1126 | std(g_L) = 0.7725 | grad = 1.2072
step  28860 | loss = -3.1112 | g_L = +3.1112 | EMA = +3.1012 | std(g_L) = 0.7233 | grad = 0.5645
step  28880 | loss = -3.0994 | g_L = +3.0994 | EMA = +3.0936 | std(g_L) = 0.7293 | grad = 1.1593
step  28900 | loss = -3.1348 | g_L = +3.1348 | EMA = +3.1018 | std(g_L) = 0.8209 | grad = 1.0027
step  28920 | loss = -3.0384 | g_L = +3.0384 | EMA = +3.1063 | std(g_L) = 0.8428 | grad = 2.3655
step  28940 | loss = -3.0235 | g_L = +3.0235 | EMA = +3.0997 | std(g_L) = 0.9222 | grad = 1.8811
step  28960 | loss = -3.1665 | g_L = +3.1665 | EMA = +3.1113 | std(g_L) = 0.7094 | grad = 1.8913
step  28980 | loss = -3.1058 | g_L = +3.1058 | EMA = +3.1181 | std(g_L) = 0.7265 | grad = 0.9020
step  29000 | loss = -3.0995 | g_L = +3.0995 | EMA = +3.1276 | std(g_L) = 0.6853 | grad = 1.0678
step  29020 | loss = -3.0679 | g_L = +3.0679 | EMA = +3.1095 | std(g_L) = 0.8541 | grad = 1.0478
step  29040 | loss = -3.1507 | g_L = +3.1507 | EMA = +3.1029 | std(g_L) = 0.7607 | grad = 1.3259
step  29060 | loss = -3.0666 | g_L = +3.0666 | EMA = +3.1169 | std(g_L) = 0.7764 | grad = 1.6170
step  29080 | loss = -3.1406 | g_L = +3.1406 | EMA = +3.1080 | std(g_L) = 0.8225 | grad = 1.0977
step  29100 | loss = -3.0469 | g_L = +3.0469 | EMA = +3.0939 | std(g_L) = 0.9033 | grad = 2.1945
step  29120 | loss = -3.1405 | g_L = +3.1405 | EMA = +3.0951 | std(g_L) = 0.7514 | grad = 0.9557
step  29140 | loss = -2.9667 | g_L = +2.9667 | EMA = +3.0968 | std(g_L) = 0.8705 | grad = 0.6044
step  29160 | loss = -3.0612 | g_L = +3.0612 | EMA = +3.0911 | std(g_L) = 0.8139 | grad = 0.6688
step  29180 | loss = -3.1682 | g_L = +3.1682 | EMA = +3.1006 | std(g_L) = 0.7846 | grad = 1.9895
step  29200 | loss = -3.0212 | g_L = +3.0212 | EMA = +3.1027 | std(g_L) = 0.7752 | grad = 3.7702
step  29220 | loss = -3.2144 | g_L = +3.2144 | EMA = +3.1203 | std(g_L) = 0.7214 | grad = 0.9326
step  29240 | loss = -3.0776 | g_L = +3.0776 | EMA = +3.1140 | std(g_L) = 0.8273 | grad = 2.1608
step  29260 | loss = -3.1658 | g_L = +3.1658 | EMA = +3.1137 | std(g_L) = 0.7482 | grad = 0.4488
step  29280 | loss = -3.2273 | g_L = +3.2273 | EMA = +3.1246 | std(g_L) = 0.7220 | grad = 2.7311
step  29300 | loss = -3.1318 | g_L = +3.1318 | EMA = +3.1202 | std(g_L) = 0.6945 | grad = 0.5125
step  29320 | loss = -3.1004 | g_L = +3.1004 | EMA = +3.1200 | std(g_L) = 0.7283 | grad = 0.8569
step  29340 | loss = -2.9998 | g_L = +2.9998 | EMA = +3.1114 | std(g_L) = 0.9100 | grad = 2.3920
step  29360 | loss = -3.0598 | g_L = +3.0598 | EMA = +3.1129 | std(g_L) = 0.7846 | grad = 0.9465
step  29380 | loss = -3.0065 | g_L = +3.0065 | EMA = +3.0881 | std(g_L) = 1.0568 | grad = 0.9032
step  29400 | loss = -3.0662 | g_L = +3.0662 | EMA = +3.1038 | std(g_L) = 0.8864 | grad = 2.9317
step  29420 | loss = -3.1365 | g_L = +3.1365 | EMA = +3.1085 | std(g_L) = 0.9079 | grad = 2.3533
step  29440 | loss = -3.1109 | g_L = +3.1109 | EMA = +3.1055 | std(g_L) = 0.8774 | grad = 1.7848
step  29460 | loss = -3.2367 | g_L = +3.2367 | EMA = +3.1065 | std(g_L) = 0.7114 | grad = 0.8155
step  29480 | loss = -3.0645 | g_L = +3.0645 | EMA = +3.0942 | std(g_L) = 0.8178 | grad = 0.9048
step  29500 | loss = -3.0342 | g_L = +3.0342 | EMA = +3.1022 | std(g_L) = 0.8353 | grad = 1.6528
step  29520 | loss = -3.0859 | g_L = +3.0859 | EMA = +3.0806 | std(g_L) = 0.7748 | grad = 0.8349
step  29540 | loss = -3.0407 | g_L = +3.0407 | EMA = +3.0925 | std(g_L) = 0.9629 | grad = 1.6648
step  29560 | loss = -3.0858 | g_L = +3.0858 | EMA = +3.0892 | std(g_L) = 0.9190 | grad = 1.6336
step  29580 | loss = -3.0733 | g_L = +3.0733 | EMA = +3.0983 | std(g_L) = 0.8660 | grad = 0.6770
step  29600 | loss = -3.0708 | g_L = +3.0708 | EMA = +3.1053 | std(g_L) = 0.8409 | grad = 1.0625
step  29620 | loss = -3.1219 | g_L = +3.1219 | EMA = +3.1010 | std(g_L) = 0.7245 | grad = 0.5879
step  29640 | loss = -3.0906 | g_L = +3.0906 | EMA = +3.1059 | std(g_L) = 0.8311 | grad = 1.3174
step  29660 | loss = -3.0821 | g_L = +3.0821 | EMA = +3.1101 | std(g_L) = 0.7814 | grad = 2.0977
step  29680 | loss = -3.0345 | g_L = +3.0345 | EMA = +3.1090 | std(g_L) = 0.9241 | grad = 1.0779
step  29700 | loss = -3.1071 | g_L = +3.1071 | EMA = +3.0963 | std(g_L) = 0.9123 | grad = 1.0753
step  29720 | loss = -3.1105 | g_L = +3.1105 | EMA = +3.0998 | std(g_L) = 0.7812 | grad = 1.5114
step  29740 | loss = -3.1187 | g_L = +3.1187 | EMA = +3.1076 | std(g_L) = 0.7078 | grad = 0.8294
step  29760 | loss = -3.1912 | g_L = +3.1912 | EMA = +3.1085 | std(g_L) = 0.6828 | grad = 1.5009
step  29780 | loss = -3.1148 | g_L = +3.1148 | EMA = +3.1077 | std(g_L) = 0.7585 | grad = 0.5166
step  29800 | loss = -3.0621 | g_L = +3.0621 | EMA = +3.1028 | std(g_L) = 0.8878 | grad = 1.0728
step  29820 | loss = -3.2611 | g_L = +3.2611 | EMA = +3.1171 | std(g_L) = 0.6810 | grad = 0.2722
step  29840 | loss = -3.0869 | g_L = +3.0869 | EMA = +3.1069 | std(g_L) = 0.7601 | grad = 1.1477
step  29860 | loss = -3.0919 | g_L = +3.0919 | EMA = +3.1081 | std(g_L) = 0.8266 | grad = 1.3054
step  29880 | loss = -3.1288 | g_L = +3.1288 | EMA = +3.1157 | std(g_L) = 0.7122 | grad = 1.1031
step  29900 | loss = -3.0506 | g_L = +3.0506 | EMA = +3.1054 | std(g_L) = 0.7958 | grad = 1.1771
step  29920 | loss = -3.0878 | g_L = +3.0878 | EMA = +3.1061 | std(g_L) = 0.8493 | grad = 1.7979
step  29940 | loss = -3.1236 | g_L = +3.1236 | EMA = +3.1052 | std(g_L) = 0.7741 | grad = 0.6630
step  29960 | loss = -3.2367 | g_L = +3.2367 | EMA = +3.1128 | std(g_L) = 0.5958 | grad = 2.6722
step  29980 | loss = -3.1617 | g_L = +3.1617 | EMA = +3.1035 | std(g_L) = 0.6931 | grad = 1.2346
step  30000 | loss = -3.0726 | g_L = +3.0726 | EMA = +3.1250 | std(g_L) = 0.8739 | grad = 0.7063
step  30020 | loss = -3.1709 | g_L = +3.1709 | EMA = +3.1236 | std(g_L) = 0.6859 | grad = 0.5503
step  30040 | loss = -3.1210 | g_L = +3.1210 | EMA = +3.1295 | std(g_L) = 0.7253 | grad = 0.5966
step  30060 | loss = -3.1028 | g_L = +3.1028 | EMA = +3.1139 | std(g_L) = 0.6767 | grad = 0.5587
step  30080 | loss = -2.9843 | g_L = +2.9843 | EMA = +3.0992 | std(g_L) = 0.9790 | grad = 2.7648
step  30100 | loss = -3.1273 | g_L = +3.1273 | EMA = +3.0947 | std(g_L) = 0.8798 | grad = 2.1493
step  30120 | loss = -3.0130 | g_L = +3.0130 | EMA = +3.0993 | std(g_L) = 0.8271 | grad = 1.1923
step  30140 | loss = -3.0817 | g_L = +3.0817 | EMA = +3.1008 | std(g_L) = 0.8472 | grad = 1.1710
step  30160 | loss = -3.1223 | g_L = +3.1223 | EMA = +3.0944 | std(g_L) = 0.8567 | grad = 1.0908
step  30180 | loss = -3.1281 | g_L = +3.1281 | EMA = +3.0926 | std(g_L) = 0.7930 | grad = 0.9799
step  30200 | loss = -3.1066 | g_L = +3.1066 | EMA = +3.1043 | std(g_L) = 0.7555 | grad = 1.5872
step  30220 | loss = -3.0798 | g_L = +3.0798 | EMA = +3.1103 | std(g_L) = 0.8427 | grad = 1.5719
step  30240 | loss = -3.1260 | g_L = +3.1260 | EMA = +3.1052 | std(g_L) = 0.8654 | grad = 0.8976
step  30260 | loss = -3.1346 | g_L = +3.1346 | EMA = +3.1006 | std(g_L) = 0.8080 | grad = 0.5247
step  30280 | loss = -3.1004 | g_L = +3.1004 | EMA = +3.1056 | std(g_L) = 0.7605 | grad = 1.0891
step  30300 | loss = -3.0553 | g_L = +3.0553 | EMA = +3.0833 | std(g_L) = 0.8269 | grad = 3.4695
step  30320 | loss = -3.1234 | g_L = +3.1234 | EMA = +3.0933 | std(g_L) = 0.7167 | grad = 2.0587
step  30340 | loss = -3.1478 | g_L = +3.1478 | EMA = +3.1026 | std(g_L) = 0.6832 | grad = 1.2188
step  30360 | loss = -3.1761 | g_L = +3.1761 | EMA = +3.1075 | std(g_L) = 0.6661 | grad = 1.3744
step  30380 | loss = -3.2142 | g_L = +3.2142 | EMA = +3.1313 | std(g_L) = 0.7038 | grad = 0.5423
step  30400 | loss = -3.0860 | g_L = +3.0860 | EMA = +3.1093 | std(g_L) = 0.8081 | grad = 1.8179
step  30420 | loss = -3.1129 | g_L = +3.1129 | EMA = +3.1075 | std(g_L) = 0.7935 | grad = 1.5259
step  30440 | loss = -3.2068 | g_L = +3.2068 | EMA = +3.1041 | std(g_L) = 0.7236 | grad = 0.6686
step  30460 | loss = -3.0831 | g_L = +3.0831 | EMA = +3.1012 | std(g_L) = 0.7141 | grad = 1.2324
step  30480 | loss = -3.2032 | g_L = +3.2032 | EMA = +3.1295 | std(g_L) = 0.6872 | grad = 0.8071
step  30500 | loss = -3.0735 | g_L = +3.0735 | EMA = +3.1129 | std(g_L) = 1.1092 | grad = 1.0471
step  30520 | loss = -3.1102 | g_L = +3.1102 | EMA = +3.1118 | std(g_L) = 0.8559 | grad = 1.4815
step  30540 | loss = -3.0659 | g_L = +3.0659 | EMA = +3.0974 | std(g_L) = 0.8588 | grad = 0.7311
step  30560 | loss = -3.0917 | g_L = +3.0917 | EMA = +3.0999 | std(g_L) = 0.8678 | grad = 1.2744
step  30580 | loss = -3.2167 | g_L = +3.2167 | EMA = +3.1064 | std(g_L) = 0.5905 | grad = 0.8377
step  30600 | loss = -3.0816 | g_L = +3.0816 | EMA = +3.1037 | std(g_L) = 0.9564 | grad = 1.9903
step  30620 | loss = -3.1015 | g_L = +3.1015 | EMA = +3.1181 | std(g_L) = 0.7225 | grad = 1.8175
step  30640 | loss = -3.0595 | g_L = +3.0595 | EMA = +3.1092 | std(g_L) = 0.8519 | grad = 2.1726
step  30660 | loss = -3.2062 | g_L = +3.2062 | EMA = +3.1143 | std(g_L) = 0.7433 | grad = 1.0602
step  30680 | loss = -3.1360 | g_L = +3.1360 | EMA = +3.1098 | std(g_L) = 0.7287 | grad = 0.8452
step  30700 | loss = -3.2052 | g_L = +3.2052 | EMA = +3.1206 | std(g_L) = 0.8085 | grad = 0.7163
step  30720 | loss = -3.0944 | g_L = +3.0944 | EMA = +3.1089 | std(g_L) = 0.8106 | grad = 1.1694
step  30740 | loss = -3.0698 | g_L = +3.0698 | EMA = +3.0951 | std(g_L) = 0.8812 | grad = 0.4850
step  30760 | loss = -3.0297 | g_L = +3.0297 | EMA = +3.1005 | std(g_L) = 0.7623 | grad = 2.6067
step  30780 | loss = -3.0391 | g_L = +3.0391 | EMA = +3.1060 | std(g_L) = 0.8331 | grad = 0.8849
step  30800 | loss = -3.1032 | g_L = +3.1032 | EMA = +3.1136 | std(g_L) = 0.8355 | grad = 1.1043
step  30820 | loss = -3.0307 | g_L = +3.0307 | EMA = +3.1089 | std(g_L) = 0.8437 | grad = 1.2701
step  30840 | loss = -3.0187 | g_L = +3.0187 | EMA = +3.1138 | std(g_L) = 0.9344 | grad = 1.5938
step  30860 | loss = -3.1704 | g_L = +3.1704 | EMA = +3.1115 | std(g_L) = 0.7740 | grad = 2.7873
step  30880 | loss = -3.1695 | g_L = +3.1695 | EMA = +3.1174 | std(g_L) = 0.6171 | grad = 1.0999
step  30900 | loss = -3.1249 | g_L = +3.1249 | EMA = +3.1214 | std(g_L) = 0.8141 | grad = 0.8452
step  30920 | loss = -3.0266 | g_L = +3.0266 | EMA = +3.1054 | std(g_L) = 0.8645 | grad = 0.6931
step  30940 | loss = -3.2088 | g_L = +3.2088 | EMA = +3.1194 | std(g_L) = 0.7926 | grad = 1.7212
step  30960 | loss = -3.0919 | g_L = +3.0919 | EMA = +3.1130 | std(g_L) = 0.8703 | grad = 0.4603
step  30980 | loss = -3.1333 | g_L = +3.1333 | EMA = +3.1251 | std(g_L) = 0.7264 | grad = 1.9623
step  31000 | loss = -3.0624 | g_L = +3.0624 | EMA = +3.1153 | std(g_L) = 0.8040 | grad = 1.8213
step  31020 | loss = -3.0950 | g_L = +3.0950 | EMA = +3.1121 | std(g_L) = 0.8060 | grad = 0.9600
step  31040 | loss = -3.1133 | g_L = +3.1133 | EMA = +3.1210 | std(g_L) = 0.7023 | grad = 0.7907
step  31060 | loss = -3.1816 | g_L = +3.1816 | EMA = +3.1081 | std(g_L) = 0.8590 | grad = 1.0538
step  31080 | loss = -3.1648 | g_L = +3.1648 | EMA = +3.1179 | std(g_L) = 0.7781 | grad = 0.7223
step  31100 | loss = -3.0129 | g_L = +3.0129 | EMA = +3.0860 | std(g_L) = 0.8095 | grad = 0.8036
step  31120 | loss = -3.1198 | g_L = +3.1198 | EMA = +3.1121 | std(g_L) = 0.8416 | grad = 1.2369
step  31140 | loss = -3.1234 | g_L = +3.1234 | EMA = +3.1103 | std(g_L) = 0.7616 | grad = 0.6995
step  31160 | loss = -3.0569 | g_L = +3.0569 | EMA = +3.1029 | std(g_L) = 0.7470 | grad = 1.4614
step  31180 | loss = -3.1691 | g_L = +3.1691 | EMA = +3.1147 | std(g_L) = 0.7430 | grad = 1.0334
step  31200 | loss = -3.0726 | g_L = +3.0726 | EMA = +3.1166 | std(g_L) = 0.7427 | grad = 1.1509
step  31220 | loss = -3.0941 | g_L = +3.0941 | EMA = +3.1100 | std(g_L) = 0.8926 | grad = 1.2224
step  31240 | loss = -3.2436 | g_L = +3.2436 | EMA = +3.1102 | std(g_L) = 0.5610 | grad = 0.8630
step  31260 | loss = -3.1744 | g_L = +3.1744 | EMA = +3.1107 | std(g_L) = 0.7027 | grad = 1.4256
step  31280 | loss = -3.0593 | g_L = +3.0593 | EMA = +3.1053 | std(g_L) = 0.7359 | grad = 1.3706
step  31300 | loss = -3.1719 | g_L = +3.1719 | EMA = +3.1160 | std(g_L) = 0.8206 | grad = 1.1057
step  31320 | loss = -3.0261 | g_L = +3.0261 | EMA = +3.1041 | std(g_L) = 0.8418 | grad = 3.3160
step  31340 | loss = -3.1370 | g_L = +3.1370 | EMA = +3.1055 | std(g_L) = 0.8026 | grad = 1.5626
step  31360 | loss = -3.0128 | g_L = +3.0128 | EMA = +3.1098 | std(g_L) = 0.8579 | grad = 2.1974
step  31380 | loss = -3.2530 | g_L = +3.2530 | EMA = +3.1163 | std(g_L) = 0.5951 | grad = 1.0544
step  31400 | loss = -3.0553 | g_L = +3.0553 | EMA = +3.1190 | std(g_L) = 0.7928 | grad = 1.2769
step  31420 | loss = -3.0580 | g_L = +3.0580 | EMA = +3.1161 | std(g_L) = 0.9661 | grad = 1.1486
step  31440 | loss = -3.0691 | g_L = +3.0691 | EMA = +3.1199 | std(g_L) = 0.8031 | grad = 1.4440
step  31460 | loss = -3.0844 | g_L = +3.0844 | EMA = +3.1061 | std(g_L) = 0.8527 | grad = 1.8519
step  31480 | loss = -3.0797 | g_L = +3.0797 | EMA = +3.1160 | std(g_L) = 0.7865 | grad = 1.7104
step  31500 | loss = -3.0882 | g_L = +3.0882 | EMA = +3.1216 | std(g_L) = 1.0408 | grad = 0.4565
step  31520 | loss = -3.1435 | g_L = +3.1435 | EMA = +3.1375 | std(g_L) = 0.7347 | grad = 1.1446
step  31540 | loss = -3.0932 | g_L = +3.0932 | EMA = +3.1118 | std(g_L) = 0.7192 | grad = 1.1239
step  31560 | loss = -3.0692 | g_L = +3.0692 | EMA = +3.0984 | std(g_L) = 0.7537 | grad = 1.8776
step  31580 | loss = -3.1216 | g_L = +3.1216 | EMA = +3.1076 | std(g_L) = 0.6479 | grad = 1.7587
step  31600 | loss = -3.1574 | g_L = +3.1574 | EMA = +3.1156 | std(g_L) = 0.7255 | grad = 1.6685
step  31620 | loss = -3.2190 | g_L = +3.2190 | EMA = +3.1166 | std(g_L) = 0.7354 | grad = 1.0344
step  31640 | loss = -3.1555 | g_L = +3.1555 | EMA = +3.1056 | std(g_L) = 0.7838 | grad = 2.6877
step  31660 | loss = -3.1817 | g_L = +3.1817 | EMA = +3.1132 | std(g_L) = 0.9041 | grad = 1.5972
step  31680 | loss = -3.1061 | g_L = +3.1061 | EMA = +3.1159 | std(g_L) = 0.8213 | grad = 1.2992
step  31700 | loss = -3.1124 | g_L = +3.1124 | EMA = +3.1063 | std(g_L) = 0.7290 | grad = 2.0455
step  31720 | loss = -3.1481 | g_L = +3.1481 | EMA = +3.1134 | std(g_L) = 0.6402 | grad = 2.9297
step  31740 | loss = -3.0527 | g_L = +3.0527 | EMA = +3.1196 | std(g_L) = 0.7887 | grad = 1.3111
step  31760 | loss = -3.0696 | g_L = +3.0696 | EMA = +3.1018 | std(g_L) = 0.9072 | grad = 1.5534
step  31780 | loss = -3.0852 | g_L = +3.0852 | EMA = +3.0952 | std(g_L) = 0.9048 | grad = 0.6703
step  31800 | loss = -3.0677 | g_L = +3.0677 | EMA = +3.1149 | std(g_L) = 0.7730 | grad = 0.6637
step  31820 | loss = -3.0335 | g_L = +3.0335 | EMA = +3.1049 | std(g_L) = 0.8525 | grad = 1.0353
step  31840 | loss = -3.0710 | g_L = +3.0710 | EMA = +3.1067 | std(g_L) = 0.8336 | grad = 1.6036
step  31860 | loss = -3.1303 | g_L = +3.1303 | EMA = +3.1240 | std(g_L) = 0.8140 | grad = 0.8399
step  31880 | loss = -3.1024 | g_L = +3.1024 | EMA = +3.1222 | std(g_L) = 0.7215 | grad = 0.8815
step  31900 | loss = -3.1042 | g_L = +3.1042 | EMA = +3.1189 | std(g_L) = 0.6840 | grad = 1.2206
step  31920 | loss = -3.1207 | g_L = +3.1207 | EMA = +3.1273 | std(g_L) = 0.7934 | grad = 1.3288
step  31940 | loss = -3.0658 | g_L = +3.0658 | EMA = +3.1167 | std(g_L) = 0.7907 | grad = 1.4918
step  31960 | loss = -3.1732 | g_L = +3.1732 | EMA = +3.1244 | std(g_L) = 0.6975 | grad = 0.6221
step  31980 | loss = -3.2124 | g_L = +3.2124 | EMA = +3.1304 | std(g_L) = 0.6536 | grad = 0.3494
step  32000 | loss = -3.1313 | g_L = +3.1313 | EMA = +3.1221 | std(g_L) = 0.7845 | grad = 1.0324
step  32020 | loss = -3.1258 | g_L = +3.1258 | EMA = +3.1104 | std(g_L) = 0.7588 | grad = 1.4627
step  32040 | loss = -3.0615 | g_L = +3.0615 | EMA = +3.1066 | std(g_L) = 0.8346 | grad = 0.8853
step  32060 | loss = -3.0208 | g_L = +3.0208 | EMA = +3.1065 | std(g_L) = 0.8857 | grad = 0.4311
step  32080 | loss = -3.1137 | g_L = +3.1137 | EMA = +3.1064 | std(g_L) = 0.8882 | grad = 1.7671
step  32100 | loss = -3.1882 | g_L = +3.1882 | EMA = +3.1419 | std(g_L) = 0.6887 | grad = 1.1698
step  32120 | loss = -3.0525 | g_L = +3.0525 | EMA = +3.1439 | std(g_L) = 0.7153 | grad = 0.4354
step  32140 | loss = -3.2104 | g_L = +3.2104 | EMA = +3.1339 | std(g_L) = 0.7275 | grad = 1.5144
step  32160 | loss = -2.9450 | g_L = +2.9450 | EMA = +3.1200 | std(g_L) = 0.8459 | grad = 1.0930
step  32180 | loss = -3.1695 | g_L = +3.1695 | EMA = +3.1213 | std(g_L) = 0.6336 | grad = 0.8882
step  32200 | loss = -3.2123 | g_L = +3.2123 | EMA = +3.1218 | std(g_L) = 0.8371 | grad = 1.0897
step  32220 | loss = -3.0311 | g_L = +3.0311 | EMA = +3.1008 | std(g_L) = 0.8461 | grad = 0.7838
step  32240 | loss = -3.1772 | g_L = +3.1772 | EMA = +3.1236 | std(g_L) = 0.7737 | grad = 0.6436
step  32260 | loss = -3.2019 | g_L = +3.2019 | EMA = +3.1247 | std(g_L) = 0.8177 | grad = 1.6549
step  32280 | loss = -3.0351 | g_L = +3.0351 | EMA = +3.1146 | std(g_L) = 0.8348 | grad = 1.2284
step  32300 | loss = -3.1606 | g_L = +3.1606 | EMA = +3.1243 | std(g_L) = 0.7549 | grad = 0.5113
step  32320 | loss = -3.1317 | g_L = +3.1317 | EMA = +3.1223 | std(g_L) = 0.8816 | grad = 1.1529
step  32340 | loss = -3.1941 | g_L = +3.1941 | EMA = +3.1162 | std(g_L) = 0.7553 | grad = 0.9019
step  32360 | loss = -3.1860 | g_L = +3.1860 | EMA = +3.1221 | std(g_L) = 0.6925 | grad = 0.9469
step  32380 | loss = -3.1590 | g_L = +3.1590 | EMA = +3.1236 | std(g_L) = 0.7284 | grad = 1.5700
step  32400 | loss = -3.0486 | g_L = +3.0486 | EMA = +3.1112 | std(g_L) = 0.8031 | grad = 1.1085
step  32420 | loss = -3.1286 | g_L = +3.1286 | EMA = +3.1184 | std(g_L) = 0.7039 | grad = 1.0751
step  32440 | loss = -3.0728 | g_L = +3.0728 | EMA = +3.1059 | std(g_L) = 0.8636 | grad = 1.7981
step  32460 | loss = -3.1563 | g_L = +3.1563 | EMA = +3.1004 | std(g_L) = 0.6729 | grad = 0.7476
step  32480 | loss = -3.1353 | g_L = +3.1353 | EMA = +3.1076 | std(g_L) = 0.7502 | grad = 2.2606
step  32500 | loss = -3.1904 | g_L = +3.1904 | EMA = +3.1245 | std(g_L) = 0.7071 | grad = 1.2326
step  32520 | loss = -3.1058 | g_L = +3.1058 | EMA = +3.1178 | std(g_L) = 0.8933 | grad = 1.6667
step  32540 | loss = -3.1851 | g_L = +3.1851 | EMA = +3.1251 | std(g_L) = 0.7087 | grad = 1.8575
step  32560 | loss = -3.2099 | g_L = +3.2099 | EMA = +3.1220 | std(g_L) = 0.6354 | grad = 1.1601
step  32580 | loss = -3.0971 | g_L = +3.0971 | EMA = +3.1220 | std(g_L) = 0.7849 | grad = 0.6931
step  32600 | loss = -3.0906 | g_L = +3.0906 | EMA = +3.1080 | std(g_L) = 0.8537 | grad = 0.7171
step  32620 | loss = -3.1233 | g_L = +3.1233 | EMA = +3.0946 | std(g_L) = 0.9188 | grad = 1.4477
step  32640 | loss = -3.1499 | g_L = +3.1499 | EMA = +3.1142 | std(g_L) = 0.6558 | grad = 0.4990
step  32660 | loss = -3.0971 | g_L = +3.0971 | EMA = +3.1314 | std(g_L) = 0.7552 | grad = 1.6169
step  32680 | loss = -3.1800 | g_L = +3.1800 | EMA = +3.1225 | std(g_L) = 0.7206 | grad = 0.6992
step  32700 | loss = -3.1079 | g_L = +3.1079 | EMA = +3.1151 | std(g_L) = 0.7837 | grad = 1.2981
step  32720 | loss = -3.1372 | g_L = +3.1372 | EMA = +3.1238 | std(g_L) = 0.7584 | grad = 0.6790
step  32740 | loss = -3.0641 | g_L = +3.0641 | EMA = +3.1127 | std(g_L) = 0.8354 | grad = 1.6314
step  32760 | loss = -3.1026 | g_L = +3.1026 | EMA = +3.1053 | std(g_L) = 0.8779 | grad = 1.0516
step  32780 | loss = -3.1485 | g_L = +3.1485 | EMA = +3.1151 | std(g_L) = 0.7208 | grad = 1.0589
step  32800 | loss = -3.0296 | g_L = +3.0296 | EMA = +3.1211 | std(g_L) = 0.8658 | grad = 1.4348
step  32820 | loss = -2.9892 | g_L = +2.9892 | EMA = +3.0967 | std(g_L) = 0.7585 | grad = 0.7275
step  32840 | loss = -3.1889 | g_L = +3.1889 | EMA = +3.1081 | std(g_L) = 0.6817 | grad = 1.3212
step  32860 | loss = -3.1561 | g_L = +3.1561 | EMA = +3.1118 | std(g_L) = 0.7140 | grad = 1.1995
step  32880 | loss = -3.2032 | g_L = +3.2032 | EMA = +3.1349 | std(g_L) = 0.7721 | grad = 1.5306
step  32900 | loss = -3.0919 | g_L = +3.0919 | EMA = +3.1261 | std(g_L) = 0.7152 | grad = 1.2796
step  32920 | loss = -3.1772 | g_L = +3.1772 | EMA = +3.1244 | std(g_L) = 0.7523 | grad = 1.5460
step  32940 | loss = -3.1061 | g_L = +3.1061 | EMA = +3.1208 | std(g_L) = 0.8381 | grad = 1.1911
step  32960 | loss = -3.0549 | g_L = +3.0549 | EMA = +3.1136 | std(g_L) = 1.1145 | grad = 2.1662
step  32980 | loss = -3.0588 | g_L = +3.0588 | EMA = +3.1152 | std(g_L) = 0.8414 | grad = 1.0294
step  33000 | loss = -3.1177 | g_L = +3.1177 | EMA = +3.1142 | std(g_L) = 0.7759 | grad = 1.2781
step  33020 | loss = -3.0891 | g_L = +3.0891 | EMA = +3.1140 | std(g_L) = 0.7624 | grad = 0.8929
step  33040 | loss = -3.1395 | g_L = +3.1395 | EMA = +3.1113 | std(g_L) = 0.8581 | grad = 1.3225
step  33060 | loss = -3.1288 | g_L = +3.1288 | EMA = +3.1116 | std(g_L) = 0.7701 | grad = 1.0433
step  33080 | loss = -3.1669 | g_L = +3.1669 | EMA = +3.1247 | std(g_L) = 0.7501 | grad = 0.7734
step  33100 | loss = -3.1107 | g_L = +3.1107 | EMA = +3.1170 | std(g_L) = 0.8246 | grad = 1.0773
step  33120 | loss = -3.1332 | g_L = +3.1332 | EMA = +3.1055 | std(g_L) = 0.7588 | grad = 1.7198
step  33140 | loss = -3.2080 | g_L = +3.2080 | EMA = +3.1061 | std(g_L) = 0.6584 | grad = 1.0839
step  33160 | loss = -3.1795 | g_L = +3.1795 | EMA = +3.1242 | std(g_L) = 0.7512 | grad = 1.7133
step  33180 | loss = -3.0095 | g_L = +3.0095 | EMA = +3.1155 | std(g_L) = 0.8967 | grad = 0.7011
step  33200 | loss = -3.0958 | g_L = +3.0958 | EMA = +3.1180 | std(g_L) = 0.8409 | grad = 1.7033
step  33220 | loss = -3.1168 | g_L = +3.1168 | EMA = +3.1270 | std(g_L) = 0.7944 | grad = 0.6296
step  33240 | loss = -3.1528 | g_L = +3.1528 | EMA = +3.1245 | std(g_L) = 0.7091 | grad = 2.0963
step  33260 | loss = -3.1204 | g_L = +3.1204 | EMA = +3.1224 | std(g_L) = 0.8816 | grad = 1.7561
step  33280 | loss = -3.1006 | g_L = +3.1006 | EMA = +3.1118 | std(g_L) = 0.7979 | grad = 1.4164
step  33300 | loss = -3.1516 | g_L = +3.1516 | EMA = +3.1017 | std(g_L) = 0.7318 | grad = 1.8570
step  33320 | loss = -2.9905 | g_L = +2.9905 | EMA = +3.1127 | std(g_L) = 0.8985 | grad = 1.8114
step  33340 | loss = -3.1284 | g_L = +3.1284 | EMA = +3.1142 | std(g_L) = 0.7879 | grad = 2.1557
step  33360 | loss = -3.1359 | g_L = +3.1359 | EMA = +3.1090 | std(g_L) = 0.8804 | grad = 2.9508
step  33380 | loss = -3.1027 | g_L = +3.1027 | EMA = +3.1082 | std(g_L) = 0.7016 | grad = 2.4653
step  33400 | loss = -3.1071 | g_L = +3.1071 | EMA = +3.1097 | std(g_L) = 0.7625 | grad = 1.1025
step  33420 | loss = -3.1160 | g_L = +3.1160 | EMA = +3.1147 | std(g_L) = 0.8015 | grad = 0.8976
step  33440 | loss = -3.0498 | g_L = +3.0498 | EMA = +3.1110 | std(g_L) = 0.9406 | grad = 0.8058
step  33460 | loss = -3.0617 | g_L = +3.0617 | EMA = +3.1151 | std(g_L) = 0.7296 | grad = 0.9439
step  33480 | loss = -2.9698 | g_L = +2.9698 | EMA = +3.1099 | std(g_L) = 0.8199 | grad = 2.1496
step  33500 | loss = -3.1606 | g_L = +3.1606 | EMA = +3.1197 | std(g_L) = 0.7069 | grad = 1.8984
step  33520 | loss = -3.0990 | g_L = +3.0990 | EMA = +3.1180 | std(g_L) = 0.9012 | grad = 0.9938
step  33540 | loss = -3.1101 | g_L = +3.1101 | EMA = +3.0959 | std(g_L) = 0.6803 | grad = 3.0911
step  33560 | loss = -3.1666 | g_L = +3.1666 | EMA = +3.1120 | std(g_L) = 0.7613 | grad = 1.1758
step  33580 | loss = -3.1180 | g_L = +3.1180 | EMA = +3.1050 | std(g_L) = 1.0024 | grad = 1.2620
step  33600 | loss = -3.0802 | g_L = +3.0802 | EMA = +3.1135 | std(g_L) = 0.9194 | grad = 0.6417
step  33620 | loss = -3.0693 | g_L = +3.0693 | EMA = +3.0956 | std(g_L) = 0.7263 | grad = 1.1226
step  33640 | loss = -3.1602 | g_L = +3.1602 | EMA = +3.1243 | std(g_L) = 0.8261 | grad = 1.1887
step  33660 | loss = -3.0795 | g_L = +3.0795 | EMA = +3.1200 | std(g_L) = 0.7460 | grad = 2.2043
step  33680 | loss = -3.1701 | g_L = +3.1701 | EMA = +3.1111 | std(g_L) = 0.8722 | grad = 1.2035
step  33700 | loss = -3.1454 | g_L = +3.1454 | EMA = +3.1131 | std(g_L) = 0.6707 | grad = 1.3443
step  33720 | loss = -3.1455 | g_L = +3.1455 | EMA = +3.1004 | std(g_L) = 0.7091 | grad = 1.0682
step  33740 | loss = -3.1011 | g_L = +3.1011 | EMA = +3.1077 | std(g_L) = 0.7651 | grad = 2.7072
step  33760 | loss = -3.1643 | g_L = +3.1643 | EMA = +3.1232 | std(g_L) = 0.8156 | grad = 1.9664
step  33780 | loss = -3.0363 | g_L = +3.0363 | EMA = +3.1107 | std(g_L) = 0.7580 | grad = 1.7914
step  33800 | loss = -3.0392 | g_L = +3.0392 | EMA = +3.1118 | std(g_L) = 0.8047 | grad = 2.5410
step  33820 | loss = -3.0686 | g_L = +3.0686 | EMA = +3.1075 | std(g_L) = 0.8296 | grad = 1.1948
step  33840 | loss = -3.1415 | g_L = +3.1415 | EMA = +3.1056 | std(g_L) = 0.7622 | grad = 1.1717
step  33860 | loss = -3.1552 | g_L = +3.1552 | EMA = +3.1130 | std(g_L) = 0.7516 | grad = 2.1498
step  33880 | loss = -3.0875 | g_L = +3.0875 | EMA = +3.1138 | std(g_L) = 0.7041 | grad = 0.9344
step  33900 | loss = -3.1241 | g_L = +3.1241 | EMA = +3.1141 | std(g_L) = 0.6393 | grad = 1.3705
step  33920 | loss = -3.1878 | g_L = +3.1878 | EMA = +3.1177 | std(g_L) = 0.6979 | grad = 1.2572
step  33940 | loss = -3.2017 | g_L = +3.2017 | EMA = +3.1152 | std(g_L) = 0.6936 | grad = 1.2371
step  33960 | loss = -3.1180 | g_L = +3.1180 | EMA = +3.1307 | std(g_L) = 0.7020 | grad = 2.3855
step  33980 | loss = -3.0898 | g_L = +3.0898 | EMA = +3.1264 | std(g_L) = 0.7500 | grad = 1.7860
step  34000 | loss = -3.0728 | g_L = +3.0728 | EMA = +3.1183 | std(g_L) = 0.8273 | grad = 0.8647
step  34020 | loss = -3.0046 | g_L = +3.0046 | EMA = +3.1226 | std(g_L) = 0.9511 | grad = 1.0185
step  34040 | loss = -3.1855 | g_L = +3.1855 | EMA = +3.1362 | std(g_L) = 0.8266 | grad = 0.8411
step  34060 | loss = -3.1467 | g_L = +3.1467 | EMA = +3.1032 | std(g_L) = 0.7282 | grad = 1.8080
step  34080 | loss = -3.0401 | g_L = +3.0401 | EMA = +3.1008 | std(g_L) = 0.8180 | grad = 0.8264
step  34100 | loss = -3.1353 | g_L = +3.1353 | EMA = +3.1172 | std(g_L) = 0.6814 | grad = 2.3504
step  34120 | loss = -3.1717 | g_L = +3.1717 | EMA = +3.1159 | std(g_L) = 0.6743 | grad = 1.7080
step  34140 | loss = -3.1212 | g_L = +3.1212 | EMA = +3.1161 | std(g_L) = 0.8144 | grad = 2.0096
step  34160 | loss = -3.0474 | g_L = +3.0474 | EMA = +3.1137 | std(g_L) = 0.7552 | grad = 1.8345
step  34180 | loss = -3.2084 | g_L = +3.2084 | EMA = +3.1117 | std(g_L) = 0.6732 | grad = 0.6559
step  34200 | loss = -3.1556 | g_L = +3.1556 | EMA = +3.1276 | std(g_L) = 0.6918 | grad = 0.3582
step  34220 | loss = -3.1990 | g_L = +3.1990 | EMA = +3.1142 | std(g_L) = 0.7684 | grad = 1.6470
step  34240 | loss = -3.2057 | g_L = +3.2057 | EMA = +3.1129 | std(g_L) = 0.7066 | grad = 0.9963
step  34260 | loss = -3.0170 | g_L = +3.0170 | EMA = +3.0953 | std(g_L) = 1.0114 | grad = 1.3176
step  34280 | loss = -3.1239 | g_L = +3.1239 | EMA = +3.0999 | std(g_L) = 0.8109 | grad = 1.7255
step  34300 | loss = -3.0924 | g_L = +3.0924 | EMA = +3.1102 | std(g_L) = 0.7570 | grad = 1.7575
step  34320 | loss = -3.0029 | g_L = +3.0029 | EMA = +3.1153 | std(g_L) = 0.9243 | grad = 0.7252
step  34340 | loss = -3.0950 | g_L = +3.0950 | EMA = +3.0888 | std(g_L) = 0.7746 | grad = 1.6653
step  34360 | loss = -3.1132 | g_L = +3.1132 | EMA = +3.1202 | std(g_L) = 0.8321 | grad = 0.9593
step  34380 | loss = -3.1082 | g_L = +3.1082 | EMA = +3.1180 | std(g_L) = 0.7230 | grad = 4.2377
step  34400 | loss = -3.0122 | g_L = +3.0122 | EMA = +3.1091 | std(g_L) = 0.8989 | grad = 1.4776
step  34420 | loss = -3.1656 | g_L = +3.1656 | EMA = +3.1080 | std(g_L) = 0.7032 | grad = 1.0259
step  34440 | loss = -3.1911 | g_L = +3.1911 | EMA = +3.1329 | std(g_L) = 0.7003 | grad = 1.5390
step  34460 | loss = -3.0816 | g_L = +3.0816 | EMA = +3.1298 | std(g_L) = 0.8948 | grad = 1.6956
step  34480 | loss = -3.0630 | g_L = +3.0630 | EMA = +3.1292 | std(g_L) = 0.9089 | grad = 0.6333
step  34500 | loss = -3.0328 | g_L = +3.0328 | EMA = +3.1242 | std(g_L) = 0.8808 | grad = 1.1060
step  34520 | loss = -3.0728 | g_L = +3.0728 | EMA = +3.1129 | std(g_L) = 0.8515 | grad = 1.1433
step  34540 | loss = -3.2144 | g_L = +3.2144 | EMA = +3.1093 | std(g_L) = 0.7618 | grad = 1.4893
step  34560 | loss = -3.0798 | g_L = +3.0798 | EMA = +3.1077 | std(g_L) = 0.7804 | grad = 1.0107
step  34580 | loss = -3.1708 | g_L = +3.1708 | EMA = +3.1145 | std(g_L) = 0.7801 | grad = 0.9944
step  34600 | loss = -3.1039 | g_L = +3.1039 | EMA = +3.1242 | std(g_L) = 0.8439 | grad = 3.3646
step  34620 | loss = -2.9963 | g_L = +2.9963 | EMA = +3.1079 | std(g_L) = 0.8607 | grad = 1.1200
step  34640 | loss = -3.1047 | g_L = +3.1047 | EMA = +3.1186 | std(g_L) = 0.7136 | grad = 3.1126
step  34660 | loss = -3.0885 | g_L = +3.0885 | EMA = +3.1241 | std(g_L) = 0.8383 | grad = 0.5765
step  34680 | loss = -3.1342 | g_L = +3.1342 | EMA = +3.1293 | std(g_L) = 0.7912 | grad = 0.8093
step  34700 | loss = -3.1438 | g_L = +3.1438 | EMA = +3.1186 | std(g_L) = 0.9542 | grad = 0.9721
step  34720 | loss = -3.0939 | g_L = +3.0939 | EMA = +3.1282 | std(g_L) = 0.7507 | grad = 2.2853
step  34740 | loss = -3.1453 | g_L = +3.1453 | EMA = +3.1192 | std(g_L) = 0.6579 | grad = 1.5038
step  34760 | loss = -3.0691 | g_L = +3.0691 | EMA = +3.1265 | std(g_L) = 0.8667 | grad = 0.6306
step  34780 | loss = -3.0392 | g_L = +3.0392 | EMA = +3.1101 | std(g_L) = 0.9308 | grad = 1.3189
step  34800 | loss = -3.0441 | g_L = +3.0441 | EMA = +3.0997 | std(g_L) = 0.8805 | grad = 0.8124
step  34820 | loss = -3.0704 | g_L = +3.0704 | EMA = +3.1015 | std(g_L) = 0.7521 | grad = 1.9686
step  34840 | loss = -3.1061 | g_L = +3.1061 | EMA = +3.1150 | std(g_L) = 0.9635 | grad = 0.8110
step  34860 | loss = -3.1461 | g_L = +3.1461 | EMA = +3.1052 | std(g_L) = 0.7336 | grad = 1.2527
step  34880 | loss = -3.1077 | g_L = +3.1077 | EMA = +3.1184 | std(g_L) = 0.7411 | grad = 1.0161
step  34900 | loss = -2.9495 | g_L = +2.9495 | EMA = +3.1153 | std(g_L) = 0.9300 | grad = 2.1261
step  34920 | loss = -3.1277 | g_L = +3.1277 | EMA = +3.1128 | std(g_L) = 0.7954 | grad = 1.2285
step  34940 | loss = -3.1293 | g_L = +3.1293 | EMA = +3.1271 | std(g_L) = 0.8488 | grad = 1.9913
step  34960 | loss = -3.1618 | g_L = +3.1618 | EMA = +3.1239 | std(g_L) = 0.7027 | grad = 1.6159
step  34980 | loss = -2.9939 | g_L = +2.9939 | EMA = +3.0939 | std(g_L) = 0.8152 | grad = 0.9924
step  35000 | loss = -3.1757 | g_L = +3.1757 | EMA = +3.1087 | std(g_L) = 0.6929 | grad = 1.0640
step  35020 | loss = -3.1129 | g_L = +3.1129 | EMA = +3.1056 | std(g_L) = 1.0611 | grad = 1.1017
step  35040 | loss = -3.1569 | g_L = +3.1569 | EMA = +3.1159 | std(g_L) = 0.7433 | grad = 0.9283
step  35060 | loss = -3.0468 | g_L = +3.0468 | EMA = +3.1079 | std(g_L) = 0.7630 | grad = 0.7801
step  35080 | loss = -3.1070 | g_L = +3.1070 | EMA = +3.1219 | std(g_L) = 0.9663 | grad = 2.7174
step  35100 | loss = -3.1127 | g_L = +3.1127 | EMA = +3.1247 | std(g_L) = 0.8061 | grad = 1.6792
step  35120 | loss = -3.1974 | g_L = +3.1974 | EMA = +3.1294 | std(g_L) = 0.7725 | grad = 1.0404
step  35140 | loss = -3.1217 | g_L = +3.1217 | EMA = +3.1478 | std(g_L) = 0.7426 | grad = 3.4767
step  35160 | loss = -3.0837 | g_L = +3.0837 | EMA = +3.1237 | std(g_L) = 0.7592 | grad = 2.4135
step  35180 | loss = -3.0640 | g_L = +3.0640 | EMA = +3.1223 | std(g_L) = 0.7968 | grad = 1.3351
step  35200 | loss = -3.1696 | g_L = +3.1696 | EMA = +3.1170 | std(g_L) = 0.7322 | grad = 0.6735
step  35220 | loss = -3.0095 | g_L = +3.0095 | EMA = +3.1158 | std(g_L) = 1.0227 | grad = 0.9007
step  35240 | loss = -3.1798 | g_L = +3.1798 | EMA = +3.1212 | std(g_L) = 0.7779 | grad = 0.5657
step  35260 | loss = -3.1204 | g_L = +3.1204 | EMA = +3.1253 | std(g_L) = 0.8134 | grad = 1.5550
step  35280 | loss = -3.0842 | g_L = +3.0842 | EMA = +3.1130 | std(g_L) = 0.8957 | grad = 0.6262
step  35300 | loss = -3.1571 | g_L = +3.1571 | EMA = +3.1171 | std(g_L) = 0.7353 | grad = 1.1518
step  35320 | loss = -3.0952 | g_L = +3.0952 | EMA = +3.1326 | std(g_L) = 0.8787 | grad = 3.1246
step  35340 | loss = -3.1536 | g_L = +3.1536 | EMA = +3.1103 | std(g_L) = 0.7372 | grad = 1.0862
step  35360 | loss = -3.0317 | g_L = +3.0317 | EMA = +3.1300 | std(g_L) = 0.7886 | grad = 2.9663
step  35380 | loss = -3.2826 | g_L = +3.2826 | EMA = +3.1293 | std(g_L) = 0.7327 | grad = 0.6653
step  35400 | loss = -2.9650 | g_L = +2.9650 | EMA = +3.1322 | std(g_L) = 0.8897 | grad = 2.8833
step  35420 | loss = -3.1606 | g_L = +3.1606 | EMA = +3.1251 | std(g_L) = 0.6995 | grad = 1.0641
step  35440 | loss = -3.0826 | g_L = +3.0826 | EMA = +3.1206 | std(g_L) = 0.7407 | grad = 2.1557
step  35460 | loss = -2.9907 | g_L = +2.9907 | EMA = +3.1142 | std(g_L) = 0.9328 | grad = 1.3314
step  35480 | loss = -3.1499 | g_L = +3.1499 | EMA = +3.0988 | std(g_L) = 0.8437 | grad = 1.1321
step  35500 | loss = -3.1041 | g_L = +3.1041 | EMA = +3.1147 | std(g_L) = 0.6976 | grad = 0.7458
step  35520 | loss = -3.0811 | g_L = +3.0811 | EMA = +3.1183 | std(g_L) = 0.6454 | grad = 2.1486
step  35540 | loss = -3.1001 | g_L = +3.1001 | EMA = +3.1261 | std(g_L) = 0.8135 | grad = 1.9916
step  35560 | loss = -3.1551 | g_L = +3.1551 | EMA = +3.1157 | std(g_L) = 0.7668 | grad = 0.5739
step  35580 | loss = -2.9965 | g_L = +2.9965 | EMA = +3.1055 | std(g_L) = 0.9479 | grad = 1.3228
step  35600 | loss = -2.9834 | g_L = +2.9834 | EMA = +3.1186 | std(g_L) = 0.8360 | grad = 0.8279
step  35620 | loss = -3.2177 | g_L = +3.2177 | EMA = +3.1391 | std(g_L) = 0.7234 | grad = 1.1046
step  35640 | loss = -3.0861 | g_L = +3.0861 | EMA = +3.1150 | std(g_L) = 0.7766 | grad = 1.9408
step  35660 | loss = -3.0873 | g_L = +3.0873 | EMA = +3.1215 | std(g_L) = 0.7991 | grad = 0.9343
step  35680 | loss = -3.1415 | g_L = +3.1415 | EMA = +3.1280 | std(g_L) = 0.7999 | grad = 0.7439
step  35700 | loss = -3.1956 | g_L = +3.1956 | EMA = +3.1230 | std(g_L) = 0.7229 | grad = 1.7027
step  35720 | loss = -3.1205 | g_L = +3.1205 | EMA = +3.1262 | std(g_L) = 0.9442 | grad = 1.3245
step  35740 | loss = -3.1119 | g_L = +3.1119 | EMA = +3.1103 | std(g_L) = 0.8990 | grad = 1.2975
step  35760 | loss = -3.2030 | g_L = +3.2030 | EMA = +3.1193 | std(g_L) = 0.6451 | grad = 1.9100
step  35780 | loss = -3.2395 | g_L = +3.2395 | EMA = +3.1310 | std(g_L) = 0.6236 | grad = 0.8595
step  35800 | loss = -3.1351 | g_L = +3.1351 | EMA = +3.1247 | std(g_L) = 0.7163 | grad = 2.1479
step  35820 | loss = -3.1049 | g_L = +3.1049 | EMA = +3.1351 | std(g_L) = 0.7475 | grad = 0.9834
step  35840 | loss = -3.0838 | g_L = +3.0838 | EMA = +3.1287 | std(g_L) = 0.7969 | grad = 1.2139
step  35860 | loss = -3.1281 | g_L = +3.1281 | EMA = +3.1123 | std(g_L) = 0.8723 | grad = 1.6565
step  35880 | loss = -3.1064 | g_L = +3.1064 | EMA = +3.1256 | std(g_L) = 0.8466 | grad = 0.7450
step  35900 | loss = -3.1274 | g_L = +3.1274 | EMA = +3.1200 | std(g_L) = 0.8053 | grad = 2.7665
step  35920 | loss = -3.0762 | g_L = +3.0762 | EMA = +3.1042 | std(g_L) = 0.9454 | grad = 1.0819
step  35940 | loss = -3.0098 | g_L = +3.0098 | EMA = +3.1024 | std(g_L) = 0.8683 | grad = 2.5781
step  35960 | loss = -3.1145 | g_L = +3.1145 | EMA = +3.1048 | std(g_L) = 0.8770 | grad = 0.6941
step  35980 | loss = -3.0286 | g_L = +3.0286 | EMA = +3.1097 | std(g_L) = 0.8250 | grad = 1.4826
step  36000 | loss = -3.0800 | g_L = +3.0800 | EMA = +3.1021 | std(g_L) = 0.8237 | grad = 0.5527
step  36020 | loss = -3.1173 | g_L = +3.1173 | EMA = +3.1133 | std(g_L) = 0.9446 | grad = 1.1125
step  36040 | loss = -3.1788 | g_L = +3.1788 | EMA = +3.1216 | std(g_L) = 0.7430 | grad = 1.8356
step  36060 | loss = -3.2589 | g_L = +3.2589 | EMA = +3.1258 | std(g_L) = 0.6492 | grad = 1.4473
step  36080 | loss = -3.0590 | g_L = +3.0590 | EMA = +3.1087 | std(g_L) = 0.9410 | grad = 1.8032
step  36100 | loss = -3.1274 | g_L = +3.1274 | EMA = +3.1170 | std(g_L) = 0.7635 | grad = 1.4726
step  36120 | loss = -3.1183 | g_L = +3.1183 | EMA = +3.1197 | std(g_L) = 0.6473 | grad = 1.6629
step  36140 | loss = -3.1691 | g_L = +3.1691 | EMA = +3.1249 | std(g_L) = 0.7855 | grad = 1.3303
step  36160 | loss = -3.0498 | g_L = +3.0498 | EMA = +3.1123 | std(g_L) = 0.9153 | grad = 1.8525
step  36180 | loss = -3.1547 | g_L = +3.1547 | EMA = +3.1096 | std(g_L) = 0.6314 | grad = 1.1437
step  36200 | loss = -3.0110 | g_L = +3.0110 | EMA = +3.1153 | std(g_L) = 0.8967 | grad = 1.8421
step  36220 | loss = -3.2150 | g_L = +3.2150 | EMA = +3.1262 | std(g_L) = 0.7063 | grad = 2.0675
step  36240 | loss = -3.1694 | g_L = +3.1694 | EMA = +3.1210 | std(g_L) = 0.6671 | grad = 1.0043
step  36260 | loss = -3.1150 | g_L = +3.1150 | EMA = +3.1082 | std(g_L) = 0.6780 | grad = 1.2443
step  36280 | loss = -2.9999 | g_L = +2.9999 | EMA = +3.1131 | std(g_L) = 1.0128 | grad = 1.1321
step  36300 | loss = -3.0599 | g_L = +3.0599 | EMA = +3.1138 | std(g_L) = 0.7956 | grad = 1.1100
step  36320 | loss = -3.1099 | g_L = +3.1099 | EMA = +3.1337 | std(g_L) = 0.7672 | grad = 1.5984
step  36340 | loss = -3.0585 | g_L = +3.0585 | EMA = +3.1196 | std(g_L) = 0.9239 | grad = 1.4552
step  36360 | loss = -3.1752 | g_L = +3.1752 | EMA = +3.1245 | std(g_L) = 0.6972 | grad = 0.4849
step  36380 | loss = -3.0061 | g_L = +3.0061 | EMA = +3.1226 | std(g_L) = 0.8479 | grad = 0.6823
step  36400 | loss = -3.1586 | g_L = +3.1586 | EMA = +3.1219 | std(g_L) = 0.7719 | grad = 1.3450
step  36420 | loss = -3.1536 | g_L = +3.1536 | EMA = +3.1199 | std(g_L) = 0.7104 | grad = 1.1464
step  36440 | loss = -3.1686 | g_L = +3.1686 | EMA = +3.1188 | std(g_L) = 0.8208 | grad = 2.9831
step  36460 | loss = -2.9973 | g_L = +2.9973 | EMA = +3.1283 | std(g_L) = 0.8101 | grad = 1.7114
step  36480 | loss = -3.0856 | g_L = +3.0856 | EMA = +3.1094 | std(g_L) = 0.8017 | grad = 0.9996
step  36500 | loss = -3.1996 | g_L = +3.1996 | EMA = +3.1271 | std(g_L) = 0.7936 | grad = 0.7716
step  36520 | loss = -3.0848 | g_L = +3.0848 | EMA = +3.1227 | std(g_L) = 0.7588 | grad = 2.4487
step  36540 | loss = -3.1776 | g_L = +3.1776 | EMA = +3.1223 | std(g_L) = 0.7367 | grad = 0.9721
step  36560 | loss = -3.0324 | g_L = +3.0324 | EMA = +3.1147 | std(g_L) = 0.8957 | grad = 1.3971
step  36580 | loss = -3.1443 | g_L = +3.1443 | EMA = +3.1242 | std(g_L) = 0.6729 | grad = 0.6821
step  36600 | loss = -3.1997 | g_L = +3.1997 | EMA = +3.1442 | std(g_L) = 0.5899 | grad = 1.2832
step  36620 | loss = -3.1473 | g_L = +3.1473 | EMA = +3.1395 | std(g_L) = 0.6796 | grad = 1.2388
step  36640 | loss = -2.9036 | g_L = +2.9036 | EMA = +3.1234 | std(g_L) = 0.9007 | grad = 1.7882
step  36660 | loss = -3.1385 | g_L = +3.1385 | EMA = +3.1323 | std(g_L) = 0.7684 | grad = 1.7990
step  36680 | loss = -3.1208 | g_L = +3.1208 | EMA = +3.1187 | std(g_L) = 0.8447 | grad = 0.4989
step  36700 | loss = -3.0597 | g_L = +3.0597 | EMA = +3.1215 | std(g_L) = 0.7777 | grad = 0.8921
step  36720 | loss = -3.1395 | g_L = +3.1395 | EMA = +3.1173 | std(g_L) = 0.7562 | grad = 0.8277
step  36740 | loss = -3.0732 | g_L = +3.0732 | EMA = +3.1197 | std(g_L) = 0.7902 | grad = 0.8199
step  36760 | loss = -3.1053 | g_L = +3.1053 | EMA = +3.1133 | std(g_L) = 0.8534 | grad = 0.8747
step  36780 | loss = -3.2126 | g_L = +3.2126 | EMA = +3.1113 | std(g_L) = 0.6906 | grad = 1.3136
step  36800 | loss = -3.1925 | g_L = +3.1925 | EMA = +3.1244 | std(g_L) = 0.6628 | grad = 1.3465
step  36820 | loss = -3.1633 | g_L = +3.1633 | EMA = +3.1286 | std(g_L) = 0.7257 | grad = 1.1891
step  36840 | loss = -3.0958 | g_L = +3.0958 | EMA = +3.1223 | std(g_L) = 0.8516 | grad = 1.5158
step  36860 | loss = -3.1082 | g_L = +3.1082 | EMA = +3.1233 | std(g_L) = 0.8065 | grad = 1.1012
step  36880 | loss = -3.2165 | g_L = +3.2165 | EMA = +3.1304 | std(g_L) = 0.7662 | grad = 1.2493
step  36900 | loss = -3.2071 | g_L = +3.2071 | EMA = +3.1357 | std(g_L) = 0.6997 | grad = 1.3941
step  36920 | loss = -3.0677 | g_L = +3.0677 | EMA = +3.1213 | std(g_L) = 0.8191 | grad = 2.3657
step  36940 | loss = -3.0662 | g_L = +3.0662 | EMA = +3.1208 | std(g_L) = 0.8216 | grad = 0.7260
step  36960 | loss = -3.0802 | g_L = +3.0802 | EMA = +3.1094 | std(g_L) = 0.8569 | grad = 0.6996
step  36980 | loss = -3.1390 | g_L = +3.1390 | EMA = +3.1201 | std(g_L) = 0.8349 | grad = 1.8179
step  37000 | loss = -3.1755 | g_L = +3.1755 | EMA = +3.1165 | std(g_L) = 0.7170 | grad = 1.4209
step  37020 | loss = -3.1214 | g_L = +3.1214 | EMA = +3.1098 | std(g_L) = 0.6857 | grad = 1.9302
step  37040 | loss = -3.0320 | g_L = +3.0320 | EMA = +3.1177 | std(g_L) = 0.9316 | grad = 1.5579
step  37060 | loss = -3.1503 | g_L = +3.1503 | EMA = +3.1167 | std(g_L) = 0.8184 | grad = 1.6634
step  37080 | loss = -3.1283 | g_L = +3.1283 | EMA = +3.1329 | std(g_L) = 0.7713 | grad = 1.1751
step  37100 | loss = -3.1328 | g_L = +3.1328 | EMA = +3.1280 | std(g_L) = 0.7490 | grad = 2.7246
step  37120 | loss = -3.2543 | g_L = +3.2543 | EMA = +3.1372 | std(g_L) = 0.6837 | grad = 0.3827
step  37140 | loss = -3.1026 | g_L = +3.1026 | EMA = +3.1152 | std(g_L) = 0.6524 | grad = 3.5161
step  37160 | loss = -3.0676 | g_L = +3.0676 | EMA = +3.1257 | std(g_L) = 0.8847 | grad = 0.6048
step  37180 | loss = -3.0723 | g_L = +3.0723 | EMA = +3.1239 | std(g_L) = 0.7990 | grad = 0.8626
step  37200 | loss = -3.0237 | g_L = +3.0237 | EMA = +3.1252 | std(g_L) = 0.8675 | grad = 2.0298
step  37220 | loss = -3.0630 | g_L = +3.0630 | EMA = +3.1163 | std(g_L) = 0.9747 | grad = 0.9975
step  37240 | loss = -3.0536 | g_L = +3.0536 | EMA = +3.1141 | std(g_L) = 0.8053 | grad = 1.4228
step  37260 | loss = -3.0464 | g_L = +3.0464 | EMA = +3.1349 | std(g_L) = 0.9710 | grad = 2.0899
step  37280 | loss = -3.0587 | g_L = +3.0587 | EMA = +3.1365 | std(g_L) = 0.8620 | grad = 2.2910
step  37300 | loss = -3.1026 | g_L = +3.1026 | EMA = +3.1247 | std(g_L) = 0.7833 | grad = 0.7023
step  37320 | loss = -3.0562 | g_L = +3.0562 | EMA = +3.1292 | std(g_L) = 0.8548 | grad = 3.6946
step  37340 | loss = -3.0409 | g_L = +3.0409 | EMA = +3.1266 | std(g_L) = 0.7354 | grad = 2.1861
step  37360 | loss = -3.0882 | g_L = +3.0882 | EMA = +3.1318 | std(g_L) = 0.8436 | grad = 0.3546
step  37380 | loss = -3.1905 | g_L = +3.1905 | EMA = +3.1365 | std(g_L) = 0.6361 | grad = 0.4200
step  37400 | loss = -3.0457 | g_L = +3.0457 | EMA = +3.1277 | std(g_L) = 0.8299 | grad = 0.8573
step  37420 | loss = -3.1234 | g_L = +3.1234 | EMA = +3.1245 | std(g_L) = 0.7618 | grad = 1.1934
step  37440 | loss = -3.0851 | g_L = +3.0851 | EMA = +3.1250 | std(g_L) = 0.8583 | grad = 1.5126
step  37460 | loss = -3.2084 | g_L = +3.2084 | EMA = +3.1180 | std(g_L) = 0.7447 | grad = 1.2494
step  37480 | loss = -3.0039 | g_L = +3.0039 | EMA = +3.1241 | std(g_L) = 0.9081 | grad = 1.0565
step  37500 | loss = -3.0803 | g_L = +3.0803 | EMA = +3.1180 | std(g_L) = 0.6960 | grad = 2.3070
step  37520 | loss = -3.0309 | g_L = +3.0309 | EMA = +3.1069 | std(g_L) = 0.8969 | grad = 1.3673
step  37540 | loss = -3.1407 | g_L = +3.1407 | EMA = +3.1128 | std(g_L) = 0.8190 | grad = 1.1531
step  37560 | loss = -3.1792 | g_L = +3.1792 | EMA = +3.1339 | std(g_L) = 0.7208 | grad = 2.0178
step  37580 | loss = -3.1263 | g_L = +3.1263 | EMA = +3.1363 | std(g_L) = 0.8882 | grad = 1.4569
step  37600 | loss = -3.1940 | g_L = +3.1940 | EMA = +3.1190 | std(g_L) = 0.7260 | grad = 0.6990
step  37620 | loss = -3.1441 | g_L = +3.1441 | EMA = +3.1186 | std(g_L) = 0.7650 | grad = 1.6301
step  37640 | loss = -3.2545 | g_L = +3.2545 | EMA = +3.1424 | std(g_L) = 0.6745 | grad = 0.7779
step  37660 | loss = -3.2239 | g_L = +3.2239 | EMA = +3.1351 | std(g_L) = 0.6542 | grad = 1.8364
step  37680 | loss = -3.1625 | g_L = +3.1625 | EMA = +3.1285 | std(g_L) = 0.8157 | grad = 1.6856
step  37700 | loss = -3.1257 | g_L = +3.1257 | EMA = +3.1257 | std(g_L) = 0.6995 | grad = 2.0677
step  37720 | loss = -3.1022 | g_L = +3.1022 | EMA = +3.1152 | std(g_L) = 0.8169 | grad = 1.7658
step  37740 | loss = -3.0711 | g_L = +3.0711 | EMA = +3.1181 | std(g_L) = 0.8570 | grad = 2.8597
step  37760 | loss = -3.1141 | g_L = +3.1141 | EMA = +3.1129 | std(g_L) = 0.8630 | grad = 1.8156
step  37780 | loss = -3.0671 | g_L = +3.0671 | EMA = +3.1274 | std(g_L) = 0.9191 | grad = 1.3593
step  37800 | loss = -3.0088 | g_L = +3.0088 | EMA = +3.1336 | std(g_L) = 0.7500 | grad = 2.6030
step  37820 | loss = -3.1355 | g_L = +3.1355 | EMA = +3.1299 | std(g_L) = 0.7879 | grad = 1.4443
step  37840 | loss = -3.0941 | g_L = +3.0941 | EMA = +3.1173 | std(g_L) = 0.7731 | grad = 0.8975
step  37860 | loss = -3.0775 | g_L = +3.0775 | EMA = +3.1080 | std(g_L) = 0.7667 | grad = 3.6076
step  37880 | loss = -3.1002 | g_L = +3.1002 | EMA = +3.1088 | std(g_L) = 0.7418 | grad = 1.1805
step  37900 | loss = -3.1989 | g_L = +3.1989 | EMA = +3.1253 | std(g_L) = 0.7732 | grad = 0.6786
step  37920 | loss = -3.1283 | g_L = +3.1283 | EMA = +3.1224 | std(g_L) = 0.7866 | grad = 1.9427
step  37940 | loss = -3.2158 | g_L = +3.2158 | EMA = +3.1233 | std(g_L) = 0.7281 | grad = 1.0763
step  37960 | loss = -3.1694 | g_L = +3.1694 | EMA = +3.1193 | std(g_L) = 0.8148 | grad = 1.0180
step  37980 | loss = -3.1261 | g_L = +3.1261 | EMA = +3.1164 | std(g_L) = 0.7544 | grad = 1.0785
step  38000 | loss = -3.1496 | g_L = +3.1496 | EMA = +3.1135 | std(g_L) = 0.8342 | grad = 1.2297
step  38020 | loss = -3.1024 | g_L = +3.1024 | EMA = +3.1140 | std(g_L) = 0.8169 | grad = 0.6811
step  38040 | loss = -3.1091 | g_L = +3.1091 | EMA = +3.1263 | std(g_L) = 0.7179 | grad = 0.6380
step  38060 | loss = -3.1013 | g_L = +3.1013 | EMA = +3.1295 | std(g_L) = 0.8359 | grad = 1.6454
step  38080 | loss = -3.0306 | g_L = +3.0306 | EMA = +3.1175 | std(g_L) = 0.8367 | grad = 1.4626
step  38100 | loss = -3.2274 | g_L = +3.2274 | EMA = +3.1266 | std(g_L) = 0.7400 | grad = 1.1477
step  38120 | loss = -3.0871 | g_L = +3.0871 | EMA = +3.1238 | std(g_L) = 0.8382 | grad = 1.3794
step  38140 | loss = -3.0969 | g_L = +3.0969 | EMA = +3.1098 | std(g_L) = 0.7089 | grad = 2.5838
step  38160 | loss = -3.0933 | g_L = +3.0933 | EMA = +3.1210 | std(g_L) = 0.8104 | grad = 1.4791
step  38180 | loss = -3.0987 | g_L = +3.0987 | EMA = +3.1161 | std(g_L) = 0.9238 | grad = 1.9377
step  38200 | loss = -3.0888 | g_L = +3.0888 | EMA = +3.1249 | std(g_L) = 0.9227 | grad = 0.5383
step  38220 | loss = -3.1464 | g_L = +3.1464 | EMA = +3.1244 | std(g_L) = 0.7422 | grad = 2.2227
step  38240 | loss = -3.0933 | g_L = +3.0933 | EMA = +3.1377 | std(g_L) = 0.7056 | grad = 2.5998
step  38260 | loss = -3.1888 | g_L = +3.1888 | EMA = +3.1188 | std(g_L) = 0.7946 | grad = 1.9821
step  38280 | loss = -3.0435 | g_L = +3.0435 | EMA = +3.1257 | std(g_L) = 0.7329 | grad = 1.4386
step  38300 | loss = -3.1275 | g_L = +3.1275 | EMA = +3.1257 | std(g_L) = 0.7105 | grad = 1.4361
step  38320 | loss = -3.1663 | g_L = +3.1663 | EMA = +3.1131 | std(g_L) = 0.7293 | grad = 0.6814
step  38340 | loss = -3.1411 | g_L = +3.1411 | EMA = +3.1065 | std(g_L) = 0.8374 | grad = 1.8019
step  38360 | loss = -3.1698 | g_L = +3.1698 | EMA = +3.1157 | std(g_L) = 0.7081 | grad = 2.5222
step  38380 | loss = -3.1771 | g_L = +3.1771 | EMA = +3.1269 | std(g_L) = 0.8034 | grad = 4.0124
step  38400 | loss = -3.1476 | g_L = +3.1476 | EMA = +3.1261 | std(g_L) = 0.7183 | grad = 0.7293
step  38420 | loss = -3.1977 | g_L = +3.1977 | EMA = +3.1394 | std(g_L) = 0.6528 | grad = 2.0188
step  38440 | loss = -3.1818 | g_L = +3.1818 | EMA = +3.1109 | std(g_L) = 0.6851 | grad = 2.3572
step  38460 | loss = -3.1465 | g_L = +3.1465 | EMA = +3.1215 | std(g_L) = 0.7091 | grad = 1.1660
step  38480 | loss = -3.1417 | g_L = +3.1417 | EMA = +3.1283 | std(g_L) = 0.7625 | grad = 1.5277
step  38500 | loss = -3.0896 | g_L = +3.0896 | EMA = +3.1298 | std(g_L) = 0.8393 | grad = 0.8602
step  38520 | loss = -3.1648 | g_L = +3.1648 | EMA = +3.1400 | std(g_L) = 0.7580 | grad = 1.3544
step  38540 | loss = -3.1665 | g_L = +3.1665 | EMA = +3.1330 | std(g_L) = 0.8105 | grad = 1.2331
step  38560 | loss = -3.0265 | g_L = +3.0265 | EMA = +3.0991 | std(g_L) = 0.8553 | grad = 1.0207
step  38580 | loss = -3.0747 | g_L = +3.0747 | EMA = +3.1133 | std(g_L) = 0.7710 | grad = 2.0334
step  38600 | loss = -3.1354 | g_L = +3.1354 | EMA = +3.1291 | std(g_L) = 0.7185 | grad = 2.3373
step  38620 | loss = -3.2112 | g_L = +3.2112 | EMA = +3.1236 | std(g_L) = 0.6420 | grad = 1.4466
step  38640 | loss = -3.1530 | g_L = +3.1530 | EMA = +3.1400 | std(g_L) = 1.0461 | grad = 2.7079
step  38660 | loss = -3.0676 | g_L = +3.0676 | EMA = +3.1323 | std(g_L) = 0.8691 | grad = 0.7431
step  38680 | loss = -3.0328 | g_L = +3.0328 | EMA = +3.1278 | std(g_L) = 0.6974 | grad = 1.8214
step  38700 | loss = -3.1685 | g_L = +3.1685 | EMA = +3.1219 | std(g_L) = 0.7192 | grad = 1.2862
step  38720 | loss = -3.1178 | g_L = +3.1178 | EMA = +3.1145 | std(g_L) = 0.7416 | grad = 1.5288
step  38740 | loss = -3.0804 | g_L = +3.0804 | EMA = +3.1202 | std(g_L) = 0.8904 | grad = 2.8608
step  38760 | loss = -3.0736 | g_L = +3.0736 | EMA = +3.1029 | std(g_L) = 0.7234 | grad = 1.6557
step  38780 | loss = -3.1319 | g_L = +3.1319 | EMA = +3.1307 | std(g_L) = 0.8032 | grad = 1.7763
step  38800 | loss = -3.0071 | g_L = +3.0071 | EMA = +3.1178 | std(g_L) = 0.8961 | grad = 3.8395
step  38820 | loss = -3.1399 | g_L = +3.1399 | EMA = +3.1107 | std(g_L) = 0.8109 | grad = 2.0495
step  38840 | loss = -3.0716 | g_L = +3.0716 | EMA = +3.1184 | std(g_L) = 0.7737 | grad = 1.0634
step  38860 | loss = -3.1421 | g_L = +3.1421 | EMA = +3.1140 | std(g_L) = 0.7799 | grad = 1.4009
step  38880 | loss = -2.9503 | g_L = +2.9503 | EMA = +3.1143 | std(g_L) = 0.9610 | grad = 1.3374
step  38900 | loss = -3.1695 | g_L = +3.1695 | EMA = +3.1210 | std(g_L) = 0.7678 | grad = 0.6551
step  38920 | loss = -3.0993 | g_L = +3.0993 | EMA = +3.1125 | std(g_L) = 0.8253 | grad = 1.1501
step  38940 | loss = -3.1105 | g_L = +3.1105 | EMA = +3.1148 | std(g_L) = 0.8180 | grad = 1.5498
step  38960 | loss = -3.1776 | g_L = +3.1776 | EMA = +3.1197 | std(g_L) = 0.7233 | grad = 2.3175
step  38980 | loss = -3.0992 | g_L = +3.0992 | EMA = +3.1174 | std(g_L) = 1.0263 | grad = 1.1448
step  39000 | loss = -3.1435 | g_L = +3.1435 | EMA = +3.1119 | std(g_L) = 0.7193 | grad = 1.4923
step  39020 | loss = -3.2494 | g_L = +3.2494 | EMA = +3.1087 | std(g_L) = 0.7276 | grad = 1.4263
step  39040 | loss = -3.1278 | g_L = +3.1278 | EMA = +3.1285 | std(g_L) = 0.9376 | grad = 0.7186
step  39060 | loss = -3.1839 | g_L = +3.1839 | EMA = +3.1384 | std(g_L) = 0.7040 | grad = 1.8775
step  39080 | loss = -3.2835 | g_L = +3.2835 | EMA = +3.1382 | std(g_L) = 0.6736 | grad = 1.3320
step  39100 | loss = -3.1537 | g_L = +3.1537 | EMA = +3.1366 | std(g_L) = 0.6632 | grad = 0.7055
step  39120 | loss = -3.0642 | g_L = +3.0642 | EMA = +3.1100 | std(g_L) = 0.8935 | grad = 1.2046
step  39140 | loss = -3.1522 | g_L = +3.1522 | EMA = +3.1346 | std(g_L) = 0.7106 | grad = 1.4036
step  39160 | loss = -3.1705 | g_L = +3.1705 | EMA = +3.1248 | std(g_L) = 0.8574 | grad = 0.3333
step  39180 | loss = -3.1679 | g_L = +3.1679 | EMA = +3.1317 | std(g_L) = 0.7785 | grad = 0.8488
step  39200 | loss = -3.0371 | g_L = +3.0371 | EMA = +3.1044 | std(g_L) = 0.8972 | grad = 0.7913
step  39220 | loss = -3.1633 | g_L = +3.1633 | EMA = +3.1395 | std(g_L) = 0.6484 | grad = 0.9550
step  39240 | loss = -3.0745 | g_L = +3.0745 | EMA = +3.1285 | std(g_L) = 0.7529 | grad = 2.6879
step  39260 | loss = -3.1408 | g_L = +3.1408 | EMA = +3.1360 | std(g_L) = 0.7473 | grad = 1.2517
step  39280 | loss = -2.9619 | g_L = +2.9619 | EMA = +3.1245 | std(g_L) = 0.9352 | grad = 1.3714
step  39300 | loss = -3.0216 | g_L = +3.0216 | EMA = +3.1081 | std(g_L) = 0.9983 | grad = 1.4810
step  39320 | loss = -3.1366 | g_L = +3.1366 | EMA = +3.1073 | std(g_L) = 0.7442 | grad = 1.0669
step  39340 | loss = -3.2016 | g_L = +3.2016 | EMA = +3.1226 | std(g_L) = 0.6649 | grad = 1.1492
step  39360 | loss = -3.2409 | g_L = +3.2409 | EMA = +3.1228 | std(g_L) = 0.6547 | grad = 0.9927
step  39380 | loss = -3.1541 | g_L = +3.1541 | EMA = +3.1285 | std(g_L) = 0.8813 | grad = 2.4430
step  39400 | loss = -3.1456 | g_L = +3.1456 | EMA = +3.1281 | std(g_L) = 0.7669 | grad = 0.9529
step  39420 | loss = -3.1032 | g_L = +3.1032 | EMA = +3.1397 | std(g_L) = 0.7763 | grad = 1.6333
step  39440 | loss = -3.1238 | g_L = +3.1238 | EMA = +3.1192 | std(g_L) = 0.7617 | grad = 1.1035
step  39460 | loss = -3.1245 | g_L = +3.1245 | EMA = +3.1337 | std(g_L) = 0.7129 | grad = 2.0153
step  39480 | loss = -3.1400 | g_L = +3.1400 | EMA = +3.1274 | std(g_L) = 0.7244 | grad = 1.7771
step  39500 | loss = -3.1493 | g_L = +3.1493 | EMA = +3.1325 | std(g_L) = 0.7831 | grad = 2.5960
step  39520 | loss = -3.0431 | g_L = +3.0431 | EMA = +3.1273 | std(g_L) = 0.7669 | grad = 2.0878
step  39540 | loss = -3.0746 | g_L = +3.0746 | EMA = +3.1316 | std(g_L) = 0.7033 | grad = 1.9175
step  39560 | loss = -3.0501 | g_L = +3.0501 | EMA = +3.1176 | std(g_L) = 0.7320 | grad = 0.9778
step  39580 | loss = -3.2372 | g_L = +3.2372 | EMA = +3.1188 | std(g_L) = 0.6798 | grad = 1.4847
step  39600 | loss = -3.1578 | g_L = +3.1578 | EMA = +3.1276 | std(g_L) = 0.7428 | grad = 2.1258
step  39620 | loss = -3.2387 | g_L = +3.2387 | EMA = +3.1441 | std(g_L) = 0.7717 | grad = 1.1965
step  39640 | loss = -3.1182 | g_L = +3.1182 | EMA = +3.1488 | std(g_L) = 0.9055 | grad = 1.3722
step  39660 | loss = -3.1552 | g_L = +3.1552 | EMA = +3.1369 | std(g_L) = 0.7895 | grad = 1.8009
step  39680 | loss = -3.0021 | g_L = +3.0021 | EMA = +3.1064 | std(g_L) = 0.9320 | grad = 2.6454
step  39700 | loss = -3.0522 | g_L = +3.0522 | EMA = +3.1125 | std(g_L) = 0.8840 | grad = 0.7703
step  39720 | loss = -3.0860 | g_L = +3.0860 | EMA = +3.1217 | std(g_L) = 0.7025 | grad = 1.3404
step  39740 | loss = -3.1099 | g_L = +3.1099 | EMA = +3.1161 | std(g_L) = 0.8334 | grad = 1.5024
step  39760 | loss = -3.1965 | g_L = +3.1965 | EMA = +3.1361 | std(g_L) = 0.6995 | grad = 1.2743
step  39780 | loss = -3.2219 | g_L = +3.2219 | EMA = +3.1397 | std(g_L) = 0.6968 | grad = 0.8325
step  39800 | loss = -3.1499 | g_L = +3.1499 | EMA = +3.1102 | std(g_L) = 0.7002 | grad = 2.4808
step  39820 | loss = -3.1241 | g_L = +3.1241 | EMA = +3.1225 | std(g_L) = 0.7925 | grad = 0.6920
step  39840 | loss = -3.0506 | g_L = +3.0506 | EMA = +3.1224 | std(g_L) = 0.9560 | grad = 1.4602
step  39860 | loss = -3.1373 | g_L = +3.1373 | EMA = +3.1362 | std(g_L) = 0.7001 | grad = 1.5545
step  39880 | loss = -3.1120 | g_L = +3.1120 | EMA = +3.1292 | std(g_L) = 0.7396 | grad = 1.1047
step  39900 | loss = -3.1731 | g_L = +3.1731 | EMA = +3.1197 | std(g_L) = 0.7714 | grad = 1.2678
step  39920 | loss = -3.1198 | g_L = +3.1198 | EMA = +3.1223 | std(g_L) = 0.7754 | grad = 1.9838
step  39940 | loss = -3.0376 | g_L = +3.0376 | EMA = +3.1003 | std(g_L) = 0.8806 | grad = 1.7971
step  39960 | loss = -2.9937 | g_L = +2.9937 | EMA = +3.1092 | std(g_L) = 0.8454 | grad = 2.5098
step  39980 | loss = -3.1221 | g_L = +3.1221 | EMA = +3.1068 | std(g_L) = 0.7418 | grad = 1.4346
step  40000 | loss = -3.1875 | g_L = +3.1875 | EMA = +3.1470 | std(g_L) = 0.7192 | grad = 1.7371
step  40020 | loss = -3.0275 | g_L = +3.0275 | EMA = +3.1328 | std(g_L) = 1.0399 | grad = 1.7151
step  40040 | loss = -3.1022 | g_L = +3.1022 | EMA = +3.1329 | std(g_L) = 0.8029 | grad = 3.3834
step  40060 | loss = -3.0736 | g_L = +3.0736 | EMA = +3.1090 | std(g_L) = 0.8499 | grad = 1.2394
step  40080 | loss = -3.1077 | g_L = +3.1077 | EMA = +3.0997 | std(g_L) = 0.7854 | grad = 1.0948
step  40100 | loss = -3.1254 | g_L = +3.1254 | EMA = +3.0958 | std(g_L) = 0.8417 | grad = 1.1367
step  40120 | loss = -3.2088 | g_L = +3.2088 | EMA = +3.1309 | std(g_L) = 0.8069 | grad = 1.0805
step  40140 | loss = -3.1064 | g_L = +3.1064 | EMA = +3.1257 | std(g_L) = 0.7835 | grad = 0.4815
step  40160 | loss = -3.2092 | g_L = +3.2092 | EMA = +3.1428 | std(g_L) = 0.7558 | grad = 1.3648
step  40180 | loss = -3.2094 | g_L = +3.2094 | EMA = +3.1355 | std(g_L) = 0.8527 | grad = 0.6219
step  40200 | loss = -3.1584 | g_L = +3.1584 | EMA = +3.1303 | std(g_L) = 0.9110 | grad = 2.8322
step  40220 | loss = -3.2016 | g_L = +3.2016 | EMA = +3.1295 | std(g_L) = 0.6828 | grad = 2.2195
step  40240 | loss = -3.1265 | g_L = +3.1265 | EMA = +3.1417 | std(g_L) = 0.8826 | grad = 1.1106
step  40260 | loss = -3.1245 | g_L = +3.1245 | EMA = +3.1355 | std(g_L) = 0.7457 | grad = 1.6923
step  40280 | loss = -3.0163 | g_L = +3.0163 | EMA = +3.1143 | std(g_L) = 0.9803 | grad = 3.3058
step  40300 | loss = -3.1292 | g_L = +3.1292 | EMA = +3.1127 | std(g_L) = 0.8910 | grad = 1.3846
step  40320 | loss = -3.1612 | g_L = +3.1612 | EMA = +3.1168 | std(g_L) = 0.7791 | grad = 2.4988
step  40340 | loss = -3.1069 | g_L = +3.1069 | EMA = +3.1175 | std(g_L) = 1.0581 | grad = 0.7761
step  40360 | loss = -3.2532 | g_L = +3.2532 | EMA = +3.1190 | std(g_L) = 0.6079 | grad = 1.4807
step  40380 | loss = -3.2522 | g_L = +3.2522 | EMA = +3.1260 | std(g_L) = 0.7043 | grad = 1.8409
step  40400 | loss = -3.1421 | g_L = +3.1421 | EMA = +3.1234 | std(g_L) = 0.9210 | grad = 2.2249
step  40420 | loss = -3.1225 | g_L = +3.1225 | EMA = +3.1157 | std(g_L) = 0.8958 | grad = 1.0851
step  40440 | loss = -3.0676 | g_L = +3.0676 | EMA = +3.1202 | std(g_L) = 0.8299 | grad = 0.7171
step  40460 | loss = -3.0247 | g_L = +3.0247 | EMA = +3.1056 | std(g_L) = 1.0162 | grad = 2.0912
step  40480 | loss = -3.0765 | g_L = +3.0765 | EMA = +3.1138 | std(g_L) = 0.7533 | grad = 2.1497
step  40500 | loss = -3.0787 | g_L = +3.0787 | EMA = +3.1207 | std(g_L) = 0.8548 | grad = 1.8443
step  40520 | loss = -3.0941 | g_L = +3.0941 | EMA = +3.1306 | std(g_L) = 0.7169 | grad = 1.1303
step  40540 | loss = -3.1705 | g_L = +3.1705 | EMA = +3.1287 | std(g_L) = 0.8118 | grad = 2.0248
step  40560 | loss = -3.1689 | g_L = +3.1689 | EMA = +3.1306 | std(g_L) = 0.8062 | grad = 1.2290
step  40580 | loss = -3.1174 | g_L = +3.1174 | EMA = +3.1231 | std(g_L) = 1.0257 | grad = 2.0522
step  40600 | loss = -3.1426 | g_L = +3.1426 | EMA = +3.1256 | std(g_L) = 0.8010 | grad = 2.1803
step  40620 | loss = -3.1950 | g_L = +3.1950 | EMA = +3.1165 | std(g_L) = 0.7801 | grad = 0.8014
step  40640 | loss = -3.1174 | g_L = +3.1174 | EMA = +3.1348 | std(g_L) = 0.7975 | grad = 2.2753
step  40660 | loss = -3.1165 | g_L = +3.1165 | EMA = +3.1312 | std(g_L) = 0.6441 | grad = 1.7030
step  40680 | loss = -3.0923 | g_L = +3.0923 | EMA = +3.1255 | std(g_L) = 0.7964 | grad = 1.6769
step  40700 | loss = -3.1736 | g_L = +3.1736 | EMA = +3.1288 | std(g_L) = 0.6944 | grad = 0.6123
step  40720 | loss = -3.1000 | g_L = +3.1000 | EMA = +3.1186 | std(g_L) = 0.8502 | grad = 1.6774
step  40740 | loss = -3.1089 | g_L = +3.1089 | EMA = +3.1245 | std(g_L) = 0.6840 | grad = 1.5169
step  40760 | loss = -3.1026 | g_L = +3.1026 | EMA = +3.1272 | std(g_L) = 0.8169 | grad = 2.9360
step  40780 | loss = -3.1046 | g_L = +3.1046 | EMA = +3.1222 | std(g_L) = 0.7854 | grad = 1.2429
step  40800 | loss = -3.1732 | g_L = +3.1732 | EMA = +3.1322 | std(g_L) = 0.7273 | grad = 1.1739
step  40820 | loss = -3.0513 | g_L = +3.0513 | EMA = +3.1248 | std(g_L) = 0.7242 | grad = 2.1750
step  40840 | loss = -3.1559 | g_L = +3.1559 | EMA = +3.1299 | std(g_L) = 1.0462 | grad = 2.1445
step  40860 | loss = -3.1450 | g_L = +3.1450 | EMA = +3.1434 | std(g_L) = 0.7403 | grad = 2.2702
step  40880 | loss = -3.1219 | g_L = +3.1219 | EMA = +3.1276 | std(g_L) = 0.7833 | grad = 1.6832
step  40900 | loss = -3.2394 | g_L = +3.2394 | EMA = +3.1385 | std(g_L) = 0.8066 | grad = 2.4953
step  40920 | loss = -3.1509 | g_L = +3.1509 | EMA = +3.1315 | std(g_L) = 0.7750 | grad = 2.5411
step  40940 | loss = -3.0627 | g_L = +3.0627 | EMA = +3.1359 | std(g_L) = 0.8458 | grad = 1.0641
step  40960 | loss = -3.1853 | g_L = +3.1853 | EMA = +3.1369 | std(g_L) = 0.6377 | grad = 1.8163
step  40980 | loss = -3.1002 | g_L = +3.1002 | EMA = +3.1274 | std(g_L) = 0.8724 | grad = 1.5918
step  41000 | loss = -3.0886 | g_L = +3.0886 | EMA = +3.1257 | std(g_L) = 0.7900 | grad = 1.3789
step  41020 | loss = -3.1163 | g_L = +3.1163 | EMA = +3.1319 | std(g_L) = 0.7148 | grad = 1.6007
step  41040 | loss = -3.0820 | g_L = +3.0820 | EMA = +3.1215 | std(g_L) = 0.7507 | grad = 1.2923
step  41060 | loss = -3.1104 | g_L = +3.1104 | EMA = +3.1248 | std(g_L) = 0.7894 | grad = 1.6180
step  41080 | loss = -3.1538 | g_L = +3.1538 | EMA = +3.1266 | std(g_L) = 0.8299 | grad = 1.7358
step  41100 | loss = -3.1432 | g_L = +3.1432 | EMA = +3.1202 | std(g_L) = 0.7880 | grad = 1.7031
step  41120 | loss = -3.1226 | g_L = +3.1226 | EMA = +3.1197 | std(g_L) = 0.8511 | grad = 5.6864
step  41140 | loss = -3.1601 | g_L = +3.1601 | EMA = +3.1082 | std(g_L) = 0.7197 | grad = 1.6964
step  41160 | loss = -3.2306 | g_L = +3.2306 | EMA = +3.1282 | std(g_L) = 0.6308 | grad = 1.1172
step  41180 | loss = -3.1135 | g_L = +3.1135 | EMA = +3.1306 | std(g_L) = 0.7442 | grad = 2.3217
step  41200 | loss = -3.1922 | g_L = +3.1922 | EMA = +3.1343 | std(g_L) = 0.8422 | grad = 1.3439
step  41220 | loss = -2.9984 | g_L = +2.9984 | EMA = +3.1312 | std(g_L) = 0.8437 | grad = 4.4830
step  41240 | loss = -3.1165 | g_L = +3.1165 | EMA = +3.1332 | std(g_L) = 0.8127 | grad = 1.4416
step  41260 | loss = -3.1643 | g_L = +3.1643 | EMA = +3.1250 | std(g_L) = 0.7921 | grad = 4.6978
step  41280 | loss = -3.2065 | g_L = +3.2065 | EMA = +3.1256 | std(g_L) = 0.7129 | grad = 0.9348
step  41300 | loss = -3.1559 | g_L = +3.1559 | EMA = +3.1301 | std(g_L) = 0.7385 | grad = 0.8474
step  41320 | loss = -3.1151 | g_L = +3.1151 | EMA = +3.1219 | std(g_L) = 0.7434 | grad = 1.6444
step  41340 | loss = -3.1871 | g_L = +3.1871 | EMA = +3.1294 | std(g_L) = 0.6433 | grad = 2.1804
step  41360 | loss = -3.1319 | g_L = +3.1319 | EMA = +3.1215 | std(g_L) = 0.8009 | grad = 2.4322
step  41380 | loss = -3.1359 | g_L = +3.1359 | EMA = +3.1191 | std(g_L) = 0.7554 | grad = 1.0936
step  41400 | loss = -3.1490 | g_L = +3.1490 | EMA = +3.1293 | std(g_L) = 0.8049 | grad = 1.7794
step  41420 | loss = -3.2120 | g_L = +3.2120 | EMA = +3.1348 | std(g_L) = 0.6320 | grad = 2.1685
step  41440 | loss = -3.1462 | g_L = +3.1462 | EMA = +3.1338 | std(g_L) = 0.7373 | grad = 1.2519
step  41460 | loss = -3.1182 | g_L = +3.1182 | EMA = +3.1345 | std(g_L) = 0.7013 | grad = 1.9326
step  41480 | loss = -3.0189 | g_L = +3.0189 | EMA = +3.1306 | std(g_L) = 1.1019 | grad = 1.1042
step  41500 | loss = -3.0725 | g_L = +3.0725 | EMA = +3.1358 | std(g_L) = 0.7861 | grad = 3.0051
step  41520 | loss = -3.0455 | g_L = +3.0455 | EMA = +3.1252 | std(g_L) = 0.9013 | grad = 2.0481
step  41540 | loss = -3.1004 | g_L = +3.1004 | EMA = +3.1513 | std(g_L) = 0.7480 | grad = 2.4419
step  41560 | loss = -3.1605 | g_L = +3.1605 | EMA = +3.1351 | std(g_L) = 0.7181 | grad = 3.1336
step  41580 | loss = -3.1144 | g_L = +3.1144 | EMA = +3.1338 | std(g_L) = 0.7914 | grad = 2.3309
step  41600 | loss = -3.0734 | g_L = +3.0734 | EMA = +3.1136 | std(g_L) = 0.8529 | grad = 3.9973
step  41620 | loss = -3.2702 | g_L = +3.2702 | EMA = +3.1364 | std(g_L) = 0.6724 | grad = 0.6296
step  41640 | loss = -3.1557 | g_L = +3.1557 | EMA = +3.1373 | std(g_L) = 0.7806 | grad = 0.9413
step  41660 | loss = -3.0546 | g_L = +3.0546 | EMA = +3.1240 | std(g_L) = 0.8119 | grad = 2.2020
step  41680 | loss = -3.1265 | g_L = +3.1265 | EMA = +3.1239 | std(g_L) = 0.6846 | grad = 1.2818
step  41700 | loss = -3.1451 | g_L = +3.1451 | EMA = +3.1109 | std(g_L) = 0.6667 | grad = 1.5012
step  41720 | loss = -3.0759 | g_L = +3.0759 | EMA = +3.1185 | std(g_L) = 0.7744 | grad = 1.4117
step  41740 | loss = -3.1089 | g_L = +3.1089 | EMA = +3.1175 | std(g_L) = 0.8273 | grad = 1.2699
step  41760 | loss = -3.1624 | g_L = +3.1624 | EMA = +3.1262 | std(g_L) = 0.6876 | grad = 1.6789
step  41780 | loss = -3.1240 | g_L = +3.1240 | EMA = +3.1315 | std(g_L) = 0.8080 | grad = 3.0085
step  41800 | loss = -3.0914 | g_L = +3.0914 | EMA = +3.1293 | std(g_L) = 0.9594 | grad = 1.7929
step  41820 | loss = -3.2246 | g_L = +3.2246 | EMA = +3.1304 | std(g_L) = 0.6857 | grad = 1.8610
step  41840 | loss = -3.0473 | g_L = +3.0473 | EMA = +3.1302 | std(g_L) = 0.9750 | grad = 2.5624
step  41860 | loss = -3.1184 | g_L = +3.1184 | EMA = +3.1277 | std(g_L) = 0.8071 | grad = 1.5343
step  41880 | loss = -3.0964 | g_L = +3.0964 | EMA = +3.1379 | std(g_L) = 0.9302 | grad = 3.0387
step  41900 | loss = -3.1057 | g_L = +3.1057 | EMA = +3.1376 | std(g_L) = 0.9743 | grad = 1.5678
step  41920 | loss = -3.1824 | g_L = +3.1824 | EMA = +3.1422 | std(g_L) = 0.6362 | grad = 1.8652
step  41940 | loss = -3.1187 | g_L = +3.1187 | EMA = +3.1239 | std(g_L) = 0.7017 | grad = 3.2838
step  41960 | loss = -3.1034 | g_L = +3.1034 | EMA = +3.1387 | std(g_L) = 0.9932 | grad = 1.8142
step  41980 | loss = -3.1310 | g_L = +3.1310 | EMA = +3.1371 | std(g_L) = 0.8080 | grad = 1.0673
step  42000 | loss = -3.1707 | g_L = +3.1707 | EMA = +3.1355 | std(g_L) = 0.7725 | grad = 0.9977
step  42020 | loss = -3.1200 | g_L = +3.1200 | EMA = +3.1334 | std(g_L) = 0.8031 | grad = 1.0830
step  42040 | loss = -3.1884 | g_L = +3.1884 | EMA = +3.1480 | std(g_L) = 0.7820 | grad = 0.8881
step  42060 | loss = -3.1286 | g_L = +3.1286 | EMA = +3.1409 | std(g_L) = 0.7570 | grad = 1.4144
step  42080 | loss = -3.0508 | g_L = +3.0508 | EMA = +3.1137 | std(g_L) = 0.8969 | grad = 0.8939
step  42100 | loss = -3.0383 | g_L = +3.0383 | EMA = +3.1126 | std(g_L) = 0.8892 | grad = 1.7901
step  42120 | loss = -3.1040 | g_L = +3.1040 | EMA = +3.1156 | std(g_L) = 0.8235 | grad = 1.0822
step  42140 | loss = -3.0618 | g_L = +3.0618 | EMA = +3.1239 | std(g_L) = 0.7299 | grad = 2.6526
step  42160 | loss = -3.1666 | g_L = +3.1666 | EMA = +3.1239 | std(g_L) = 0.7916 | grad = 1.7376
step  42180 | loss = -3.1933 | g_L = +3.1933 | EMA = +3.1261 | std(g_L) = 0.7913 | grad = 1.9835
step  42200 | loss = -3.1956 | g_L = +3.1956 | EMA = +3.1303 | std(g_L) = 0.7509 | grad = 1.8313
step  42220 | loss = -3.2148 | g_L = +3.2148 | EMA = +3.1453 | std(g_L) = 0.6465 | grad = 1.0142
step  42240 | loss = -3.1854 | g_L = +3.1854 | EMA = +3.1339 | std(g_L) = 0.7408 | grad = 1.8015
step  42260 | loss = -3.1310 | g_L = +3.1310 | EMA = +3.1368 | std(g_L) = 0.8072 | grad = 1.5530
step  42280 | loss = -3.2271 | g_L = +3.2271 | EMA = +3.1422 | std(g_L) = 0.7818 | grad = 1.2295
step  42300 | loss = -3.1169 | g_L = +3.1169 | EMA = +3.1359 | std(g_L) = 0.8784 | grad = 2.6266
step  42320 | loss = -3.2147 | g_L = +3.2147 | EMA = +3.1485 | std(g_L) = 0.6494 | grad = 2.0170
step  42340 | loss = -3.0433 | g_L = +3.0433 | EMA = +3.1415 | std(g_L) = 0.7853 | grad = 2.7830
step  42360 | loss = -3.0950 | g_L = +3.0950 | EMA = +3.1288 | std(g_L) = 0.7602 | grad = 1.1049
step  42380 | loss = -3.1473 | g_L = +3.1473 | EMA = +3.1401 | std(g_L) = 0.8300 | grad = 0.6918
step  42400 | loss = -3.1839 | g_L = +3.1839 | EMA = +3.1407 | std(g_L) = 0.6478 | grad = 1.9193
step  42420 | loss = -3.1344 | g_L = +3.1344 | EMA = +3.1316 | std(g_L) = 0.7931 | grad = 1.3761
step  42440 | loss = -3.1752 | g_L = +3.1752 | EMA = +3.1385 | std(g_L) = 0.7699 | grad = 2.9888
step  42460 | loss = -3.1419 | g_L = +3.1419 | EMA = +3.1323 | std(g_L) = 0.8252 | grad = 0.7618
step  42480 | loss = -3.1392 | g_L = +3.1392 | EMA = +3.1361 | std(g_L) = 0.7625 | grad = 1.4601
step  42500 | loss = -3.1571 | g_L = +3.1571 | EMA = +3.1403 | std(g_L) = 0.8301 | grad = 1.6566
step  42520 | loss = -3.1243 | g_L = +3.1243 | EMA = +3.1348 | std(g_L) = 0.7732 | grad = 2.7736
step  42540 | loss = -3.1303 | g_L = +3.1303 | EMA = +3.1279 | std(g_L) = 0.8554 | grad = 2.7446
step  42560 | loss = -3.0898 | g_L = +3.0898 | EMA = +3.1341 | std(g_L) = 0.9252 | grad = 1.9684
step  42580 | loss = -3.0692 | g_L = +3.0692 | EMA = +3.1174 | std(g_L) = 0.8506 | grad = 2.6047
step  42600 | loss = -3.0687 | g_L = +3.0687 | EMA = +3.1218 | std(g_L) = 0.8377 | grad = 1.0150
step  42620 | loss = -3.1816 | g_L = +3.1816 | EMA = +3.1436 | std(g_L) = 0.7017 | grad = 1.7373
step  42640 | loss = -3.0940 | g_L = +3.0940 | EMA = +3.1360 | std(g_L) = 0.8663 | grad = 0.9982
step  42660 | loss = -3.1776 | g_L = +3.1776 | EMA = +3.1213 | std(g_L) = 0.7499 | grad = 1.1350
step  42680 | loss = -3.1752 | g_L = +3.1752 | EMA = +3.1263 | std(g_L) = 0.7680 | grad = 1.0065
step  42700 | loss = -3.1461 | g_L = +3.1461 | EMA = +3.1194 | std(g_L) = 0.7535 | grad = 0.9947
step  42720 | loss = -3.1580 | g_L = +3.1580 | EMA = +3.1257 | std(g_L) = 0.9426 | grad = 1.4558
step  42740 | loss = -3.1057 | g_L = +3.1057 | EMA = +3.1317 | std(g_L) = 0.7140 | grad = 1.9429
step  42760 | loss = -3.1622 | g_L = +3.1622 | EMA = +3.1387 | std(g_L) = 0.7867 | grad = 1.3490
step  42780 | loss = -3.0814 | g_L = +3.0814 | EMA = +3.1260 | std(g_L) = 0.8944 | grad = 2.3222
step  42800 | loss = -3.1088 | g_L = +3.1088 | EMA = +3.1133 | std(g_L) = 0.8670 | grad = 1.0546
step  42820 | loss = -3.0717 | g_L = +3.0717 | EMA = +3.1281 | std(g_L) = 0.7388 | grad = 1.7880
step  42840 | loss = -3.1145 | g_L = +3.1145 | EMA = +3.1133 | std(g_L) = 0.7574 | grad = 1.0340
step  42860 | loss = -3.0866 | g_L = +3.0866 | EMA = +3.1275 | std(g_L) = 0.6547 | grad = 3.1782
step  42880 | loss = -3.1231 | g_L = +3.1231 | EMA = +3.1268 | std(g_L) = 0.6868 | grad = 1.9910
step  42900 | loss = -3.1302 | g_L = +3.1302 | EMA = +3.1367 | std(g_L) = 0.7356 | grad = 2.6845
step  42920 | loss = -3.0696 | g_L = +3.0696 | EMA = +3.1212 | std(g_L) = 0.7925 | grad = 2.4337
step  42940 | loss = -3.1595 | g_L = +3.1595 | EMA = +3.1281 | std(g_L) = 0.7676 | grad = 0.9093
step  42960 | loss = -3.1020 | g_L = +3.1020 | EMA = +3.1218 | std(g_L) = 0.7556 | grad = 1.5580
step  42980 | loss = -3.0974 | g_L = +3.0974 | EMA = +3.1354 | std(g_L) = 0.8525 | grad = 1.1379
step  43000 | loss = -3.1552 | g_L = +3.1552 | EMA = +3.1272 | std(g_L) = 0.7548 | grad = 0.3870
step  43020 | loss = -3.0963 | g_L = +3.0963 | EMA = +3.1235 | std(g_L) = 0.8179 | grad = 3.2425
step  43040 | loss = -3.1723 | g_L = +3.1723 | EMA = +3.1405 | std(g_L) = 0.7089 | grad = 1.1183
step  43060 | loss = -3.1483 | g_L = +3.1483 | EMA = +3.1332 | std(g_L) = 0.7519 | grad = 1.4553
step  43080 | loss = -3.1624 | g_L = +3.1624 | EMA = +3.1436 | std(g_L) = 0.6774 | grad = 1.3785
step  43100 | loss = -3.1615 | g_L = +3.1615 | EMA = +3.1324 | std(g_L) = 0.8139 | grad = 1.4667
step  43120 | loss = -3.2180 | g_L = +3.2180 | EMA = +3.1232 | std(g_L) = 0.6778 | grad = 1.9761
step  43140 | loss = -2.9775 | g_L = +2.9775 | EMA = +3.1163 | std(g_L) = 0.8572 | grad = 1.1935
step  43160 | loss = -3.1606 | g_L = +3.1606 | EMA = +3.1128 | std(g_L) = 0.8396 | grad = 2.3196
step  43180 | loss = -3.1536 | g_L = +3.1536 | EMA = +3.1382 | std(g_L) = 0.7928 | grad = 1.2110
step  43200 | loss = -3.0458 | g_L = +3.0458 | EMA = +3.1282 | std(g_L) = 0.8515 | grad = 0.7817
step  43220 | loss = -3.0646 | g_L = +3.0646 | EMA = +3.1327 | std(g_L) = 0.8233 | grad = 0.8123
step  43240 | loss = -3.2816 | g_L = +3.2816 | EMA = +3.1402 | std(g_L) = 0.7218 | grad = 0.7470
step  43260 | loss = -3.1148 | g_L = +3.1148 | EMA = +3.1316 | std(g_L) = 0.6783 | grad = 1.1890
step  43280 | loss = -3.2471 | g_L = +3.2471 | EMA = +3.1487 | std(g_L) = 0.7220 | grad = 1.4019
step  43300 | loss = -3.2278 | g_L = +3.2278 | EMA = +3.1520 | std(g_L) = 0.7240 | grad = 1.2854
step  43320 | loss = -3.1661 | g_L = +3.1661 | EMA = +3.1445 | std(g_L) = 0.8936 | grad = 3.0626
step  43340 | loss = -3.0989 | g_L = +3.0989 | EMA = +3.1558 | std(g_L) = 0.8007 | grad = 1.5312
step  43360 | loss = -3.1437 | g_L = +3.1437 | EMA = +3.1603 | std(g_L) = 0.7790 | grad = 1.2852
step  43380 | loss = -3.2152 | g_L = +3.2152 | EMA = +3.1446 | std(g_L) = 0.7175 | grad = 0.7442
step  43400 | loss = -3.0088 | g_L = +3.0088 | EMA = +3.1414 | std(g_L) = 0.8901 | grad = 4.8157
step  43420 | loss = -3.1127 | g_L = +3.1127 | EMA = +3.1376 | std(g_L) = 0.7397 | grad = 1.6484
step  43440 | loss = -3.1696 | g_L = +3.1696 | EMA = +3.1272 | std(g_L) = 0.8189 | grad = 1.3073
step  43460 | loss = -3.1163 | g_L = +3.1163 | EMA = +3.1297 | std(g_L) = 0.7837 | grad = 1.4254
step  43480 | loss = -3.0211 | g_L = +3.0211 | EMA = +3.1310 | std(g_L) = 0.9210 | grad = 1.3313
step  43500 | loss = -3.1300 | g_L = +3.1300 | EMA = +3.1293 | std(g_L) = 0.6787 | grad = 1.9034
step  43520 | loss = -3.1451 | g_L = +3.1451 | EMA = +3.1341 | std(g_L) = 0.9265 | grad = 4.1521
step  43540 | loss = -3.1811 | g_L = +3.1811 | EMA = +3.1278 | std(g_L) = 0.6424 | grad = 4.0647
step  43560 | loss = -3.0802 | g_L = +3.0802 | EMA = +3.1226 | std(g_L) = 0.7940 | grad = 1.1327
step  43580 | loss = -3.1552 | g_L = +3.1552 | EMA = +3.1327 | std(g_L) = 0.6943 | grad = 2.3077
step  43600 | loss = -3.1525 | g_L = +3.1525 | EMA = +3.1323 | std(g_L) = 0.8816 | grad = 0.8516
step  43620 | loss = -3.1252 | g_L = +3.1252 | EMA = +3.1187 | std(g_L) = 0.6954 | grad = 2.1951
step  43640 | loss = -3.0860 | g_L = +3.0860 | EMA = +3.1304 | std(g_L) = 0.8219 | grad = 2.2587
step  43660 | loss = -3.0738 | g_L = +3.0738 | EMA = +3.1228 | std(g_L) = 1.0514 | grad = 1.1351
step  43680 | loss = -3.1179 | g_L = +3.1179 | EMA = +3.1091 | std(g_L) = 0.8449 | grad = 1.7828
step  43700 | loss = -3.0550 | g_L = +3.0550 | EMA = +3.1239 | std(g_L) = 0.9310 | grad = 2.6315
step  43720 | loss = -3.2053 | g_L = +3.2053 | EMA = +3.1402 | std(g_L) = 0.6992 | grad = 0.8439
step  43740 | loss = -3.1626 | g_L = +3.1626 | EMA = +3.1275 | std(g_L) = 0.7934 | grad = 1.2035
step  43760 | loss = -3.0719 | g_L = +3.0719 | EMA = +3.1321 | std(g_L) = 0.7706 | grad = 1.4589
step  43780 | loss = -3.1570 | g_L = +3.1570 | EMA = +3.1276 | std(g_L) = 0.7384 | grad = 1.1765
step  43800 | loss = -3.0459 | g_L = +3.0459 | EMA = +3.1286 | std(g_L) = 0.9525 | grad = 1.2985
step  43820 | loss = -3.1238 | g_L = +3.1238 | EMA = +3.1200 | std(g_L) = 0.7050 | grad = 1.5774
step  43840 | loss = -3.1252 | g_L = +3.1252 | EMA = +3.1192 | std(g_L) = 0.8239 | grad = 1.4190
step  43860 | loss = -3.0136 | g_L = +3.0136 | EMA = +3.1163 | std(g_L) = 0.9667 | grad = 0.6760
step  43880 | loss = -3.0839 | g_L = +3.0839 | EMA = +3.1243 | std(g_L) = 0.9247 | grad = 1.5042
step  43900 | loss = -3.1597 | g_L = +3.1597 | EMA = +3.1324 | std(g_L) = 0.6866 | grad = 3.2871
step  43920 | loss = -3.1722 | g_L = +3.1722 | EMA = +3.1440 | std(g_L) = 0.7669 | grad = 1.2070
step  43940 | loss = -3.0610 | g_L = +3.0610 | EMA = +3.1409 | std(g_L) = 1.0202 | grad = 2.5604
step  43960 | loss = -3.1284 | g_L = +3.1284 | EMA = +3.1556 | std(g_L) = 0.8922 | grad = 0.9217
step  43980 | loss = -3.1033 | g_L = +3.1033 | EMA = +3.1469 | std(g_L) = 0.8284 | grad = 4.1851
step  44000 | loss = -3.2146 | g_L = +3.2146 | EMA = +3.1450 | std(g_L) = 0.6256 | grad = 2.5889
step  44020 | loss = -3.1397 | g_L = +3.1397 | EMA = +3.1496 | std(g_L) = 0.6913 | grad = 2.4520
step  44040 | loss = -3.1904 | g_L = +3.1904 | EMA = +3.1295 | std(g_L) = 0.6817 | grad = 0.7770
step  44060 | loss = -3.0924 | g_L = +3.0924 | EMA = +3.1309 | std(g_L) = 0.7957 | grad = 1.9314
step  44080 | loss = -3.1153 | g_L = +3.1153 | EMA = +3.1175 | std(g_L) = 0.8286 | grad = 1.1941
step  44100 | loss = -3.1306 | g_L = +3.1306 | EMA = +3.1362 | std(g_L) = 0.8374 | grad = 1.1483
step  44120 | loss = -3.1406 | g_L = +3.1406 | EMA = +3.1428 | std(g_L) = 0.7949 | grad = 1.3446
step  44140 | loss = -3.1819 | g_L = +3.1819 | EMA = +3.1188 | std(g_L) = 0.7976 | grad = 0.5960
step  44160 | loss = -3.0068 | g_L = +3.0068 | EMA = +3.1150 | std(g_L) = 0.9978 | grad = 3.8276
step  44180 | loss = -3.0850 | g_L = +3.0850 | EMA = +3.1401 | std(g_L) = 0.7680 | grad = 1.1061
step  44200 | loss = -3.2873 | g_L = +3.2873 | EMA = +3.1518 | std(g_L) = 0.7485 | grad = 2.9096
step  44220 | loss = -3.1207 | g_L = +3.1207 | EMA = +3.1383 | std(g_L) = 0.8158 | grad = 2.1042
step  44240 | loss = -3.2123 | g_L = +3.2123 | EMA = +3.1288 | std(g_L) = 0.7292 | grad = 0.7282
step  44260 | loss = -3.1471 | g_L = +3.1471 | EMA = +3.1327 | std(g_L) = 0.7461 | grad = 2.5208
step  44280 | loss = -3.1018 | g_L = +3.1018 | EMA = +3.1319 | std(g_L) = 0.8229 | grad = 0.7901
step  44300 | loss = -3.2522 | g_L = +3.2522 | EMA = +3.1468 | std(g_L) = 0.7381 | grad = 0.8127
step  44320 | loss = -3.1570 | g_L = +3.1570 | EMA = +3.1465 | std(g_L) = 0.8442 | grad = 1.8366
step  44340 | loss = -3.1857 | g_L = +3.1857 | EMA = +3.1335 | std(g_L) = 0.6577 | grad = 1.5267
step  44360 | loss = -3.0611 | g_L = +3.0611 | EMA = +3.1246 | std(g_L) = 0.7456 | grad = 1.5404
step  44380 | loss = -3.0649 | g_L = +3.0649 | EMA = +3.1353 | std(g_L) = 0.8685 | grad = 1.6406
step  44400 | loss = -3.0913 | g_L = +3.0913 | EMA = +3.1310 | std(g_L) = 0.8473 | grad = 1.9531
step  44420 | loss = -3.1186 | g_L = +3.1186 | EMA = +3.1386 | std(g_L) = 0.8315 | grad = 1.2079
step  44440 | loss = -3.1864 | g_L = +3.1864 | EMA = +3.1269 | std(g_L) = 0.7273 | grad = 0.5866
step  44460 | loss = -3.0884 | g_L = +3.0884 | EMA = +3.1295 | std(g_L) = 0.7734 | grad = 1.1659
step  44480 | loss = -3.0698 | g_L = +3.0698 | EMA = +3.1187 | std(g_L) = 0.8740 | grad = 7.6853
step  44500 | loss = -3.1513 | g_L = +3.1513 | EMA = +3.1232 | std(g_L) = 0.8245 | grad = 1.7344
step  44520 | loss = -3.1462 | g_L = +3.1462 | EMA = +3.1325 | std(g_L) = 0.8166 | grad = 1.9902
step  44540 | loss = -3.0675 | g_L = +3.0675 | EMA = +3.1303 | std(g_L) = 0.8057 | grad = 0.8445
step  44560 | loss = -3.0873 | g_L = +3.0873 | EMA = +3.1251 | std(g_L) = 0.8941 | grad = 2.7104
step  44580 | loss = -3.2124 | g_L = +3.2124 | EMA = +3.1224 | std(g_L) = 0.6755 | grad = 2.0982
step  44600 | loss = -3.1684 | g_L = +3.1684 | EMA = +3.1338 | std(g_L) = 0.6677 | grad = 1.0537
step  44620 | loss = -3.1072 | g_L = +3.1072 | EMA = +3.1388 | std(g_L) = 0.8760 | grad = 1.2496
step  44640 | loss = -3.1208 | g_L = +3.1208 | EMA = +3.1349 | std(g_L) = 0.7044 | grad = 2.0880
step  44660 | loss = -3.0966 | g_L = +3.0966 | EMA = +3.1406 | std(g_L) = 0.9128 | grad = 1.1858
step  44680 | loss = -3.0349 | g_L = +3.0349 | EMA = +3.1337 | std(g_L) = 0.7786 | grad = 1.5680
step  44700 | loss = -3.0832 | g_L = +3.0832 | EMA = +3.1474 | std(g_L) = 0.9671 | grad = 2.4854
step  44720 | loss = -3.0921 | g_L = +3.0921 | EMA = +3.1289 | std(g_L) = 0.8628 | grad = 0.9115
step  44740 | loss = -3.1294 | g_L = +3.1294 | EMA = +3.1323 | std(g_L) = 0.5903 | grad = 0.6467
step  44760 | loss = -3.1998 | g_L = +3.1998 | EMA = +3.1348 | std(g_L) = 0.8278 | grad = 1.4229
step  44780 | loss = -3.1440 | g_L = +3.1440 | EMA = +3.1467 | std(g_L) = 0.8202 | grad = 1.7720
step  44800 | loss = -3.0599 | g_L = +3.0599 | EMA = +3.1224 | std(g_L) = 0.7448 | grad = 1.3725
step  44820 | loss = -3.1573 | g_L = +3.1573 | EMA = +3.1175 | std(g_L) = 0.8898 | grad = 0.8722
step  44840 | loss = -3.0169 | g_L = +3.0169 | EMA = +3.1272 | std(g_L) = 0.8394 | grad = 1.7980
step  44860 | loss = -2.9933 | g_L = +2.9933 | EMA = +3.1219 | std(g_L) = 0.9638 | grad = 5.5126
step  44880 | loss = -3.1113 | g_L = +3.1113 | EMA = +3.1185 | std(g_L) = 0.8475 | grad = 1.8193
step  44900 | loss = -3.1423 | g_L = +3.1423 | EMA = +3.1390 | std(g_L) = 0.7435 | grad = 1.6909
step  44920 | loss = -3.1233 | g_L = +3.1233 | EMA = +3.1381 | std(g_L) = 0.8057 | grad = 1.3694
step  44940 | loss = -3.1646 | g_L = +3.1646 | EMA = +3.1393 | std(g_L) = 0.8133 | grad = 1.3261
step  44960 | loss = -3.1641 | g_L = +3.1641 | EMA = +3.1420 | std(g_L) = 0.9263 | grad = 1.1972
step  44980 | loss = -3.1079 | g_L = +3.1079 | EMA = +3.1217 | std(g_L) = 0.8100 | grad = 1.7642
step  45000 | loss = -3.1353 | g_L = +3.1353 | EMA = +3.1195 | std(g_L) = 0.8164 | grad = 1.6640
step  45020 | loss = -2.9983 | g_L = +2.9983 | EMA = +3.1140 | std(g_L) = 0.9463 | grad = 1.1310
step  45040 | loss = -3.1472 | g_L = +3.1472 | EMA = +3.1253 | std(g_L) = 0.7455 | grad = 2.5517
step  45060 | loss = -3.1081 | g_L = +3.1081 | EMA = +3.1279 | std(g_L) = 0.8770 | grad = 1.8098
step  45080 | loss = -3.1311 | g_L = +3.1311 | EMA = +3.1190 | std(g_L) = 0.8151 | grad = 0.8693
step  45100 | loss = -3.0175 | g_L = +3.0175 | EMA = +3.1122 | std(g_L) = 0.8811 | grad = 2.4908
step  45120 | loss = -3.2191 | g_L = +3.2191 | EMA = +3.1235 | std(g_L) = 0.6476 | grad = 2.4211
step  45140 | loss = -3.1799 | g_L = +3.1799 | EMA = +3.1409 | std(g_L) = 0.8512 | grad = 1.6529
step  45160 | loss = -3.0745 | g_L = +3.0745 | EMA = +3.1343 | std(g_L) = 0.8746 | grad = 2.4575
step  45180 | loss = -3.0084 | g_L = +3.0084 | EMA = +3.1212 | std(g_L) = 0.7224 | grad = 0.4715
step  45200 | loss = -3.0850 | g_L = +3.0850 | EMA = +3.1137 | std(g_L) = 0.9517 | grad = 1.0213
step  45220 | loss = -3.2500 | g_L = +3.2500 | EMA = +3.1327 | std(g_L) = 0.7199 | grad = 0.8115
step  45240 | loss = -3.1129 | g_L = +3.1129 | EMA = +3.1288 | std(g_L) = 0.6904 | grad = 1.2204
step  45260 | loss = -3.2648 | g_L = +3.2648 | EMA = +3.1255 | std(g_L) = 0.6671 | grad = 2.4166
step  45280 | loss = -3.1741 | g_L = +3.1741 | EMA = +3.1449 | std(g_L) = 0.7630 | grad = 2.9413
step  45300 | loss = -3.1055 | g_L = +3.1055 | EMA = +3.1355 | std(g_L) = 0.7305 | grad = 1.9634
step  45320 | loss = -3.1230 | g_L = +3.1230 | EMA = +3.1324 | std(g_L) = 0.8188 | grad = 5.5350
step  45340 | loss = -3.1712 | g_L = +3.1712 | EMA = +3.1246 | std(g_L) = 0.7505 | grad = 2.3843
step  45360 | loss = -3.0830 | g_L = +3.0830 | EMA = +3.1252 | std(g_L) = 0.9864 | grad = 2.8569
step  45380 | loss = -3.3154 | g_L = +3.3154 | EMA = +3.1632 | std(g_L) = 0.6340 | grad = 1.4143
step  45400 | loss = -3.2223 | g_L = +3.2223 | EMA = +3.1480 | std(g_L) = 0.6774 | grad = 0.7544
step  45420 | loss = -3.1591 | g_L = +3.1591 | EMA = +3.1412 | std(g_L) = 0.7504 | grad = 2.5686
step  45440 | loss = -3.1915 | g_L = +3.1915 | EMA = +3.1282 | std(g_L) = 0.6834 | grad = 2.7687
step  45460 | loss = -3.1463 | g_L = +3.1463 | EMA = +3.1415 | std(g_L) = 0.8327 | grad = 2.7481
step  45480 | loss = -2.9634 | g_L = +2.9634 | EMA = +3.1080 | std(g_L) = 0.9721 | grad = 1.9109
step  45500 | loss = -3.2051 | g_L = +3.2051 | EMA = +3.1247 | std(g_L) = 0.6875 | grad = 9.6751
step  45520 | loss = -3.1889 | g_L = +3.1889 | EMA = +3.1453 | std(g_L) = 0.6842 | grad = 1.5902
step  45540 | loss = -3.1580 | g_L = +3.1580 | EMA = +3.1391 | std(g_L) = 0.7730 | grad = 2.2017
step  45560 | loss = -3.1092 | g_L = +3.1092 | EMA = +3.1319 | std(g_L) = 0.8004 | grad = 6.0649
step  45580 | loss = -3.1370 | g_L = +3.1370 | EMA = +3.1246 | std(g_L) = 0.8575 | grad = 3.6712
step  45600 | loss = -3.1815 | g_L = +3.1815 | EMA = +3.1361 | std(g_L) = 0.7350 | grad = 1.2898
step  45620 | loss = -3.1975 | g_L = +3.1975 | EMA = +3.1402 | std(g_L) = 0.6791 | grad = 8.3627
step  45640 | loss = -3.2110 | g_L = +3.2110 | EMA = +3.1582 | std(g_L) = 0.8286 | grad = 2.6851
step  45660 | loss = -3.0183 | g_L = +3.0183 | EMA = +3.1254 | std(g_L) = 1.0722 | grad = 0.7219
step  45680 | loss = -3.1195 | g_L = +3.1195 | EMA = +3.1330 | std(g_L) = 0.8574 | grad = 0.7663
step  45700 | loss = -3.0478 | g_L = +3.0478 | EMA = +3.1386 | std(g_L) = 0.8892 | grad = 1.8890
step  45720 | loss = -3.0944 | g_L = +3.0944 | EMA = +3.1413 | std(g_L) = 0.8404 | grad = 0.5373
step  45740 | loss = -3.1819 | g_L = +3.1819 | EMA = +3.1318 | std(g_L) = 0.7504 | grad = 1.5456
step  45760 | loss = -3.2433 | g_L = +3.2433 | EMA = +3.1422 | std(g_L) = 0.7054 | grad = 0.8783
step  45780 | loss = -3.0042 | g_L = +3.0042 | EMA = +3.1060 | std(g_L) = 0.9483 | grad = 1.6600
step  45800 | loss = -3.1238 | g_L = +3.1238 | EMA = +3.1236 | std(g_L) = 0.7396 | grad = 1.5766
step  45820 | loss = -3.1667 | g_L = +3.1667 | EMA = +3.1378 | std(g_L) = 0.8540 | grad = 1.9236
step  45840 | loss = -3.1486 | g_L = +3.1486 | EMA = +3.1372 | std(g_L) = 0.7736 | grad = 1.3444
step  45860 | loss = -3.1439 | g_L = +3.1439 | EMA = +3.1484 | std(g_L) = 0.7347 | grad = 1.6194
step  45880 | loss = -3.2177 | g_L = +3.2177 | EMA = +3.1441 | std(g_L) = 0.6967 | grad = 0.8845
step  45900 | loss = -3.0944 | g_L = +3.0944 | EMA = +3.1277 | std(g_L) = 0.8657 | grad = 0.6340
step  45920 | loss = -3.2357 | g_L = +3.2357 | EMA = +3.1339 | std(g_L) = 0.6911 | grad = 3.4718
step  45940 | loss = -3.0071 | g_L = +3.0071 | EMA = +3.1177 | std(g_L) = 0.8917 | grad = 3.1497
step  45960 | loss = -3.0348 | g_L = +3.0348 | EMA = +3.1190 | std(g_L) = 0.8955 | grad = 1.7816
step  45980 | loss = -3.1579 | g_L = +3.1579 | EMA = +3.1187 | std(g_L) = 0.8505 | grad = 4.0850
step  46000 | loss = -3.0481 | g_L = +3.0481 | EMA = +3.1130 | std(g_L) = 0.7969 | grad = 1.4144
step  46020 | loss = -3.1970 | g_L = +3.1970 | EMA = +3.1199 | std(g_L) = 0.7666 | grad = 2.1744
step  46040 | loss = -3.1119 | g_L = +3.1119 | EMA = +3.1331 | std(g_L) = 0.7890 | grad = 2.3749
step  46060 | loss = -3.1453 | g_L = +3.1453 | EMA = +3.1146 | std(g_L) = 0.9059 | grad = 2.7035
step  46080 | loss = -3.1361 | g_L = +3.1361 | EMA = +3.1245 | std(g_L) = 0.7371 | grad = 6.4890
step  46100 | loss = -3.2177 | g_L = +3.2177 | EMA = +3.1422 | std(g_L) = 0.6381 | grad = 0.6782
step  46120 | loss = -3.0778 | g_L = +3.0778 | EMA = +3.1390 | std(g_L) = 1.0214 | grad = 4.0683
step  46140 | loss = -3.0859 | g_L = +3.0859 | EMA = +3.1348 | std(g_L) = 0.9271 | grad = 1.3513
step  46160 | loss = -3.0543 | g_L = +3.0543 | EMA = +3.1191 | std(g_L) = 0.9638 | grad = 1.6164
step  46180 | loss = -3.0756 | g_L = +3.0756 | EMA = +3.1263 | std(g_L) = 0.7123 | grad = 1.7062
step  46200 | loss = -3.1327 | g_L = +3.1327 | EMA = +3.1273 | std(g_L) = 0.8483 | grad = 2.2300
step  46220 | loss = -3.2500 | g_L = +3.2500 | EMA = +3.1391 | std(g_L) = 0.6712 | grad = 2.5244
step  46240 | loss = -3.1473 | g_L = +3.1473 | EMA = +3.1229 | std(g_L) = 0.8592 | grad = 2.3050
step  46260 | loss = -3.0855 | g_L = +3.0855 | EMA = +3.1242 | std(g_L) = 0.7681 | grad = 3.0017
step  46280 | loss = -3.1429 | g_L = +3.1429 | EMA = +3.1295 | std(g_L) = 0.7579 | grad = 0.9452
step  46300 | loss = -3.1457 | g_L = +3.1457 | EMA = +3.1402 | std(g_L) = 0.6414 | grad = 3.0099
step  46320 | loss = -3.2045 | g_L = +3.2045 | EMA = +3.1528 | std(g_L) = 0.7327 | grad = 0.4982
step  46340 | loss = -3.1520 | g_L = +3.1520 | EMA = +3.1316 | std(g_L) = 0.7477 | grad = 4.6096
step  46360 | loss = -3.0830 | g_L = +3.0830 | EMA = +3.1479 | std(g_L) = 0.8500 | grad = 1.6572
step  46380 | loss = -3.1317 | g_L = +3.1317 | EMA = +3.1381 | std(g_L) = 0.7884 | grad = 1.8220
step  46400 | loss = -3.0216 | g_L = +3.0216 | EMA = +3.1297 | std(g_L) = 0.9705 | grad = 1.9377
step  46420 | loss = -3.0316 | g_L = +3.0316 | EMA = +3.1276 | std(g_L) = 0.8036 | grad = 2.9426
step  46440 | loss = -3.0554 | g_L = +3.0554 | EMA = +3.1130 | std(g_L) = 0.7674 | grad = 2.7805
step  46460 | loss = -3.0774 | g_L = +3.0774 | EMA = +3.1232 | std(g_L) = 0.7749 | grad = 0.8709
step  46480 | loss = -3.1168 | g_L = +3.1168 | EMA = +3.1265 | std(g_L) = 0.6791 | grad = 1.1786
step  46500 | loss = -3.1359 | g_L = +3.1359 | EMA = +3.1349 | std(g_L) = 0.7263 | grad = 1.3981
step  46520 | loss = -3.0964 | g_L = +3.0964 | EMA = +3.1121 | std(g_L) = 0.7967 | grad = 2.2634
step  46540 | loss = -3.1007 | g_L = +3.1007 | EMA = +3.1260 | std(g_L) = 0.8678 | grad = 3.2011
step  46560 | loss = -3.1888 | g_L = +3.1888 | EMA = +3.1203 | std(g_L) = 0.7876 | grad = 1.9287
step  46580 | loss = -3.1245 | g_L = +3.1245 | EMA = +3.1245 | std(g_L) = 0.7656 | grad = 2.3622
step  46600 | loss = -3.1733 | g_L = +3.1733 | EMA = +3.1384 | std(g_L) = 0.6847 | grad = 5.0538
step  46620 | loss = -3.2193 | g_L = +3.2193 | EMA = +3.1376 | std(g_L) = 0.6471 | grad = 1.0634
step  46640 | loss = -3.2422 | g_L = +3.2422 | EMA = +3.1447 | std(g_L) = 0.7297 | grad = 0.8971
step  46660 | loss = -3.1315 | g_L = +3.1315 | EMA = +3.1413 | std(g_L) = 0.7254 | grad = 1.7408
step  46680 | loss = -3.1616 | g_L = +3.1616 | EMA = +3.1428 | std(g_L) = 0.9007 | grad = 1.3903
step  46700 | loss = -3.1392 | g_L = +3.1392 | EMA = +3.1318 | std(g_L) = 0.8718 | grad = 1.3631
step  46720 | loss = -2.9791 | g_L = +2.9791 | EMA = +3.1283 | std(g_L) = 0.9372 | grad = 1.3270
step  46740 | loss = -3.1095 | g_L = +3.1095 | EMA = +3.1313 | std(g_L) = 0.6341 | grad = 2.7916
step  46760 | loss = -3.1058 | g_L = +3.1058 | EMA = +3.1313 | std(g_L) = 0.7415 | grad = 1.0008
step  46780 | loss = -3.1127 | g_L = +3.1127 | EMA = +3.1260 | std(g_L) = 0.7478 | grad = 0.7766
step  46800 | loss = -3.0432 | g_L = +3.0432 | EMA = +3.1020 | std(g_L) = 0.7476 | grad = 1.5543
step  46820 | loss = -3.1103 | g_L = +3.1103 | EMA = +3.1087 | std(g_L) = 0.7903 | grad = 1.4330
step  46840 | loss = -3.1914 | g_L = +3.1914 | EMA = +3.1190 | std(g_L) = 0.6684 | grad = 2.7686
step  46860 | loss = -3.1050 | g_L = +3.1050 | EMA = +3.1301 | std(g_L) = 0.7533 | grad = 1.3491
step  46880 | loss = -3.1711 | g_L = +3.1711 | EMA = +3.1297 | std(g_L) = 0.8087 | grad = 0.8869
step  46900 | loss = -3.1318 | g_L = +3.1318 | EMA = +3.1402 | std(g_L) = 0.7246 | grad = 5.2352
step  46920 | loss = -3.0441 | g_L = +3.0441 | EMA = +3.1094 | std(g_L) = 0.8272 | grad = 0.7691
step  46940 | loss = -3.2466 | g_L = +3.2466 | EMA = +3.1386 | std(g_L) = 0.7763 | grad = 3.4877
step  46960 | loss = -3.1687 | g_L = +3.1687 | EMA = +3.1491 | std(g_L) = 0.8011 | grad = 0.8638
step  46980 | loss = -3.1523 | g_L = +3.1523 | EMA = +3.1504 | std(g_L) = 0.9897 | grad = 4.6297
step  47000 | loss = -3.1573 | g_L = +3.1573 | EMA = +3.1162 | std(g_L) = 0.6749 | grad = 2.3369
step  47020 | loss = -3.1743 | g_L = +3.1743 | EMA = +3.1285 | std(g_L) = 0.7530 | grad = 1.4130
step  47040 | loss = -3.1035 | g_L = +3.1035 | EMA = +3.1367 | std(g_L) = 0.7432 | grad = 4.7702
step  47060 | loss = -3.1074 | g_L = +3.1074 | EMA = +3.1220 | std(g_L) = 0.7710 | grad = 2.0624
step  47080 | loss = -3.1458 | g_L = +3.1458 | EMA = +3.1148 | std(g_L) = 0.8753 | grad = 3.4158
step  47100 | loss = -3.1607 | g_L = +3.1607 | EMA = +3.1274 | std(g_L) = 0.8686 | grad = 1.5664
step  47120 | loss = -3.2183 | g_L = +3.2183 | EMA = +3.1274 | std(g_L) = 0.7181 | grad = 2.7273
step  47140 | loss = -3.1502 | g_L = +3.1502 | EMA = +3.1303 | std(g_L) = 0.7961 | grad = 1.4394
step  47160 | loss = -3.0938 | g_L = +3.0938 | EMA = +3.1091 | std(g_L) = 0.8944 | grad = 2.6678
step  47180 | loss = -3.1916 | g_L = +3.1916 | EMA = +3.1337 | std(g_L) = 0.7321 | grad = 4.7521
step  47200 | loss = -3.1299 | g_L = +3.1299 | EMA = +3.1453 | std(g_L) = 0.9130 | grad = 1.4390
step  47220 | loss = -3.2081 | g_L = +3.2081 | EMA = +3.1530 | std(g_L) = 0.7776 | grad = 1.8050
step  47240 | loss = -3.1551 | g_L = +3.1551 | EMA = +3.1424 | std(g_L) = 0.9022 | grad = 0.9814
step  47260 | loss = -3.1430 | g_L = +3.1430 | EMA = +3.1204 | std(g_L) = 0.7604 | grad = 3.5718
step  47280 | loss = -3.1776 | g_L = +3.1776 | EMA = +3.1274 | std(g_L) = 0.7933 | grad = 0.5274
step  47300 | loss = -3.1157 | g_L = +3.1157 | EMA = +3.1307 | std(g_L) = 0.8584 | grad = 1.8808
step  47320 | loss = -3.1879 | g_L = +3.1879 | EMA = +3.1364 | std(g_L) = 0.7878 | grad = 1.4186
step  47340 | loss = -3.1783 | g_L = +3.1783 | EMA = +3.1291 | std(g_L) = 0.7927 | grad = 2.0627
step  47360 | loss = -3.1204 | g_L = +3.1204 | EMA = +3.1265 | std(g_L) = 0.8663 | grad = 1.7466
step  47380 | loss = -3.1251 | g_L = +3.1251 | EMA = +3.1224 | std(g_L) = 0.7621 | grad = 2.2873
step  47400 | loss = -3.1734 | g_L = +3.1734 | EMA = +3.1462 | std(g_L) = 0.7985 | grad = 5.5033
step  47420 | loss = -3.1262 | g_L = +3.1262 | EMA = +3.1481 | std(g_L) = 0.8545 | grad = 3.3666
step  47440 | loss = -3.1495 | g_L = +3.1495 | EMA = +3.1361 | std(g_L) = 0.7766 | grad = 1.9681
step  47460 | loss = -2.9751 | g_L = +2.9751 | EMA = +3.1257 | std(g_L) = 0.8139 | grad = 2.8695
step  47480 | loss = -3.1694 | g_L = +3.1694 | EMA = +3.1431 | std(g_L) = 0.7882 | grad = 1.5435
step  47500 | loss = -3.1500 | g_L = +3.1500 | EMA = +3.1296 | std(g_L) = 0.6769 | grad = 1.6624
step  47520 | loss = -3.2111 | g_L = +3.2111 | EMA = +3.1369 | std(g_L) = 0.8494 | grad = 3.3805
step  47540 | loss = -3.2388 | g_L = +3.2388 | EMA = +3.1593 | std(g_L) = 0.6947 | grad = 1.5911
step  47560 | loss = -3.0817 | g_L = +3.0817 | EMA = +3.1376 | std(g_L) = 0.9513 | grad = 2.0610
step  47580 | loss = -3.1295 | g_L = +3.1295 | EMA = +3.1308 | std(g_L) = 0.8315 | grad = 2.6133
step  47600 | loss = -3.0743 | g_L = +3.0743 | EMA = +3.1336 | std(g_L) = 0.9999 | grad = 2.1654
step  47620 | loss = -3.0735 | g_L = +3.0735 | EMA = +3.1312 | std(g_L) = 0.8478 | grad = 1.6551
step  47640 | loss = -3.0396 | g_L = +3.0396 | EMA = +3.1457 | std(g_L) = 0.8767 | grad = 2.0533
step  47660 | loss = -3.0679 | g_L = +3.0679 | EMA = +3.1226 | std(g_L) = 0.9521 | grad = 1.3879
step  47680 | loss = -3.1065 | g_L = +3.1065 | EMA = +3.1237 | std(g_L) = 0.9353 | grad = 2.2900
step  47700 | loss = -3.1603 | g_L = +3.1603 | EMA = +3.1427 | std(g_L) = 1.0733 | grad = 2.2161
step  47720 | loss = -3.1566 | g_L = +3.1566 | EMA = +3.1399 | std(g_L) = 0.7492 | grad = 2.1547
step  47740 | loss = -3.0652 | g_L = +3.0652 | EMA = +3.1471 | std(g_L) = 0.9858 | grad = 1.3106
step  47760 | loss = -3.0734 | g_L = +3.0734 | EMA = +3.1534 | std(g_L) = 1.0024 | grad = 1.4502
step  47780 | loss = -3.0618 | g_L = +3.0618 | EMA = +3.1216 | std(g_L) = 0.7037 | grad = 1.5691
step  47800 | loss = -3.0482 | g_L = +3.0482 | EMA = +3.1227 | std(g_L) = 0.9299 | grad = 1.1022
step  47820 | loss = -3.2693 | g_L = +3.2693 | EMA = +3.1392 | std(g_L) = 0.7741 | grad = 2.4788
step  47840 | loss = -3.0887 | g_L = +3.0887 | EMA = +3.1319 | std(g_L) = 0.7543 | grad = 1.5054
step  47860 | loss = -3.2053 | g_L = +3.2053 | EMA = +3.1370 | std(g_L) = 0.6652 | grad = 1.0266
step  47880 | loss = -3.2507 | g_L = +3.2507 | EMA = +3.1441 | std(g_L) = 0.6508 | grad = 8.5932
step  47900 | loss = -3.0332 | g_L = +3.0332 | EMA = +3.1395 | std(g_L) = 0.9152 | grad = 1.3583
step  47920 | loss = -3.1427 | g_L = +3.1427 | EMA = +3.1416 | std(g_L) = 0.7936 | grad = 1.8548
step  47940 | loss = -3.1462 | g_L = +3.1462 | EMA = +3.1399 | std(g_L) = 0.7492 | grad = 2.0390
step  47960 | loss = -3.0739 | g_L = +3.0739 | EMA = +3.1130 | std(g_L) = 0.8125 | grad = 1.1863
step  47980 | loss = -3.2408 | g_L = +3.2408 | EMA = +3.1239 | std(g_L) = 0.6662 | grad = 1.5200
step  48000 | loss = -3.0987 | g_L = +3.0987 | EMA = +3.1467 | std(g_L) = 0.8161 | grad = 2.8708
step  48020 | loss = -3.1898 | g_L = +3.1898 | EMA = +3.1612 | std(g_L) = 0.6565 | grad = 2.7968
step  48040 | loss = -3.2695 | g_L = +3.2695 | EMA = +3.1559 | std(g_L) = 0.6665 | grad = 3.0513
step  48060 | loss = -3.0977 | g_L = +3.0977 | EMA = +3.1364 | std(g_L) = 0.8200 | grad = 0.7445
step  48080 | loss = -3.1156 | g_L = +3.1156 | EMA = +3.1434 | std(g_L) = 0.8205 | grad = 0.9973
step  48100 | loss = -3.0956 | g_L = +3.0956 | EMA = +3.1154 | std(g_L) = 0.7453 | grad = 2.0782
step  48120 | loss = -3.1638 | g_L = +3.1638 | EMA = +3.1248 | std(g_L) = 0.9125 | grad = 0.6092
step  48140 | loss = -3.2150 | g_L = +3.2150 | EMA = +3.1371 | std(g_L) = 0.7280 | grad = 2.3467
step  48160 | loss = -3.1219 | g_L = +3.1219 | EMA = +3.1248 | std(g_L) = 0.7411 | grad = 0.9850
step  48180 | loss = -3.1238 | g_L = +3.1238 | EMA = +3.1246 | std(g_L) = 0.7860 | grad = 0.9017
step  48200 | loss = -3.1985 | g_L = +3.1985 | EMA = +3.1187 | std(g_L) = 0.7647 | grad = 2.9592
step  48220 | loss = -3.1888 | g_L = +3.1888 | EMA = +3.1183 | std(g_L) = 0.7136 | grad = 1.9584
step  48240 | loss = -3.1711 | g_L = +3.1711 | EMA = +3.1326 | std(g_L) = 0.7534 | grad = 1.8122
step  48260 | loss = -3.1236 | g_L = +3.1236 | EMA = +3.1260 | std(g_L) = 0.7460 | grad = 0.7149
step  48280 | loss = -3.0756 | g_L = +3.0756 | EMA = +3.1207 | std(g_L) = 0.9956 | grad = 1.2486
step  48300 | loss = -3.1215 | g_L = +3.1215 | EMA = +3.1294 | std(g_L) = 0.7161 | grad = 4.1692
step  48320 | loss = -3.1386 | g_L = +3.1386 | EMA = +3.1385 | std(g_L) = 0.7560 | grad = 6.1289
step  48340 | loss = -3.2305 | g_L = +3.2305 | EMA = +3.1517 | std(g_L) = 0.7160 | grad = 2.2806
step  48360 | loss = -3.0032 | g_L = +3.0032 | EMA = +3.1308 | std(g_L) = 0.9515 | grad = 1.4703
step  48380 | loss = -3.1609 | g_L = +3.1609 | EMA = +3.1417 | std(g_L) = 0.7174 | grad = 4.2740
step  48400 | loss = -3.0625 | g_L = +3.0625 | EMA = +3.1301 | std(g_L) = 0.9939 | grad = 1.9923
step  48420 | loss = -3.1394 | g_L = +3.1394 | EMA = +3.1354 | std(g_L) = 0.7148 | grad = 1.9203
step  48440 | loss = -3.1563 | g_L = +3.1563 | EMA = +3.1476 | std(g_L) = 0.6364 | grad = 1.5294
step  48460 | loss = -3.1292 | g_L = +3.1292 | EMA = +3.1491 | std(g_L) = 0.7615 | grad = 1.7360
step  48480 | loss = -3.1079 | g_L = +3.1079 | EMA = +3.1337 | std(g_L) = 0.7723 | grad = 3.0155
step  48500 | loss = -3.0287 | g_L = +3.0287 | EMA = +3.1124 | std(g_L) = 0.8768 | grad = 1.6496
step  48520 | loss = -3.1479 | g_L = +3.1479 | EMA = +3.1165 | std(g_L) = 0.7886 | grad = 0.5073
step  48540 | loss = -3.0688 | g_L = +3.0688 | EMA = +3.1240 | std(g_L) = 0.7591 | grad = 1.9363
step  48560 | loss = -3.2115 | g_L = +3.2115 | EMA = +3.1290 | std(g_L) = 0.8121 | grad = 1.9211
step  48580 | loss = -3.0765 | g_L = +3.0765 | EMA = +3.1361 | std(g_L) = 0.8720 | grad = 0.9177
step  48600 | loss = -3.0853 | g_L = +3.0853 | EMA = +3.1319 | std(g_L) = 0.8622 | grad = 1.4243
step  48620 | loss = -3.0894 | g_L = +3.0894 | EMA = +3.1352 | std(g_L) = 0.7938 | grad = 1.8555
step  48640 | loss = -3.0964 | g_L = +3.0964 | EMA = +3.1390 | std(g_L) = 0.8336 | grad = 2.2712
step  48660 | loss = -3.0682 | g_L = +3.0682 | EMA = +3.1305 | std(g_L) = 0.7995 | grad = 4.4780
step  48680 | loss = -3.2151 | g_L = +3.2151 | EMA = +3.1324 | std(g_L) = 0.7480 | grad = 2.4100
step  48700 | loss = -3.0741 | g_L = +3.0741 | EMA = +3.1400 | std(g_L) = 0.9560 | grad = 0.8442
step  48720 | loss = -3.0306 | g_L = +3.0306 | EMA = +3.1374 | std(g_L) = 0.7649 | grad = 5.5044
step  48740 | loss = -3.0587 | g_L = +3.0587 | EMA = +3.1326 | std(g_L) = 0.9079 | grad = 1.9094
step  48760 | loss = -3.1139 | g_L = +3.1139 | EMA = +3.1330 | std(g_L) = 0.8876 | grad = 0.9681
step  48780 | loss = -3.1296 | g_L = +3.1296 | EMA = +3.1362 | std(g_L) = 0.8181 | grad = 0.7493
step  48800 | loss = -3.1868 | g_L = +3.1868 | EMA = +3.1428 | std(g_L) = 0.7115 | grad = 2.4866
step  48820 | loss = -3.1668 | g_L = +3.1668 | EMA = +3.1516 | std(g_L) = 0.6333 | grad = 1.3208
step  48840 | loss = -3.1521 | g_L = +3.1521 | EMA = +3.1408 | std(g_L) = 0.7904 | grad = 3.6061
step  48860 | loss = -3.1188 | g_L = +3.1188 | EMA = +3.1388 | std(g_L) = 0.7659 | grad = 0.7802
step  48880 | loss = -3.2157 | g_L = +3.2157 | EMA = +3.1403 | std(g_L) = 0.8085 | grad = 2.7228
step  48900 | loss = -3.1149 | g_L = +3.1149 | EMA = +3.1413 | std(g_L) = 0.8034 | grad = 0.9959
step  48920 | loss = -3.0977 | g_L = +3.0977 | EMA = +3.1264 | std(g_L) = 0.8123 | grad = 1.7039
step  48940 | loss = -3.1311 | g_L = +3.1311 | EMA = +3.1314 | std(g_L) = 0.9002 | grad = 2.9690
step  48960 | loss = -3.1867 | g_L = +3.1867 | EMA = +3.1346 | std(g_L) = 0.7124 | grad = 0.5130
step  48980 | loss = -3.1926 | g_L = +3.1926 | EMA = +3.1236 | std(g_L) = 0.6964 | grad = 1.1052
step  49000 | loss = -3.0634 | g_L = +3.0634 | EMA = +3.1284 | std(g_L) = 0.7767 | grad = 0.8673
step  49020 | loss = -3.1612 | g_L = +3.1612 | EMA = +3.1256 | std(g_L) = 0.6946 | grad = 0.6959
step  49040 | loss = -3.1774 | g_L = +3.1774 | EMA = +3.1325 | std(g_L) = 0.7298 | grad = 2.9921
step  49060 | loss = -3.1202 | g_L = +3.1202 | EMA = +3.1318 | std(g_L) = 0.9241 | grad = 1.9060
step  49080 | loss = -3.2215 | g_L = +3.2215 | EMA = +3.1469 | std(g_L) = 0.8686 | grad = 2.2849
step  49100 | loss = -3.1677 | g_L = +3.1677 | EMA = +3.1311 | std(g_L) = 0.8886 | grad = 0.8333
step  49120 | loss = -3.0941 | g_L = +3.0941 | EMA = +3.1283 | std(g_L) = 0.7715 | grad = 3.2367
step  49140 | loss = -3.1111 | g_L = +3.1111 | EMA = +3.1289 | std(g_L) = 0.7052 | grad = 1.5246
step  49160 | loss = -3.1484 | g_L = +3.1484 | EMA = +3.1355 | std(g_L) = 0.8827 | grad = 1.7527
step  49180 | loss = -2.9615 | g_L = +2.9615 | EMA = +3.1211 | std(g_L) = 0.8366 | grad = 3.5443
step  49200 | loss = -3.1753 | g_L = +3.1753 | EMA = +3.1310 | std(g_L) = 0.7420 | grad = 2.8883
step  49220 | loss = -3.1114 | g_L = +3.1114 | EMA = +3.1271 | std(g_L) = 0.9099 | grad = 1.3514
step  49240 | loss = -3.2283 | g_L = +3.2283 | EMA = +3.1419 | std(g_L) = 0.6531 | grad = 1.3443
step  49260 | loss = -3.2074 | g_L = +3.2074 | EMA = +3.1411 | std(g_L) = 0.6979 | grad = 1.4045
step  49280 | loss = -3.1917 | g_L = +3.1917 | EMA = +3.1386 | std(g_L) = 0.7518 | grad = 8.1282
step  49300 | loss = -3.1440 | g_L = +3.1440 | EMA = +3.1483 | std(g_L) = 0.8140 | grad = 0.9454
step  49320 | loss = -3.0832 | g_L = +3.0832 | EMA = +3.1340 | std(g_L) = 0.7905 | grad = 0.9414
step  49340 | loss = -3.1097 | g_L = +3.1097 | EMA = +3.1358 | std(g_L) = 0.8385 | grad = 2.6053
step  49360 | loss = -2.9605 | g_L = +2.9605 | EMA = +3.1252 | std(g_L) = 0.9747 | grad = 1.0042
step  49380 | loss = -3.2571 | g_L = +3.2571 | EMA = +3.1399 | std(g_L) = 0.6366 | grad = 0.9858
step  49400 | loss = -3.2052 | g_L = +3.2052 | EMA = +3.1428 | std(g_L) = 0.6591 | grad = 1.8282
step  49420 | loss = -3.1522 | g_L = +3.1522 | EMA = +3.1578 | std(g_L) = 0.6834 | grad = 2.0566
step  49440 | loss = -3.1719 | g_L = +3.1719 | EMA = +3.1383 | std(g_L) = 0.8042 | grad = 2.4555
step  49460 | loss = -3.2860 | g_L = +3.2860 | EMA = +3.1334 | std(g_L) = 0.6569 | grad = 1.4037
step  49480 | loss = -3.1044 | g_L = +3.1044 | EMA = +3.1328 | std(g_L) = 0.8653 | grad = 1.5775
step  49500 | loss = -3.1412 | g_L = +3.1412 | EMA = +3.1406 | std(g_L) = 0.7558 | grad = 4.7148
step  49520 | loss = -3.0835 | g_L = +3.0835 | EMA = +3.1283 | std(g_L) = 0.8489 | grad = 0.9863
step  49540 | loss = -3.2803 | g_L = +3.2803 | EMA = +3.1455 | std(g_L) = 0.5389 | grad = 16.8827
step  49560 | loss = -3.1216 | g_L = +3.1216 | EMA = +3.1501 | std(g_L) = 0.8196 | grad = 1.4637
step  49580 | loss = -3.0573 | g_L = +3.0573 | EMA = +3.1379 | std(g_L) = 0.8032 | grad = 2.5789
step  49600 | loss = -3.1091 | g_L = +3.1091 | EMA = +3.1323 | std(g_L) = 0.8546 | grad = 7.8765
step  49620 | loss = -3.0831 | g_L = +3.0831 | EMA = +3.1387 | std(g_L) = 0.8497 | grad = 0.7350
step  49640 | loss = -3.1633 | g_L = +3.1633 | EMA = +3.1329 | std(g_L) = 0.8468 | grad = 1.0584
step  49660 | loss = -3.0258 | g_L = +3.0258 | EMA = +3.1298 | std(g_L) = 0.9337 | grad = 2.8111
step  49680 | loss = -3.1145 | g_L = +3.1145 | EMA = +3.1289 | std(g_L) = 0.8001 | grad = 3.6973
step  49700 | loss = -2.9956 | g_L = +2.9956 | EMA = +3.1312 | std(g_L) = 0.8933 | grad = 0.5815
step  49720 | loss = -3.1205 | g_L = +3.1205 | EMA = +3.1272 | std(g_L) = 0.8178 | grad = 2.5953
step  49740 | loss = -3.1756 | g_L = +3.1756 | EMA = +3.1427 | std(g_L) = 0.7129 | grad = 1.7709
step  49760 | loss = -2.9978 | g_L = +2.9978 | EMA = +3.1236 | std(g_L) = 0.8902 | grad = 2.7378
step  49780 | loss = -3.0133 | g_L = +3.0133 | EMA = +3.1283 | std(g_L) = 0.9098 | grad = 1.0361
step  49800 | loss = -3.2251 | g_L = +3.2251 | EMA = +3.1377 | std(g_L) = 0.7197 | grad = 1.5198
step  49820 | loss = -3.1369 | g_L = +3.1369 | EMA = +3.1393 | std(g_L) = 0.8225 | grad = 3.6890
step  49840 | loss = -3.1652 | g_L = +3.1652 | EMA = +3.1369 | std(g_L) = 0.7806 | grad = 6.6401
step  49860 | loss = -3.1137 | g_L = +3.1137 | EMA = +3.1450 | std(g_L) = 0.6541 | grad = 1.0901
step  49880 | loss = -3.0270 | g_L = +3.0270 | EMA = +3.1325 | std(g_L) = 0.8168 | grad = 1.5590
step  49900 | loss = -3.2365 | g_L = +3.2365 | EMA = +3.1568 | std(g_L) = 0.6622 | grad = 1.3337
step  49920 | loss = -3.1059 | g_L = +3.1059 | EMA = +3.1206 | std(g_L) = 0.8970 | grad = 2.1463
step  49940 | loss = -3.1481 | g_L = +3.1481 | EMA = +3.1390 | std(g_L) = 0.7346 | grad = 4.8641
step  49960 | loss = -3.1971 | g_L = +3.1971 | EMA = +3.1389 | std(g_L) = 0.8458 | grad = 5.1837
step  49980 | loss = -3.1189 | g_L = +3.1189 | EMA = +3.1284 | std(g_L) = 0.7347 | grad = 0.6796
step  50000 | loss = -3.0962 | g_L = +3.0962 | EMA = +3.1448 | std(g_L) = 0.9500 | grad = 3.9589
Model saved.
