Device: cuda
N antennas : 8
Ns         : 127
step      1 | loss = -0.0313 | g_L = +0.0313 | EMA = +0.0313 | std(g_L) = 1.8594 | grad = 0.0336
step     20 | loss = +0.2140 | g_L = -0.2140 | EMA = -0.0331 | std(g_L) = 3.0363 | grad = 3.4742
step     40 | loss = +0.0104 | g_L = -0.0104 | EMA = -0.0266 | std(g_L) = 2.5229 | grad = 1.1333
step     60 | loss = +0.0305 | g_L = -0.0305 | EMA = +0.0462 | std(g_L) = 2.6052 | grad = 38.7292
step     80 | loss = -0.1717 | g_L = +0.1717 | EMA = +0.0858 | std(g_L) = 2.0657 | grad = 11.7307
step    100 | loss = -0.2464 | g_L = +0.2464 | EMA = +0.1609 | std(g_L) = 2.1980 | grad = 5.1016
step    120 | loss = -0.3565 | g_L = +0.3565 | EMA = +0.3095 | std(g_L) = 1.9588 | grad = 2.2213
step    140 | loss = -0.6981 | g_L = +0.6981 | EMA = +0.4749 | std(g_L) = 1.6387 | grad = 0.1884
step    160 | loss = -0.8413 | g_L = +0.8413 | EMA = +0.5936 | std(g_L) = 1.6727 | grad = 0.2327
step    180 | loss = -0.6126 | g_L = +0.6126 | EMA = +0.7170 | std(g_L) = 2.5571 | grad = 1.3314
step    200 | loss = -0.9560 | g_L = +0.9560 | EMA = +0.8510 | std(g_L) = 2.2472 | grad = 0.4329
step    220 | loss = -1.1632 | g_L = +1.1632 | EMA = +1.0329 | std(g_L) = 2.0841 | grad = 0.3639
step    240 | loss = -1.4162 | g_L = +1.4162 | EMA = +1.2405 | std(g_L) = 1.3869 | grad = 0.1665
step    260 | loss = -1.7074 | g_L = +1.7074 | EMA = +1.4603 | std(g_L) = 1.6084 | grad = 0.3878
step    280 | loss = -1.8465 | g_L = +1.8465 | EMA = +1.6305 | std(g_L) = 1.3257 | grad = 0.3268
step    300 | loss = -1.7218 | g_L = +1.7218 | EMA = +1.7521 | std(g_L) = 1.6628 | grad = 0.1842
step    320 | loss = -1.8637 | g_L = +1.8637 | EMA = +1.8307 | std(g_L) = 1.5376 | grad = 0.2056
step    340 | loss = -1.8442 | g_L = +1.8442 | EMA = +1.8632 | std(g_L) = 1.4006 | grad = 0.4950
step    360 | loss = -1.9460 | g_L = +1.9460 | EMA = +1.9129 | std(g_L) = 1.5780 | grad = 0.2987
step    380 | loss = -2.0456 | g_L = +2.0456 | EMA = +1.9587 | std(g_L) = 1.3492 | grad = 0.2085
step    400 | loss = -2.0204 | g_L = +2.0204 | EMA = +1.9816 | std(g_L) = 1.3060 | grad = 0.2284
step    420 | loss = -1.9945 | g_L = +1.9945 | EMA = +1.9825 | std(g_L) = 1.3899 | grad = 0.4956
step    440 | loss = -2.0515 | g_L = +2.0515 | EMA = +2.0009 | std(g_L) = 1.3548 | grad = 0.2268
step    460 | loss = -1.9519 | g_L = +1.9519 | EMA = +1.9815 | std(g_L) = 1.4311 | grad = 0.2121
step    480 | loss = -1.9731 | g_L = +1.9731 | EMA = +1.9746 | std(g_L) = 1.3812 | grad = 0.2066
step    500 | loss = -1.9912 | g_L = +1.9912 | EMA = +1.9749 | std(g_L) = 1.3950 | grad = 0.3354
step    520 | loss = -1.9289 | g_L = +1.9289 | EMA = +1.9790 | std(g_L) = 1.4014 | grad = 0.4727
step    540 | loss = -1.9536 | g_L = +1.9536 | EMA = +1.9850 | std(g_L) = 1.6266 | grad = 0.3988
step    560 | loss = -2.1109 | g_L = +2.1109 | EMA = +1.9932 | std(g_L) = 1.2977 | grad = 0.4181
step    580 | loss = -2.0891 | g_L = +2.0891 | EMA = +2.0069 | std(g_L) = 1.3749 | grad = 0.2773
step    600 | loss = -2.0596 | g_L = +2.0596 | EMA = +2.0019 | std(g_L) = 1.2043 | grad = 0.3021
step    620 | loss = -2.0023 | g_L = +2.0023 | EMA = +1.9991 | std(g_L) = 1.3399 | grad = 0.5116
step    640 | loss = -2.0971 | g_L = +2.0971 | EMA = +2.0064 | std(g_L) = 1.2055 | grad = 0.2873
step    660 | loss = -1.9627 | g_L = +1.9627 | EMA = +1.9867 | std(g_L) = 1.2729 | grad = 0.6170
step    680 | loss = -1.9263 | g_L = +1.9263 | EMA = +1.9898 | std(g_L) = 1.6483 | grad = 0.3352
step    700 | loss = -1.9678 | g_L = +1.9678 | EMA = +1.9953 | std(g_L) = 1.5680 | grad = 0.5147
step    720 | loss = -2.0014 | g_L = +2.0014 | EMA = +1.9980 | std(g_L) = 1.2302 | grad = 0.4821
step    740 | loss = -2.0655 | g_L = +2.0655 | EMA = +1.9963 | std(g_L) = 1.4964 | grad = 0.4411
step    760 | loss = -2.0664 | g_L = +2.0664 | EMA = +1.9934 | std(g_L) = 1.1930 | grad = 0.2362
step    780 | loss = -1.9920 | g_L = +1.9920 | EMA = +2.0033 | std(g_L) = 1.3475 | grad = 0.3470
step    800 | loss = -1.9436 | g_L = +1.9436 | EMA = +1.9962 | std(g_L) = 1.5744 | grad = 0.2059
step    820 | loss = -1.9188 | g_L = +1.9188 | EMA = +2.0015 | std(g_L) = 1.4567 | grad = 0.2251
step    840 | loss = -1.9621 | g_L = +1.9621 | EMA = +2.0006 | std(g_L) = 1.4124 | grad = 0.4520
step    860 | loss = -2.0623 | g_L = +2.0623 | EMA = +2.0112 | std(g_L) = 1.2194 | grad = 0.7881
step    880 | loss = -1.9869 | g_L = +1.9869 | EMA = +1.9981 | std(g_L) = 1.3327 | grad = 0.2541
step    900 | loss = -2.0949 | g_L = +2.0949 | EMA = +2.0269 | std(g_L) = 1.4663 | grad = 0.2328
step    920 | loss = -1.9711 | g_L = +1.9711 | EMA = +2.0150 | std(g_L) = 1.5098 | grad = 0.3047
step    940 | loss = -2.0240 | g_L = +2.0240 | EMA = +2.0264 | std(g_L) = 1.6218 | grad = 0.2815
step    960 | loss = -1.9906 | g_L = +1.9906 | EMA = +2.0361 | std(g_L) = 1.4526 | grad = 0.2439
step    980 | loss = -2.0057 | g_L = +2.0057 | EMA = +2.0292 | std(g_L) = 1.4455 | grad = 0.3584
step   1000 | loss = -1.9433 | g_L = +1.9433 | EMA = +2.0102 | std(g_L) = 1.5387 | grad = 0.6338
step   1020 | loss = -1.9984 | g_L = +1.9984 | EMA = +2.0242 | std(g_L) = 1.2618 | grad = 0.1650
step   1040 | loss = -2.0840 | g_L = +2.0840 | EMA = +2.0260 | std(g_L) = 1.2460 | grad = 0.3774
step   1060 | loss = -1.9694 | g_L = +1.9694 | EMA = +2.0186 | std(g_L) = 1.4659 | grad = 0.4276
step   1080 | loss = -1.9504 | g_L = +1.9504 | EMA = +2.0104 | std(g_L) = 1.5048 | grad = 0.3720
step   1100 | loss = -2.0315 | g_L = +2.0315 | EMA = +1.9987 | std(g_L) = 1.3767 | grad = 0.3504
step   1120 | loss = -2.0396 | g_L = +2.0396 | EMA = +2.0048 | std(g_L) = 1.3949 | grad = 0.2843
step   1140 | loss = -2.1228 | g_L = +2.1228 | EMA = +2.0193 | std(g_L) = 1.2967 | grad = 0.1488
step   1160 | loss = -2.0056 | g_L = +2.0056 | EMA = +2.0389 | std(g_L) = 1.3182 | grad = 0.4139
step   1180 | loss = -1.8556 | g_L = +1.8556 | EMA = +2.0273 | std(g_L) = 1.7360 | grad = 0.5096
step   1200 | loss = -2.0094 | g_L = +2.0094 | EMA = +2.0244 | std(g_L) = 1.3276 | grad = 0.2260
step   1220 | loss = -2.0325 | g_L = +2.0325 | EMA = +2.0366 | std(g_L) = 1.3450 | grad = 0.3218
step   1240 | loss = -1.8497 | g_L = +1.8497 | EMA = +2.0124 | std(g_L) = 1.6385 | grad = 0.3156
step   1260 | loss = -2.1113 | g_L = +2.1113 | EMA = +2.0260 | std(g_L) = 1.1640 | grad = 0.3185
step   1280 | loss = -2.0213 | g_L = +2.0213 | EMA = +2.0223 | std(g_L) = 1.4468 | grad = 0.2063
step   1300 | loss = -1.9557 | g_L = +1.9557 | EMA = +2.0115 | std(g_L) = 1.3207 | grad = 0.7419
step   1320 | loss = -2.0351 | g_L = +2.0351 | EMA = +2.0115 | std(g_L) = 1.2968 | grad = 0.3119
step   1340 | loss = -2.0001 | g_L = +2.0001 | EMA = +2.0101 | std(g_L) = 1.4521 | grad = 0.4782
step   1360 | loss = -2.0478 | g_L = +2.0478 | EMA = +2.0217 | std(g_L) = 1.3891 | grad = 0.4647
step   1380 | loss = -2.0214 | g_L = +2.0214 | EMA = +2.0270 | std(g_L) = 1.3077 | grad = 0.2350
step   1400 | loss = -1.9262 | g_L = +1.9262 | EMA = +2.0386 | std(g_L) = 1.4864 | grad = 0.7827
step   1420 | loss = -2.0217 | g_L = +2.0217 | EMA = +2.0321 | std(g_L) = 1.5648 | grad = 0.1853
step   1440 | loss = -2.0363 | g_L = +2.0363 | EMA = +2.0316 | std(g_L) = 1.3758 | grad = 0.3790
step   1460 | loss = -2.0013 | g_L = +2.0013 | EMA = +2.0273 | std(g_L) = 1.4335 | grad = 0.2680
step   1480 | loss = -2.1268 | g_L = +2.1268 | EMA = +2.0525 | std(g_L) = 1.3758 | grad = 0.4184
step   1500 | loss = -1.9742 | g_L = +1.9742 | EMA = +2.0451 | std(g_L) = 1.3940 | grad = 0.3709
step   1520 | loss = -1.9732 | g_L = +1.9732 | EMA = +2.0391 | std(g_L) = 1.4420 | grad = 0.2673
step   1540 | loss = -2.0138 | g_L = +2.0138 | EMA = +2.0257 | std(g_L) = 1.3650 | grad = 0.3714
step   1560 | loss = -1.9762 | g_L = +1.9762 | EMA = +2.0320 | std(g_L) = 1.4949 | grad = 0.5318
step   1580 | loss = -2.0489 | g_L = +2.0489 | EMA = +2.0429 | std(g_L) = 1.4239 | grad = 0.3716
step   1600 | loss = -2.0095 | g_L = +2.0095 | EMA = +2.0511 | std(g_L) = 1.4672 | grad = 0.2501
step   1620 | loss = -1.9313 | g_L = +1.9313 | EMA = +2.0234 | std(g_L) = 1.5051 | grad = 0.2312
step   1640 | loss = -2.0791 | g_L = +2.0791 | EMA = +2.0170 | std(g_L) = 1.3556 | grad = 0.2216
step   1660 | loss = -1.9579 | g_L = +1.9579 | EMA = +2.0366 | std(g_L) = 1.5886 | grad = 0.1695
step   1680 | loss = -2.0456 | g_L = +2.0456 | EMA = +2.0435 | std(g_L) = 1.4017 | grad = 0.5681
step   1700 | loss = -2.0328 | g_L = +2.0328 | EMA = +2.0206 | std(g_L) = 1.2667 | grad = 0.2542
step   1720 | loss = -2.0053 | g_L = +2.0053 | EMA = +2.0389 | std(g_L) = 1.5552 | grad = 0.3176
step   1740 | loss = -1.9587 | g_L = +1.9587 | EMA = +2.0338 | std(g_L) = 1.3337 | grad = 0.4024
step   1760 | loss = -2.0449 | g_L = +2.0449 | EMA = +2.0322 | std(g_L) = 1.3001 | grad = 0.3010
step   1780 | loss = -2.1467 | g_L = +2.1467 | EMA = +2.0184 | std(g_L) = 1.1872 | grad = 0.3840
step   1800 | loss = -2.0399 | g_L = +2.0399 | EMA = +2.0437 | std(g_L) = 1.3460 | grad = 0.2863
step   1820 | loss = -2.0530 | g_L = +2.0530 | EMA = +2.0479 | std(g_L) = 1.3117 | grad = 0.2827
step   1840 | loss = -1.9698 | g_L = +1.9698 | EMA = +2.0355 | std(g_L) = 1.3829 | grad = 0.5805
step   1860 | loss = -2.0494 | g_L = +2.0494 | EMA = +2.0462 | std(g_L) = 1.4171 | grad = 0.3142
step   1880 | loss = -2.0388 | g_L = +2.0388 | EMA = +2.0398 | std(g_L) = 1.3151 | grad = 0.5409
step   1900 | loss = -2.0368 | g_L = +2.0368 | EMA = +2.0349 | std(g_L) = 1.2977 | grad = 0.4401
step   1920 | loss = -2.0897 | g_L = +2.0897 | EMA = +2.0448 | std(g_L) = 1.2351 | grad = 0.3601
step   1940 | loss = -2.1154 | g_L = +2.1154 | EMA = +2.0476 | std(g_L) = 1.2381 | grad = 0.2461
step   1960 | loss = -1.9175 | g_L = +1.9175 | EMA = +2.0494 | std(g_L) = 1.5569 | grad = 0.1273
step   1980 | loss = -2.1547 | g_L = +2.1547 | EMA = +2.0531 | std(g_L) = 1.2659 | grad = 0.3875
step   2000 | loss = -2.0260 | g_L = +2.0260 | EMA = +2.0413 | std(g_L) = 1.2880 | grad = 0.5258
step   2020 | loss = -2.0291 | g_L = +2.0291 | EMA = +2.0529 | std(g_L) = 1.3278 | grad = 0.4277
step   2040 | loss = -2.1367 | g_L = +2.1367 | EMA = +2.0445 | std(g_L) = 1.1168 | grad = 0.2226
step   2060 | loss = -2.0090 | g_L = +2.0090 | EMA = +2.0473 | std(g_L) = 1.3953 | grad = 0.3911
step   2080 | loss = -2.1473 | g_L = +2.1473 | EMA = +2.0507 | std(g_L) = 1.3480 | grad = 0.4081
step   2100 | loss = -1.9679 | g_L = +1.9679 | EMA = +2.0492 | std(g_L) = 1.5674 | grad = 0.3634
step   2120 | loss = -1.9908 | g_L = +1.9908 | EMA = +2.0369 | std(g_L) = 1.3878 | grad = 0.2534
step   2140 | loss = -2.1324 | g_L = +2.1324 | EMA = +2.0408 | std(g_L) = 1.2537 | grad = 0.2889
step   2160 | loss = -2.0376 | g_L = +2.0376 | EMA = +2.0346 | std(g_L) = 1.3059 | grad = 0.3231
step   2180 | loss = -2.0570 | g_L = +2.0570 | EMA = +2.0509 | std(g_L) = 1.2283 | grad = 0.2062
step   2200 | loss = -2.0841 | g_L = +2.0841 | EMA = +2.0454 | std(g_L) = 1.3032 | grad = 0.1371
step   2220 | loss = -2.1396 | g_L = +2.1396 | EMA = +2.0630 | std(g_L) = 1.2606 | grad = 0.2843
step   2240 | loss = -2.0401 | g_L = +2.0401 | EMA = +2.0572 | std(g_L) = 1.3875 | grad = 0.2937
step   2260 | loss = -2.0485 | g_L = +2.0485 | EMA = +2.0493 | std(g_L) = 1.2189 | grad = 0.1586
step   2280 | loss = -2.0435 | g_L = +2.0435 | EMA = +2.0658 | std(g_L) = 1.4382 | grad = 0.8851
step   2300 | loss = -2.0671 | g_L = +2.0671 | EMA = +2.0493 | std(g_L) = 1.3809 | grad = 0.3301
step   2320 | loss = -2.2432 | g_L = +2.2432 | EMA = +2.0607 | std(g_L) = 1.2600 | grad = 0.8378
step   2340 | loss = -2.0266 | g_L = +2.0266 | EMA = +2.0614 | std(g_L) = 1.3046 | grad = 0.1811
step   2360 | loss = -2.1114 | g_L = +2.1114 | EMA = +2.0610 | std(g_L) = 1.4099 | grad = 0.2230
step   2380 | loss = -2.0160 | g_L = +2.0160 | EMA = +2.0497 | std(g_L) = 1.3308 | grad = 0.2764
step   2400 | loss = -2.0491 | g_L = +2.0491 | EMA = +2.0616 | std(g_L) = 1.5204 | grad = 0.3018
step   2420 | loss = -2.0734 | g_L = +2.0734 | EMA = +2.0558 | std(g_L) = 1.2376 | grad = 0.4843
step   2440 | loss = -2.1089 | g_L = +2.1089 | EMA = +2.0596 | std(g_L) = 1.2720 | grad = 0.2972
step   2460 | loss = -2.1344 | g_L = +2.1344 | EMA = +2.0648 | std(g_L) = 1.2365 | grad = 0.3555
step   2480 | loss = -2.1290 | g_L = +2.1290 | EMA = +2.0663 | std(g_L) = 1.2407 | grad = 0.3778
step   2500 | loss = -1.9943 | g_L = +1.9943 | EMA = +2.0514 | std(g_L) = 1.5482 | grad = 0.1743
step   2520 | loss = -2.0437 | g_L = +2.0437 | EMA = +2.0675 | std(g_L) = 1.3002 | grad = 0.3092
step   2540 | loss = -2.0819 | g_L = +2.0819 | EMA = +2.0777 | std(g_L) = 1.2190 | grad = 0.2404
step   2560 | loss = -2.0417 | g_L = +2.0417 | EMA = +2.0548 | std(g_L) = 1.2763 | grad = 0.5231
step   2580 | loss = -1.9725 | g_L = +1.9725 | EMA = +2.0554 | std(g_L) = 1.5602 | grad = 0.2683
step   2600 | loss = -2.0828 | g_L = +2.0828 | EMA = +2.0615 | std(g_L) = 1.4007 | grad = 0.3506
step   2620 | loss = -1.9735 | g_L = +1.9735 | EMA = +2.0602 | std(g_L) = 1.4338 | grad = 0.1868
step   2640 | loss = -2.0048 | g_L = +2.0048 | EMA = +2.0463 | std(g_L) = 1.3946 | grad = 0.3781
step   2660 | loss = -2.1786 | g_L = +2.1786 | EMA = +2.0576 | std(g_L) = 1.1967 | grad = 0.3372
step   2680 | loss = -2.0485 | g_L = +2.0485 | EMA = +2.0613 | std(g_L) = 1.3209 | grad = 0.4186
step   2700 | loss = -1.9264 | g_L = +1.9264 | EMA = +2.0524 | std(g_L) = 1.7200 | grad = 0.3066
step   2720 | loss = -2.0687 | g_L = +2.0687 | EMA = +2.0668 | std(g_L) = 1.4875 | grad = 0.2056
step   2740 | loss = -2.0012 | g_L = +2.0012 | EMA = +2.0521 | std(g_L) = 1.6933 | grad = 0.4521
step   2760 | loss = -2.1053 | g_L = +2.1053 | EMA = +2.0640 | std(g_L) = 1.4210 | grad = 0.6720
step   2780 | loss = -2.0534 | g_L = +2.0534 | EMA = +2.0637 | std(g_L) = 1.4781 | grad = 0.2755
step   2800 | loss = -2.0074 | g_L = +2.0074 | EMA = +2.0827 | std(g_L) = 1.4638 | grad = 0.2829
step   2820 | loss = -2.1705 | g_L = +2.1705 | EMA = +2.0763 | std(g_L) = 1.2135 | grad = 0.2965
step   2840 | loss = -2.0794 | g_L = +2.0794 | EMA = +2.0759 | std(g_L) = 1.4820 | grad = 0.2776
step   2860 | loss = -2.0053 | g_L = +2.0053 | EMA = +2.0734 | std(g_L) = 1.6029 | grad = 0.3976
step   2880 | loss = -2.1428 | g_L = +2.1428 | EMA = +2.0705 | std(g_L) = 1.1959 | grad = 0.3040
step   2900 | loss = -2.1079 | g_L = +2.1079 | EMA = +2.0539 | std(g_L) = 1.1702 | grad = 0.3668
step   2920 | loss = -1.9972 | g_L = +1.9972 | EMA = +2.0731 | std(g_L) = 1.4372 | grad = 0.5264
step   2940 | loss = -2.0448 | g_L = +2.0448 | EMA = +2.0718 | std(g_L) = 1.2856 | grad = 0.2082
step   2960 | loss = -2.0630 | g_L = +2.0630 | EMA = +2.0728 | std(g_L) = 1.3140 | grad = 0.3304
step   2980 | loss = -2.1058 | g_L = +2.1058 | EMA = +2.0741 | std(g_L) = 1.4629 | grad = 0.4311
step   3000 | loss = -2.1533 | g_L = +2.1533 | EMA = +2.0870 | std(g_L) = 1.3443 | grad = 0.2173
step   3020 | loss = -2.0214 | g_L = +2.0214 | EMA = +2.0686 | std(g_L) = 1.3634 | grad = 0.1943
step   3040 | loss = -2.1405 | g_L = +2.1405 | EMA = +2.0779 | std(g_L) = 1.2538 | grad = 0.2262
step   3060 | loss = -2.1927 | g_L = +2.1927 | EMA = +2.0897 | std(g_L) = 1.2261 | grad = 0.4975
step   3080 | loss = -1.9156 | g_L = +1.9156 | EMA = +2.0763 | std(g_L) = 1.4335 | grad = 0.4001
step   3100 | loss = -2.0856 | g_L = +2.0856 | EMA = +2.0770 | std(g_L) = 1.3925 | grad = 0.3796
step   3120 | loss = -2.1053 | g_L = +2.1053 | EMA = +2.0834 | std(g_L) = 1.4252 | grad = 0.1722
step   3140 | loss = -2.1108 | g_L = +2.1108 | EMA = +2.0837 | std(g_L) = 1.3297 | grad = 0.2503
step   3160 | loss = -2.0950 | g_L = +2.0950 | EMA = +2.0772 | std(g_L) = 1.3120 | grad = 0.2628
step   3180 | loss = -2.1080 | g_L = +2.1080 | EMA = +2.0822 | std(g_L) = 1.3019 | grad = 0.2806
step   3200 | loss = -2.1138 | g_L = +2.1138 | EMA = +2.0671 | std(g_L) = 1.2128 | grad = 0.3462
step   3220 | loss = -2.0690 | g_L = +2.0690 | EMA = +2.0913 | std(g_L) = 1.2734 | grad = 0.1592
step   3240 | loss = -2.0657 | g_L = +2.0657 | EMA = +2.0844 | std(g_L) = 1.3646 | grad = 0.2136
step   3260 | loss = -2.0782 | g_L = +2.0782 | EMA = +2.0867 | std(g_L) = 1.2911 | grad = 0.6830
step   3280 | loss = -2.0584 | g_L = +2.0584 | EMA = +2.0820 | std(g_L) = 1.5552 | grad = 0.3191
step   3300 | loss = -2.0195 | g_L = +2.0195 | EMA = +2.0786 | std(g_L) = 1.4039 | grad = 0.3033
step   3320 | loss = -2.0295 | g_L = +2.0295 | EMA = +2.0767 | std(g_L) = 1.4964 | grad = 0.2595
step   3340 | loss = -2.1298 | g_L = +2.1298 | EMA = +2.0849 | std(g_L) = 1.3271 | grad = 0.2407
step   3360 | loss = -2.0877 | g_L = +2.0877 | EMA = +2.0872 | std(g_L) = 1.3111 | grad = 0.2634
step   3380 | loss = -2.1069 | g_L = +2.1069 | EMA = +2.0929 | std(g_L) = 1.3498 | grad = 0.3275
step   3400 | loss = -2.0560 | g_L = +2.0560 | EMA = +2.0856 | std(g_L) = 1.5473 | grad = 0.3062
step   3420 | loss = -2.0918 | g_L = +2.0918 | EMA = +2.0688 | std(g_L) = 1.3895 | grad = 0.2127
step   3440 | loss = -2.0730 | g_L = +2.0730 | EMA = +2.0805 | std(g_L) = 1.2795 | grad = 0.3992
step   3460 | loss = -1.9784 | g_L = +1.9784 | EMA = +2.0631 | std(g_L) = 1.3443 | grad = 0.3891
step   3480 | loss = -2.1041 | g_L = +2.1041 | EMA = +2.0780 | std(g_L) = 1.2273 | grad = 0.2738
step   3500 | loss = -2.0555 | g_L = +2.0555 | EMA = +2.1027 | std(g_L) = 1.3183 | grad = 0.3014
step   3520 | loss = -2.1081 | g_L = +2.1081 | EMA = +2.0935 | std(g_L) = 1.3616 | grad = 0.6366
step   3540 | loss = -2.0577 | g_L = +2.0577 | EMA = +2.0760 | std(g_L) = 1.3508 | grad = 0.3413
step   3560 | loss = -2.1240 | g_L = +2.1240 | EMA = +2.0771 | std(g_L) = 1.2714 | grad = 0.6986
step   3580 | loss = -2.0448 | g_L = +2.0448 | EMA = +2.0779 | std(g_L) = 1.3133 | grad = 0.5358
step   3600 | loss = -2.1333 | g_L = +2.1333 | EMA = +2.0894 | std(g_L) = 1.2369 | grad = 0.3895
step   3620 | loss = -2.1096 | g_L = +2.1096 | EMA = +2.0953 | std(g_L) = 1.3336 | grad = 0.2011
step   3640 | loss = -2.0359 | g_L = +2.0359 | EMA = +2.0832 | std(g_L) = 1.4325 | grad = 0.3064
step   3660 | loss = -2.0465 | g_L = +2.0465 | EMA = +2.0902 | std(g_L) = 1.3861 | grad = 0.3324
step   3680 | loss = -2.1311 | g_L = +2.1311 | EMA = +2.0758 | std(g_L) = 1.5764 | grad = 0.2541
step   3700 | loss = -2.1432 | g_L = +2.1432 | EMA = +2.0886 | std(g_L) = 1.3168 | grad = 0.3867
step   3720 | loss = -2.1563 | g_L = +2.1563 | EMA = +2.0918 | std(g_L) = 1.1129 | grad = 0.1407
step   3740 | loss = -2.0964 | g_L = +2.0964 | EMA = +2.1037 | std(g_L) = 1.2220 | grad = 0.2084
step   3760 | loss = -2.1063 | g_L = +2.1063 | EMA = +2.0830 | std(g_L) = 1.2084 | grad = 0.3851
step   3780 | loss = -2.0540 | g_L = +2.0540 | EMA = +2.0764 | std(g_L) = 1.3068 | grad = 0.3310
step   3800 | loss = -2.0925 | g_L = +2.0925 | EMA = +2.0865 | std(g_L) = 1.4124 | grad = 0.3331
step   3820 | loss = -2.1747 | g_L = +2.1747 | EMA = +2.0882 | std(g_L) = 1.2504 | grad = 0.3267
step   3840 | loss = -2.0555 | g_L = +2.0555 | EMA = +2.0788 | std(g_L) = 1.2978 | grad = 0.2286
step   3860 | loss = -2.1389 | g_L = +2.1389 | EMA = +2.1072 | std(g_L) = 1.2500 | grad = 0.1764
step   3880 | loss = -2.0968 | g_L = +2.0968 | EMA = +2.0954 | std(g_L) = 1.1440 | grad = 0.3836
step   3900 | loss = -2.0824 | g_L = +2.0824 | EMA = +2.0780 | std(g_L) = 1.1279 | grad = 0.5729
step   3920 | loss = -2.1375 | g_L = +2.1375 | EMA = +2.0865 | std(g_L) = 1.2026 | grad = 0.3697
step   3940 | loss = -2.0278 | g_L = +2.0278 | EMA = +2.0934 | std(g_L) = 1.3064 | grad = 0.4623
step   3960 | loss = -2.0046 | g_L = +2.0046 | EMA = +2.0960 | std(g_L) = 1.3170 | grad = 0.2769
step   3980 | loss = -2.0366 | g_L = +2.0366 | EMA = +2.0902 | std(g_L) = 1.1916 | grad = 0.2634
step   4000 | loss = -2.0613 | g_L = +2.0613 | EMA = +2.1055 | std(g_L) = 1.2825 | grad = 0.4157
step   4020 | loss = -2.1571 | g_L = +2.1571 | EMA = +2.1084 | std(g_L) = 1.2971 | grad = 0.7284
step   4040 | loss = -2.0837 | g_L = +2.0837 | EMA = +2.1014 | std(g_L) = 1.2499 | grad = 0.4119
step   4060 | loss = -2.0835 | g_L = +2.0835 | EMA = +2.0993 | std(g_L) = 1.1461 | grad = 0.7734
step   4080 | loss = -2.1617 | g_L = +2.1617 | EMA = +2.1034 | std(g_L) = 1.1913 | grad = 0.3780
step   4100 | loss = -2.0943 | g_L = +2.0943 | EMA = +2.0996 | std(g_L) = 1.2795 | grad = 0.6027
step   4120 | loss = -2.1294 | g_L = +2.1294 | EMA = +2.0986 | std(g_L) = 1.0638 | grad = 0.4421
step   4140 | loss = -2.0184 | g_L = +2.0184 | EMA = +2.0869 | std(g_L) = 1.3893 | grad = 0.3614
step   4160 | loss = -2.0285 | g_L = +2.0285 | EMA = +2.1063 | std(g_L) = 1.2352 | grad = 0.6319
step   4180 | loss = -2.0715 | g_L = +2.0715 | EMA = +2.1029 | std(g_L) = 1.1321 | grad = 0.2096
step   4200 | loss = -2.0101 | g_L = +2.0101 | EMA = +2.0895 | std(g_L) = 1.3479 | grad = 0.2272
step   4220 | loss = -2.1850 | g_L = +2.1850 | EMA = +2.1039 | std(g_L) = 1.1502 | grad = 0.5984
step   4240 | loss = -2.0942 | g_L = +2.0942 | EMA = +2.1098 | std(g_L) = 1.2423 | grad = 0.3259
step   4260 | loss = -2.0757 | g_L = +2.0757 | EMA = +2.1181 | std(g_L) = 1.2549 | grad = 0.2495
step   4280 | loss = -2.0434 | g_L = +2.0434 | EMA = +2.0945 | std(g_L) = 1.2389 | grad = 0.8906
step   4300 | loss = -2.1143 | g_L = +2.1143 | EMA = +2.0899 | std(g_L) = 1.1468 | grad = 0.4462
step   4320 | loss = -2.1128 | g_L = +2.1128 | EMA = +2.1065 | std(g_L) = 1.2515 | grad = 0.5491
step   4340 | loss = -2.1323 | g_L = +2.1323 | EMA = +2.1111 | std(g_L) = 1.2115 | grad = 0.3787
step   4360 | loss = -2.0914 | g_L = +2.0914 | EMA = +2.1016 | std(g_L) = 1.1905 | grad = 0.4334
step   4380 | loss = -2.1600 | g_L = +2.1600 | EMA = +2.1074 | std(g_L) = 1.1456 | grad = 0.2648
step   4400 | loss = -2.1651 | g_L = +2.1651 | EMA = +2.1189 | std(g_L) = 1.2753 | grad = 0.3347
step   4420 | loss = -2.0284 | g_L = +2.0284 | EMA = +2.1007 | std(g_L) = 1.3179 | grad = 0.2993
step   4440 | loss = -2.1321 | g_L = +2.1321 | EMA = +2.1010 | std(g_L) = 1.1052 | grad = 0.2358
step   4460 | loss = -2.1084 | g_L = +2.1084 | EMA = +2.1031 | std(g_L) = 1.2028 | grad = 0.2369
step   4480 | loss = -2.1195 | g_L = +2.1195 | EMA = +2.1042 | std(g_L) = 1.1947 | grad = 0.4107
step   4500 | loss = -2.0624 | g_L = +2.0624 | EMA = +2.0982 | std(g_L) = 1.2721 | grad = 0.3632
step   4520 | loss = -2.0870 | g_L = +2.0870 | EMA = +2.1098 | std(g_L) = 1.3956 | grad = 0.3492
step   4540 | loss = -2.1429 | g_L = +2.1429 | EMA = +2.1085 | std(g_L) = 1.0989 | grad = 0.3873
step   4560 | loss = -2.2055 | g_L = +2.2055 | EMA = +2.1099 | std(g_L) = 1.1214 | grad = 0.4276
step   4580 | loss = -1.9707 | g_L = +1.9707 | EMA = +2.1003 | std(g_L) = 1.2437 | grad = 0.3849
step   4600 | loss = -2.1217 | g_L = +2.1217 | EMA = +2.1144 | std(g_L) = 1.2464 | grad = 0.3227
step   4620 | loss = -2.1270 | g_L = +2.1270 | EMA = +2.1109 | std(g_L) = 1.1722 | grad = 0.4165
step   4640 | loss = -2.1456 | g_L = +2.1456 | EMA = +2.1143 | std(g_L) = 1.0986 | grad = 0.3190
step   4660 | loss = -2.0587 | g_L = +2.0587 | EMA = +2.1082 | std(g_L) = 1.2961 | grad = 0.4343
step   4680 | loss = -2.1113 | g_L = +2.1113 | EMA = +2.1083 | std(g_L) = 1.2654 | grad = 0.5925
step   4700 | loss = -2.1438 | g_L = +2.1438 | EMA = +2.1196 | std(g_L) = 1.1861 | grad = 0.3152
step   4720 | loss = -2.1573 | g_L = +2.1573 | EMA = +2.1265 | std(g_L) = 1.0947 | grad = 0.2749
step   4740 | loss = -2.0979 | g_L = +2.0979 | EMA = +2.1063 | std(g_L) = 1.1001 | grad = 0.2156
step   4760 | loss = -2.1770 | g_L = +2.1770 | EMA = +2.1105 | std(g_L) = 1.0674 | grad = 0.3116
step   4780 | loss = -2.0369 | g_L = +2.0369 | EMA = +2.1149 | std(g_L) = 1.1874 | grad = 0.5453
step   4800 | loss = -2.1102 | g_L = +2.1102 | EMA = +2.1125 | std(g_L) = 1.1943 | grad = 0.5804
step   4820 | loss = -2.2308 | g_L = +2.2308 | EMA = +2.1283 | std(g_L) = 1.0602 | grad = 0.2492
step   4840 | loss = -2.0749 | g_L = +2.0749 | EMA = +2.1202 | std(g_L) = 1.1847 | grad = 0.3043
step   4860 | loss = -2.0899 | g_L = +2.0899 | EMA = +2.1238 | std(g_L) = 1.2284 | grad = 0.3347
step   4880 | loss = -2.2092 | g_L = +2.2092 | EMA = +2.1340 | std(g_L) = 1.1603 | grad = 0.4224
step   4900 | loss = -2.1508 | g_L = +2.1508 | EMA = +2.1162 | std(g_L) = 1.1003 | grad = 0.2932
step   4920 | loss = -2.1582 | g_L = +2.1582 | EMA = +2.1152 | std(g_L) = 1.2982 | grad = 0.4436
step   4940 | loss = -2.0631 | g_L = +2.0631 | EMA = +2.1242 | std(g_L) = 1.2046 | grad = 0.4975
step   4960 | loss = -2.2406 | g_L = +2.2406 | EMA = +2.1204 | std(g_L) = 1.0915 | grad = 0.4343
step   4980 | loss = -2.1299 | g_L = +2.1299 | EMA = +2.1169 | std(g_L) = 1.2250 | grad = 0.5101
step   5000 | loss = -2.0707 | g_L = +2.0707 | EMA = +2.1122 | std(g_L) = 1.3192 | grad = 0.5801
step   5020 | loss = -2.0831 | g_L = +2.0831 | EMA = +2.1217 | std(g_L) = 1.1593 | grad = 0.3836
step   5040 | loss = -2.1644 | g_L = +2.1644 | EMA = +2.1180 | std(g_L) = 1.2041 | grad = 0.1301
step   5060 | loss = -2.1023 | g_L = +2.1023 | EMA = +2.1216 | std(g_L) = 1.2544 | grad = 0.2017
step   5080 | loss = -2.1210 | g_L = +2.1210 | EMA = +2.1090 | std(g_L) = 1.1485 | grad = 0.3806
step   5100 | loss = -2.0807 | g_L = +2.0807 | EMA = +2.1202 | std(g_L) = 1.1902 | grad = 0.4729
step   5120 | loss = -2.2088 | g_L = +2.2088 | EMA = +2.1215 | std(g_L) = 1.1510 | grad = 0.2283
step   5140 | loss = -2.0696 | g_L = +2.0696 | EMA = +2.1108 | std(g_L) = 1.3002 | grad = 0.4468
step   5160 | loss = -2.1049 | g_L = +2.1049 | EMA = +2.1062 | std(g_L) = 1.0749 | grad = 0.5712
step   5180 | loss = -2.1320 | g_L = +2.1320 | EMA = +2.1140 | std(g_L) = 1.1058 | grad = 0.4423
step   5200 | loss = -2.1951 | g_L = +2.1951 | EMA = +2.1378 | std(g_L) = 1.1168 | grad = 0.4022
step   5220 | loss = -2.1491 | g_L = +2.1491 | EMA = +2.1341 | std(g_L) = 1.0292 | grad = 0.3734
step   5240 | loss = -2.1535 | g_L = +2.1535 | EMA = +2.1369 | std(g_L) = 1.0899 | grad = 0.2659
step   5260 | loss = -2.2247 | g_L = +2.2247 | EMA = +2.1296 | std(g_L) = 1.1449 | grad = 0.1718
step   5280 | loss = -2.1835 | g_L = +2.1835 | EMA = +2.1393 | std(g_L) = 1.0911 | grad = 0.2220
step   5300 | loss = -2.1925 | g_L = +2.1925 | EMA = +2.1287 | std(g_L) = 1.0524 | grad = 0.1760
step   5320 | loss = -2.2198 | g_L = +2.2198 | EMA = +2.1459 | std(g_L) = 1.1174 | grad = 0.2213
step   5340 | loss = -2.1480 | g_L = +2.1480 | EMA = +2.1252 | std(g_L) = 1.0894 | grad = 0.2845
step   5360 | loss = -2.1363 | g_L = +2.1363 | EMA = +2.1295 | std(g_L) = 1.1403 | grad = 0.4268
step   5380 | loss = -2.0422 | g_L = +2.0422 | EMA = +2.1239 | std(g_L) = 1.2177 | grad = 0.3938
step   5400 | loss = -2.1233 | g_L = +2.1233 | EMA = +2.1386 | std(g_L) = 1.1403 | grad = 0.8314
step   5420 | loss = -2.1395 | g_L = +2.1395 | EMA = +2.1470 | std(g_L) = 1.1907 | grad = 0.7712
step   5440 | loss = -2.1605 | g_L = +2.1605 | EMA = +2.1288 | std(g_L) = 1.0854 | grad = 0.5085
step   5460 | loss = -2.1252 | g_L = +2.1252 | EMA = +2.1401 | std(g_L) = 1.0797 | grad = 0.4910
step   5480 | loss = -2.0702 | g_L = +2.0702 | EMA = +2.1410 | std(g_L) = 1.1491 | grad = 0.5728
step   5500 | loss = -2.1036 | g_L = +2.1036 | EMA = +2.1434 | std(g_L) = 1.1966 | grad = 0.3078
step   5520 | loss = -2.1492 | g_L = +2.1492 | EMA = +2.1431 | std(g_L) = 1.1520 | grad = 0.3870
step   5540 | loss = -2.1655 | g_L = +2.1655 | EMA = +2.1405 | std(g_L) = 1.1107 | grad = 0.3902
step   5560 | loss = -2.1570 | g_L = +2.1570 | EMA = +2.1397 | std(g_L) = 1.2422 | grad = 0.4810
step   5580 | loss = -2.0961 | g_L = +2.0961 | EMA = +2.1454 | std(g_L) = 1.1305 | grad = 0.5049
step   5600 | loss = -2.1387 | g_L = +2.1387 | EMA = +2.1313 | std(g_L) = 1.1122 | grad = 0.4381
step   5620 | loss = -2.1531 | g_L = +2.1531 | EMA = +2.1406 | std(g_L) = 1.1734 | grad = 0.6534
step   5640 | loss = -2.0751 | g_L = +2.0751 | EMA = +2.1414 | std(g_L) = 1.1616 | grad = 0.7194
step   5660 | loss = -2.1454 | g_L = +2.1454 | EMA = +2.1516 | std(g_L) = 1.1633 | grad = 0.2752
step   5680 | loss = -2.2514 | g_L = +2.2514 | EMA = +2.1601 | std(g_L) = 1.0796 | grad = 0.4247
step   5700 | loss = -2.1293 | g_L = +2.1293 | EMA = +2.1709 | std(g_L) = 1.0791 | grad = 0.4949
step   5720 | loss = -2.0775 | g_L = +2.0775 | EMA = +2.1435 | std(g_L) = 1.1150 | grad = 0.4363
step   5740 | loss = -2.1543 | g_L = +2.1543 | EMA = +2.1543 | std(g_L) = 1.0792 | grad = 0.4383
step   5760 | loss = -2.1130 | g_L = +2.1130 | EMA = +2.1499 | std(g_L) = 1.1955 | grad = 0.2868
step   5780 | loss = -2.2043 | g_L = +2.2043 | EMA = +2.1488 | std(g_L) = 1.0656 | grad = 0.5576
step   5800 | loss = -2.0596 | g_L = +2.0596 | EMA = +2.1561 | std(g_L) = 1.1363 | grad = 0.6118
step   5820 | loss = -2.1490 | g_L = +2.1490 | EMA = +2.1496 | std(g_L) = 1.1366 | grad = 0.5771
step   5840 | loss = -2.2118 | g_L = +2.2118 | EMA = +2.1486 | std(g_L) = 1.0839 | grad = 0.3647
step   5860 | loss = -2.1597 | g_L = +2.1597 | EMA = +2.1525 | std(g_L) = 1.1219 | grad = 0.2095
step   5880 | loss = -2.1621 | g_L = +2.1621 | EMA = +2.1442 | std(g_L) = 1.0896 | grad = 0.6208
step   5900 | loss = -2.1568 | g_L = +2.1568 | EMA = +2.1435 | std(g_L) = 1.1034 | grad = 0.5047
step   5920 | loss = -2.1980 | g_L = +2.1980 | EMA = +2.1532 | std(g_L) = 1.0783 | grad = 0.3233
step   5940 | loss = -2.1497 | g_L = +2.1497 | EMA = +2.1613 | std(g_L) = 1.0871 | grad = 0.3583
step   5960 | loss = -2.1414 | g_L = +2.1414 | EMA = +2.1588 | std(g_L) = 1.0087 | grad = 0.3740
step   5980 | loss = -2.1881 | g_L = +2.1881 | EMA = +2.1541 | std(g_L) = 1.0459 | grad = 0.2761
step   6000 | loss = -2.1806 | g_L = +2.1806 | EMA = +2.1630 | std(g_L) = 1.0950 | grad = 0.2322
step   6020 | loss = -2.1420 | g_L = +2.1420 | EMA = +2.1574 | std(g_L) = 1.2166 | grad = 0.5251
step   6040 | loss = -2.0595 | g_L = +2.0595 | EMA = +2.1699 | std(g_L) = 1.1778 | grad = 0.3906
step   6060 | loss = -2.0895 | g_L = +2.0895 | EMA = +2.1645 | std(g_L) = 1.2480 | grad = 0.6644
step   6080 | loss = -2.2354 | g_L = +2.2354 | EMA = +2.1602 | std(g_L) = 1.0206 | grad = 0.5013
step   6100 | loss = -2.1794 | g_L = +2.1794 | EMA = +2.1465 | std(g_L) = 1.0730 | grad = 0.2620
step   6120 | loss = -2.2137 | g_L = +2.2137 | EMA = +2.1616 | std(g_L) = 1.1039 | grad = 0.4055
step   6140 | loss = -2.1522 | g_L = +2.1522 | EMA = +2.1645 | std(g_L) = 1.0692 | grad = 0.3253
step   6160 | loss = -2.2103 | g_L = +2.2103 | EMA = +2.1624 | std(g_L) = 1.0197 | grad = 0.3220
step   6180 | loss = -2.2227 | g_L = +2.2227 | EMA = +2.1580 | std(g_L) = 1.0121 | grad = 0.2129
step   6200 | loss = -2.1496 | g_L = +2.1496 | EMA = +2.1529 | std(g_L) = 1.1457 | grad = 0.3109
step   6220 | loss = -2.2118 | g_L = +2.2118 | EMA = +2.1579 | std(g_L) = 1.0113 | grad = 0.6481
step   6240 | loss = -2.2276 | g_L = +2.2276 | EMA = +2.1710 | std(g_L) = 1.0123 | grad = 0.6116
step   6260 | loss = -2.2435 | g_L = +2.2435 | EMA = +2.1661 | std(g_L) = 1.0238 | grad = 0.5026
step   6280 | loss = -2.1213 | g_L = +2.1213 | EMA = +2.1610 | std(g_L) = 1.1418 | grad = 0.2425
step   6300 | loss = -2.1524 | g_L = +2.1524 | EMA = +2.1622 | std(g_L) = 1.0673 | grad = 0.4417
step   6320 | loss = -2.2154 | g_L = +2.2154 | EMA = +2.1668 | std(g_L) = 1.0156 | grad = 0.2671
step   6340 | loss = -2.1934 | g_L = +2.1934 | EMA = +2.1676 | std(g_L) = 1.0378 | grad = 0.8182
step   6360 | loss = -2.1879 | g_L = +2.1879 | EMA = +2.1631 | std(g_L) = 1.0764 | grad = 0.4237
step   6380 | loss = -2.1789 | g_L = +2.1789 | EMA = +2.1613 | std(g_L) = 1.0528 | grad = 0.3889
step   6400 | loss = -2.1481 | g_L = +2.1481 | EMA = +2.1537 | std(g_L) = 1.0442 | grad = 0.6227
step   6420 | loss = -2.1637 | g_L = +2.1637 | EMA = +2.1557 | std(g_L) = 1.0527 | grad = 0.9914
step   6440 | loss = -2.2201 | g_L = +2.2201 | EMA = +2.1634 | std(g_L) = 1.0294 | grad = 0.4009
step   6460 | loss = -2.2258 | g_L = +2.2258 | EMA = +2.1688 | std(g_L) = 0.9982 | grad = 0.5168
step   6480 | loss = -2.1296 | g_L = +2.1296 | EMA = +2.1579 | std(g_L) = 1.1233 | grad = 0.4217
step   6500 | loss = -2.2491 | g_L = +2.2491 | EMA = +2.1623 | std(g_L) = 1.0879 | grad = 0.3864
step   6520 | loss = -2.2029 | g_L = +2.2029 | EMA = +2.1689 | std(g_L) = 1.0845 | grad = 0.4588
step   6540 | loss = -2.1828 | g_L = +2.1828 | EMA = +2.1719 | std(g_L) = 1.0410 | grad = 0.4526
step   6560 | loss = -2.0853 | g_L = +2.0853 | EMA = +2.1605 | std(g_L) = 1.2873 | grad = 0.5637
step   6580 | loss = -2.1465 | g_L = +2.1465 | EMA = +2.1653 | std(g_L) = 1.2058 | grad = 0.7069
step   6600 | loss = -2.2007 | g_L = +2.2007 | EMA = +2.1577 | std(g_L) = 1.1733 | grad = 0.6181
step   6620 | loss = -2.2079 | g_L = +2.2079 | EMA = +2.1589 | std(g_L) = 1.1292 | grad = 0.2614
step   6640 | loss = -2.1864 | g_L = +2.1864 | EMA = +2.1531 | std(g_L) = 1.1348 | grad = 0.3287
step   6660 | loss = -2.1555 | g_L = +2.1555 | EMA = +2.1560 | std(g_L) = 1.0700 | grad = 0.4475
step   6680 | loss = -2.0960 | g_L = +2.0960 | EMA = +2.1577 | std(g_L) = 1.1526 | grad = 0.4280
step   6700 | loss = -2.1948 | g_L = +2.1948 | EMA = +2.1723 | std(g_L) = 0.9981 | grad = 0.7681
step   6720 | loss = -2.1855 | g_L = +2.1855 | EMA = +2.1710 | std(g_L) = 1.2215 | grad = 0.2508
step   6740 | loss = -2.2143 | g_L = +2.2143 | EMA = +2.1639 | std(g_L) = 1.0685 | grad = 0.3450
step   6760 | loss = -2.1719 | g_L = +2.1719 | EMA = +2.1773 | std(g_L) = 1.0577 | grad = 0.3112
step   6780 | loss = -2.2081 | g_L = +2.2081 | EMA = +2.1763 | std(g_L) = 1.0935 | grad = 0.2958
step   6800 | loss = -2.2138 | g_L = +2.2138 | EMA = +2.1777 | std(g_L) = 1.0116 | grad = 0.6123
step   6820 | loss = -2.1178 | g_L = +2.1178 | EMA = +2.1621 | std(g_L) = 1.1350 | grad = 0.2948
step   6840 | loss = -2.1632 | g_L = +2.1632 | EMA = +2.1640 | std(g_L) = 1.1203 | grad = 0.3421
step   6860 | loss = -2.1382 | g_L = +2.1382 | EMA = +2.1558 | std(g_L) = 1.2014 | grad = 0.4383
step   6880 | loss = -2.1974 | g_L = +2.1974 | EMA = +2.1594 | std(g_L) = 1.0034 | grad = 0.3207
step   6900 | loss = -2.2536 | g_L = +2.2536 | EMA = +2.1664 | std(g_L) = 1.0133 | grad = 0.4320
step   6920 | loss = -2.1622 | g_L = +2.1622 | EMA = +2.1609 | std(g_L) = 1.1114 | grad = 0.3936
step   6940 | loss = -2.1669 | g_L = +2.1669 | EMA = +2.1645 | std(g_L) = 1.0415 | grad = 0.7030
step   6960 | loss = -2.2002 | g_L = +2.2002 | EMA = +2.1636 | std(g_L) = 1.0852 | grad = 0.3429
step   6980 | loss = -2.1923 | g_L = +2.1923 | EMA = +2.1664 | std(g_L) = 1.0702 | grad = 0.2727
step   7000 | loss = -2.1280 | g_L = +2.1280 | EMA = +2.1655 | std(g_L) = 1.1708 | grad = 0.3865
step   7020 | loss = -2.2159 | g_L = +2.2159 | EMA = +2.1776 | std(g_L) = 1.1088 | grad = 0.1960
step   7040 | loss = -2.1739 | g_L = +2.1739 | EMA = +2.1680 | std(g_L) = 0.9808 | grad = 0.2340
step   7060 | loss = -2.2114 | g_L = +2.2114 | EMA = +2.1693 | std(g_L) = 1.1191 | grad = 0.4678
step   7080 | loss = -2.2254 | g_L = +2.2254 | EMA = +2.1791 | std(g_L) = 0.9686 | grad = 0.3027
step   7100 | loss = -2.1043 | g_L = +2.1043 | EMA = +2.1670 | std(g_L) = 1.2024 | grad = 0.5125
step   7120 | loss = -2.2072 | g_L = +2.2072 | EMA = +2.1714 | std(g_L) = 1.0512 | grad = 0.1251
step   7140 | loss = -2.1761 | g_L = +2.1761 | EMA = +2.1654 | std(g_L) = 1.0786 | grad = 0.5071
step   7160 | loss = -2.2261 | g_L = +2.2261 | EMA = +2.1786 | std(g_L) = 1.0362 | grad = 0.2640
step   7180 | loss = -2.1644 | g_L = +2.1644 | EMA = +2.1744 | std(g_L) = 1.1462 | grad = 0.2903
step   7200 | loss = -2.2005 | g_L = +2.2005 | EMA = +2.1648 | std(g_L) = 1.0438 | grad = 0.2465
step   7220 | loss = -2.2533 | g_L = +2.2533 | EMA = +2.1777 | std(g_L) = 1.0299 | grad = 0.2105
step   7240 | loss = -2.1592 | g_L = +2.1592 | EMA = +2.1706 | std(g_L) = 1.0799 | grad = 0.5863
step   7260 | loss = -2.2368 | g_L = +2.2368 | EMA = +2.1836 | std(g_L) = 1.0500 | grad = 0.3932
step   7280 | loss = -2.1537 | g_L = +2.1537 | EMA = +2.1851 | std(g_L) = 1.1262 | grad = 0.2409
step   7300 | loss = -2.2112 | g_L = +2.2112 | EMA = +2.1696 | std(g_L) = 1.1261 | grad = 0.4073
step   7320 | loss = -2.1842 | g_L = +2.1842 | EMA = +2.1694 | std(g_L) = 1.1298 | grad = 0.5769
step   7340 | loss = -2.1453 | g_L = +2.1453 | EMA = +2.1685 | std(g_L) = 1.0812 | grad = 0.3969
step   7360 | loss = -2.1805 | g_L = +2.1805 | EMA = +2.1750 | std(g_L) = 1.1210 | grad = 0.3727
step   7380 | loss = -2.2454 | g_L = +2.2454 | EMA = +2.1887 | std(g_L) = 1.0578 | grad = 0.1076
step   7400 | loss = -2.1215 | g_L = +2.1215 | EMA = +2.1895 | std(g_L) = 1.1672 | grad = 0.1987
step   7420 | loss = -2.1693 | g_L = +2.1693 | EMA = +2.1835 | std(g_L) = 1.0348 | grad = 0.7090
step   7440 | loss = -2.1523 | g_L = +2.1523 | EMA = +2.1830 | std(g_L) = 1.0884 | grad = 0.3126
step   7460 | loss = -2.2440 | g_L = +2.2440 | EMA = +2.1743 | std(g_L) = 1.0458 | grad = 0.4701
step   7480 | loss = -2.1395 | g_L = +2.1395 | EMA = +2.1674 | std(g_L) = 1.1254 | grad = 0.5044
step   7500 | loss = -2.1996 | g_L = +2.1996 | EMA = +2.1818 | std(g_L) = 1.1400 | grad = 0.2033
step   7520 | loss = -2.1758 | g_L = +2.1758 | EMA = +2.1756 | std(g_L) = 1.1331 | grad = 0.5955
step   7540 | loss = -2.1689 | g_L = +2.1689 | EMA = +2.1681 | std(g_L) = 1.1104 | grad = 0.7973
step   7560 | loss = -2.2115 | g_L = +2.2115 | EMA = +2.1777 | std(g_L) = 1.0746 | grad = 0.4768
step   7580 | loss = -2.1838 | g_L = +2.1838 | EMA = +2.1707 | std(g_L) = 1.0609 | grad = 0.4048
step   7600 | loss = -2.1404 | g_L = +2.1404 | EMA = +2.1771 | std(g_L) = 1.1389 | grad = 0.4031
step   7620 | loss = -2.1566 | g_L = +2.1566 | EMA = +2.1784 | std(g_L) = 1.1355 | grad = 0.7570
step   7640 | loss = -2.1653 | g_L = +2.1653 | EMA = +2.1728 | std(g_L) = 1.1197 | grad = 0.7119
step   7660 | loss = -2.2881 | g_L = +2.2881 | EMA = +2.1747 | std(g_L) = 1.0726 | grad = 0.5113
step   7680 | loss = -2.1671 | g_L = +2.1671 | EMA = +2.1992 | std(g_L) = 1.1414 | grad = 0.2955
step   7700 | loss = -2.1818 | g_L = +2.1818 | EMA = +2.1946 | std(g_L) = 1.0432 | grad = 0.3679
step   7720 | loss = -2.2284 | g_L = +2.2284 | EMA = +2.1822 | std(g_L) = 1.1162 | grad = 0.3080
step   7740 | loss = -2.1900 | g_L = +2.1900 | EMA = +2.1709 | std(g_L) = 1.1153 | grad = 0.4875
step   7760 | loss = -2.1685 | g_L = +2.1685 | EMA = +2.1725 | std(g_L) = 1.0291 | grad = 0.5194
step   7780 | loss = -2.1547 | g_L = +2.1547 | EMA = +2.1758 | std(g_L) = 1.1185 | grad = 0.4043
step   7800 | loss = -2.1560 | g_L = +2.1560 | EMA = +2.1832 | std(g_L) = 1.1146 | grad = 0.6238
step   7820 | loss = -2.1933 | g_L = +2.1933 | EMA = +2.1682 | std(g_L) = 1.0653 | grad = 0.9324
step   7840 | loss = -2.1859 | g_L = +2.1859 | EMA = +2.1750 | std(g_L) = 1.0396 | grad = 0.3309
step   7860 | loss = -2.0657 | g_L = +2.0657 | EMA = +2.1740 | std(g_L) = 1.1977 | grad = 0.4924
step   7880 | loss = -2.1467 | g_L = +2.1467 | EMA = +2.1809 | std(g_L) = 1.0214 | grad = 0.4802
step   7900 | loss = -2.1588 | g_L = +2.1588 | EMA = +2.1798 | std(g_L) = 1.0389 | grad = 0.5365
step   7920 | loss = -2.1163 | g_L = +2.1163 | EMA = +2.1860 | std(g_L) = 1.1585 | grad = 0.8586
step   7940 | loss = -2.1864 | g_L = +2.1864 | EMA = +2.1811 | std(g_L) = 1.0947 | grad = 0.7540
step   7960 | loss = -2.1478 | g_L = +2.1478 | EMA = +2.1933 | std(g_L) = 1.1214 | grad = 0.5458
step   7980 | loss = -2.2560 | g_L = +2.2560 | EMA = +2.1864 | std(g_L) = 1.0026 | grad = 0.0968
step   8000 | loss = -2.2579 | g_L = +2.2579 | EMA = +2.1999 | std(g_L) = 1.0442 | grad = 0.2662
step   8020 | loss = -2.2646 | g_L = +2.2646 | EMA = +2.1900 | std(g_L) = 1.0185 | grad = 0.2674
step   8040 | loss = -2.1815 | g_L = +2.1815 | EMA = +2.1896 | std(g_L) = 1.1092 | grad = 0.5223
step   8060 | loss = -2.1403 | g_L = +2.1403 | EMA = +2.1936 | std(g_L) = 1.0916 | grad = 1.0531
step   8080 | loss = -2.1664 | g_L = +2.1664 | EMA = +2.1940 | std(g_L) = 1.0802 | grad = 0.7161
step   8100 | loss = -2.1813 | g_L = +2.1813 | EMA = +2.1820 | std(g_L) = 1.0990 | grad = 0.5965
step   8120 | loss = -2.2165 | g_L = +2.2165 | EMA = +2.1933 | std(g_L) = 1.0506 | grad = 0.3780
step   8140 | loss = -2.2432 | g_L = +2.2432 | EMA = +2.1984 | std(g_L) = 1.0648 | grad = 0.2991
step   8160 | loss = -2.1651 | g_L = +2.1651 | EMA = +2.1840 | std(g_L) = 1.0299 | grad = 0.3316
step   8180 | loss = -2.1867 | g_L = +2.1867 | EMA = +2.1843 | std(g_L) = 1.0420 | grad = 0.2232
step   8200 | loss = -2.1949 | g_L = +2.1949 | EMA = +2.1864 | std(g_L) = 1.0803 | grad = 0.3808
step   8220 | loss = -2.1011 | g_L = +2.1011 | EMA = +2.1989 | std(g_L) = 1.1266 | grad = 0.3475
step   8240 | loss = -2.1216 | g_L = +2.1216 | EMA = +2.1866 | std(g_L) = 1.1036 | grad = 0.4567
step   8260 | loss = -2.2006 | g_L = +2.2006 | EMA = +2.2059 | std(g_L) = 1.0523 | grad = 0.2117
step   8280 | loss = -2.1645 | g_L = +2.1645 | EMA = +2.1975 | std(g_L) = 1.1277 | grad = 0.5892
step   8300 | loss = -2.2581 | g_L = +2.2581 | EMA = +2.2056 | std(g_L) = 1.1019 | grad = 0.4349
step   8320 | loss = -2.1968 | g_L = +2.1968 | EMA = +2.1886 | std(g_L) = 1.1281 | grad = 0.5200
step   8340 | loss = -2.2517 | g_L = +2.2517 | EMA = +2.1826 | std(g_L) = 1.0232 | grad = 0.4658
step   8360 | loss = -2.1940 | g_L = +2.1940 | EMA = +2.1910 | std(g_L) = 0.9984 | grad = 0.5137
step   8380 | loss = -2.1772 | g_L = +2.1772 | EMA = +2.1859 | std(g_L) = 1.0101 | grad = 0.6405
step   8400 | loss = -2.1903 | g_L = +2.1903 | EMA = +2.1863 | std(g_L) = 1.0743 | grad = 0.4168
step   8420 | loss = -2.2081 | g_L = +2.2081 | EMA = +2.1842 | std(g_L) = 1.0806 | grad = 0.3164
step   8440 | loss = -2.1737 | g_L = +2.1737 | EMA = +2.1914 | std(g_L) = 1.0993 | grad = 0.3787
step   8460 | loss = -2.2295 | g_L = +2.2295 | EMA = +2.1928 | std(g_L) = 1.1240 | grad = 0.2454
step   8480 | loss = -2.3057 | g_L = +2.3057 | EMA = +2.2091 | std(g_L) = 0.9333 | grad = 0.3822
step   8500 | loss = -2.1885 | g_L = +2.1885 | EMA = +2.1997 | std(g_L) = 1.0693 | grad = 0.6657
step   8520 | loss = -2.2680 | g_L = +2.2680 | EMA = +2.2014 | std(g_L) = 1.0268 | grad = 0.3893
step   8540 | loss = -2.1464 | g_L = +2.1464 | EMA = +2.1900 | std(g_L) = 1.1163 | grad = 0.4839
step   8560 | loss = -2.2137 | g_L = +2.2137 | EMA = +2.1952 | std(g_L) = 0.9956 | grad = 0.2495
step   8580 | loss = -2.1929 | g_L = +2.1929 | EMA = +2.1914 | std(g_L) = 1.0333 | grad = 0.3660
step   8600 | loss = -2.1422 | g_L = +2.1422 | EMA = +2.1950 | std(g_L) = 1.1203 | grad = 0.3014
step   8620 | loss = -2.1411 | g_L = +2.1411 | EMA = +2.2071 | std(g_L) = 1.1167 | grad = 0.3328
step   8640 | loss = -2.1682 | g_L = +2.1682 | EMA = +2.1830 | std(g_L) = 1.1242 | grad = 0.5573
step   8660 | loss = -2.1432 | g_L = +2.1432 | EMA = +2.1718 | std(g_L) = 1.1875 | grad = 0.6467
step   8680 | loss = -2.1031 | g_L = +2.1031 | EMA = +2.1874 | std(g_L) = 1.1595 | grad = 0.3497
step   8700 | loss = -2.2267 | g_L = +2.2267 | EMA = +2.1960 | std(g_L) = 1.0870 | grad = 0.8949
step   8720 | loss = -2.1543 | g_L = +2.1543 | EMA = +2.1975 | std(g_L) = 1.0985 | grad = 0.3341
step   8740 | loss = -2.2355 | g_L = +2.2355 | EMA = +2.1920 | std(g_L) = 0.9864 | grad = 0.6130
step   8760 | loss = -2.2201 | g_L = +2.2201 | EMA = +2.2003 | std(g_L) = 1.1665 | grad = 0.7268
step   8780 | loss = -2.1724 | g_L = +2.1724 | EMA = +2.2070 | std(g_L) = 1.0552 | grad = 0.5042
step   8800 | loss = -2.2573 | g_L = +2.2573 | EMA = +2.2006 | std(g_L) = 1.0997 | grad = 0.3893
step   8820 | loss = -2.2090 | g_L = +2.2090 | EMA = +2.2019 | std(g_L) = 1.1445 | grad = 0.3525
step   8840 | loss = -2.1783 | g_L = +2.1783 | EMA = +2.1933 | std(g_L) = 1.2267 | grad = 0.4484
step   8860 | loss = -2.1543 | g_L = +2.1543 | EMA = +2.2047 | std(g_L) = 1.1432 | grad = 0.5267
step   8880 | loss = -2.2650 | g_L = +2.2650 | EMA = +2.2050 | std(g_L) = 1.0064 | grad = 0.3537
step   8900 | loss = -2.1786 | g_L = +2.1786 | EMA = +2.2034 | std(g_L) = 1.1232 | grad = 0.2777
step   8920 | loss = -2.2071 | g_L = +2.2071 | EMA = +2.1934 | std(g_L) = 1.0375 | grad = 0.2523
step   8940 | loss = -2.1673 | g_L = +2.1673 | EMA = +2.1946 | std(g_L) = 1.0875 | grad = 0.3026
step   8960 | loss = -2.2712 | g_L = +2.2712 | EMA = +2.2034 | std(g_L) = 1.0130 | grad = 0.2647
step   8980 | loss = -2.2414 | g_L = +2.2414 | EMA = +2.2074 | std(g_L) = 1.0711 | grad = 0.2850
step   9000 | loss = -2.2404 | g_L = +2.2404 | EMA = +2.2010 | std(g_L) = 1.1438 | grad = 0.7624
step   9020 | loss = -2.1666 | g_L = +2.1666 | EMA = +2.2111 | std(g_L) = 1.1353 | grad = 0.4632
step   9040 | loss = -2.1789 | g_L = +2.1789 | EMA = +2.2155 | std(g_L) = 1.1197 | grad = 0.2221
step   9060 | loss = -2.0900 | g_L = +2.0900 | EMA = +2.2012 | std(g_L) = 1.2016 | grad = 0.2695
step   9080 | loss = -2.2928 | g_L = +2.2928 | EMA = +2.2140 | std(g_L) = 0.9227 | grad = 0.2645
step   9100 | loss = -2.2588 | g_L = +2.2588 | EMA = +2.2201 | std(g_L) = 1.1322 | grad = 0.3656
step   9120 | loss = -2.1672 | g_L = +2.1672 | EMA = +2.2099 | std(g_L) = 1.2127 | grad = 0.2806
step   9140 | loss = -2.2742 | g_L = +2.2742 | EMA = +2.2288 | std(g_L) = 1.1107 | grad = 0.4566
step   9160 | loss = -2.1399 | g_L = +2.1399 | EMA = +2.2063 | std(g_L) = 1.1023 | grad = 0.3602
step   9180 | loss = -2.0605 | g_L = +2.0605 | EMA = +2.1960 | std(g_L) = 1.2128 | grad = 0.3372
step   9200 | loss = -2.1962 | g_L = +2.1962 | EMA = +2.2157 | std(g_L) = 1.0946 | grad = 0.6152
step   9220 | loss = -2.2865 | g_L = +2.2865 | EMA = +2.2076 | std(g_L) = 1.0223 | grad = 0.4077
step   9240 | loss = -2.2842 | g_L = +2.2842 | EMA = +2.2240 | std(g_L) = 0.9559 | grad = 0.4995
step   9260 | loss = -2.2162 | g_L = +2.2162 | EMA = +2.2167 | std(g_L) = 1.0395 | grad = 0.2114
step   9280 | loss = -2.2250 | g_L = +2.2250 | EMA = +2.2202 | std(g_L) = 1.1334 | grad = 0.8115
step   9300 | loss = -2.2638 | g_L = +2.2638 | EMA = +2.2286 | std(g_L) = 1.1283 | grad = 0.4775
step   9320 | loss = -2.1612 | g_L = +2.1612 | EMA = +2.2111 | std(g_L) = 1.1642 | grad = 0.4962
step   9340 | loss = -2.2551 | g_L = +2.2551 | EMA = +2.2067 | std(g_L) = 1.0295 | grad = 0.3077
step   9360 | loss = -2.1354 | g_L = +2.1354 | EMA = +2.2111 | std(g_L) = 1.0624 | grad = 0.8828
step   9380 | loss = -2.2328 | g_L = +2.2328 | EMA = +2.2170 | std(g_L) = 1.0764 | grad = 0.4874
step   9400 | loss = -2.2561 | g_L = +2.2561 | EMA = +2.2076 | std(g_L) = 1.0870 | grad = 0.6263
step   9420 | loss = -2.2003 | g_L = +2.2003 | EMA = +2.2092 | std(g_L) = 1.1385 | grad = 0.9264
step   9440 | loss = -2.2109 | g_L = +2.2109 | EMA = +2.2127 | std(g_L) = 1.0762 | grad = 0.6639
step   9460 | loss = -2.2310 | g_L = +2.2310 | EMA = +2.2145 | std(g_L) = 1.1047 | grad = 0.4826
step   9480 | loss = -2.2665 | g_L = +2.2665 | EMA = +2.2161 | std(g_L) = 1.0315 | grad = 0.8615
step   9500 | loss = -2.2591 | g_L = +2.2591 | EMA = +2.2203 | std(g_L) = 1.1384 | grad = 0.5085
step   9520 | loss = -2.1997 | g_L = +2.1997 | EMA = +2.2090 | std(g_L) = 1.1292 | grad = 0.3918
step   9540 | loss = -2.2223 | g_L = +2.2223 | EMA = +2.2172 | std(g_L) = 1.0777 | grad = 0.2849
step   9560 | loss = -2.1150 | g_L = +2.1150 | EMA = +2.2211 | std(g_L) = 1.2086 | grad = 0.4786
step   9580 | loss = -2.2819 | g_L = +2.2819 | EMA = +2.2156 | std(g_L) = 0.9976 | grad = 0.6909
step   9600 | loss = -2.1995 | g_L = +2.1995 | EMA = +2.2083 | std(g_L) = 1.0937 | grad = 0.1897
step   9620 | loss = -2.2658 | g_L = +2.2658 | EMA = +2.2247 | std(g_L) = 1.0001 | grad = 0.2536
step   9640 | loss = -2.2219 | g_L = +2.2219 | EMA = +2.2170 | std(g_L) = 1.0616 | grad = 0.3184
step   9660 | loss = -2.3180 | g_L = +2.3180 | EMA = +2.2181 | std(g_L) = 0.9626 | grad = 0.4991
step   9680 | loss = -2.1983 | g_L = +2.1983 | EMA = +2.2130 | std(g_L) = 1.1185 | grad = 0.7364
step   9700 | loss = -2.2763 | g_L = +2.2763 | EMA = +2.2136 | std(g_L) = 1.0855 | grad = 0.5134
step   9720 | loss = -2.2312 | g_L = +2.2312 | EMA = +2.2199 | std(g_L) = 1.0765 | grad = 0.5409
step   9740 | loss = -2.2991 | g_L = +2.2991 | EMA = +2.2374 | std(g_L) = 0.9692 | grad = 0.5222
step   9760 | loss = -2.1275 | g_L = +2.1275 | EMA = +2.2257 | std(g_L) = 1.1682 | grad = 0.3908
step   9780 | loss = -2.2195 | g_L = +2.2195 | EMA = +2.2358 | std(g_L) = 1.0268 | grad = 0.4021
step   9800 | loss = -2.1399 | g_L = +2.1399 | EMA = +2.2110 | std(g_L) = 1.0789 | grad = 0.8271
step   9820 | loss = -2.1717 | g_L = +2.1717 | EMA = +2.1998 | std(g_L) = 0.9876 | grad = 0.6042
step   9840 | loss = -2.1671 | g_L = +2.1671 | EMA = +2.2017 | std(g_L) = 1.0977 | grad = 0.6627
step   9860 | loss = -2.1873 | g_L = +2.1873 | EMA = +2.2026 | std(g_L) = 1.1606 | grad = 0.7092
step   9880 | loss = -2.2306 | g_L = +2.2306 | EMA = +2.2101 | std(g_L) = 1.0710 | grad = 0.5687
step   9900 | loss = -2.2822 | g_L = +2.2822 | EMA = +2.2274 | std(g_L) = 0.9859 | grad = 0.3106
step   9920 | loss = -2.2275 | g_L = +2.2275 | EMA = +2.2198 | std(g_L) = 0.9979 | grad = 0.6520
step   9940 | loss = -2.2758 | g_L = +2.2758 | EMA = +2.2181 | std(g_L) = 1.0537 | grad = 0.3232
step   9960 | loss = -2.2897 | g_L = +2.2897 | EMA = +2.2257 | std(g_L) = 1.0577 | grad = 0.5400
step   9980 | loss = -2.0497 | g_L = +2.0497 | EMA = +2.2241 | std(g_L) = 1.2445 | grad = 0.4249
step  10000 | loss = -2.2377 | g_L = +2.2377 | EMA = +2.2190 | std(g_L) = 1.0050 | grad = 0.4165
step  10020 | loss = -2.2044 | g_L = +2.2044 | EMA = +2.2267 | std(g_L) = 1.1072 | grad = 0.6336
step  10040 | loss = -2.2203 | g_L = +2.2203 | EMA = +2.2240 | std(g_L) = 1.1015 | grad = 0.4218
step  10060 | loss = -2.1918 | g_L = +2.1918 | EMA = +2.2343 | std(g_L) = 1.0864 | grad = 0.3381
step  10080 | loss = -2.1979 | g_L = +2.1979 | EMA = +2.2265 | std(g_L) = 1.0257 | grad = 0.2799
step  10100 | loss = -2.2295 | g_L = +2.2295 | EMA = +2.2268 | std(g_L) = 0.9631 | grad = 0.4160
step  10120 | loss = -2.2328 | g_L = +2.2328 | EMA = +2.2354 | std(g_L) = 1.0595 | grad = 0.5997
step  10140 | loss = -2.2060 | g_L = +2.2060 | EMA = +2.2236 | std(g_L) = 1.1283 | grad = 0.4675
step  10160 | loss = -2.2794 | g_L = +2.2794 | EMA = +2.2263 | std(g_L) = 1.0753 | grad = 0.5119
step  10180 | loss = -2.1907 | g_L = +2.1907 | EMA = +2.2277 | std(g_L) = 1.1306 | grad = 0.5352
step  10200 | loss = -2.2253 | g_L = +2.2253 | EMA = +2.2364 | std(g_L) = 1.1366 | grad = 0.5970
step  10220 | loss = -2.1742 | g_L = +2.1742 | EMA = +2.2314 | std(g_L) = 1.0698 | grad = 0.4229
step  10240 | loss = -2.2143 | g_L = +2.2143 | EMA = +2.2382 | std(g_L) = 1.0491 | grad = 0.4270
step  10260 | loss = -2.2591 | g_L = +2.2591 | EMA = +2.2409 | std(g_L) = 1.0739 | grad = 0.5486
step  10280 | loss = -2.2223 | g_L = +2.2223 | EMA = +2.2410 | std(g_L) = 1.0439 | grad = 0.3786
step  10300 | loss = -2.2278 | g_L = +2.2278 | EMA = +2.2251 | std(g_L) = 1.0304 | grad = 0.4341
step  10320 | loss = -2.2740 | g_L = +2.2740 | EMA = +2.2298 | std(g_L) = 0.9503 | grad = 0.1797
step  10340 | loss = -2.2326 | g_L = +2.2326 | EMA = +2.2270 | std(g_L) = 1.0828 | grad = 0.2597
step  10360 | loss = -2.1458 | g_L = +2.1458 | EMA = +2.2215 | std(g_L) = 1.0847 | grad = 0.3865
step  10380 | loss = -2.2355 | g_L = +2.2355 | EMA = +2.2352 | std(g_L) = 1.0336 | grad = 0.2846
step  10400 | loss = -2.2125 | g_L = +2.2125 | EMA = +2.2276 | std(g_L) = 1.1040 | grad = 0.7791
step  10420 | loss = -2.2858 | g_L = +2.2858 | EMA = +2.2291 | std(g_L) = 0.9805 | grad = 0.5346
step  10440 | loss = -2.2294 | g_L = +2.2294 | EMA = +2.2336 | std(g_L) = 1.0787 | grad = 0.2300
step  10460 | loss = -2.2195 | g_L = +2.2195 | EMA = +2.2312 | std(g_L) = 1.1145 | grad = 0.3956
step  10480 | loss = -2.0843 | g_L = +2.0843 | EMA = +2.2318 | std(g_L) = 1.1954 | grad = 0.5113
step  10500 | loss = -2.2020 | g_L = +2.2020 | EMA = +2.2245 | std(g_L) = 1.1375 | grad = 0.2439
step  10520 | loss = -2.3051 | g_L = +2.3051 | EMA = +2.2311 | std(g_L) = 0.9688 | grad = 0.3171
step  10540 | loss = -2.2491 | g_L = +2.2491 | EMA = +2.2301 | std(g_L) = 1.0777 | grad = 0.5624
step  10560 | loss = -2.2771 | g_L = +2.2771 | EMA = +2.2427 | std(g_L) = 1.0212 | grad = 0.6904
step  10580 | loss = -2.2706 | g_L = +2.2706 | EMA = +2.2484 | std(g_L) = 0.9583 | grad = 0.5989
step  10600 | loss = -2.2330 | g_L = +2.2330 | EMA = +2.2397 | std(g_L) = 1.1073 | grad = 0.4900
step  10620 | loss = -2.1604 | g_L = +2.1604 | EMA = +2.2349 | std(g_L) = 1.1814 | grad = 0.5225
step  10640 | loss = -2.3581 | g_L = +2.3581 | EMA = +2.2418 | std(g_L) = 0.9413 | grad = 0.1495
step  10660 | loss = -2.2592 | g_L = +2.2592 | EMA = +2.2402 | std(g_L) = 1.0312 | grad = 0.3799
step  10680 | loss = -2.1878 | g_L = +2.1878 | EMA = +2.2364 | std(g_L) = 1.0661 | grad = 0.7375
step  10700 | loss = -2.2479 | g_L = +2.2479 | EMA = +2.2320 | std(g_L) = 1.0334 | grad = 0.3145
step  10720 | loss = -2.2569 | g_L = +2.2569 | EMA = +2.2339 | std(g_L) = 0.9790 | grad = 0.4654
step  10740 | loss = -2.1533 | g_L = +2.1533 | EMA = +2.2314 | std(g_L) = 1.0436 | grad = 0.4065
step  10760 | loss = -2.2603 | g_L = +2.2603 | EMA = +2.2264 | std(g_L) = 1.0453 | grad = 0.5862
step  10780 | loss = -2.2430 | g_L = +2.2430 | EMA = +2.2338 | std(g_L) = 1.0530 | grad = 0.4143
step  10800 | loss = -2.1668 | g_L = +2.1668 | EMA = +2.2265 | std(g_L) = 1.1148 | grad = 0.6430
step  10820 | loss = -2.2372 | g_L = +2.2372 | EMA = +2.2461 | std(g_L) = 1.0143 | grad = 0.3199
step  10840 | loss = -2.1779 | g_L = +2.1779 | EMA = +2.2329 | std(g_L) = 1.1781 | grad = 0.8591
step  10860 | loss = -2.2494 | g_L = +2.2494 | EMA = +2.2516 | std(g_L) = 1.1261 | grad = 0.6419
step  10880 | loss = -2.2676 | g_L = +2.2676 | EMA = +2.2510 | std(g_L) = 1.1148 | grad = 0.6708
step  10900 | loss = -2.2014 | g_L = +2.2014 | EMA = +2.2355 | std(g_L) = 1.1157 | grad = 0.6231
step  10920 | loss = -2.2834 | g_L = +2.2834 | EMA = +2.2417 | std(g_L) = 1.0099 | grad = 0.4586
step  10940 | loss = -2.2341 | g_L = +2.2341 | EMA = +2.2406 | std(g_L) = 1.1771 | grad = 0.2428
step  10960 | loss = -2.2928 | g_L = +2.2928 | EMA = +2.2487 | std(g_L) = 1.0645 | grad = 0.4786
step  10980 | loss = -2.2334 | g_L = +2.2334 | EMA = +2.2549 | std(g_L) = 1.0609 | grad = 0.2831
step  11000 | loss = -2.2278 | g_L = +2.2278 | EMA = +2.2401 | std(g_L) = 1.0901 | grad = 0.7036
step  11020 | loss = -2.2150 | g_L = +2.2150 | EMA = +2.2327 | std(g_L) = 1.0713 | grad = 0.2184
step  11040 | loss = -2.2872 | g_L = +2.2872 | EMA = +2.2411 | std(g_L) = 1.1029 | grad = 0.3728
step  11060 | loss = -2.2669 | g_L = +2.2669 | EMA = +2.2451 | std(g_L) = 1.0974 | grad = 0.4503
step  11080 | loss = -2.2364 | g_L = +2.2364 | EMA = +2.2456 | std(g_L) = 1.1217 | grad = 0.5467
step  11100 | loss = -2.1988 | g_L = +2.1988 | EMA = +2.2385 | std(g_L) = 1.1333 | grad = 0.7271
step  11120 | loss = -2.2689 | g_L = +2.2689 | EMA = +2.2364 | std(g_L) = 1.0019 | grad = 0.4578
step  11140 | loss = -2.2354 | g_L = +2.2354 | EMA = +2.2325 | std(g_L) = 1.0816 | grad = 0.6354
step  11160 | loss = -2.2830 | g_L = +2.2830 | EMA = +2.2497 | std(g_L) = 0.9778 | grad = 0.4931
step  11180 | loss = -2.2558 | g_L = +2.2558 | EMA = +2.2475 | std(g_L) = 1.0594 | grad = 0.2194
step  11200 | loss = -2.2355 | g_L = +2.2355 | EMA = +2.2597 | std(g_L) = 1.0473 | grad = 0.5135
step  11220 | loss = -2.3136 | g_L = +2.3136 | EMA = +2.2574 | std(g_L) = 1.1258 | grad = 0.4961
step  11240 | loss = -2.2623 | g_L = +2.2623 | EMA = +2.2542 | std(g_L) = 1.0007 | grad = 0.8536
step  11260 | loss = -2.1898 | g_L = +2.1898 | EMA = +2.2494 | std(g_L) = 1.1627 | grad = 0.2810
step  11280 | loss = -2.2316 | g_L = +2.2316 | EMA = +2.2467 | std(g_L) = 1.0328 | grad = 0.4622
step  11300 | loss = -2.2048 | g_L = +2.2048 | EMA = +2.2437 | std(g_L) = 1.0316 | grad = 0.2552
step  11320 | loss = -2.3127 | g_L = +2.3127 | EMA = +2.2504 | std(g_L) = 0.9870 | grad = 0.3888
step  11340 | loss = -2.2023 | g_L = +2.2023 | EMA = +2.2408 | std(g_L) = 1.0927 | grad = 0.7541
step  11360 | loss = -2.3232 | g_L = +2.3232 | EMA = +2.2490 | std(g_L) = 1.0160 | grad = 0.4169
step  11380 | loss = -2.2067 | g_L = +2.2067 | EMA = +2.2357 | std(g_L) = 1.1127 | grad = 0.3042
step  11400 | loss = -2.2225 | g_L = +2.2225 | EMA = +2.2306 | std(g_L) = 1.0853 | grad = 0.3517
step  11420 | loss = -2.1510 | g_L = +2.1510 | EMA = +2.2480 | std(g_L) = 1.1238 | grad = 0.4881
step  11440 | loss = -2.2232 | g_L = +2.2232 | EMA = +2.2421 | std(g_L) = 1.0365 | grad = 0.4141
step  11460 | loss = -2.1788 | g_L = +2.1788 | EMA = +2.2396 | std(g_L) = 1.1895 | grad = 0.4228
step  11480 | loss = -2.3141 | g_L = +2.3141 | EMA = +2.2488 | std(g_L) = 1.0753 | grad = 1.0283
step  11500 | loss = -2.2306 | g_L = +2.2306 | EMA = +2.2346 | std(g_L) = 1.0705 | grad = 0.4588
step  11520 | loss = -2.2959 | g_L = +2.2959 | EMA = +2.2495 | std(g_L) = 1.0553 | grad = 0.4262
step  11540 | loss = -2.2441 | g_L = +2.2441 | EMA = +2.2493 | std(g_L) = 1.1531 | grad = 0.5016
step  11560 | loss = -2.2463 | g_L = +2.2463 | EMA = +2.2507 | std(g_L) = 1.0083 | grad = 0.4964
step  11580 | loss = -2.2804 | g_L = +2.2804 | EMA = +2.2498 | std(g_L) = 1.0505 | grad = 0.3648
step  11600 | loss = -2.3011 | g_L = +2.3011 | EMA = +2.2615 | std(g_L) = 1.0236 | grad = 0.3631
step  11620 | loss = -2.2468 | g_L = +2.2468 | EMA = +2.2518 | std(g_L) = 1.0241 | grad = 0.3752
step  11640 | loss = -2.2433 | g_L = +2.2433 | EMA = +2.2452 | std(g_L) = 1.0644 | grad = 0.3864
step  11660 | loss = -2.1675 | g_L = +2.1675 | EMA = +2.2557 | std(g_L) = 1.1124 | grad = 0.7746
step  11680 | loss = -2.2884 | g_L = +2.2884 | EMA = +2.2455 | std(g_L) = 1.1157 | grad = 0.2577
step  11700 | loss = -2.2188 | g_L = +2.2188 | EMA = +2.2490 | std(g_L) = 1.0472 | grad = 0.3125
step  11720 | loss = -2.2304 | g_L = +2.2304 | EMA = +2.2427 | std(g_L) = 1.0605 | grad = 0.3988
step  11740 | loss = -2.2164 | g_L = +2.2164 | EMA = +2.2470 | std(g_L) = 1.1724 | grad = 0.3064
step  11760 | loss = -2.2700 | g_L = +2.2700 | EMA = +2.2578 | std(g_L) = 1.1033 | grad = 0.6035
step  11780 | loss = -2.2613 | g_L = +2.2613 | EMA = +2.2597 | std(g_L) = 1.0272 | grad = 0.8111
step  11800 | loss = -2.2724 | g_L = +2.2724 | EMA = +2.2511 | std(g_L) = 0.9941 | grad = 0.4736
step  11820 | loss = -2.2242 | g_L = +2.2242 | EMA = +2.2543 | std(g_L) = 1.0516 | grad = 0.6792
step  11840 | loss = -2.1640 | g_L = +2.1640 | EMA = +2.2456 | std(g_L) = 1.2714 | grad = 0.5514
step  11860 | loss = -2.2628 | g_L = +2.2628 | EMA = +2.2462 | std(g_L) = 1.0077 | grad = 0.2768
step  11880 | loss = -2.2486 | g_L = +2.2486 | EMA = +2.2483 | std(g_L) = 1.0389 | grad = 0.7042
step  11900 | loss = -2.2603 | g_L = +2.2603 | EMA = +2.2600 | std(g_L) = 1.0703 | grad = 0.3122
step  11920 | loss = -2.2378 | g_L = +2.2378 | EMA = +2.2541 | std(g_L) = 1.0726 | grad = 0.3105
step  11940 | loss = -2.2379 | g_L = +2.2379 | EMA = +2.2512 | std(g_L) = 1.1082 | grad = 0.5300
step  11960 | loss = -2.3601 | g_L = +2.3601 | EMA = +2.2661 | std(g_L) = 0.9712 | grad = 0.1440
step  11980 | loss = -2.2199 | g_L = +2.2199 | EMA = +2.2691 | std(g_L) = 1.1171 | grad = 0.4376
step  12000 | loss = -2.2371 | g_L = +2.2371 | EMA = +2.2714 | std(g_L) = 1.0146 | grad = 0.5197
step  12020 | loss = -2.2954 | g_L = +2.2954 | EMA = +2.2596 | std(g_L) = 1.0707 | grad = 0.5167
step  12040 | loss = -2.3211 | g_L = +2.3211 | EMA = +2.2641 | std(g_L) = 0.9794 | grad = 0.3607
step  12060 | loss = -2.1900 | g_L = +2.1900 | EMA = +2.2557 | std(g_L) = 1.1025 | grad = 0.5990
step  12080 | loss = -2.2345 | g_L = +2.2345 | EMA = +2.2623 | std(g_L) = 1.0431 | grad = 1.0545
step  12100 | loss = -2.2607 | g_L = +2.2607 | EMA = +2.2537 | std(g_L) = 1.0005 | grad = 0.5511
step  12120 | loss = -2.2454 | g_L = +2.2454 | EMA = +2.2508 | std(g_L) = 1.0942 | grad = 0.2501
step  12140 | loss = -2.2467 | g_L = +2.2467 | EMA = +2.2619 | std(g_L) = 1.0752 | grad = 0.3122
step  12160 | loss = -2.2463 | g_L = +2.2463 | EMA = +2.2558 | std(g_L) = 1.1570 | grad = 0.5175
step  12180 | loss = -2.2357 | g_L = +2.2357 | EMA = +2.2630 | std(g_L) = 1.0701 | grad = 0.2922
step  12200 | loss = -2.2351 | g_L = +2.2351 | EMA = +2.2656 | std(g_L) = 1.0037 | grad = 0.6814
step  12220 | loss = -2.2922 | g_L = +2.2922 | EMA = +2.2570 | std(g_L) = 1.0603 | grad = 0.3920
step  12240 | loss = -2.2750 | g_L = +2.2750 | EMA = +2.2556 | std(g_L) = 1.0734 | grad = 0.3022
step  12260 | loss = -2.2004 | g_L = +2.2004 | EMA = +2.2536 | std(g_L) = 1.1310 | grad = 0.4499
step  12280 | loss = -2.3090 | g_L = +2.3090 | EMA = +2.2678 | std(g_L) = 1.1166 | grad = 0.5354
step  12300 | loss = -2.3172 | g_L = +2.3172 | EMA = +2.2666 | std(g_L) = 1.0089 | grad = 0.6265
step  12320 | loss = -2.2165 | g_L = +2.2165 | EMA = +2.2721 | std(g_L) = 1.0629 | grad = 0.7302
step  12340 | loss = -2.3171 | g_L = +2.3171 | EMA = +2.2666 | std(g_L) = 1.0817 | grad = 0.7601
step  12360 | loss = -2.2689 | g_L = +2.2689 | EMA = +2.2621 | std(g_L) = 1.0390 | grad = 0.1809
step  12380 | loss = -2.3078 | g_L = +2.3078 | EMA = +2.2594 | std(g_L) = 0.9683 | grad = 0.7352
step  12400 | loss = -2.2961 | g_L = +2.2961 | EMA = +2.2584 | std(g_L) = 0.9906 | grad = 0.8106
step  12420 | loss = -2.2688 | g_L = +2.2688 | EMA = +2.2528 | std(g_L) = 1.0286 | grad = 0.2540
step  12440 | loss = -2.2883 | g_L = +2.2883 | EMA = +2.2634 | std(g_L) = 1.0018 | grad = 0.4032
step  12460 | loss = -2.2180 | g_L = +2.2180 | EMA = +2.2718 | std(g_L) = 1.0484 | grad = 0.4632
step  12480 | loss = -2.2164 | g_L = +2.2164 | EMA = +2.2640 | std(g_L) = 1.1471 | grad = 0.2725
step  12500 | loss = -2.2767 | g_L = +2.2767 | EMA = +2.2700 | std(g_L) = 1.0418 | grad = 0.7195
step  12520 | loss = -2.2551 | g_L = +2.2551 | EMA = +2.2676 | std(g_L) = 1.1488 | grad = 0.5256
step  12540 | loss = -2.2850 | g_L = +2.2850 | EMA = +2.2631 | std(g_L) = 1.0180 | grad = 0.3769
step  12560 | loss = -2.3306 | g_L = +2.3306 | EMA = +2.2691 | std(g_L) = 1.0580 | grad = 0.4781
step  12580 | loss = -2.2115 | g_L = +2.2115 | EMA = +2.2635 | std(g_L) = 1.1185 | grad = 0.2807
step  12600 | loss = -2.3027 | g_L = +2.3027 | EMA = +2.2635 | std(g_L) = 0.9947 | grad = 0.2631
step  12620 | loss = -2.3200 | g_L = +2.3200 | EMA = +2.2822 | std(g_L) = 1.0538 | grad = 0.6192
step  12640 | loss = -2.2697 | g_L = +2.2697 | EMA = +2.2758 | std(g_L) = 1.0409 | grad = 0.2808
step  12660 | loss = -2.2949 | g_L = +2.2949 | EMA = +2.2729 | std(g_L) = 1.0595 | grad = 0.4504
step  12680 | loss = -2.3375 | g_L = +2.3375 | EMA = +2.2757 | std(g_L) = 1.0457 | grad = 0.4531
step  12700 | loss = -2.2451 | g_L = +2.2451 | EMA = +2.2729 | std(g_L) = 1.0734 | grad = 0.6988
step  12720 | loss = -2.1725 | g_L = +2.1725 | EMA = +2.2729 | std(g_L) = 1.1537 | grad = 0.4713
step  12740 | loss = -2.2262 | g_L = +2.2262 | EMA = +2.2803 | std(g_L) = 1.1129 | grad = 0.5741
step  12760 | loss = -2.3012 | g_L = +2.3012 | EMA = +2.2718 | std(g_L) = 0.9761 | grad = 0.2984
step  12780 | loss = -2.2926 | g_L = +2.2926 | EMA = +2.2759 | std(g_L) = 1.0422 | grad = 1.0240
step  12800 | loss = -2.2806 | g_L = +2.2806 | EMA = +2.2749 | std(g_L) = 1.0120 | grad = 0.2005
step  12820 | loss = -2.2379 | g_L = +2.2379 | EMA = +2.2748 | std(g_L) = 1.0558 | grad = 0.5554
step  12840 | loss = -2.2528 | g_L = +2.2528 | EMA = +2.2708 | std(g_L) = 1.0267 | grad = 0.3229
step  12860 | loss = -2.3398 | g_L = +2.3398 | EMA = +2.2637 | std(g_L) = 0.9501 | grad = 0.4661
step  12880 | loss = -2.3139 | g_L = +2.3139 | EMA = +2.2641 | std(g_L) = 1.0235 | grad = 0.9435
step  12900 | loss = -2.1622 | g_L = +2.1622 | EMA = +2.2529 | std(g_L) = 1.2174 | grad = 0.4565
step  12920 | loss = -2.2894 | g_L = +2.2894 | EMA = +2.2588 | std(g_L) = 1.0368 | grad = 0.4389
step  12940 | loss = -2.2397 | g_L = +2.2397 | EMA = +2.2704 | std(g_L) = 1.1608 | grad = 0.8809
step  12960 | loss = -2.2625 | g_L = +2.2625 | EMA = +2.2728 | std(g_L) = 1.0132 | grad = 0.2407
step  12980 | loss = -2.2789 | g_L = +2.2789 | EMA = +2.2740 | std(g_L) = 1.0489 | grad = 0.2091
step  13000 | loss = -2.2872 | g_L = +2.2872 | EMA = +2.2773 | std(g_L) = 1.0512 | grad = 0.6534
step  13020 | loss = -2.2292 | g_L = +2.2292 | EMA = +2.2726 | std(g_L) = 1.0493 | grad = 0.3092
step  13040 | loss = -2.2252 | g_L = +2.2252 | EMA = +2.2790 | std(g_L) = 1.1365 | grad = 0.4780
step  13060 | loss = -2.3369 | g_L = +2.3369 | EMA = +2.2799 | std(g_L) = 1.0143 | grad = 0.1982
step  13080 | loss = -2.2454 | g_L = +2.2454 | EMA = +2.2703 | std(g_L) = 1.0553 | grad = 0.8193
step  13100 | loss = -2.2802 | g_L = +2.2802 | EMA = +2.2752 | std(g_L) = 1.0274 | grad = 0.7741
step  13120 | loss = -2.2095 | g_L = +2.2095 | EMA = +2.2676 | std(g_L) = 1.0926 | grad = 0.6744
step  13140 | loss = -2.2994 | g_L = +2.2994 | EMA = +2.2816 | std(g_L) = 1.0690 | grad = 0.4780
step  13160 | loss = -2.2769 | g_L = +2.2769 | EMA = +2.2860 | std(g_L) = 1.1018 | grad = 0.4585
step  13180 | loss = -2.3539 | g_L = +2.3539 | EMA = +2.2825 | std(g_L) = 0.9619 | grad = 0.3991
step  13200 | loss = -2.3205 | g_L = +2.3205 | EMA = +2.2876 | std(g_L) = 1.0550 | grad = 0.6381
step  13220 | loss = -2.2784 | g_L = +2.2784 | EMA = +2.2909 | std(g_L) = 1.0565 | grad = 0.9813
step  13240 | loss = -2.3308 | g_L = +2.3308 | EMA = +2.2872 | std(g_L) = 1.0522 | grad = 0.7025
step  13260 | loss = -2.2552 | g_L = +2.2552 | EMA = +2.2890 | std(g_L) = 0.9934 | grad = 0.3393
step  13280 | loss = -2.2563 | g_L = +2.2563 | EMA = +2.2724 | std(g_L) = 1.1905 | grad = 0.9759
step  13300 | loss = -2.3515 | g_L = +2.3515 | EMA = +2.2773 | std(g_L) = 0.9734 | grad = 0.4244
step  13320 | loss = -2.3264 | g_L = +2.3264 | EMA = +2.2896 | std(g_L) = 0.9908 | grad = 0.3746
step  13340 | loss = -2.2418 | g_L = +2.2418 | EMA = +2.2876 | std(g_L) = 1.1091 | grad = 0.4333
step  13360 | loss = -2.1988 | g_L = +2.1988 | EMA = +2.2792 | std(g_L) = 1.1439 | grad = 0.6980
step  13380 | loss = -2.2701 | g_L = +2.2701 | EMA = +2.2922 | std(g_L) = 1.0373 | grad = 0.7206
step  13400 | loss = -2.2059 | g_L = +2.2059 | EMA = +2.2843 | std(g_L) = 1.2146 | grad = 0.4612
step  13420 | loss = -2.2885 | g_L = +2.2885 | EMA = +2.2840 | std(g_L) = 1.0109 | grad = 0.4157
step  13440 | loss = -2.2384 | g_L = +2.2384 | EMA = +2.2863 | std(g_L) = 1.1318 | grad = 0.6289
step  13460 | loss = -2.3187 | g_L = +2.3187 | EMA = +2.2817 | std(g_L) = 1.0405 | grad = 0.6060
step  13480 | loss = -2.2513 | g_L = +2.2513 | EMA = +2.2961 | std(g_L) = 1.1612 | grad = 0.4835
step  13500 | loss = -2.3467 | g_L = +2.3467 | EMA = +2.2924 | std(g_L) = 0.9855 | grad = 0.6289
step  13520 | loss = -2.3246 | g_L = +2.3246 | EMA = +2.2861 | std(g_L) = 1.0221 | grad = 0.4240
step  13540 | loss = -2.2758 | g_L = +2.2758 | EMA = +2.2975 | std(g_L) = 1.0459 | grad = 0.5258
step  13560 | loss = -2.2963 | g_L = +2.2963 | EMA = +2.2976 | std(g_L) = 1.0198 | grad = 0.9137
step  13580 | loss = -2.3529 | g_L = +2.3529 | EMA = +2.2904 | std(g_L) = 0.9521 | grad = 0.3952
step  13600 | loss = -2.2448 | g_L = +2.2448 | EMA = +2.2890 | std(g_L) = 1.0907 | grad = 0.4562
step  13620 | loss = -2.2817 | g_L = +2.2817 | EMA = +2.3046 | std(g_L) = 1.0388 | grad = 0.3605
step  13640 | loss = -2.2410 | g_L = +2.2410 | EMA = +2.3072 | std(g_L) = 1.0453 | grad = 0.4332
step  13660 | loss = -2.3232 | g_L = +2.3232 | EMA = +2.3106 | std(g_L) = 1.0943 | grad = 0.1628
step  13680 | loss = -2.3100 | g_L = +2.3100 | EMA = +2.3062 | std(g_L) = 1.0161 | grad = 0.3036
step  13700 | loss = -2.2840 | g_L = +2.2840 | EMA = +2.2943 | std(g_L) = 0.9938 | grad = 0.7287
step  13720 | loss = -2.3218 | g_L = +2.3218 | EMA = +2.2901 | std(g_L) = 1.0730 | grad = 0.8160
step  13740 | loss = -2.2565 | g_L = +2.2565 | EMA = +2.2914 | std(g_L) = 1.1221 | grad = 0.6393
step  13760 | loss = -2.2334 | g_L = +2.2334 | EMA = +2.2974 | std(g_L) = 1.0590 | grad = 1.2002
step  13780 | loss = -2.3563 | g_L = +2.3563 | EMA = +2.2976 | std(g_L) = 1.0245 | grad = 0.3906
step  13800 | loss = -2.3493 | g_L = +2.3493 | EMA = +2.2988 | std(g_L) = 1.0608 | grad = 0.4377
step  13820 | loss = -2.2875 | g_L = +2.2875 | EMA = +2.2940 | std(g_L) = 1.0705 | grad = 0.3944
step  13840 | loss = -2.3600 | g_L = +2.3600 | EMA = +2.3027 | std(g_L) = 0.9584 | grad = 0.6992
step  13860 | loss = -2.3168 | g_L = +2.3168 | EMA = +2.3096 | std(g_L) = 0.9677 | grad = 0.9176
step  13880 | loss = -2.3637 | g_L = +2.3637 | EMA = +2.3183 | std(g_L) = 0.9426 | grad = 0.2557
step  13900 | loss = -2.2611 | g_L = +2.2611 | EMA = +2.3098 | std(g_L) = 1.1212 | grad = 0.4761
step  13920 | loss = -2.3981 | g_L = +2.3981 | EMA = +2.3008 | std(g_L) = 0.9533 | grad = 0.7228
step  13940 | loss = -2.3047 | g_L = +2.3047 | EMA = +2.2953 | std(g_L) = 1.0000 | grad = 0.3235
step  13960 | loss = -2.2573 | g_L = +2.2573 | EMA = +2.3095 | std(g_L) = 1.0540 | grad = 0.7613
step  13980 | loss = -2.2749 | g_L = +2.2749 | EMA = +2.3085 | std(g_L) = 0.9844 | grad = 0.7722
step  14000 | loss = -2.3378 | g_L = +2.3378 | EMA = +2.2964 | std(g_L) = 1.0395 | grad = 0.5996
step  14020 | loss = -2.3370 | g_L = +2.3370 | EMA = +2.3068 | std(g_L) = 1.0534 | grad = 0.3803
step  14040 | loss = -2.3249 | g_L = +2.3249 | EMA = +2.3142 | std(g_L) = 1.0970 | grad = 0.7946
step  14060 | loss = -2.3404 | g_L = +2.3404 | EMA = +2.3114 | std(g_L) = 1.1441 | grad = 0.6955
step  14080 | loss = -2.2378 | g_L = +2.2378 | EMA = +2.3043 | std(g_L) = 1.1481 | grad = 0.5226
step  14100 | loss = -2.3141 | g_L = +2.3141 | EMA = +2.3084 | std(g_L) = 0.9702 | grad = 0.9668
step  14120 | loss = -2.2551 | g_L = +2.2551 | EMA = +2.3010 | std(g_L) = 1.0640 | grad = 0.5807
step  14140 | loss = -2.3315 | g_L = +2.3315 | EMA = +2.2989 | std(g_L) = 1.0178 | grad = 0.3580
step  14160 | loss = -2.2676 | g_L = +2.2676 | EMA = +2.2956 | std(g_L) = 1.1505 | grad = 0.5485
step  14180 | loss = -2.3095 | g_L = +2.3095 | EMA = +2.3031 | std(g_L) = 1.0757 | grad = 0.4231
step  14200 | loss = -2.3564 | g_L = +2.3564 | EMA = +2.3122 | std(g_L) = 1.0064 | grad = 0.6314
step  14220 | loss = -2.3143 | g_L = +2.3143 | EMA = +2.3137 | std(g_L) = 1.0016 | grad = 0.9864
step  14240 | loss = -2.3464 | g_L = +2.3464 | EMA = +2.3208 | std(g_L) = 0.9856 | grad = 0.2043
step  14260 | loss = -2.3078 | g_L = +2.3078 | EMA = +2.3088 | std(g_L) = 1.0004 | grad = 0.3107
step  14280 | loss = -2.3043 | g_L = +2.3043 | EMA = +2.3276 | std(g_L) = 1.0517 | grad = 0.7120
step  14300 | loss = -2.3852 | g_L = +2.3852 | EMA = +2.3155 | std(g_L) = 1.0129 | grad = 0.5647
step  14320 | loss = -2.2755 | g_L = +2.2755 | EMA = +2.3161 | std(g_L) = 1.1125 | grad = 1.3039
step  14340 | loss = -2.2099 | g_L = +2.2099 | EMA = +2.3122 | std(g_L) = 1.1226 | grad = 0.4438
step  14360 | loss = -2.3340 | g_L = +2.3340 | EMA = +2.3146 | std(g_L) = 1.1251 | grad = 1.4921
step  14380 | loss = -2.3129 | g_L = +2.3129 | EMA = +2.3094 | std(g_L) = 1.0758 | grad = 0.3803
step  14400 | loss = -2.2871 | g_L = +2.2871 | EMA = +2.3209 | std(g_L) = 1.0188 | grad = 0.4573
step  14420 | loss = -2.3376 | g_L = +2.3376 | EMA = +2.3139 | std(g_L) = 1.0171 | grad = 1.4794
step  14440 | loss = -2.3100 | g_L = +2.3100 | EMA = +2.3095 | std(g_L) = 1.0553 | grad = 0.4784
step  14460 | loss = -2.2956 | g_L = +2.2956 | EMA = +2.3173 | std(g_L) = 0.9870 | grad = 0.2548
step  14480 | loss = -2.3264 | g_L = +2.3264 | EMA = +2.3226 | std(g_L) = 1.0613 | grad = 0.4969
step  14500 | loss = -2.2920 | g_L = +2.2920 | EMA = +2.3248 | std(g_L) = 0.9646 | grad = 1.0180
step  14520 | loss = -2.3360 | g_L = +2.3360 | EMA = +2.3196 | std(g_L) = 1.0538 | grad = 1.0954
step  14540 | loss = -2.2628 | g_L = +2.2628 | EMA = +2.3089 | std(g_L) = 1.1097 | grad = 1.1705
step  14560 | loss = -2.3170 | g_L = +2.3170 | EMA = +2.3144 | std(g_L) = 1.0307 | grad = 0.5178
step  14580 | loss = -2.3280 | g_L = +2.3280 | EMA = +2.3140 | std(g_L) = 1.0274 | grad = 0.3421
step  14600 | loss = -2.2977 | g_L = +2.2977 | EMA = +2.3205 | std(g_L) = 1.1048 | grad = 0.1423
step  14620 | loss = -2.3592 | g_L = +2.3592 | EMA = +2.3268 | std(g_L) = 0.9990 | grad = 0.9363
step  14640 | loss = -2.2739 | g_L = +2.2739 | EMA = +2.3119 | std(g_L) = 1.0933 | grad = 0.5436
step  14660 | loss = -2.3188 | g_L = +2.3188 | EMA = +2.3221 | std(g_L) = 1.0653 | grad = 0.9853
step  14680 | loss = -2.3906 | g_L = +2.3906 | EMA = +2.3214 | std(g_L) = 1.0476 | grad = 0.3997
step  14700 | loss = -2.4048 | g_L = +2.4048 | EMA = +2.3236 | std(g_L) = 0.9446 | grad = 0.2840
step  14720 | loss = -2.2921 | g_L = +2.2921 | EMA = +2.3142 | std(g_L) = 1.1027 | grad = 0.3620
step  14740 | loss = -2.3784 | g_L = +2.3784 | EMA = +2.3193 | std(g_L) = 0.9715 | grad = 0.6134
step  14760 | loss = -2.2961 | g_L = +2.2961 | EMA = +2.3146 | std(g_L) = 1.1457 | grad = 0.4585
step  14780 | loss = -2.3349 | g_L = +2.3349 | EMA = +2.3186 | std(g_L) = 1.0396 | grad = 1.0842
step  14800 | loss = -2.2943 | g_L = +2.2943 | EMA = +2.3383 | std(g_L) = 1.1005 | grad = 0.9300
step  14820 | loss = -2.3398 | g_L = +2.3398 | EMA = +2.3236 | std(g_L) = 1.1088 | grad = 1.0582
step  14840 | loss = -2.2747 | g_L = +2.2747 | EMA = +2.3246 | std(g_L) = 1.0867 | grad = 1.3195
step  14860 | loss = -2.3435 | g_L = +2.3435 | EMA = +2.3363 | std(g_L) = 1.0063 | grad = 0.4081
step  14880 | loss = -2.2895 | g_L = +2.2895 | EMA = +2.3236 | std(g_L) = 1.1229 | grad = 1.3850
step  14900 | loss = -2.2574 | g_L = +2.2574 | EMA = +2.3113 | std(g_L) = 1.1410 | grad = 0.7820
step  14920 | loss = -2.3843 | g_L = +2.3843 | EMA = +2.3087 | std(g_L) = 0.8945 | grad = 0.5540
step  14940 | loss = -2.3106 | g_L = +2.3106 | EMA = +2.3238 | std(g_L) = 1.0798 | grad = 0.5590
step  14960 | loss = -2.2495 | g_L = +2.2495 | EMA = +2.3142 | std(g_L) = 1.2065 | grad = 0.6835
step  14980 | loss = -2.3279 | g_L = +2.3279 | EMA = +2.3173 | std(g_L) = 1.0454 | grad = 0.3971
step  15000 | loss = -2.4056 | g_L = +2.4056 | EMA = +2.3343 | std(g_L) = 0.9268 | grad = 0.2235
step  15020 | loss = -2.3790 | g_L = +2.3790 | EMA = +2.3389 | std(g_L) = 1.0443 | grad = 0.4131
step  15040 | loss = -2.3544 | g_L = +2.3544 | EMA = +2.3310 | std(g_L) = 1.0838 | grad = 1.6957
step  15060 | loss = -2.3467 | g_L = +2.3467 | EMA = +2.3244 | std(g_L) = 1.0145 | grad = 0.4157
step  15080 | loss = -2.3519 | g_L = +2.3519 | EMA = +2.3293 | std(g_L) = 1.0165 | grad = 1.2178
step  15100 | loss = -2.3407 | g_L = +2.3407 | EMA = +2.3348 | std(g_L) = 1.0097 | grad = 0.9664
step  15120 | loss = -2.3073 | g_L = +2.3073 | EMA = +2.3337 | std(g_L) = 1.0994 | grad = 0.9001
step  15140 | loss = -2.3125 | g_L = +2.3125 | EMA = +2.3343 | std(g_L) = 1.1392 | grad = 0.6309
step  15160 | loss = -2.2335 | g_L = +2.2335 | EMA = +2.3316 | std(g_L) = 1.1351 | grad = 0.8639
step  15180 | loss = -2.2402 | g_L = +2.2402 | EMA = +2.3241 | std(g_L) = 1.1506 | grad = 0.9869
step  15200 | loss = -2.2969 | g_L = +2.2969 | EMA = +2.3327 | std(g_L) = 1.1048 | grad = 0.8570
step  15220 | loss = -2.3507 | g_L = +2.3507 | EMA = +2.3227 | std(g_L) = 0.9640 | grad = 0.3099
step  15240 | loss = -2.2610 | g_L = +2.2610 | EMA = +2.3299 | std(g_L) = 1.1497 | grad = 0.6921
step  15260 | loss = -2.3324 | g_L = +2.3324 | EMA = +2.3222 | std(g_L) = 1.1070 | grad = 0.8036
step  15280 | loss = -2.3411 | g_L = +2.3411 | EMA = +2.3389 | std(g_L) = 0.9715 | grad = 0.4758
step  15300 | loss = -2.3971 | g_L = +2.3971 | EMA = +2.3414 | std(g_L) = 1.0132 | grad = 0.5314
step  15320 | loss = -2.2739 | g_L = +2.2739 | EMA = +2.3285 | std(g_L) = 1.2082 | grad = 1.3906
step  15340 | loss = -2.3358 | g_L = +2.3358 | EMA = +2.3312 | std(g_L) = 1.0566 | grad = 0.9144
step  15360 | loss = -2.3500 | g_L = +2.3500 | EMA = +2.3377 | std(g_L) = 1.0704 | grad = 0.5722
step  15380 | loss = -2.2888 | g_L = +2.2888 | EMA = +2.3321 | std(g_L) = 1.1169 | grad = 0.4677
step  15400 | loss = -2.3597 | g_L = +2.3597 | EMA = +2.3330 | std(g_L) = 0.9810 | grad = 0.2868
step  15420 | loss = -2.2694 | g_L = +2.2694 | EMA = +2.3424 | std(g_L) = 1.1986 | grad = 0.6574
step  15440 | loss = -2.2856 | g_L = +2.2856 | EMA = +2.3335 | std(g_L) = 1.1156 | grad = 0.4326
step  15460 | loss = -2.3573 | g_L = +2.3573 | EMA = +2.3405 | std(g_L) = 0.9664 | grad = 1.1566
step  15480 | loss = -2.3380 | g_L = +2.3380 | EMA = +2.3582 | std(g_L) = 1.0517 | grad = 0.7381
step  15500 | loss = -2.3271 | g_L = +2.3271 | EMA = +2.3435 | std(g_L) = 1.0334 | grad = 0.6538
step  15520 | loss = -2.3374 | g_L = +2.3374 | EMA = +2.3357 | std(g_L) = 1.0314 | grad = 0.2581
step  15540 | loss = -2.3189 | g_L = +2.3189 | EMA = +2.3365 | std(g_L) = 1.0982 | grad = 0.4242
step  15560 | loss = -2.2710 | g_L = +2.2710 | EMA = +2.3372 | std(g_L) = 1.1284 | grad = 0.8272
step  15580 | loss = -2.4100 | g_L = +2.4100 | EMA = +2.3471 | std(g_L) = 0.9499 | grad = 0.6330
step  15600 | loss = -2.3799 | g_L = +2.3799 | EMA = +2.3452 | std(g_L) = 1.0453 | grad = 0.6893
step  15620 | loss = -2.3221 | g_L = +2.3221 | EMA = +2.3411 | std(g_L) = 1.1353 | grad = 1.1786
step  15640 | loss = -2.3246 | g_L = +2.3246 | EMA = +2.3525 | std(g_L) = 1.1366 | grad = 0.1394
step  15660 | loss = -2.3742 | g_L = +2.3742 | EMA = +2.3514 | std(g_L) = 1.0461 | grad = 0.3957
step  15680 | loss = -2.3385 | g_L = +2.3385 | EMA = +2.3417 | std(g_L) = 1.0793 | grad = 0.5286
step  15700 | loss = -2.4440 | g_L = +2.4440 | EMA = +2.3545 | std(g_L) = 0.9865 | grad = 0.6415
step  15720 | loss = -2.3553 | g_L = +2.3553 | EMA = +2.3455 | std(g_L) = 1.0696 | grad = 0.6180
step  15740 | loss = -2.2931 | g_L = +2.2931 | EMA = +2.3399 | std(g_L) = 1.2007 | grad = 1.0280
step  15760 | loss = -2.3374 | g_L = +2.3374 | EMA = +2.3423 | std(g_L) = 1.0505 | grad = 0.3864
step  15780 | loss = -2.4050 | g_L = +2.4050 | EMA = +2.3426 | std(g_L) = 1.0281 | grad = 0.5887
step  15800 | loss = -2.3116 | g_L = +2.3116 | EMA = +2.3524 | std(g_L) = 1.0583 | grad = 0.3650
step  15820 | loss = -2.3571 | g_L = +2.3571 | EMA = +2.3497 | std(g_L) = 1.0799 | grad = 0.6232
step  15840 | loss = -2.2966 | g_L = +2.2966 | EMA = +2.3465 | std(g_L) = 1.0922 | grad = 0.8035
step  15860 | loss = -2.3478 | g_L = +2.3478 | EMA = +2.3483 | std(g_L) = 1.0666 | grad = 0.6250
step  15880 | loss = -2.2683 | g_L = +2.2683 | EMA = +2.3445 | std(g_L) = 1.0666 | grad = 0.5950
step  15900 | loss = -2.3051 | g_L = +2.3051 | EMA = +2.3384 | std(g_L) = 1.1887 | grad = 0.6152
step  15920 | loss = -2.2745 | g_L = +2.2745 | EMA = +2.3414 | std(g_L) = 1.2221 | grad = 0.8724
step  15940 | loss = -2.3328 | g_L = +2.3328 | EMA = +2.3413 | std(g_L) = 1.0332 | grad = 1.1753
step  15960 | loss = -2.3796 | g_L = +2.3796 | EMA = +2.3495 | std(g_L) = 0.9817 | grad = 0.7473
step  15980 | loss = -2.3572 | g_L = +2.3572 | EMA = +2.3507 | std(g_L) = 1.0291 | grad = 0.5542
step  16000 | loss = -2.2866 | g_L = +2.2866 | EMA = +2.3322 | std(g_L) = 1.1209 | grad = 0.3533
step  16020 | loss = -2.3083 | g_L = +2.3083 | EMA = +2.3383 | std(g_L) = 1.0894 | grad = 0.4865
step  16040 | loss = -2.3028 | g_L = +2.3028 | EMA = +2.3461 | std(g_L) = 1.1468 | grad = 1.0020
step  16060 | loss = -2.3425 | g_L = +2.3425 | EMA = +2.3424 | std(g_L) = 1.0997 | grad = 0.3546
step  16080 | loss = -2.3697 | g_L = +2.3697 | EMA = +2.3449 | std(g_L) = 0.9868 | grad = 0.4045
step  16100 | loss = -2.3977 | g_L = +2.3977 | EMA = +2.3443 | std(g_L) = 1.1049 | grad = 0.6964
step  16120 | loss = -2.3317 | g_L = +2.3317 | EMA = +2.3512 | std(g_L) = 1.0365 | grad = 0.5465
step  16140 | loss = -2.3935 | g_L = +2.3935 | EMA = +2.3618 | std(g_L) = 1.0424 | grad = 0.4809
step  16160 | loss = -2.3516 | g_L = +2.3516 | EMA = +2.3587 | std(g_L) = 1.0005 | grad = 1.1765
step  16180 | loss = -2.3725 | g_L = +2.3725 | EMA = +2.3639 | std(g_L) = 0.9884 | grad = 0.2873
step  16200 | loss = -2.3795 | g_L = +2.3795 | EMA = +2.3462 | std(g_L) = 1.0218 | grad = 1.4657
step  16220 | loss = -2.2843 | g_L = +2.2843 | EMA = +2.3537 | std(g_L) = 1.1625 | grad = 0.4933
step  16240 | loss = -2.3023 | g_L = +2.3023 | EMA = +2.3506 | std(g_L) = 1.0444 | grad = 0.4624
step  16260 | loss = -2.3402 | g_L = +2.3402 | EMA = +2.3431 | std(g_L) = 1.1229 | grad = 0.9092
step  16280 | loss = -2.3586 | g_L = +2.3586 | EMA = +2.3639 | std(g_L) = 1.1095 | grad = 0.6214
step  16300 | loss = -2.3294 | g_L = +2.3294 | EMA = +2.3614 | std(g_L) = 1.1201 | grad = 0.6823
step  16320 | loss = -2.2847 | g_L = +2.2847 | EMA = +2.3541 | std(g_L) = 1.1138 | grad = 0.7491
step  16340 | loss = -2.2811 | g_L = +2.2811 | EMA = +2.3513 | std(g_L) = 1.1544 | grad = 1.0117
step  16360 | loss = -2.4233 | g_L = +2.4233 | EMA = +2.3556 | std(g_L) = 1.0203 | grad = 1.1631
step  16380 | loss = -2.4170 | g_L = +2.4170 | EMA = +2.3613 | std(g_L) = 0.9923 | grad = 1.2235
step  16400 | loss = -2.3304 | g_L = +2.3304 | EMA = +2.3479 | std(g_L) = 1.0948 | grad = 0.6952
step  16420 | loss = -2.4026 | g_L = +2.4026 | EMA = +2.3475 | std(g_L) = 0.9764 | grad = 0.6459
step  16440 | loss = -2.4779 | g_L = +2.4779 | EMA = +2.3602 | std(g_L) = 0.9318 | grad = 0.5292
step  16460 | loss = -2.3721 | g_L = +2.3721 | EMA = +2.3527 | std(g_L) = 1.0774 | grad = 0.4353
step  16480 | loss = -2.3820 | g_L = +2.3820 | EMA = +2.3675 | std(g_L) = 1.0322 | grad = 0.8544
step  16500 | loss = -2.3204 | g_L = +2.3204 | EMA = +2.3750 | std(g_L) = 1.1439 | grad = 0.9494
step  16520 | loss = -2.3794 | g_L = +2.3794 | EMA = +2.3700 | std(g_L) = 0.9997 | grad = 0.4261
step  16540 | loss = -2.4194 | g_L = +2.4194 | EMA = +2.3654 | std(g_L) = 1.0085 | grad = 0.3808
step  16560 | loss = -2.3989 | g_L = +2.3989 | EMA = +2.3714 | std(g_L) = 0.9796 | grad = 0.9039
step  16580 | loss = -2.3869 | g_L = +2.3869 | EMA = +2.3656 | std(g_L) = 0.9935 | grad = 0.5074
step  16600 | loss = -2.3045 | g_L = +2.3045 | EMA = +2.3681 | std(g_L) = 1.0794 | grad = 1.1120
step  16620 | loss = -2.3267 | g_L = +2.3267 | EMA = +2.3642 | std(g_L) = 1.1222 | grad = 0.9730
step  16640 | loss = -2.3135 | g_L = +2.3135 | EMA = +2.3567 | std(g_L) = 1.1719 | grad = 1.9588
step  16660 | loss = -2.3506 | g_L = +2.3506 | EMA = +2.3537 | std(g_L) = 1.0676 | grad = 0.7035
step  16680 | loss = -2.3439 | g_L = +2.3439 | EMA = +2.3624 | std(g_L) = 1.0740 | grad = 0.4010
step  16700 | loss = -2.2652 | g_L = +2.2652 | EMA = +2.3621 | std(g_L) = 1.1362 | grad = 0.8844
step  16720 | loss = -2.3125 | g_L = +2.3125 | EMA = +2.3589 | std(g_L) = 1.1369 | grad = 0.4441
step  16740 | loss = -2.3419 | g_L = +2.3419 | EMA = +2.3691 | std(g_L) = 1.0833 | grad = 1.6760
step  16760 | loss = -2.3600 | g_L = +2.3600 | EMA = +2.3610 | std(g_L) = 1.0742 | grad = 0.9828
step  16780 | loss = -2.3953 | g_L = +2.3953 | EMA = +2.3696 | std(g_L) = 1.0693 | grad = 0.3975
step  16800 | loss = -2.3720 | g_L = +2.3720 | EMA = +2.3806 | std(g_L) = 1.0478 | grad = 1.7150
step  16820 | loss = -2.3980 | g_L = +2.3980 | EMA = +2.3699 | std(g_L) = 1.0287 | grad = 0.5713
step  16840 | loss = -2.4171 | g_L = +2.4171 | EMA = +2.3866 | std(g_L) = 0.9843 | grad = 0.3045
step  16860 | loss = -2.3746 | g_L = +2.3746 | EMA = +2.3681 | std(g_L) = 1.0736 | grad = 1.3573
step  16880 | loss = -2.3765 | g_L = +2.3765 | EMA = +2.3784 | std(g_L) = 0.9882 | grad = 0.7698
step  16900 | loss = -2.3733 | g_L = +2.3733 | EMA = +2.3768 | std(g_L) = 1.0943 | grad = 0.5420
step  16920 | loss = -2.3650 | g_L = +2.3650 | EMA = +2.3725 | std(g_L) = 1.1208 | grad = 1.2216
step  16940 | loss = -2.3702 | g_L = +2.3702 | EMA = +2.3645 | std(g_L) = 0.9904 | grad = 0.4054
step  16960 | loss = -2.3440 | g_L = +2.3440 | EMA = +2.3674 | std(g_L) = 1.0990 | grad = 0.3991
step  16980 | loss = -2.4039 | g_L = +2.4039 | EMA = +2.3706 | std(g_L) = 1.0545 | grad = 0.6078
step  17000 | loss = -2.4093 | g_L = +2.4093 | EMA = +2.3689 | std(g_L) = 0.9837 | grad = 1.3343
step  17020 | loss = -2.3761 | g_L = +2.3761 | EMA = +2.3760 | std(g_L) = 1.0054 | grad = 1.5483
step  17040 | loss = -2.3283 | g_L = +2.3283 | EMA = +2.3596 | std(g_L) = 1.0518 | grad = 0.9683
step  17060 | loss = -2.2930 | g_L = +2.2930 | EMA = +2.3549 | std(g_L) = 1.1334 | grad = 0.3541
step  17080 | loss = -2.2718 | g_L = +2.2718 | EMA = +2.3512 | std(g_L) = 1.0800 | grad = 1.6205
step  17100 | loss = -2.2960 | g_L = +2.2960 | EMA = +2.3676 | std(g_L) = 1.0636 | grad = 1.5554
step  17120 | loss = -2.3676 | g_L = +2.3676 | EMA = +2.3661 | std(g_L) = 1.1002 | grad = 0.2392
step  17140 | loss = -2.3961 | g_L = +2.3961 | EMA = +2.3724 | std(g_L) = 0.9941 | grad = 0.2952
step  17160 | loss = -2.3539 | g_L = +2.3539 | EMA = +2.3621 | std(g_L) = 1.0499 | grad = 1.1502
step  17180 | loss = -2.3360 | g_L = +2.3360 | EMA = +2.3661 | std(g_L) = 1.0538 | grad = 1.4936
step  17200 | loss = -2.3808 | g_L = +2.3808 | EMA = +2.3742 | std(g_L) = 1.0751 | grad = 1.6350
step  17220 | loss = -2.3524 | g_L = +2.3524 | EMA = +2.3704 | std(g_L) = 1.1341 | grad = 1.1975
step  17240 | loss = -2.3444 | g_L = +2.3444 | EMA = +2.3679 | std(g_L) = 1.1068 | grad = 0.2698
step  17260 | loss = -2.4197 | g_L = +2.4197 | EMA = +2.3693 | std(g_L) = 0.9641 | grad = 0.5077
step  17280 | loss = -2.3467 | g_L = +2.3467 | EMA = +2.3776 | std(g_L) = 1.0394 | grad = 1.5777
step  17300 | loss = -2.3645 | g_L = +2.3645 | EMA = +2.3674 | std(g_L) = 1.0852 | grad = 0.4545
step  17320 | loss = -2.3454 | g_L = +2.3454 | EMA = +2.3733 | std(g_L) = 1.1246 | grad = 1.0828
step  17340 | loss = -2.4853 | g_L = +2.4853 | EMA = +2.3826 | std(g_L) = 0.9497 | grad = 0.7055
step  17360 | loss = -2.2927 | g_L = +2.2927 | EMA = +2.3720 | std(g_L) = 1.0338 | grad = 1.6947
step  17380 | loss = -2.3785 | g_L = +2.3785 | EMA = +2.3834 | std(g_L) = 1.0106 | grad = 1.2063
step  17400 | loss = -2.3990 | g_L = +2.3990 | EMA = +2.3727 | std(g_L) = 1.0341 | grad = 0.9784
step  17420 | loss = -2.3701 | g_L = +2.3701 | EMA = +2.3918 | std(g_L) = 1.0868 | grad = 1.0309
step  17440 | loss = -2.3514 | g_L = +2.3514 | EMA = +2.3934 | std(g_L) = 1.0688 | grad = 0.6874
step  17460 | loss = -2.3700 | g_L = +2.3700 | EMA = +2.3896 | std(g_L) = 1.0037 | grad = 0.6115
step  17480 | loss = -2.3674 | g_L = +2.3674 | EMA = +2.3905 | std(g_L) = 1.0729 | grad = 1.0509
step  17500 | loss = -2.3862 | g_L = +2.3862 | EMA = +2.3833 | std(g_L) = 1.0398 | grad = 1.2399
step  17520 | loss = -2.3128 | g_L = +2.3128 | EMA = +2.3754 | std(g_L) = 1.1219 | grad = 0.3004
step  17540 | loss = -2.3279 | g_L = +2.3279 | EMA = +2.3688 | std(g_L) = 1.1498 | grad = 0.4646
step  17560 | loss = -2.4302 | g_L = +2.4302 | EMA = +2.3614 | std(g_L) = 0.9654 | grad = 0.6120
step  17580 | loss = -2.3675 | g_L = +2.3675 | EMA = +2.3824 | std(g_L) = 1.0647 | grad = 0.3843
step  17600 | loss = -2.3721 | g_L = +2.3721 | EMA = +2.3767 | std(g_L) = 1.0565 | grad = 1.2701
step  17620 | loss = -2.3676 | g_L = +2.3676 | EMA = +2.3608 | std(g_L) = 1.0833 | grad = 0.4379
step  17640 | loss = -2.4670 | g_L = +2.4670 | EMA = +2.3824 | std(g_L) = 0.8984 | grad = 0.8089
step  17660 | loss = -2.3783 | g_L = +2.3783 | EMA = +2.3752 | std(g_L) = 1.0555 | grad = 0.5900
step  17680 | loss = -2.2956 | g_L = +2.2956 | EMA = +2.3837 | std(g_L) = 1.1391 | grad = 0.5396
step  17700 | loss = -2.3292 | g_L = +2.3292 | EMA = +2.3740 | std(g_L) = 1.0663 | grad = 1.0038
step  17720 | loss = -2.3135 | g_L = +2.3135 | EMA = +2.3774 | std(g_L) = 1.0213 | grad = 1.2069
step  17740 | loss = -2.3495 | g_L = +2.3495 | EMA = +2.3718 | std(g_L) = 1.1317 | grad = 2.9859
step  17760 | loss = -2.4216 | g_L = +2.4216 | EMA = +2.3890 | std(g_L) = 1.0825 | grad = 2.3715
step  17780 | loss = -2.3901 | g_L = +2.3901 | EMA = +2.3868 | std(g_L) = 1.0278 | grad = 0.7070
step  17800 | loss = -2.3503 | g_L = +2.3503 | EMA = +2.3941 | std(g_L) = 1.0933 | grad = 0.5408
step  17820 | loss = -2.3890 | g_L = +2.3890 | EMA = +2.3839 | std(g_L) = 1.0423 | grad = 1.2031
step  17840 | loss = -2.4341 | g_L = +2.4341 | EMA = +2.3792 | std(g_L) = 1.0192 | grad = 1.2585
step  17860 | loss = -2.4042 | g_L = +2.4042 | EMA = +2.3908 | std(g_L) = 1.0569 | grad = 0.6663
step  17880 | loss = -2.3751 | g_L = +2.3751 | EMA = +2.3825 | std(g_L) = 0.9905 | grad = 1.7843
step  17900 | loss = -2.3284 | g_L = +2.3284 | EMA = +2.3664 | std(g_L) = 1.1179 | grad = 0.2907
step  17920 | loss = -2.3550 | g_L = +2.3550 | EMA = +2.3721 | std(g_L) = 1.0704 | grad = 0.5131
step  17940 | loss = -2.3423 | g_L = +2.3423 | EMA = +2.3863 | std(g_L) = 1.0726 | grad = 0.8398
step  17960 | loss = -2.3731 | g_L = +2.3731 | EMA = +2.3924 | std(g_L) = 1.0563 | grad = 1.3858
step  17980 | loss = -2.3430 | g_L = +2.3430 | EMA = +2.4020 | std(g_L) = 1.1042 | grad = 1.0790
step  18000 | loss = -2.3683 | g_L = +2.3683 | EMA = +2.3925 | std(g_L) = 1.0778 | grad = 0.7535
step  18020 | loss = -2.4025 | g_L = +2.4025 | EMA = +2.3921 | std(g_L) = 1.0231 | grad = 0.6255
step  18040 | loss = -2.3218 | g_L = +2.3218 | EMA = +2.3764 | std(g_L) = 1.1221 | grad = 1.2410
step  18060 | loss = -2.4136 | g_L = +2.4136 | EMA = +2.3919 | std(g_L) = 1.0162 | grad = 0.8772
step  18080 | loss = -2.3166 | g_L = +2.3166 | EMA = +2.3810 | std(g_L) = 1.1365 | grad = 0.4180
step  18100 | loss = -2.3557 | g_L = +2.3557 | EMA = +2.3814 | std(g_L) = 1.1184 | grad = 0.8796
step  18120 | loss = -2.3403 | g_L = +2.3403 | EMA = +2.3876 | std(g_L) = 1.1691 | grad = 0.8136
step  18140 | loss = -2.3602 | g_L = +2.3602 | EMA = +2.3904 | std(g_L) = 1.0689 | grad = 1.0577
step  18160 | loss = -2.4990 | g_L = +2.4990 | EMA = +2.3952 | std(g_L) = 0.9223 | grad = 1.6087
step  18180 | loss = -2.4131 | g_L = +2.4131 | EMA = +2.3946 | std(g_L) = 1.0004 | grad = 0.7060
step  18200 | loss = -2.4534 | g_L = +2.4534 | EMA = +2.4089 | std(g_L) = 1.0866 | grad = 1.3489
step  18220 | loss = -2.4244 | g_L = +2.4244 | EMA = +2.4079 | std(g_L) = 1.0769 | grad = 1.8658
step  18240 | loss = -2.4053 | g_L = +2.4053 | EMA = +2.3913 | std(g_L) = 0.9626 | grad = 3.3525
step  18260 | loss = -2.3814 | g_L = +2.3814 | EMA = +2.3817 | std(g_L) = 1.0499 | grad = 0.8412
step  18280 | loss = -2.3818 | g_L = +2.3818 | EMA = +2.3848 | std(g_L) = 1.0986 | grad = 0.4870
step  18300 | loss = -2.3581 | g_L = +2.3581 | EMA = +2.3890 | std(g_L) = 1.1672 | grad = 0.7290
step  18320 | loss = -2.3955 | g_L = +2.3955 | EMA = +2.3920 | std(g_L) = 1.0739 | grad = 1.3616
step  18340 | loss = -2.3591 | g_L = +2.3591 | EMA = +2.3904 | std(g_L) = 1.0427 | grad = 1.8535
step  18360 | loss = -2.4914 | g_L = +2.4914 | EMA = +2.3938 | std(g_L) = 0.9499 | grad = 0.1392
step  18380 | loss = -2.4195 | g_L = +2.4195 | EMA = +2.3869 | std(g_L) = 0.9993 | grad = 1.4948
step  18400 | loss = -2.3854 | g_L = +2.3854 | EMA = +2.4036 | std(g_L) = 1.0935 | grad = 1.0241
step  18420 | loss = -2.4035 | g_L = +2.4035 | EMA = +2.3957 | std(g_L) = 1.1169 | grad = 0.3450
step  18440 | loss = -2.4267 | g_L = +2.4267 | EMA = +2.4006 | std(g_L) = 1.0441 | grad = 0.4609
step  18460 | loss = -2.3938 | g_L = +2.3938 | EMA = +2.3881 | std(g_L) = 1.0514 | grad = 1.5372
step  18480 | loss = -2.4540 | g_L = +2.4540 | EMA = +2.3915 | std(g_L) = 0.9838 | grad = 1.4676
step  18500 | loss = -2.3984 | g_L = +2.3984 | EMA = +2.3962 | std(g_L) = 1.0154 | grad = 1.7417
step  18520 | loss = -2.3931 | g_L = +2.3931 | EMA = +2.3940 | std(g_L) = 1.0569 | grad = 0.7286
step  18540 | loss = -2.3891 | g_L = +2.3891 | EMA = +2.3792 | std(g_L) = 1.0771 | grad = 0.4578
step  18560 | loss = -2.3443 | g_L = +2.3443 | EMA = +2.3883 | std(g_L) = 1.0603 | grad = 0.6446
step  18580 | loss = -2.4581 | g_L = +2.4581 | EMA = +2.3990 | std(g_L) = 1.0075 | grad = 0.4271
step  18600 | loss = -2.3992 | g_L = +2.3992 | EMA = +2.4016 | std(g_L) = 0.9780 | grad = 1.4055
step  18620 | loss = -2.4532 | g_L = +2.4532 | EMA = +2.4132 | std(g_L) = 0.9839 | grad = 1.9398
step  18640 | loss = -2.4198 | g_L = +2.4198 | EMA = +2.3978 | std(g_L) = 1.0251 | grad = 0.7407
step  18660 | loss = -2.3835 | g_L = +2.3835 | EMA = +2.3918 | std(g_L) = 1.0740 | grad = 0.9970
step  18680 | loss = -2.3609 | g_L = +2.3609 | EMA = +2.3810 | std(g_L) = 1.1025 | grad = 0.4568
step  18700 | loss = -2.3873 | g_L = +2.3873 | EMA = +2.3921 | std(g_L) = 1.0501 | grad = 1.3615
step  18720 | loss = -2.4198 | g_L = +2.4198 | EMA = +2.3890 | std(g_L) = 0.9642 | grad = 0.3346
step  18740 | loss = -2.4308 | g_L = +2.4308 | EMA = +2.3845 | std(g_L) = 1.0282 | grad = 1.0665
step  18760 | loss = -2.3816 | g_L = +2.3816 | EMA = +2.3897 | std(g_L) = 1.1162 | grad = 1.1596
step  18780 | loss = -2.4220 | g_L = +2.4220 | EMA = +2.3848 | std(g_L) = 1.0244 | grad = 0.3887
step  18800 | loss = -2.3918 | g_L = +2.3918 | EMA = +2.3936 | std(g_L) = 1.0604 | grad = 0.4987
step  18820 | loss = -2.3696 | g_L = +2.3696 | EMA = +2.3900 | std(g_L) = 1.1153 | grad = 0.4403
step  18840 | loss = -2.3410 | g_L = +2.3410 | EMA = +2.3884 | std(g_L) = 1.1253 | grad = 1.4976
step  18860 | loss = -2.3649 | g_L = +2.3649 | EMA = +2.3956 | std(g_L) = 1.0799 | grad = 1.4670
step  18880 | loss = -2.3538 | g_L = +2.3538 | EMA = +2.3954 | std(g_L) = 1.1382 | grad = 0.5356
step  18900 | loss = -2.3658 | g_L = +2.3658 | EMA = +2.3833 | std(g_L) = 1.0741 | grad = 0.9989
step  18920 | loss = -2.3479 | g_L = +2.3479 | EMA = +2.3926 | std(g_L) = 1.0544 | grad = 0.7475
step  18940 | loss = -2.4214 | g_L = +2.4214 | EMA = +2.3996 | std(g_L) = 1.0400 | grad = 1.8243
step  18960 | loss = -2.2804 | g_L = +2.2804 | EMA = +2.4061 | std(g_L) = 1.1665 | grad = 1.3835
step  18980 | loss = -2.3941 | g_L = +2.3941 | EMA = +2.4015 | std(g_L) = 1.0313 | grad = 0.6593
step  19000 | loss = -2.4686 | g_L = +2.4686 | EMA = +2.4023 | std(g_L) = 0.9894 | grad = 1.1527
step  19020 | loss = -2.4551 | g_L = +2.4551 | EMA = +2.4148 | std(g_L) = 0.9365 | grad = 0.6927
step  19040 | loss = -2.4677 | g_L = +2.4677 | EMA = +2.4116 | std(g_L) = 1.0736 | grad = 0.4301
step  19060 | loss = -2.4564 | g_L = +2.4564 | EMA = +2.4031 | std(g_L) = 1.0559 | grad = 2.9400
step  19080 | loss = -2.3969 | g_L = +2.3969 | EMA = +2.4019 | std(g_L) = 1.0995 | grad = 1.1914
step  19100 | loss = -2.3891 | g_L = +2.3891 | EMA = +2.4003 | std(g_L) = 1.1036 | grad = 1.0084
step  19120 | loss = -2.3590 | g_L = +2.3590 | EMA = +2.4025 | std(g_L) = 1.0893 | grad = 1.0159
step  19140 | loss = -2.4296 | g_L = +2.4296 | EMA = +2.4076 | std(g_L) = 1.0233 | grad = 1.1019
step  19160 | loss = -2.4917 | g_L = +2.4917 | EMA = +2.4056 | std(g_L) = 0.9189 | grad = 0.6815
step  19180 | loss = -2.3720 | g_L = +2.3720 | EMA = +2.4024 | std(g_L) = 1.0211 | grad = 1.2850
step  19200 | loss = -2.4665 | g_L = +2.4665 | EMA = +2.4099 | std(g_L) = 1.0673 | grad = 0.7385
step  19220 | loss = -2.3559 | g_L = +2.3559 | EMA = +2.4030 | std(g_L) = 1.0877 | grad = 2.1144
step  19240 | loss = -2.3602 | g_L = +2.3602 | EMA = +2.4030 | std(g_L) = 1.0853 | grad = 2.6895
step  19260 | loss = -2.3920 | g_L = +2.3920 | EMA = +2.4095 | std(g_L) = 1.0494 | grad = 0.6290
step  19280 | loss = -2.4256 | g_L = +2.4256 | EMA = +2.4112 | std(g_L) = 1.0870 | grad = 1.0402
step  19300 | loss = -2.3430 | g_L = +2.3430 | EMA = +2.4079 | std(g_L) = 1.0869 | grad = 1.1534
step  19320 | loss = -2.4679 | g_L = +2.4679 | EMA = +2.4150 | std(g_L) = 0.9905 | grad = 0.6787
step  19340 | loss = -2.4240 | g_L = +2.4240 | EMA = +2.4135 | std(g_L) = 1.0082 | grad = 0.8695
step  19360 | loss = -2.3880 | g_L = +2.3880 | EMA = +2.4053 | std(g_L) = 1.1018 | grad = 0.3861
step  19380 | loss = -2.3963 | g_L = +2.3963 | EMA = +2.4106 | std(g_L) = 0.9762 | grad = 0.6265
step  19400 | loss = -2.3786 | g_L = +2.3786 | EMA = +2.4089 | std(g_L) = 1.0690 | grad = 1.4929
step  19420 | loss = -2.3774 | g_L = +2.3774 | EMA = +2.4068 | std(g_L) = 1.1115 | grad = 0.8889
step  19440 | loss = -2.4212 | g_L = +2.4212 | EMA = +2.3923 | std(g_L) = 0.9780 | grad = 0.4493
step  19460 | loss = -2.3771 | g_L = +2.3771 | EMA = +2.4056 | std(g_L) = 1.0833 | grad = 0.3780
step  19480 | loss = -2.5017 | g_L = +2.5017 | EMA = +2.3973 | std(g_L) = 0.9402 | grad = 0.3540
step  19500 | loss = -2.3973 | g_L = +2.3973 | EMA = +2.4079 | std(g_L) = 1.0873 | grad = 1.1144
step  19520 | loss = -2.4377 | g_L = +2.4377 | EMA = +2.3954 | std(g_L) = 1.0293 | grad = 1.1175
step  19540 | loss = -2.4116 | g_L = +2.4116 | EMA = +2.4052 | std(g_L) = 1.0733 | grad = 1.7024
step  19560 | loss = -2.3846 | g_L = +2.3846 | EMA = +2.4067 | std(g_L) = 1.1077 | grad = 2.0441
step  19580 | loss = -2.2933 | g_L = +2.2933 | EMA = +2.3943 | std(g_L) = 1.2031 | grad = 0.8874
step  19600 | loss = -2.4491 | g_L = +2.4491 | EMA = +2.4017 | std(g_L) = 1.0309 | grad = 0.8931
step  19620 | loss = -2.3966 | g_L = +2.3966 | EMA = +2.4105 | std(g_L) = 1.0685 | grad = 1.1540
step  19640 | loss = -2.4548 | g_L = +2.4548 | EMA = +2.4005 | std(g_L) = 1.0745 | grad = 0.4148
step  19660 | loss = -2.4482 | g_L = +2.4482 | EMA = +2.4156 | std(g_L) = 1.0272 | grad = 1.0809
step  19680 | loss = -2.4264 | g_L = +2.4264 | EMA = +2.4217 | std(g_L) = 1.1592 | grad = 1.4857
step  19700 | loss = -2.3861 | g_L = +2.3861 | EMA = +2.4081 | std(g_L) = 1.0964 | grad = 1.4200
step  19720 | loss = -2.3471 | g_L = +2.3471 | EMA = +2.4043 | std(g_L) = 1.1058 | grad = 0.3988
step  19740 | loss = -2.4626 | g_L = +2.4626 | EMA = +2.4053 | std(g_L) = 0.9969 | grad = 1.7919
step  19760 | loss = -2.4595 | g_L = +2.4595 | EMA = +2.4069 | std(g_L) = 0.9707 | grad = 1.4682
step  19780 | loss = -2.4530 | g_L = +2.4530 | EMA = +2.4021 | std(g_L) = 1.0308 | grad = 0.2806
step  19800 | loss = -2.4792 | g_L = +2.4792 | EMA = +2.4141 | std(g_L) = 1.0244 | grad = 0.3277
step  19820 | loss = -2.3243 | g_L = +2.3243 | EMA = +2.4039 | std(g_L) = 1.0491 | grad = 1.9461
step  19840 | loss = -2.4095 | g_L = +2.4095 | EMA = +2.4054 | std(g_L) = 1.0915 | grad = 0.8454
step  19860 | loss = -2.4165 | g_L = +2.4165 | EMA = +2.4136 | std(g_L) = 1.0109 | grad = 0.8418
step  19880 | loss = -2.3490 | g_L = +2.3490 | EMA = +2.4005 | std(g_L) = 1.0911 | grad = 0.3945
step  19900 | loss = -2.3924 | g_L = +2.3924 | EMA = +2.4066 | std(g_L) = 1.0322 | grad = 0.4474
step  19920 | loss = -2.4490 | g_L = +2.4490 | EMA = +2.4116 | std(g_L) = 0.9738 | grad = 1.2672
step  19940 | loss = -2.4850 | g_L = +2.4850 | EMA = +2.4202 | std(g_L) = 1.0231 | grad = 1.3945
step  19960 | loss = -2.4123 | g_L = +2.4123 | EMA = +2.4090 | std(g_L) = 1.0071 | grad = 1.3519
step  19980 | loss = -2.4547 | g_L = +2.4547 | EMA = +2.4046 | std(g_L) = 1.0346 | grad = 2.3292
step  20000 | loss = -2.3244 | g_L = +2.3244 | EMA = +2.4024 | std(g_L) = 1.1808 | grad = 1.9858
step  20020 | loss = -2.4391 | g_L = +2.4391 | EMA = +2.4112 | std(g_L) = 0.9870 | grad = 0.7264
step  20040 | loss = -2.4518 | g_L = +2.4518 | EMA = +2.4094 | std(g_L) = 0.9998 | grad = 0.8245
step  20060 | loss = -2.3794 | g_L = +2.3794 | EMA = +2.4062 | std(g_L) = 0.9933 | grad = 1.9664
step  20080 | loss = -2.4482 | g_L = +2.4482 | EMA = +2.4174 | std(g_L) = 1.0246 | grad = 0.2931
step  20100 | loss = -2.3646 | g_L = +2.3646 | EMA = +2.4105 | std(g_L) = 1.1212 | grad = 0.7563
step  20120 | loss = -2.4130 | g_L = +2.4130 | EMA = +2.4041 | std(g_L) = 1.0314 | grad = 1.2665
step  20140 | loss = -2.4298 | g_L = +2.4298 | EMA = +2.4113 | std(g_L) = 1.0504 | grad = 0.9743
step  20160 | loss = -2.3479 | g_L = +2.3479 | EMA = +2.4039 | std(g_L) = 1.0377 | grad = 1.0428
step  20180 | loss = -2.3653 | g_L = +2.3653 | EMA = +2.3981 | std(g_L) = 1.1413 | grad = 0.2419
step  20200 | loss = -2.5034 | g_L = +2.5034 | EMA = +2.4067 | std(g_L) = 0.9587 | grad = 0.7815
step  20220 | loss = -2.4648 | g_L = +2.4648 | EMA = +2.4098 | std(g_L) = 1.0426 | grad = 0.6299
step  20240 | loss = -2.3726 | g_L = +2.3726 | EMA = +2.4028 | std(g_L) = 1.0664 | grad = 0.4243
step  20260 | loss = -2.3601 | g_L = +2.3601 | EMA = +2.4087 | std(g_L) = 1.1300 | grad = 0.5816
step  20280 | loss = -2.3557 | g_L = +2.3557 | EMA = +2.3978 | std(g_L) = 1.0962 | grad = 0.6972
step  20300 | loss = -2.4167 | g_L = +2.4167 | EMA = +2.4148 | std(g_L) = 0.9922 | grad = 1.9985
step  20320 | loss = -2.3783 | g_L = +2.3783 | EMA = +2.4008 | std(g_L) = 1.1101 | grad = 1.0152
step  20340 | loss = -2.3899 | g_L = +2.3899 | EMA = +2.4092 | std(g_L) = 1.1892 | grad = 1.7918
step  20360 | loss = -2.4689 | g_L = +2.4689 | EMA = +2.4111 | std(g_L) = 0.9947 | grad = 0.2178
step  20380 | loss = -2.3268 | g_L = +2.3268 | EMA = +2.4185 | std(g_L) = 1.1414 | grad = 1.6807
step  20400 | loss = -2.4880 | g_L = +2.4880 | EMA = +2.4266 | std(g_L) = 0.9337 | grad = 1.6649
step  20420 | loss = -2.4225 | g_L = +2.4225 | EMA = +2.4306 | std(g_L) = 1.0615 | grad = 1.2132
step  20440 | loss = -2.4478 | g_L = +2.4478 | EMA = +2.4232 | std(g_L) = 1.0377 | grad = 1.0212
step  20460 | loss = -2.4838 | g_L = +2.4838 | EMA = +2.4148 | std(g_L) = 0.9964 | grad = 3.9390
step  20480 | loss = -2.4831 | g_L = +2.4831 | EMA = +2.4264 | std(g_L) = 0.9431 | grad = 0.6057
step  20500 | loss = -2.3980 | g_L = +2.3980 | EMA = +2.4211 | std(g_L) = 1.0502 | grad = 1.6515
step  20520 | loss = -2.3481 | g_L = +2.3481 | EMA = +2.4102 | std(g_L) = 1.2362 | grad = 0.8101
step  20540 | loss = -2.4300 | g_L = +2.4300 | EMA = +2.4257 | std(g_L) = 1.0305 | grad = 3.7902
step  20560 | loss = -2.4544 | g_L = +2.4544 | EMA = +2.4176 | std(g_L) = 1.0321 | grad = 0.6672
step  20580 | loss = -2.4700 | g_L = +2.4700 | EMA = +2.4237 | std(g_L) = 1.0398 | grad = 1.2696
step  20600 | loss = -2.4421 | g_L = +2.4421 | EMA = +2.4297 | std(g_L) = 0.9855 | grad = 0.7201
step  20620 | loss = -2.4239 | g_L = +2.4239 | EMA = +2.4188 | std(g_L) = 1.1220 | grad = 1.6327
step  20640 | loss = -2.4099 | g_L = +2.4099 | EMA = +2.4071 | std(g_L) = 1.0433 | grad = 0.9683
step  20660 | loss = -2.3525 | g_L = +2.3525 | EMA = +2.4081 | std(g_L) = 1.1184 | grad = 1.1250
step  20680 | loss = -2.3857 | g_L = +2.3857 | EMA = +2.4218 | std(g_L) = 1.1166 | grad = 0.6650
step  20700 | loss = -2.4193 | g_L = +2.4193 | EMA = +2.4251 | std(g_L) = 1.0686 | grad = 1.1934
step  20720 | loss = -2.3942 | g_L = +2.3942 | EMA = +2.4270 | std(g_L) = 1.0795 | grad = 1.0044
step  20740 | loss = -2.3988 | g_L = +2.3988 | EMA = +2.4303 | std(g_L) = 1.1338 | grad = 1.4088
step  20760 | loss = -2.4241 | g_L = +2.4241 | EMA = +2.4392 | std(g_L) = 1.0425 | grad = 0.7902
step  20780 | loss = -2.4751 | g_L = +2.4751 | EMA = +2.4188 | std(g_L) = 1.0277 | grad = 0.9064
step  20800 | loss = -2.4022 | g_L = +2.4022 | EMA = +2.4192 | std(g_L) = 1.1039 | grad = 0.8012
step  20820 | loss = -2.4092 | g_L = +2.4092 | EMA = +2.4143 | std(g_L) = 1.0169 | grad = 1.9731
step  20840 | loss = -2.4617 | g_L = +2.4617 | EMA = +2.4234 | std(g_L) = 0.9645 | grad = 1.4556
step  20860 | loss = -2.3434 | g_L = +2.3434 | EMA = +2.4194 | std(g_L) = 1.1367 | grad = 2.4754
step  20880 | loss = -2.4791 | g_L = +2.4791 | EMA = +2.4185 | std(g_L) = 1.0177 | grad = 0.6613
step  20900 | loss = -2.4038 | g_L = +2.4038 | EMA = +2.4280 | std(g_L) = 1.1787 | grad = 1.5944
step  20920 | loss = -2.4697 | g_L = +2.4697 | EMA = +2.4262 | std(g_L) = 0.9621 | grad = 0.5371
step  20940 | loss = -2.4428 | g_L = +2.4428 | EMA = +2.4207 | std(g_L) = 1.1162 | grad = 2.2836
step  20960 | loss = -2.4314 | g_L = +2.4314 | EMA = +2.4211 | std(g_L) = 1.0863 | grad = 0.8869
step  20980 | loss = -2.3910 | g_L = +2.3910 | EMA = +2.4214 | std(g_L) = 1.1561 | grad = 1.4824
step  21000 | loss = -2.4088 | g_L = +2.4088 | EMA = +2.4219 | std(g_L) = 1.0335 | grad = 1.6681
step  21020 | loss = -2.3668 | g_L = +2.3668 | EMA = +2.4161 | std(g_L) = 1.0924 | grad = 3.0082
step  21040 | loss = -2.4221 | g_L = +2.4221 | EMA = +2.4159 | std(g_L) = 1.0714 | grad = 0.4032
step  21060 | loss = -2.3742 | g_L = +2.3742 | EMA = +2.4231 | std(g_L) = 1.1805 | grad = 0.7897
step  21080 | loss = -2.4296 | g_L = +2.4296 | EMA = +2.4335 | std(g_L) = 1.0770 | grad = 1.7964
step  21100 | loss = -2.3599 | g_L = +2.3599 | EMA = +2.4215 | std(g_L) = 1.1598 | grad = 1.5328
step  21120 | loss = -2.4954 | g_L = +2.4954 | EMA = +2.4265 | std(g_L) = 0.9540 | grad = 0.7247
step  21140 | loss = -2.4721 | g_L = +2.4721 | EMA = +2.4385 | std(g_L) = 1.0224 | grad = 0.5387
step  21160 | loss = -2.4701 | g_L = +2.4701 | EMA = +2.4280 | std(g_L) = 0.9832 | grad = 1.0797
step  21180 | loss = -2.3719 | g_L = +2.3719 | EMA = +2.4247 | std(g_L) = 1.1730 | grad = 0.8620
step  21200 | loss = -2.3475 | g_L = +2.3475 | EMA = +2.4394 | std(g_L) = 1.1203 | grad = 0.3947
step  21220 | loss = -2.4285 | g_L = +2.4285 | EMA = +2.4318 | std(g_L) = 1.0785 | grad = 0.9970
step  21240 | loss = -2.4253 | g_L = +2.4253 | EMA = +2.4239 | std(g_L) = 1.0799 | grad = 1.1799
step  21260 | loss = -2.4598 | g_L = +2.4598 | EMA = +2.4336 | std(g_L) = 1.0123 | grad = 0.6497
step  21280 | loss = -2.4281 | g_L = +2.4281 | EMA = +2.4434 | std(g_L) = 1.0859 | grad = 1.3205
step  21300 | loss = -2.5175 | g_L = +2.5175 | EMA = +2.4372 | std(g_L) = 1.1012 | grad = 0.3300
step  21320 | loss = -2.4691 | g_L = +2.4691 | EMA = +2.4405 | std(g_L) = 1.0502 | grad = 0.5834
step  21340 | loss = -2.4019 | g_L = +2.4019 | EMA = +2.4356 | std(g_L) = 1.1353 | grad = 0.8994
step  21360 | loss = -2.5010 | g_L = +2.5010 | EMA = +2.4328 | std(g_L) = 1.0071 | grad = 0.4093
step  21380 | loss = -2.3954 | g_L = +2.3954 | EMA = +2.4301 | std(g_L) = 1.2100 | grad = 1.8843
step  21400 | loss = -2.4365 | g_L = +2.4365 | EMA = +2.4245 | std(g_L) = 1.0446 | grad = 0.4426
step  21420 | loss = -2.5081 | g_L = +2.5081 | EMA = +2.4337 | std(g_L) = 1.0005 | grad = 1.2202
step  21440 | loss = -2.4180 | g_L = +2.4180 | EMA = +2.4207 | std(g_L) = 1.0572 | grad = 1.1032
step  21460 | loss = -2.4129 | g_L = +2.4129 | EMA = +2.4176 | std(g_L) = 1.1526 | grad = 0.5327
step  21480 | loss = -2.4245 | g_L = +2.4245 | EMA = +2.4210 | std(g_L) = 1.0849 | grad = 1.5805
step  21500 | loss = -2.4655 | g_L = +2.4655 | EMA = +2.4380 | std(g_L) = 0.9708 | grad = 0.2509
step  21520 | loss = -2.4017 | g_L = +2.4017 | EMA = +2.4286 | std(g_L) = 1.0629 | grad = 2.2888
step  21540 | loss = -2.4159 | g_L = +2.4159 | EMA = +2.4246 | std(g_L) = 1.0110 | grad = 2.9435
step  21560 | loss = -2.4289 | g_L = +2.4289 | EMA = +2.4201 | std(g_L) = 1.0983 | grad = 0.7105
step  21580 | loss = -2.3844 | g_L = +2.3844 | EMA = +2.4222 | std(g_L) = 1.0348 | grad = 1.2552
step  21600 | loss = -2.4534 | g_L = +2.4534 | EMA = +2.4283 | std(g_L) = 1.0460 | grad = 1.4563
step  21620 | loss = -2.4061 | g_L = +2.4061 | EMA = +2.4398 | std(g_L) = 1.1749 | grad = 1.5657
step  21640 | loss = -2.4013 | g_L = +2.4013 | EMA = +2.4342 | std(g_L) = 1.1119 | grad = 0.6628
step  21660 | loss = -2.3940 | g_L = +2.3940 | EMA = +2.4304 | std(g_L) = 1.0871 | grad = 0.2304
step  21680 | loss = -2.4446 | g_L = +2.4446 | EMA = +2.4423 | std(g_L) = 0.9847 | grad = 1.7544
step  21700 | loss = -2.4462 | g_L = +2.4462 | EMA = +2.4352 | std(g_L) = 1.0564 | grad = 1.0176
step  21720 | loss = -2.4656 | g_L = +2.4656 | EMA = +2.4349 | std(g_L) = 1.0419 | grad = 2.2628
step  21740 | loss = -2.4659 | g_L = +2.4659 | EMA = +2.4350 | std(g_L) = 1.0813 | grad = 0.7833
step  21760 | loss = -2.4733 | g_L = +2.4733 | EMA = +2.4324 | std(g_L) = 1.0294 | grad = 0.6971
step  21780 | loss = -2.4642 | g_L = +2.4642 | EMA = +2.4380 | std(g_L) = 0.9513 | grad = 1.4067
step  21800 | loss = -2.4289 | g_L = +2.4289 | EMA = +2.4340 | std(g_L) = 1.0407 | grad = 0.7754
step  21820 | loss = -2.5028 | g_L = +2.5028 | EMA = +2.4553 | std(g_L) = 1.0979 | grad = 0.9632
step  21840 | loss = -2.4314 | g_L = +2.4314 | EMA = +2.4331 | std(g_L) = 1.0020 | grad = 3.2638
step  21860 | loss = -2.4355 | g_L = +2.4355 | EMA = +2.4386 | std(g_L) = 0.9762 | grad = 0.6703
step  21880 | loss = -2.3958 | g_L = +2.3958 | EMA = +2.4333 | std(g_L) = 1.1513 | grad = 0.8152
step  21900 | loss = -2.3999 | g_L = +2.3999 | EMA = +2.4418 | std(g_L) = 1.1826 | grad = 1.6869
step  21920 | loss = -2.4932 | g_L = +2.4932 | EMA = +2.4508 | std(g_L) = 0.9636 | grad = 0.4948
step  21940 | loss = -2.5058 | g_L = +2.5058 | EMA = +2.4446 | std(g_L) = 1.0308 | grad = 2.3426
step  21960 | loss = -2.4394 | g_L = +2.4394 | EMA = +2.4536 | std(g_L) = 1.0790 | grad = 0.5551
step  21980 | loss = -2.5422 | g_L = +2.5422 | EMA = +2.4367 | std(g_L) = 0.9821 | grad = 0.6752
step  22000 | loss = -2.3638 | g_L = +2.3638 | EMA = +2.4380 | std(g_L) = 1.1080 | grad = 0.9194
step  22020 | loss = -2.3999 | g_L = +2.3999 | EMA = +2.4374 | std(g_L) = 1.1066 | grad = 0.4714
step  22040 | loss = -2.4441 | g_L = +2.4441 | EMA = +2.4277 | std(g_L) = 1.1515 | grad = 0.9134
step  22060 | loss = -2.3873 | g_L = +2.3873 | EMA = +2.4344 | std(g_L) = 1.1499 | grad = 1.3462
step  22080 | loss = -2.4737 | g_L = +2.4737 | EMA = +2.4381 | std(g_L) = 1.0212 | grad = 3.0332
step  22100 | loss = -2.3579 | g_L = +2.3579 | EMA = +2.4373 | std(g_L) = 1.1525 | grad = 0.9617
step  22120 | loss = -2.3526 | g_L = +2.3526 | EMA = +2.4374 | std(g_L) = 1.2286 | grad = 1.7212
step  22140 | loss = -2.4306 | g_L = +2.4306 | EMA = +2.4296 | std(g_L) = 1.0914 | grad = 0.4596
step  22160 | loss = -2.4454 | g_L = +2.4454 | EMA = +2.4419 | std(g_L) = 1.0248 | grad = 0.7519
step  22180 | loss = -2.4523 | g_L = +2.4523 | EMA = +2.4470 | std(g_L) = 1.1037 | grad = 0.2949
step  22200 | loss = -2.4003 | g_L = +2.4003 | EMA = +2.4500 | std(g_L) = 1.1309 | grad = 2.9961
step  22220 | loss = -2.3562 | g_L = +2.3562 | EMA = +2.4534 | std(g_L) = 1.1279 | grad = 1.9758
step  22240 | loss = -2.3432 | g_L = +2.3432 | EMA = +2.4425 | std(g_L) = 1.1426 | grad = 2.0479
step  22260 | loss = -2.4237 | g_L = +2.4237 | EMA = +2.4428 | std(g_L) = 1.0894 | grad = 0.7003
step  22280 | loss = -2.4697 | g_L = +2.4697 | EMA = +2.4316 | std(g_L) = 1.0505 | grad = 0.4067
step  22300 | loss = -2.5222 | g_L = +2.5222 | EMA = +2.4407 | std(g_L) = 1.0030 | grad = 0.8703
step  22320 | loss = -2.4471 | g_L = +2.4471 | EMA = +2.4411 | std(g_L) = 1.0339 | grad = 0.6597
step  22340 | loss = -2.4363 | g_L = +2.4363 | EMA = +2.4443 | std(g_L) = 1.0744 | grad = 1.2749
step  22360 | loss = -2.4258 | g_L = +2.4258 | EMA = +2.4464 | std(g_L) = 1.0684 | grad = 1.4372
step  22380 | loss = -2.4160 | g_L = +2.4160 | EMA = +2.4483 | std(g_L) = 1.0407 | grad = 2.0081
step  22400 | loss = -2.4562 | g_L = +2.4562 | EMA = +2.4402 | std(g_L) = 1.0842 | grad = 4.1817
step  22420 | loss = -2.4955 | g_L = +2.4955 | EMA = +2.4458 | std(g_L) = 1.1009 | grad = 2.1730
step  22440 | loss = -2.5042 | g_L = +2.5042 | EMA = +2.4594 | std(g_L) = 1.0638 | grad = 1.2340
step  22460 | loss = -2.4985 | g_L = +2.4985 | EMA = +2.4415 | std(g_L) = 0.9512 | grad = 1.0275
step  22480 | loss = -2.4825 | g_L = +2.4825 | EMA = +2.4445 | std(g_L) = 1.0024 | grad = 1.0583
step  22500 | loss = -2.4168 | g_L = +2.4168 | EMA = +2.4516 | std(g_L) = 1.0958 | grad = 1.7280
step  22520 | loss = -2.4786 | g_L = +2.4786 | EMA = +2.4462 | std(g_L) = 1.0415 | grad = 2.7612
step  22540 | loss = -2.4028 | g_L = +2.4028 | EMA = +2.4394 | std(g_L) = 1.1103 | grad = 3.4554
step  22560 | loss = -2.4270 | g_L = +2.4270 | EMA = +2.4358 | std(g_L) = 1.2041 | grad = 3.0259
step  22580 | loss = -2.3731 | g_L = +2.3731 | EMA = +2.4442 | std(g_L) = 1.1203 | grad = 2.1509
step  22600 | loss = -2.4039 | g_L = +2.4039 | EMA = +2.4434 | std(g_L) = 1.0177 | grad = 2.1672
step  22620 | loss = -2.4325 | g_L = +2.4325 | EMA = +2.4486 | std(g_L) = 1.0824 | grad = 2.0337
step  22640 | loss = -2.3738 | g_L = +2.3738 | EMA = +2.4333 | std(g_L) = 1.1437 | grad = 1.7342
step  22660 | loss = -2.4425 | g_L = +2.4425 | EMA = +2.4324 | std(g_L) = 1.0116 | grad = 0.9453
step  22680 | loss = -2.4022 | g_L = +2.4022 | EMA = +2.4428 | std(g_L) = 1.0877 | grad = 1.8550
step  22700 | loss = -2.4280 | g_L = +2.4280 | EMA = +2.4414 | std(g_L) = 1.0481 | grad = 0.4951
step  22720 | loss = -2.4209 | g_L = +2.4209 | EMA = +2.4389 | std(g_L) = 1.0442 | grad = 2.3258
step  22740 | loss = -2.3967 | g_L = +2.3967 | EMA = +2.4458 | std(g_L) = 1.0957 | grad = 1.8863
step  22760 | loss = -2.4172 | g_L = +2.4172 | EMA = +2.4410 | std(g_L) = 1.0101 | grad = 1.3534
step  22780 | loss = -2.4534 | g_L = +2.4534 | EMA = +2.4462 | std(g_L) = 1.0532 | grad = 1.0283
step  22800 | loss = -2.4649 | g_L = +2.4649 | EMA = +2.4585 | std(g_L) = 1.0589 | grad = 4.0554
step  22820 | loss = -2.3420 | g_L = +2.3420 | EMA = +2.4405 | std(g_L) = 1.1432 | grad = 0.6302
step  22840 | loss = -2.3988 | g_L = +2.3988 | EMA = +2.4339 | std(g_L) = 1.0639 | grad = 1.6542
step  22860 | loss = -2.4211 | g_L = +2.4211 | EMA = +2.4482 | std(g_L) = 1.0446 | grad = 2.0520
step  22880 | loss = -2.4863 | g_L = +2.4863 | EMA = +2.4430 | std(g_L) = 1.0021 | grad = 2.8322
step  22900 | loss = -2.5240 | g_L = +2.5240 | EMA = +2.4616 | std(g_L) = 0.9217 | grad = 0.7513
step  22920 | loss = -2.4238 | g_L = +2.4238 | EMA = +2.4571 | std(g_L) = 1.0449 | grad = 1.9649
step  22940 | loss = -2.4422 | g_L = +2.4422 | EMA = +2.4574 | std(g_L) = 1.0097 | grad = 0.9318
step  22960 | loss = -2.5261 | g_L = +2.5261 | EMA = +2.4500 | std(g_L) = 1.0229 | grad = 0.3510
step  22980 | loss = -2.3881 | g_L = +2.3881 | EMA = +2.4408 | std(g_L) = 1.0201 | grad = 2.1129
step  23000 | loss = -2.4668 | g_L = +2.4668 | EMA = +2.4524 | std(g_L) = 1.0317 | grad = 0.6276
step  23020 | loss = -2.4871 | g_L = +2.4871 | EMA = +2.4632 | std(g_L) = 1.0275 | grad = 1.8151
step  23040 | loss = -2.4871 | g_L = +2.4871 | EMA = +2.4593 | std(g_L) = 0.9873 | grad = 1.5861
step  23060 | loss = -2.4926 | g_L = +2.4926 | EMA = +2.4563 | std(g_L) = 1.0308 | grad = 0.8946
step  23080 | loss = -2.4598 | g_L = +2.4598 | EMA = +2.4567 | std(g_L) = 0.9572 | grad = 0.7896
step  23100 | loss = -2.4810 | g_L = +2.4810 | EMA = +2.4491 | std(g_L) = 0.9831 | grad = 2.3233
step  23120 | loss = -2.4624 | g_L = +2.4624 | EMA = +2.4530 | std(g_L) = 1.0293 | grad = 1.0360
step  23140 | loss = -2.5300 | g_L = +2.5300 | EMA = +2.4618 | std(g_L) = 0.9814 | grad = 1.4370
step  23160 | loss = -2.4689 | g_L = +2.4689 | EMA = +2.4567 | std(g_L) = 1.1162 | grad = 1.1863
step  23180 | loss = -2.4255 | g_L = +2.4255 | EMA = +2.4560 | std(g_L) = 1.0551 | grad = 2.1214
step  23200 | loss = -2.4523 | g_L = +2.4523 | EMA = +2.4574 | std(g_L) = 1.0815 | grad = 1.0503
step  23220 | loss = -2.5597 | g_L = +2.5597 | EMA = +2.4571 | std(g_L) = 0.9624 | grad = 1.8803
step  23240 | loss = -2.4749 | g_L = +2.4749 | EMA = +2.4526 | std(g_L) = 1.0443 | grad = 0.5414
step  23260 | loss = -2.4567 | g_L = +2.4567 | EMA = +2.4389 | std(g_L) = 1.1392 | grad = 2.1386
step  23280 | loss = -2.4585 | g_L = +2.4585 | EMA = +2.4446 | std(g_L) = 1.0849 | grad = 0.9068
step  23300 | loss = -2.4169 | g_L = +2.4169 | EMA = +2.4447 | std(g_L) = 1.0343 | grad = 0.4798
step  23320 | loss = -2.4509 | g_L = +2.4509 | EMA = +2.4386 | std(g_L) = 1.0244 | grad = 2.5185
step  23340 | loss = -2.4430 | g_L = +2.4430 | EMA = +2.4437 | std(g_L) = 1.0642 | grad = 0.9145
step  23360 | loss = -2.4488 | g_L = +2.4488 | EMA = +2.4380 | std(g_L) = 1.0792 | grad = 0.9429
step  23380 | loss = -2.4163 | g_L = +2.4163 | EMA = +2.4435 | std(g_L) = 1.1182 | grad = 1.1611
step  23400 | loss = -2.5318 | g_L = +2.5318 | EMA = +2.4675 | std(g_L) = 1.0275 | grad = 1.4098
step  23420 | loss = -2.4184 | g_L = +2.4184 | EMA = +2.4631 | std(g_L) = 1.1372 | grad = 0.7258
step  23440 | loss = -2.5203 | g_L = +2.5203 | EMA = +2.4682 | std(g_L) = 0.9108 | grad = 0.4708
step  23460 | loss = -2.3983 | g_L = +2.3983 | EMA = +2.4526 | std(g_L) = 1.0651 | grad = 2.3937
step  23480 | loss = -2.4349 | g_L = +2.4349 | EMA = +2.4524 | std(g_L) = 1.0749 | grad = 1.1175
step  23500 | loss = -2.4166 | g_L = +2.4166 | EMA = +2.4480 | std(g_L) = 1.0784 | grad = 0.9376
step  23520 | loss = -2.4259 | g_L = +2.4259 | EMA = +2.4518 | std(g_L) = 0.9962 | grad = 1.1586
step  23540 | loss = -2.4095 | g_L = +2.4095 | EMA = +2.4547 | std(g_L) = 1.1629 | grad = 0.7424
step  23560 | loss = -2.4964 | g_L = +2.4964 | EMA = +2.4604 | std(g_L) = 1.0130 | grad = 0.9788
step  23580 | loss = -2.4231 | g_L = +2.4231 | EMA = +2.4497 | std(g_L) = 1.0943 | grad = 1.5808
step  23600 | loss = -2.4144 | g_L = +2.4144 | EMA = +2.4512 | std(g_L) = 1.0363 | grad = 0.2736
step  23620 | loss = -2.4425 | g_L = +2.4425 | EMA = +2.4587 | std(g_L) = 1.0579 | grad = 0.6249
step  23640 | loss = -2.4218 | g_L = +2.4218 | EMA = +2.4402 | std(g_L) = 1.1023 | grad = 1.4474
step  23660 | loss = -2.3928 | g_L = +2.3928 | EMA = +2.4424 | std(g_L) = 1.1010 | grad = 2.5660
step  23680 | loss = -2.4220 | g_L = +2.4220 | EMA = +2.4508 | std(g_L) = 1.0910 | grad = 1.9946
step  23700 | loss = -2.5146 | g_L = +2.5146 | EMA = +2.4500 | std(g_L) = 1.0552 | grad = 0.7454
step  23720 | loss = -2.5015 | g_L = +2.5015 | EMA = +2.4524 | std(g_L) = 1.0147 | grad = 0.7512
step  23740 | loss = -2.4822 | g_L = +2.4822 | EMA = +2.4619 | std(g_L) = 1.0409 | grad = 0.5194
step  23760 | loss = -2.4277 | g_L = +2.4277 | EMA = +2.4567 | std(g_L) = 1.0570 | grad = 2.6547
step  23780 | loss = -2.4377 | g_L = +2.4377 | EMA = +2.4508 | std(g_L) = 1.1247 | grad = 1.0685
step  23800 | loss = -2.4088 | g_L = +2.4088 | EMA = +2.4518 | std(g_L) = 1.0217 | grad = 1.1785
step  23820 | loss = -2.4169 | g_L = +2.4169 | EMA = +2.4550 | std(g_L) = 1.0837 | grad = 0.4887
step  23840 | loss = -2.4983 | g_L = +2.4983 | EMA = +2.4585 | std(g_L) = 0.9687 | grad = 0.3873
step  23860 | loss = -2.3838 | g_L = +2.3838 | EMA = +2.4637 | std(g_L) = 1.0875 | grad = 1.8372
step  23880 | loss = -2.4154 | g_L = +2.4154 | EMA = +2.4591 | std(g_L) = 1.0757 | grad = 1.0576
step  23900 | loss = -2.4925 | g_L = +2.4925 | EMA = +2.4558 | std(g_L) = 0.9953 | grad = 1.0435
step  23920 | loss = -2.4602 | g_L = +2.4602 | EMA = +2.4718 | std(g_L) = 1.0306 | grad = 1.9474
step  23940 | loss = -2.3476 | g_L = +2.3476 | EMA = +2.4486 | std(g_L) = 1.1665 | grad = 1.5458
step  23960 | loss = -2.4619 | g_L = +2.4619 | EMA = +2.4503 | std(g_L) = 1.0601 | grad = 0.9273
step  23980 | loss = -2.5055 | g_L = +2.5055 | EMA = +2.4560 | std(g_L) = 1.0300 | grad = 1.0820
step  24000 | loss = -2.3815 | g_L = +2.3815 | EMA = +2.4461 | std(g_L) = 1.1752 | grad = 2.0685
step  24020 | loss = -2.4876 | g_L = +2.4876 | EMA = +2.4608 | std(g_L) = 1.0535 | grad = 1.6515
step  24040 | loss = -2.4403 | g_L = +2.4403 | EMA = +2.4575 | std(g_L) = 1.1643 | grad = 1.4747
step  24060 | loss = -2.4270 | g_L = +2.4270 | EMA = +2.4518 | std(g_L) = 1.1340 | grad = 1.6679
step  24080 | loss = -2.3852 | g_L = +2.3852 | EMA = +2.4595 | std(g_L) = 1.1860 | grad = 1.5757
step  24100 | loss = -2.3786 | g_L = +2.3786 | EMA = +2.4576 | std(g_L) = 1.0648 | grad = 0.9289
step  24120 | loss = -2.4245 | g_L = +2.4245 | EMA = +2.4563 | std(g_L) = 1.1085 | grad = 1.7125
step  24140 | loss = -2.3899 | g_L = +2.3899 | EMA = +2.4476 | std(g_L) = 1.1428 | grad = 1.1042
step  24160 | loss = -2.3702 | g_L = +2.3702 | EMA = +2.4582 | std(g_L) = 1.1218 | grad = 1.7718
step  24180 | loss = -2.4826 | g_L = +2.4826 | EMA = +2.4590 | std(g_L) = 1.0121 | grad = 2.0937
step  24200 | loss = -2.4823 | g_L = +2.4823 | EMA = +2.4705 | std(g_L) = 1.0162 | grad = 1.8467
step  24220 | loss = -2.4830 | g_L = +2.4830 | EMA = +2.4594 | std(g_L) = 1.0778 | grad = 1.4203
step  24240 | loss = -2.4630 | g_L = +2.4630 | EMA = +2.4534 | std(g_L) = 1.0491 | grad = 2.5684
step  24260 | loss = -2.4388 | g_L = +2.4388 | EMA = +2.4617 | std(g_L) = 1.0464 | grad = 0.7448
step  24280 | loss = -2.4184 | g_L = +2.4184 | EMA = +2.4535 | std(g_L) = 1.0636 | grad = 3.7986
step  24300 | loss = -2.4012 | g_L = +2.4012 | EMA = +2.4629 | std(g_L) = 1.1547 | grad = 2.5161
step  24320 | loss = -2.4253 | g_L = +2.4253 | EMA = +2.4554 | std(g_L) = 1.1371 | grad = 0.9708
step  24340 | loss = -2.5147 | g_L = +2.5147 | EMA = +2.4606 | std(g_L) = 1.0266 | grad = 0.8792
step  24360 | loss = -2.5080 | g_L = +2.5080 | EMA = +2.4622 | std(g_L) = 1.0124 | grad = 1.4709
step  24380 | loss = -2.4136 | g_L = +2.4136 | EMA = +2.4631 | std(g_L) = 1.1293 | grad = 2.1196
step  24400 | loss = -2.4310 | g_L = +2.4310 | EMA = +2.4580 | std(g_L) = 1.0759 | grad = 1.6892
step  24420 | loss = -2.4259 | g_L = +2.4259 | EMA = +2.4505 | std(g_L) = 1.0740 | grad = 1.2702
step  24440 | loss = -2.4719 | g_L = +2.4719 | EMA = +2.4562 | std(g_L) = 1.0160 | grad = 0.5545
step  24460 | loss = -2.4547 | g_L = +2.4547 | EMA = +2.4612 | std(g_L) = 1.1060 | grad = 1.7692
step  24480 | loss = -2.4619 | g_L = +2.4619 | EMA = +2.4632 | std(g_L) = 1.0821 | grad = 0.3707
step  24500 | loss = -2.4779 | g_L = +2.4779 | EMA = +2.4650 | std(g_L) = 1.0123 | grad = 0.3949
step  24520 | loss = -2.4496 | g_L = +2.4496 | EMA = +2.4595 | std(g_L) = 1.0258 | grad = 1.4568
step  24540 | loss = -2.5030 | g_L = +2.5030 | EMA = +2.4647 | std(g_L) = 1.0629 | grad = 0.4707
step  24560 | loss = -2.4182 | g_L = +2.4182 | EMA = +2.4595 | std(g_L) = 1.1494 | grad = 1.1314
step  24580 | loss = -2.4279 | g_L = +2.4279 | EMA = +2.4581 | std(g_L) = 1.1440 | grad = 0.6721
step  24600 | loss = -2.4764 | g_L = +2.4764 | EMA = +2.4581 | std(g_L) = 1.0703 | grad = 1.2916
step  24620 | loss = -2.4971 | g_L = +2.4971 | EMA = +2.4747 | std(g_L) = 1.0413 | grad = 0.3187
step  24640 | loss = -2.4453 | g_L = +2.4453 | EMA = +2.4745 | std(g_L) = 1.0368 | grad = 1.1787
step  24660 | loss = -2.4570 | g_L = +2.4570 | EMA = +2.4702 | std(g_L) = 1.1157 | grad = 0.9875
step  24680 | loss = -2.4123 | g_L = +2.4123 | EMA = +2.4718 | std(g_L) = 1.1402 | grad = 1.7179
step  24700 | loss = -2.5099 | g_L = +2.5099 | EMA = +2.4622 | std(g_L) = 1.0590 | grad = 0.5229
step  24720 | loss = -2.4815 | g_L = +2.4815 | EMA = +2.4627 | std(g_L) = 1.1029 | grad = 1.1401
step  24740 | loss = -2.4657 | g_L = +2.4657 | EMA = +2.4637 | std(g_L) = 1.0405 | grad = 0.8147
step  24760 | loss = -2.4374 | g_L = +2.4374 | EMA = +2.4587 | std(g_L) = 1.0586 | grad = 0.9059
step  24780 | loss = -2.4750 | g_L = +2.4750 | EMA = +2.4663 | std(g_L) = 1.0669 | grad = 1.9928
step  24800 | loss = -2.4548 | g_L = +2.4548 | EMA = +2.4547 | std(g_L) = 1.0379 | grad = 0.5336
step  24820 | loss = -2.4955 | g_L = +2.4955 | EMA = +2.4664 | std(g_L) = 1.0986 | grad = 1.3956
step  24840 | loss = -2.4284 | g_L = +2.4284 | EMA = +2.4584 | std(g_L) = 1.1534 | grad = 1.8127
step  24860 | loss = -2.4597 | g_L = +2.4597 | EMA = +2.4490 | std(g_L) = 0.9909 | grad = 1.3514
step  24880 | loss = -2.5098 | g_L = +2.5098 | EMA = +2.4665 | std(g_L) = 1.0285 | grad = 2.1059
step  24900 | loss = -2.4340 | g_L = +2.4340 | EMA = +2.4667 | std(g_L) = 1.0306 | grad = 1.7867
step  24920 | loss = -2.4486 | g_L = +2.4486 | EMA = +2.4766 | std(g_L) = 1.0590 | grad = 0.9289
step  24940 | loss = -2.5090 | g_L = +2.5090 | EMA = +2.4675 | std(g_L) = 1.0483 | grad = 2.3546
step  24960 | loss = -2.4839 | g_L = +2.4839 | EMA = +2.4710 | std(g_L) = 1.0216 | grad = 1.4668
step  24980 | loss = -2.4668 | g_L = +2.4668 | EMA = +2.4700 | std(g_L) = 1.0252 | grad = 2.7731
step  25000 | loss = -2.5291 | g_L = +2.5291 | EMA = +2.4771 | std(g_L) = 0.9374 | grad = 0.5015
step  25020 | loss = -2.5249 | g_L = +2.5249 | EMA = +2.4729 | std(g_L) = 0.9964 | grad = 0.6684
step  25040 | loss = -2.4476 | g_L = +2.4476 | EMA = +2.4800 | std(g_L) = 1.1185 | grad = 2.9268
step  25060 | loss = -2.4924 | g_L = +2.4924 | EMA = +2.4644 | std(g_L) = 0.9846 | grad = 1.2559
step  25080 | loss = -2.4763 | g_L = +2.4763 | EMA = +2.4661 | std(g_L) = 1.1624 | grad = 1.5364
step  25100 | loss = -2.5314 | g_L = +2.5314 | EMA = +2.4627 | std(g_L) = 0.9550 | grad = 1.1127
step  25120 | loss = -2.3987 | g_L = +2.3987 | EMA = +2.4681 | std(g_L) = 1.1921 | grad = 1.7226
step  25140 | loss = -2.5079 | g_L = +2.5079 | EMA = +2.4598 | std(g_L) = 0.9798 | grad = 1.3890
step  25160 | loss = -2.4514 | g_L = +2.4514 | EMA = +2.4537 | std(g_L) = 1.0737 | grad = 0.3314
step  25180 | loss = -2.3393 | g_L = +2.3393 | EMA = +2.4498 | std(g_L) = 1.2130 | grad = 0.5413
step  25200 | loss = -2.4182 | g_L = +2.4182 | EMA = +2.4654 | std(g_L) = 1.1430 | grad = 1.4668
step  25220 | loss = -2.4323 | g_L = +2.4323 | EMA = +2.4657 | std(g_L) = 1.0971 | grad = 1.6736
step  25240 | loss = -2.5381 | g_L = +2.5381 | EMA = +2.4720 | std(g_L) = 0.9804 | grad = 1.5523
step  25260 | loss = -2.4468 | g_L = +2.4468 | EMA = +2.4640 | std(g_L) = 1.0501 | grad = 0.7253
step  25280 | loss = -2.4660 | g_L = +2.4660 | EMA = +2.4785 | std(g_L) = 1.0280 | grad = 0.6023
step  25300 | loss = -2.4753 | g_L = +2.4753 | EMA = +2.4741 | std(g_L) = 1.0710 | grad = 2.5204
step  25320 | loss = -2.4693 | g_L = +2.4693 | EMA = +2.4614 | std(g_L) = 1.0100 | grad = 0.6711
step  25340 | loss = -2.4094 | g_L = +2.4094 | EMA = +2.4564 | std(g_L) = 1.1849 | grad = 2.1966
step  25360 | loss = -2.4352 | g_L = +2.4352 | EMA = +2.4506 | std(g_L) = 1.1049 | grad = 2.8261
step  25380 | loss = -2.4872 | g_L = +2.4872 | EMA = +2.4497 | std(g_L) = 1.0505 | grad = 0.6386
step  25400 | loss = -2.4442 | g_L = +2.4442 | EMA = +2.4553 | std(g_L) = 1.0468 | grad = 0.7851
step  25420 | loss = -2.4264 | g_L = +2.4264 | EMA = +2.4624 | std(g_L) = 1.1386 | grad = 1.5236
step  25440 | loss = -2.4831 | g_L = +2.4831 | EMA = +2.4648 | std(g_L) = 1.0685 | grad = 2.7130
step  25460 | loss = -2.4848 | g_L = +2.4848 | EMA = +2.4675 | std(g_L) = 1.1260 | grad = 0.9439
step  25480 | loss = -2.4670 | g_L = +2.4670 | EMA = +2.4725 | std(g_L) = 1.0460 | grad = 0.5823
step  25500 | loss = -2.5415 | g_L = +2.5415 | EMA = +2.4760 | std(g_L) = 0.9983 | grad = 1.2238
step  25520 | loss = -2.4008 | g_L = +2.4008 | EMA = +2.4610 | std(g_L) = 1.0661 | grad = 2.1461
step  25540 | loss = -2.4988 | g_L = +2.4988 | EMA = +2.4684 | std(g_L) = 1.0270 | grad = 0.9590
step  25560 | loss = -2.3915 | g_L = +2.3915 | EMA = +2.4690 | std(g_L) = 1.2225 | grad = 1.2285
step  25580 | loss = -2.4386 | g_L = +2.4386 | EMA = +2.4613 | std(g_L) = 1.0625 | grad = 4.3068
step  25600 | loss = -2.4681 | g_L = +2.4681 | EMA = +2.4672 | std(g_L) = 1.0623 | grad = 3.0620
step  25620 | loss = -2.4579 | g_L = +2.4579 | EMA = +2.4727 | std(g_L) = 1.1175 | grad = 0.8628
step  25640 | loss = -2.4315 | g_L = +2.4315 | EMA = +2.4711 | std(g_L) = 1.1391 | grad = 2.4462
step  25660 | loss = -2.4691 | g_L = +2.4691 | EMA = +2.4816 | std(g_L) = 1.0355 | grad = 3.7230
step  25680 | loss = -2.5839 | g_L = +2.5839 | EMA = +2.4770 | std(g_L) = 0.9862 | grad = 0.4943
step  25700 | loss = -2.4693 | g_L = +2.4693 | EMA = +2.4806 | std(g_L) = 1.0563 | grad = 1.3235
step  25720 | loss = -2.4265 | g_L = +2.4265 | EMA = +2.4567 | std(g_L) = 1.1742 | grad = 2.1461
step  25740 | loss = -2.4758 | g_L = +2.4758 | EMA = +2.4668 | std(g_L) = 0.9702 | grad = 1.3705
step  25760 | loss = -2.5414 | g_L = +2.5414 | EMA = +2.4682 | std(g_L) = 0.9593 | grad = 1.1467
step  25780 | loss = -2.4978 | g_L = +2.4978 | EMA = +2.4785 | std(g_L) = 1.0068 | grad = 1.9004
step  25800 | loss = -2.4353 | g_L = +2.4353 | EMA = +2.4850 | std(g_L) = 1.1303 | grad = 1.2097
step  25820 | loss = -2.4231 | g_L = +2.4231 | EMA = +2.4772 | std(g_L) = 1.0349 | grad = 1.9976
step  25840 | loss = -2.5517 | g_L = +2.5517 | EMA = +2.4760 | std(g_L) = 0.9743 | grad = 1.1107
step  25860 | loss = -2.3749 | g_L = +2.3749 | EMA = +2.4716 | std(g_L) = 1.1760 | grad = 1.2171
step  25880 | loss = -2.4638 | g_L = +2.4638 | EMA = +2.4748 | std(g_L) = 1.0045 | grad = 1.1546
step  25900 | loss = -2.4640 | g_L = +2.4640 | EMA = +2.4737 | std(g_L) = 1.0447 | grad = 3.6702
step  25920 | loss = -2.4480 | g_L = +2.4480 | EMA = +2.4834 | std(g_L) = 1.0718 | grad = 2.8106
step  25940 | loss = -2.4282 | g_L = +2.4282 | EMA = +2.4779 | std(g_L) = 1.0614 | grad = 0.8441
step  25960 | loss = -2.4917 | g_L = +2.4917 | EMA = +2.4745 | std(g_L) = 0.9590 | grad = 2.7080
step  25980 | loss = -2.4896 | g_L = +2.4896 | EMA = +2.4804 | std(g_L) = 0.9866 | grad = 4.1214
step  26000 | loss = -2.4696 | g_L = +2.4696 | EMA = +2.4767 | std(g_L) = 1.0398 | grad = 0.9400
step  26020 | loss = -2.4503 | g_L = +2.4503 | EMA = +2.4797 | std(g_L) = 1.1449 | grad = 3.3639
step  26040 | loss = -2.4654 | g_L = +2.4654 | EMA = +2.4759 | std(g_L) = 1.1502 | grad = 1.3364
step  26060 | loss = -2.4375 | g_L = +2.4375 | EMA = +2.4735 | std(g_L) = 1.0949 | grad = 2.2622
step  26080 | loss = -2.4688 | g_L = +2.4688 | EMA = +2.4844 | std(g_L) = 1.0154 | grad = 2.5620
step  26100 | loss = -2.4455 | g_L = +2.4455 | EMA = +2.4866 | std(g_L) = 1.0423 | grad = 1.0599
step  26120 | loss = -2.4815 | g_L = +2.4815 | EMA = +2.4951 | std(g_L) = 1.1035 | grad = 0.7196
step  26140 | loss = -2.5162 | g_L = +2.5162 | EMA = +2.4751 | std(g_L) = 1.0629 | grad = 1.7185
step  26160 | loss = -2.4361 | g_L = +2.4361 | EMA = +2.4749 | std(g_L) = 1.0551 | grad = 1.6023
step  26180 | loss = -2.5079 | g_L = +2.5079 | EMA = +2.4816 | std(g_L) = 0.9939 | grad = 2.1323
step  26200 | loss = -2.3944 | g_L = +2.3944 | EMA = +2.4766 | std(g_L) = 1.1638 | grad = 2.5146
step  26220 | loss = -2.3899 | g_L = +2.3899 | EMA = +2.4689 | std(g_L) = 1.1397 | grad = 0.6677
step  26240 | loss = -2.5311 | g_L = +2.5311 | EMA = +2.4863 | std(g_L) = 1.0606 | grad = 1.0521
step  26260 | loss = -2.5241 | g_L = +2.5241 | EMA = +2.4937 | std(g_L) = 1.1611 | grad = 2.3503
step  26280 | loss = -2.5211 | g_L = +2.5211 | EMA = +2.4751 | std(g_L) = 1.0312 | grad = 0.8783
step  26300 | loss = -2.4810 | g_L = +2.4810 | EMA = +2.4745 | std(g_L) = 1.0047 | grad = 1.0675
step  26320 | loss = -2.4134 | g_L = +2.4134 | EMA = +2.4878 | std(g_L) = 1.1414 | grad = 1.5704
step  26340 | loss = -2.4713 | g_L = +2.4713 | EMA = +2.4785 | std(g_L) = 1.0662 | grad = 1.1499
step  26360 | loss = -2.4817 | g_L = +2.4817 | EMA = +2.4758 | std(g_L) = 1.0788 | grad = 0.6153
step  26380 | loss = -2.4587 | g_L = +2.4587 | EMA = +2.4862 | std(g_L) = 1.0421 | grad = 0.5821
step  26400 | loss = -2.4764 | g_L = +2.4764 | EMA = +2.4909 | std(g_L) = 1.0320 | grad = 1.1051
step  26420 | loss = -2.5399 | g_L = +2.5399 | EMA = +2.4865 | std(g_L) = 1.0467 | grad = 0.7759
step  26440 | loss = -2.5061 | g_L = +2.5061 | EMA = +2.4856 | std(g_L) = 1.0309 | grad = 1.0698
step  26460 | loss = -2.4684 | g_L = +2.4684 | EMA = +2.4743 | std(g_L) = 1.0531 | grad = 1.3649
step  26480 | loss = -2.4710 | g_L = +2.4710 | EMA = +2.4701 | std(g_L) = 1.0598 | grad = 0.4184
step  26500 | loss = -2.4728 | g_L = +2.4728 | EMA = +2.4595 | std(g_L) = 1.0288 | grad = 3.5669
step  26520 | loss = -2.5079 | g_L = +2.5079 | EMA = +2.4703 | std(g_L) = 1.0302 | grad = 2.0477
step  26540 | loss = -2.4638 | g_L = +2.4638 | EMA = +2.4802 | std(g_L) = 1.1327 | grad = 3.0317
step  26560 | loss = -2.4888 | g_L = +2.4888 | EMA = +2.4814 | std(g_L) = 1.0972 | grad = 0.7939
step  26580 | loss = -2.3740 | g_L = +2.3740 | EMA = +2.4859 | std(g_L) = 1.2311 | grad = 2.0369
step  26600 | loss = -2.5334 | g_L = +2.5334 | EMA = +2.4871 | std(g_L) = 0.9767 | grad = 0.7886
step  26620 | loss = -2.4951 | g_L = +2.4951 | EMA = +2.4824 | std(g_L) = 1.0397 | grad = 0.6254
step  26640 | loss = -2.5319 | g_L = +2.5319 | EMA = +2.4866 | std(g_L) = 1.0231 | grad = 4.2224
step  26660 | loss = -2.4593 | g_L = +2.4593 | EMA = +2.4893 | std(g_L) = 1.1175 | grad = 1.8331
step  26680 | loss = -2.5089 | g_L = +2.5089 | EMA = +2.4906 | std(g_L) = 0.9598 | grad = 0.7334
step  26700 | loss = -2.5133 | g_L = +2.5133 | EMA = +2.4867 | std(g_L) = 0.9787 | grad = 0.3606
step  26720 | loss = -2.4780 | g_L = +2.4780 | EMA = +2.4789 | std(g_L) = 1.0069 | grad = 1.2064
step  26740 | loss = -2.4855 | g_L = +2.4855 | EMA = +2.4827 | std(g_L) = 1.1232 | grad = 0.7391
step  26760 | loss = -2.6146 | g_L = +2.6146 | EMA = +2.4937 | std(g_L) = 0.8778 | grad = 2.8973
step  26780 | loss = -2.4957 | g_L = +2.4957 | EMA = +2.4859 | std(g_L) = 0.9861 | grad = 1.3258
step  26800 | loss = -2.5429 | g_L = +2.5429 | EMA = +2.4847 | std(g_L) = 0.9660 | grad = 0.5499
step  26820 | loss = -2.4592 | g_L = +2.4592 | EMA = +2.4791 | std(g_L) = 1.0312 | grad = 1.4664
step  26840 | loss = -2.4799 | g_L = +2.4799 | EMA = +2.4672 | std(g_L) = 1.1523 | grad = 1.8006
step  26860 | loss = -2.5444 | g_L = +2.5444 | EMA = +2.4813 | std(g_L) = 0.9915 | grad = 3.2464
step  26880 | loss = -2.4499 | g_L = +2.4499 | EMA = +2.4875 | std(g_L) = 1.1110 | grad = 1.2874
step  26900 | loss = -2.5738 | g_L = +2.5738 | EMA = +2.4965 | std(g_L) = 0.9214 | grad = 3.0278
step  26920 | loss = -2.3927 | g_L = +2.3927 | EMA = +2.4915 | std(g_L) = 1.1731 | grad = 1.6728
step  26940 | loss = -2.4852 | g_L = +2.4852 | EMA = +2.4875 | std(g_L) = 1.1323 | grad = 2.0892
step  26960 | loss = -2.4982 | g_L = +2.4982 | EMA = +2.4816 | std(g_L) = 1.1269 | grad = 0.6530
step  26980 | loss = -2.5173 | g_L = +2.5173 | EMA = +2.4857 | std(g_L) = 1.0267 | grad = 1.3212
step  27000 | loss = -2.5113 | g_L = +2.5113 | EMA = +2.4912 | std(g_L) = 1.0195 | grad = 0.8708
step  27020 | loss = -2.5233 | g_L = +2.5233 | EMA = +2.5021 | std(g_L) = 1.0813 | grad = 0.3052
step  27040 | loss = -2.4607 | g_L = +2.4607 | EMA = +2.4869 | std(g_L) = 1.0610 | grad = 1.1499
step  27060 | loss = -2.4597 | g_L = +2.4597 | EMA = +2.4843 | std(g_L) = 1.0404 | grad = 2.9819
step  27080 | loss = -2.5442 | g_L = +2.5442 | EMA = +2.4840 | std(g_L) = 0.9899 | grad = 0.8639
step  27100 | loss = -2.5573 | g_L = +2.5573 | EMA = +2.4862 | std(g_L) = 1.0596 | grad = 0.6866
step  27120 | loss = -2.4093 | g_L = +2.4093 | EMA = +2.4792 | std(g_L) = 1.1118 | grad = 0.5031
step  27140 | loss = -2.5659 | g_L = +2.5659 | EMA = +2.4705 | std(g_L) = 0.9569 | grad = 1.4162
step  27160 | loss = -2.5001 | g_L = +2.5001 | EMA = +2.4796 | std(g_L) = 0.9982 | grad = 1.4460
step  27180 | loss = -2.4823 | g_L = +2.4823 | EMA = +2.4754 | std(g_L) = 1.0410 | grad = 1.6489
step  27200 | loss = -2.4705 | g_L = +2.4705 | EMA = +2.4786 | std(g_L) = 0.9997 | grad = 1.6537
step  27220 | loss = -2.4286 | g_L = +2.4286 | EMA = +2.4896 | std(g_L) = 1.1123 | grad = 4.5649
step  27240 | loss = -2.4753 | g_L = +2.4753 | EMA = +2.4867 | std(g_L) = 1.0393 | grad = 1.5720
step  27260 | loss = -2.5010 | g_L = +2.5010 | EMA = +2.4804 | std(g_L) = 1.0720 | grad = 2.2142
step  27280 | loss = -2.4729 | g_L = +2.4729 | EMA = +2.4903 | std(g_L) = 1.0658 | grad = 3.1118
step  27300 | loss = -2.4437 | g_L = +2.4437 | EMA = +2.4911 | std(g_L) = 1.0393 | grad = 1.8019
step  27320 | loss = -2.5646 | g_L = +2.5646 | EMA = +2.4885 | std(g_L) = 1.0182 | grad = 0.8703
step  27340 | loss = -2.4591 | g_L = +2.4591 | EMA = +2.4879 | std(g_L) = 1.1021 | grad = 1.0551
step  27360 | loss = -2.4807 | g_L = +2.4807 | EMA = +2.4751 | std(g_L) = 1.0851 | grad = 0.6223
step  27380 | loss = -2.5340 | g_L = +2.5340 | EMA = +2.4874 | std(g_L) = 1.0129 | grad = 0.9671
step  27400 | loss = -2.3739 | g_L = +2.3739 | EMA = +2.4862 | std(g_L) = 1.0954 | grad = 1.2698
step  27420 | loss = -2.5215 | g_L = +2.5215 | EMA = +2.4902 | std(g_L) = 1.0141 | grad = 0.6575
step  27440 | loss = -2.4728 | g_L = +2.4728 | EMA = +2.4989 | std(g_L) = 1.0479 | grad = 1.5361
step  27460 | loss = -2.4076 | g_L = +2.4076 | EMA = +2.4920 | std(g_L) = 1.1399 | grad = 1.1658
step  27480 | loss = -2.4271 | g_L = +2.4271 | EMA = +2.4837 | std(g_L) = 1.1866 | grad = 0.6991
step  27500 | loss = -2.5738 | g_L = +2.5738 | EMA = +2.4967 | std(g_L) = 0.9601 | grad = 2.4342
step  27520 | loss = -2.5018 | g_L = +2.5018 | EMA = +2.4996 | std(g_L) = 1.0009 | grad = 1.3376
step  27540 | loss = -2.5218 | g_L = +2.5218 | EMA = +2.4858 | std(g_L) = 1.0615 | grad = 1.7182
step  27560 | loss = -2.5572 | g_L = +2.5572 | EMA = +2.4972 | std(g_L) = 1.0494 | grad = 1.8190
step  27580 | loss = -2.4782 | g_L = +2.4782 | EMA = +2.4852 | std(g_L) = 1.1133 | grad = 1.5070
step  27600 | loss = -2.4227 | g_L = +2.4227 | EMA = +2.4837 | std(g_L) = 1.1157 | grad = 5.3285
step  27620 | loss = -2.5137 | g_L = +2.5137 | EMA = +2.4799 | std(g_L) = 1.0044 | grad = 1.0524
step  27640 | loss = -2.5483 | g_L = +2.5483 | EMA = +2.4885 | std(g_L) = 1.0657 | grad = 1.6829
step  27660 | loss = -2.5333 | g_L = +2.5333 | EMA = +2.4945 | std(g_L) = 1.0185 | grad = 1.3804
step  27680 | loss = -2.5228 | g_L = +2.5228 | EMA = +2.4931 | std(g_L) = 1.0521 | grad = 2.4498
step  27700 | loss = -2.4335 | g_L = +2.4335 | EMA = +2.4824 | std(g_L) = 1.1174 | grad = 1.7597
step  27720 | loss = -2.4872 | g_L = +2.4872 | EMA = +2.4999 | std(g_L) = 1.0198 | grad = 2.9230
step  27740 | loss = -2.4956 | g_L = +2.4956 | EMA = +2.4933 | std(g_L) = 1.0279 | grad = 1.6012
step  27760 | loss = -2.5134 | g_L = +2.5134 | EMA = +2.4810 | std(g_L) = 1.0917 | grad = 3.1929
step  27780 | loss = -2.4420 | g_L = +2.4420 | EMA = +2.4772 | std(g_L) = 1.1369 | grad = 1.1717
step  27800 | loss = -2.5542 | g_L = +2.5542 | EMA = +2.4914 | std(g_L) = 0.9796 | grad = 2.2688
step  27820 | loss = -2.5629 | g_L = +2.5629 | EMA = +2.4851 | std(g_L) = 0.9271 | grad = 1.4970
step  27840 | loss = -2.4326 | g_L = +2.4326 | EMA = +2.4923 | std(g_L) = 1.1892 | grad = 0.9822
step  27860 | loss = -2.4921 | g_L = +2.4921 | EMA = +2.4874 | std(g_L) = 1.0793 | grad = 1.7954
step  27880 | loss = -2.4575 | g_L = +2.4575 | EMA = +2.4814 | std(g_L) = 1.1342 | grad = 0.8014
step  27900 | loss = -2.5138 | g_L = +2.5138 | EMA = +2.4785 | std(g_L) = 0.9914 | grad = 0.5504
step  27920 | loss = -2.5123 | g_L = +2.5123 | EMA = +2.4856 | std(g_L) = 1.0044 | grad = 1.9454
step  27940 | loss = -2.4935 | g_L = +2.4935 | EMA = +2.4845 | std(g_L) = 0.9846 | grad = 2.5269
step  27960 | loss = -2.5419 | g_L = +2.5419 | EMA = +2.4753 | std(g_L) = 1.0007 | grad = 1.1000
step  27980 | loss = -2.4646 | g_L = +2.4646 | EMA = +2.4844 | std(g_L) = 1.1086 | grad = 1.8671
step  28000 | loss = -2.5350 | g_L = +2.5350 | EMA = +2.4916 | std(g_L) = 1.0756 | grad = 1.8339
step  28020 | loss = -2.5628 | g_L = +2.5628 | EMA = +2.5001 | std(g_L) = 0.9181 | grad = 1.2838
step  28040 | loss = -2.5223 | g_L = +2.5223 | EMA = +2.4905 | std(g_L) = 1.0710 | grad = 2.1053
step  28060 | loss = -2.4727 | g_L = +2.4727 | EMA = +2.4880 | std(g_L) = 1.0174 | grad = 3.4136
step  28080 | loss = -2.5031 | g_L = +2.5031 | EMA = +2.4902 | std(g_L) = 1.1095 | grad = 1.0669
step  28100 | loss = -2.4917 | g_L = +2.4917 | EMA = +2.4825 | std(g_L) = 1.0483 | grad = 1.0560
step  28120 | loss = -2.5513 | g_L = +2.5513 | EMA = +2.4941 | std(g_L) = 1.0602 | grad = 2.5379
step  28140 | loss = -2.5047 | g_L = +2.5047 | EMA = +2.4907 | std(g_L) = 1.0641 | grad = 0.7935
step  28160 | loss = -2.4371 | g_L = +2.4371 | EMA = +2.4781 | std(g_L) = 1.1441 | grad = 4.5654
step  28180 | loss = -2.4404 | g_L = +2.4404 | EMA = +2.4782 | std(g_L) = 1.0804 | grad = 1.3426
step  28200 | loss = -2.5282 | g_L = +2.5282 | EMA = +2.4867 | std(g_L) = 1.0342 | grad = 5.7764
step  28220 | loss = -2.4607 | g_L = +2.4607 | EMA = +2.4846 | std(g_L) = 1.1023 | grad = 2.0695
step  28240 | loss = -2.4773 | g_L = +2.4773 | EMA = +2.4930 | std(g_L) = 1.0955 | grad = 0.9908
step  28260 | loss = -2.4726 | g_L = +2.4726 | EMA = +2.4885 | std(g_L) = 1.0829 | grad = 3.0524
step  28280 | loss = -2.5129 | g_L = +2.5129 | EMA = +2.4920 | std(g_L) = 1.0724 | grad = 0.9939
step  28300 | loss = -2.5080 | g_L = +2.5080 | EMA = +2.4842 | std(g_L) = 0.9944 | grad = 0.7725
step  28320 | loss = -2.5061 | g_L = +2.5061 | EMA = +2.4852 | std(g_L) = 1.1444 | grad = 3.0378
step  28340 | loss = -2.4664 | g_L = +2.4664 | EMA = +2.4819 | std(g_L) = 1.0910 | grad = 1.6028
step  28360 | loss = -2.5134 | g_L = +2.5134 | EMA = +2.4857 | std(g_L) = 1.0216 | grad = 1.0460
step  28380 | loss = -2.4455 | g_L = +2.4455 | EMA = +2.4808 | std(g_L) = 1.0783 | grad = 1.2680
step  28400 | loss = -2.4911 | g_L = +2.4911 | EMA = +2.4885 | std(g_L) = 1.0225 | grad = 3.9688
step  28420 | loss = -2.4669 | g_L = +2.4669 | EMA = +2.5021 | std(g_L) = 1.1585 | grad = 0.6489
step  28440 | loss = -2.5209 | g_L = +2.5209 | EMA = +2.4847 | std(g_L) = 1.0359 | grad = 2.7954
step  28460 | loss = -2.4270 | g_L = +2.4270 | EMA = +2.4861 | std(g_L) = 1.1458 | grad = 0.7908
step  28480 | loss = -2.4889 | g_L = +2.4889 | EMA = +2.4863 | std(g_L) = 1.0435 | grad = 2.6910
step  28500 | loss = -2.5311 | g_L = +2.5311 | EMA = +2.4930 | std(g_L) = 0.9397 | grad = 0.7476
step  28520 | loss = -2.4611 | g_L = +2.4611 | EMA = +2.4960 | std(g_L) = 1.0347 | grad = 1.0159
step  28540 | loss = -2.5287 | g_L = +2.5287 | EMA = +2.4932 | std(g_L) = 0.9627 | grad = 3.8768
step  28560 | loss = -2.3822 | g_L = +2.3822 | EMA = +2.4865 | std(g_L) = 1.1919 | grad = 1.5069
step  28580 | loss = -2.4339 | g_L = +2.4339 | EMA = +2.4804 | std(g_L) = 1.0828 | grad = 1.3105
step  28600 | loss = -2.5617 | g_L = +2.5617 | EMA = +2.4928 | std(g_L) = 0.9831 | grad = 3.8213
step  28620 | loss = -2.5001 | g_L = +2.5001 | EMA = +2.4950 | std(g_L) = 1.1400 | grad = 1.1194
