Device: cuda
N antennas : 8
Ns         : 127
step      1 | loss = -0.1404 | g_L = +0.1404 | EMA = +0.1404 | std(g_L) = 1.0448 | grad = 0.0262
step     20 | loss = -0.0944 | g_L = +0.0944 | EMA = +0.1022 | std(g_L) = 1.0209 | grad = 0.0266
step     40 | loss = -0.0447 | g_L = +0.0447 | EMA = +0.0854 | std(g_L) = 1.3402 | grad = 0.0218
step     60 | loss = -0.1014 | g_L = +0.1014 | EMA = +0.0933 | std(g_L) = 1.6663 | grad = 0.0698
step     80 | loss = -0.2012 | g_L = +0.2012 | EMA = +0.1264 | std(g_L) = 1.0867 | grad = 0.0921
step    100 | loss = -0.2078 | g_L = +0.2078 | EMA = +0.1876 | std(g_L) = 1.2909 | grad = 0.1342
step    120 | loss = -0.3733 | g_L = +0.3733 | EMA = +0.2703 | std(g_L) = 1.3785 | grad = 0.2245
step    140 | loss = -0.4037 | g_L = +0.4037 | EMA = +0.4004 | std(g_L) = 1.5998 | grad = 0.1576
step    160 | loss = -0.6614 | g_L = +0.6614 | EMA = +0.5198 | std(g_L) = 1.6074 | grad = 0.1622
step    180 | loss = -0.6629 | g_L = +0.6629 | EMA = +0.6110 | std(g_L) = 1.6117 | grad = 0.2911
step    200 | loss = -0.8318 | g_L = +0.8318 | EMA = +0.7377 | std(g_L) = 1.4552 | grad = 0.2927
step    220 | loss = -0.8609 | g_L = +0.8609 | EMA = +0.8086 | std(g_L) = 1.8704 | grad = 0.2527
step    240 | loss = -1.0108 | g_L = +1.0108 | EMA = +0.9225 | std(g_L) = 1.5727 | grad = 0.2812
step    260 | loss = -1.1068 | g_L = +1.1068 | EMA = +1.0006 | std(g_L) = 1.4132 | grad = 0.1579
step    280 | loss = -1.0300 | g_L = +1.0300 | EMA = +1.0470 | std(g_L) = 1.6865 | grad = 0.1399
step    300 | loss = -1.2075 | g_L = +1.2075 | EMA = +1.1021 | std(g_L) = 1.3160 | grad = 0.1779
step    320 | loss = -1.0694 | g_L = +1.0694 | EMA = +1.1325 | std(g_L) = 1.2124 | grad = 0.2702
step    340 | loss = -1.1931 | g_L = +1.1931 | EMA = +1.1592 | std(g_L) = 1.3148 | grad = 0.1273
step    360 | loss = -1.0990 | g_L = +1.0990 | EMA = +1.1868 | std(g_L) = 1.6752 | grad = 0.1350
step    380 | loss = -1.1566 | g_L = +1.1566 | EMA = +1.2151 | std(g_L) = 1.4404 | grad = 0.1670
step    400 | loss = -1.3077 | g_L = +1.3077 | EMA = +1.2449 | std(g_L) = 1.2043 | grad = 0.1895
step    420 | loss = -1.2432 | g_L = +1.2432 | EMA = +1.2475 | std(g_L) = 1.2622 | grad = 0.1404
step    440 | loss = -1.1813 | g_L = +1.1813 | EMA = +1.2487 | std(g_L) = 1.4493 | grad = 0.2873
step    460 | loss = -1.3199 | g_L = +1.3199 | EMA = +1.2595 | std(g_L) = 1.2757 | grad = 0.1736
step    480 | loss = -1.2980 | g_L = +1.2980 | EMA = +1.2591 | std(g_L) = 1.3001 | grad = 0.1315
step    500 | loss = -1.1849 | g_L = +1.1849 | EMA = +1.2539 | std(g_L) = 1.6017 | grad = 0.1314
step    520 | loss = -1.3607 | g_L = +1.3607 | EMA = +1.2631 | std(g_L) = 1.2972 | grad = 0.1003
step    540 | loss = -1.2407 | g_L = +1.2407 | EMA = +1.2705 | std(g_L) = 1.4117 | grad = 0.1008
step    560 | loss = -1.3740 | g_L = +1.3740 | EMA = +1.2768 | std(g_L) = 1.1684 | grad = 0.1921
step    580 | loss = -1.2510 | g_L = +1.2510 | EMA = +1.2785 | std(g_L) = 1.3166 | grad = 0.1601
step    600 | loss = -1.2925 | g_L = +1.2925 | EMA = +1.2700 | std(g_L) = 1.4507 | grad = 0.1730
step    620 | loss = -1.3671 | g_L = +1.3671 | EMA = +1.2780 | std(g_L) = 1.2629 | grad = 0.2020
step    640 | loss = -1.2447 | g_L = +1.2447 | EMA = +1.2804 | std(g_L) = 1.3204 | grad = 0.3379
step    660 | loss = -1.2782 | g_L = +1.2782 | EMA = +1.2825 | std(g_L) = 1.3883 | grad = 0.1153
step    680 | loss = -1.3669 | g_L = +1.3669 | EMA = +1.3019 | std(g_L) = 1.1560 | grad = 0.1851
step    700 | loss = -1.3012 | g_L = +1.3012 | EMA = +1.3028 | std(g_L) = 1.3036 | grad = 0.2245
step    720 | loss = -1.3529 | g_L = +1.3529 | EMA = +1.3023 | std(g_L) = 1.2484 | grad = 0.2462
step    740 | loss = -1.2043 | g_L = +1.2043 | EMA = +1.2992 | std(g_L) = 1.5129 | grad = 0.0845
step    760 | loss = -1.3255 | g_L = +1.3255 | EMA = +1.2981 | std(g_L) = 1.3741 | grad = 0.1675
step    780 | loss = -1.3619 | g_L = +1.3619 | EMA = +1.3086 | std(g_L) = 1.3784 | grad = 0.1491
step    800 | loss = -1.2765 | g_L = +1.2765 | EMA = +1.2865 | std(g_L) = 1.4421 | grad = 0.1713
step    820 | loss = -1.2876 | g_L = +1.2876 | EMA = +1.3110 | std(g_L) = 1.2152 | grad = 0.1972
step    840 | loss = -1.3683 | g_L = +1.3683 | EMA = +1.3044 | std(g_L) = 1.2660 | grad = 0.1571
step    860 | loss = -1.2696 | g_L = +1.2696 | EMA = +1.2926 | std(g_L) = 1.2407 | grad = 0.2064
step    880 | loss = -1.2521 | g_L = +1.2521 | EMA = +1.2967 | std(g_L) = 1.2181 | grad = 0.1476
step    900 | loss = -1.3013 | g_L = +1.3013 | EMA = +1.2860 | std(g_L) = 1.3196 | grad = 0.0866
step    920 | loss = -1.3978 | g_L = +1.3978 | EMA = +1.3031 | std(g_L) = 1.2223 | grad = 0.1103
step    940 | loss = -1.3602 | g_L = +1.3602 | EMA = +1.3028 | std(g_L) = 1.2514 | grad = 0.3132
step    960 | loss = -1.3511 | g_L = +1.3511 | EMA = +1.3019 | std(g_L) = 1.3480 | grad = 0.1940
step    980 | loss = -1.2940 | g_L = +1.2940 | EMA = +1.3070 | std(g_L) = 1.2386 | grad = 0.1696
step   1000 | loss = -1.3491 | g_L = +1.3491 | EMA = +1.3078 | std(g_L) = 1.3393 | grad = 0.2012
step   1020 | loss = -1.2434 | g_L = +1.2434 | EMA = +1.3003 | std(g_L) = 1.2780 | grad = 0.1250
step   1040 | loss = -1.2742 | g_L = +1.2742 | EMA = +1.3054 | std(g_L) = 1.2247 | grad = 0.2931
step   1060 | loss = -1.2997 | g_L = +1.2997 | EMA = +1.2994 | std(g_L) = 1.2391 | grad = 0.1153
step   1080 | loss = -1.3203 | g_L = +1.3203 | EMA = +1.3046 | std(g_L) = 1.2546 | grad = 0.1666
step   1100 | loss = -1.1837 | g_L = +1.1837 | EMA = +1.2894 | std(g_L) = 1.3251 | grad = 0.1363
step   1120 | loss = -1.2851 | g_L = +1.2851 | EMA = +1.2859 | std(g_L) = 1.3369 | grad = 0.0746
step   1140 | loss = -1.3783 | g_L = +1.3783 | EMA = +1.2932 | std(g_L) = 1.2942 | grad = 0.1082
step   1160 | loss = -1.3635 | g_L = +1.3635 | EMA = +1.2876 | std(g_L) = 1.2428 | grad = 0.1783
step   1180 | loss = -1.2559 | g_L = +1.2559 | EMA = +1.3007 | std(g_L) = 1.4738 | grad = 0.1364
step   1200 | loss = -1.3193 | g_L = +1.3193 | EMA = +1.3037 | std(g_L) = 1.1765 | grad = 0.2602
step   1220 | loss = -1.3412 | g_L = +1.3412 | EMA = +1.3239 | std(g_L) = 1.3118 | grad = 0.1877
step   1240 | loss = -1.2415 | g_L = +1.2415 | EMA = +1.3186 | std(g_L) = 1.2517 | grad = 0.2819
step   1260 | loss = -1.3092 | g_L = +1.3092 | EMA = +1.3145 | std(g_L) = 1.2588 | grad = 0.1865
step   1280 | loss = -1.2784 | g_L = +1.2784 | EMA = +1.2982 | std(g_L) = 1.3599 | grad = 0.2858
step   1300 | loss = -1.3093 | g_L = +1.3093 | EMA = +1.2926 | std(g_L) = 1.2505 | grad = 0.2054
step   1320 | loss = -1.3090 | g_L = +1.3090 | EMA = +1.3192 | std(g_L) = 1.4332 | grad = 0.1424
step   1340 | loss = -1.4132 | g_L = +1.4132 | EMA = +1.3079 | std(g_L) = 1.2270 | grad = 0.1956
step   1360 | loss = -1.3058 | g_L = +1.3058 | EMA = +1.3155 | std(g_L) = 1.2475 | grad = 0.2362
step   1380 | loss = -1.4193 | g_L = +1.4193 | EMA = +1.3202 | std(g_L) = 1.1782 | grad = 0.1937
step   1400 | loss = -1.2732 | g_L = +1.2732 | EMA = +1.3134 | std(g_L) = 1.2756 | grad = 0.2588
step   1420 | loss = -1.2851 | g_L = +1.2851 | EMA = +1.3168 | std(g_L) = 1.2266 | grad = 0.1686
step   1440 | loss = -1.3583 | g_L = +1.3583 | EMA = +1.3160 | std(g_L) = 1.1805 | grad = 0.2127
step   1460 | loss = -1.2505 | g_L = +1.2505 | EMA = +1.3088 | std(g_L) = 1.5442 | grad = 0.0622
step   1480 | loss = -1.2884 | g_L = +1.2884 | EMA = +1.3075 | std(g_L) = 1.3530 | grad = 0.1160
step   1500 | loss = -1.3667 | g_L = +1.3667 | EMA = +1.3141 | std(g_L) = 1.2928 | grad = 0.0799
step   1520 | loss = -1.2925 | g_L = +1.2925 | EMA = +1.3067 | std(g_L) = 1.1650 | grad = 0.0966
step   1540 | loss = -1.2091 | g_L = +1.2091 | EMA = +1.3007 | std(g_L) = 1.4718 | grad = 0.1103
step   1560 | loss = -1.2781 | g_L = +1.2781 | EMA = +1.3026 | std(g_L) = 1.5378 | grad = 0.1641
step   1580 | loss = -1.2883 | g_L = +1.2883 | EMA = +1.3104 | std(g_L) = 1.3693 | grad = 0.2127
step   1600 | loss = -1.1982 | g_L = +1.1982 | EMA = +1.3043 | std(g_L) = 1.4667 | grad = 0.2431
step   1620 | loss = -1.3153 | g_L = +1.3153 | EMA = +1.3107 | std(g_L) = 1.3791 | grad = 0.1840
step   1640 | loss = -1.3065 | g_L = +1.3065 | EMA = +1.3082 | std(g_L) = 1.2656 | grad = 0.2598
step   1660 | loss = -1.4091 | g_L = +1.4091 | EMA = +1.3142 | std(g_L) = 1.3388 | grad = 0.1511
step   1680 | loss = -1.2936 | g_L = +1.2936 | EMA = +1.3266 | std(g_L) = 1.2847 | grad = 0.1376
step   1700 | loss = -1.3363 | g_L = +1.3363 | EMA = +1.3214 | std(g_L) = 1.2443 | grad = 0.1355
step   1720 | loss = -1.2682 | g_L = +1.2682 | EMA = +1.3131 | std(g_L) = 1.4582 | grad = 0.1480
step   1740 | loss = -1.3190 | g_L = +1.3190 | EMA = +1.3070 | std(g_L) = 1.3541 | grad = 0.1150
step   1760 | loss = -1.2389 | g_L = +1.2389 | EMA = +1.3177 | std(g_L) = 1.3891 | grad = 0.0996
step   1780 | loss = -1.3702 | g_L = +1.3702 | EMA = +1.3219 | std(g_L) = 1.2523 | grad = 0.1697
step   1800 | loss = -1.3784 | g_L = +1.3784 | EMA = +1.3241 | std(g_L) = 1.2500 | grad = 0.3344
step   1820 | loss = -1.2530 | g_L = +1.2530 | EMA = +1.3169 | std(g_L) = 1.3879 | grad = 0.1705
step   1840 | loss = -1.3273 | g_L = +1.3273 | EMA = +1.3162 | std(g_L) = 1.2263 | grad = 0.0957
step   1860 | loss = -1.4161 | g_L = +1.4161 | EMA = +1.3156 | std(g_L) = 1.2297 | grad = 0.2278
step   1880 | loss = -1.3592 | g_L = +1.3592 | EMA = +1.3171 | std(g_L) = 1.3227 | grad = 0.1773
step   1900 | loss = -1.3825 | g_L = +1.3825 | EMA = +1.3289 | std(g_L) = 1.1645 | grad = 0.2702
step   1920 | loss = -1.3732 | g_L = +1.3732 | EMA = +1.3212 | std(g_L) = 1.4033 | grad = 0.1941
step   1940 | loss = -1.2969 | g_L = +1.2969 | EMA = +1.3141 | std(g_L) = 1.3656 | grad = 0.1531
step   1960 | loss = -1.4109 | g_L = +1.4109 | EMA = +1.3054 | std(g_L) = 1.2172 | grad = 0.1994
step   1980 | loss = -1.3554 | g_L = +1.3554 | EMA = +1.3059 | std(g_L) = 1.3660 | grad = 0.1525
step   2000 | loss = -1.4816 | g_L = +1.4816 | EMA = +1.3255 | std(g_L) = 1.2033 | grad = 0.1394
step   2020 | loss = -1.3815 | g_L = +1.3815 | EMA = +1.3256 | std(g_L) = 1.2211 | grad = 0.1885
step   2040 | loss = -1.4243 | g_L = +1.4243 | EMA = +1.3339 | std(g_L) = 1.2307 | grad = 0.0642
step   2060 | loss = -1.3923 | g_L = +1.3923 | EMA = +1.3409 | std(g_L) = 1.2701 | grad = 0.1397
step   2080 | loss = -1.3352 | g_L = +1.3352 | EMA = +1.3314 | std(g_L) = 1.2055 | grad = 0.2284
step   2100 | loss = -1.4430 | g_L = +1.4430 | EMA = +1.3298 | std(g_L) = 1.2017 | grad = 0.2274
step   2120 | loss = -1.3775 | g_L = +1.3775 | EMA = +1.3261 | std(g_L) = 1.2153 | grad = 0.1009
step   2140 | loss = -1.3274 | g_L = +1.3274 | EMA = +1.3319 | std(g_L) = 1.1740 | grad = 0.2199
step   2160 | loss = -1.3669 | g_L = +1.3669 | EMA = +1.3229 | std(g_L) = 1.2945 | grad = 0.1319
step   2180 | loss = -1.2756 | g_L = +1.2756 | EMA = +1.3287 | std(g_L) = 1.2925 | grad = 0.1574
step   2200 | loss = -1.3967 | g_L = +1.3967 | EMA = +1.3285 | std(g_L) = 1.3126 | grad = 0.1311
step   2220 | loss = -1.2314 | g_L = +1.2314 | EMA = +1.3135 | std(g_L) = 1.5224 | grad = 0.2035
step   2240 | loss = -1.3715 | g_L = +1.3715 | EMA = +1.3159 | std(g_L) = 1.1456 | grad = 0.1522
step   2260 | loss = -1.3669 | g_L = +1.3669 | EMA = +1.3464 | std(g_L) = 1.4283 | grad = 0.1937
step   2280 | loss = -1.2744 | g_L = +1.2744 | EMA = +1.3357 | std(g_L) = 1.2964 | grad = 0.1411
step   2300 | loss = -1.3477 | g_L = +1.3477 | EMA = +1.3443 | std(g_L) = 1.3126 | grad = 0.1499
step   2320 | loss = -1.2262 | g_L = +1.2262 | EMA = +1.3314 | std(g_L) = 1.3243 | grad = 0.1731
step   2340 | loss = -1.4171 | g_L = +1.4171 | EMA = +1.3405 | std(g_L) = 1.1732 | grad = 0.1923
step   2360 | loss = -1.3298 | g_L = +1.3298 | EMA = +1.3357 | std(g_L) = 1.2310 | grad = 0.2022
step   2380 | loss = -1.3237 | g_L = +1.3237 | EMA = +1.3289 | std(g_L) = 1.2103 | grad = 0.2143
step   2400 | loss = -1.2945 | g_L = +1.2945 | EMA = +1.3358 | std(g_L) = 1.5020 | grad = 0.2254
step   2420 | loss = -1.3116 | g_L = +1.3116 | EMA = +1.3371 | std(g_L) = 1.1872 | grad = 0.1241
step   2440 | loss = -1.2762 | g_L = +1.2762 | EMA = +1.3258 | std(g_L) = 1.3065 | grad = 0.1320
step   2460 | loss = -1.3673 | g_L = +1.3673 | EMA = +1.3273 | std(g_L) = 1.2274 | grad = 0.0805
step   2480 | loss = -1.3833 | g_L = +1.3833 | EMA = +1.3475 | std(g_L) = 1.2049 | grad = 0.2632
step   2500 | loss = -1.2982 | g_L = +1.2982 | EMA = +1.3419 | std(g_L) = 1.2337 | grad = 0.1395
step   2520 | loss = -1.2699 | g_L = +1.2699 | EMA = +1.3434 | std(g_L) = 1.2264 | grad = 0.1399
step   2540 | loss = -1.2645 | g_L = +1.2645 | EMA = +1.3340 | std(g_L) = 1.2851 | grad = 0.1485
step   2560 | loss = -1.3643 | g_L = +1.3643 | EMA = +1.3331 | std(g_L) = 1.1674 | grad = 0.1719
step   2580 | loss = -1.3778 | g_L = +1.3778 | EMA = +1.3379 | std(g_L) = 1.2956 | grad = 0.2080
step   2600 | loss = -1.4505 | g_L = +1.4505 | EMA = +1.3438 | std(g_L) = 1.2105 | grad = 0.1683
step   2620 | loss = -1.3659 | g_L = +1.3659 | EMA = +1.3393 | std(g_L) = 1.3032 | grad = 0.1773
step   2640 | loss = -1.1837 | g_L = +1.1837 | EMA = +1.3242 | std(g_L) = 1.1993 | grad = 0.2024
step   2660 | loss = -1.2881 | g_L = +1.2881 | EMA = +1.3180 | std(g_L) = 1.3297 | grad = 0.1217
step   2680 | loss = -1.2409 | g_L = +1.2409 | EMA = +1.3413 | std(g_L) = 1.3888 | grad = 0.1271
step   2700 | loss = -1.4243 | g_L = +1.4243 | EMA = +1.3346 | std(g_L) = 1.2155 | grad = 0.2533
step   2720 | loss = -1.2719 | g_L = +1.2719 | EMA = +1.3513 | std(g_L) = 1.2803 | grad = 0.1238
step   2740 | loss = -1.2951 | g_L = +1.2951 | EMA = +1.3444 | std(g_L) = 1.2925 | grad = 0.1913
step   2760 | loss = -1.2584 | g_L = +1.2584 | EMA = +1.3498 | std(g_L) = 1.3028 | grad = 0.2151
step   2780 | loss = -1.3414 | g_L = +1.3414 | EMA = +1.3444 | std(g_L) = 1.3002 | grad = 0.1659
step   2800 | loss = -1.2496 | g_L = +1.2496 | EMA = +1.3466 | std(g_L) = 1.5429 | grad = 0.1327
step   2820 | loss = -1.3875 | g_L = +1.3875 | EMA = +1.3383 | std(g_L) = 1.1837 | grad = 0.2170
step   2840 | loss = -1.2385 | g_L = +1.2385 | EMA = +1.3453 | std(g_L) = 1.3801 | grad = 0.1664
step   2860 | loss = -1.3832 | g_L = +1.3832 | EMA = +1.3398 | std(g_L) = 1.2125 | grad = 0.0888
step   2880 | loss = -1.2558 | g_L = +1.2558 | EMA = +1.3315 | std(g_L) = 1.4142 | grad = 0.1479
step   2900 | loss = -1.4971 | g_L = +1.4971 | EMA = +1.3518 | std(g_L) = 1.1267 | grad = 0.1287
step   2920 | loss = -1.2840 | g_L = +1.2840 | EMA = +1.3551 | std(g_L) = 1.1979 | grad = 0.2917
step   2940 | loss = -1.3170 | g_L = +1.3170 | EMA = +1.3482 | std(g_L) = 1.3281 | grad = 0.1815
step   2960 | loss = -1.2545 | g_L = +1.2545 | EMA = +1.3421 | std(g_L) = 1.3774 | grad = 0.1143
step   2980 | loss = -1.4112 | g_L = +1.4112 | EMA = +1.3557 | std(g_L) = 1.1889 | grad = 0.2053
step   3000 | loss = -1.3325 | g_L = +1.3325 | EMA = +1.3375 | std(g_L) = 1.2979 | grad = 0.4526
step   3020 | loss = -1.3007 | g_L = +1.3007 | EMA = +1.3562 | std(g_L) = 1.5397 | grad = 0.1603
step   3040 | loss = -1.3142 | g_L = +1.3142 | EMA = +1.3508 | std(g_L) = 1.3711 | grad = 0.2381
step   3060 | loss = -1.3734 | g_L = +1.3734 | EMA = +1.3475 | std(g_L) = 1.4488 | grad = 0.2284
step   3080 | loss = -1.3503 | g_L = +1.3503 | EMA = +1.3420 | std(g_L) = 1.3556 | grad = 0.1516
step   3100 | loss = -1.2525 | g_L = +1.2525 | EMA = +1.3449 | std(g_L) = 1.3182 | grad = 0.1265
step   3120 | loss = -1.3229 | g_L = +1.3229 | EMA = +1.3367 | std(g_L) = 1.5372 | grad = 0.1678
step   3140 | loss = -1.2538 | g_L = +1.2538 | EMA = +1.3360 | std(g_L) = 1.1970 | grad = 0.2577
step   3160 | loss = -1.3421 | g_L = +1.3421 | EMA = +1.3513 | std(g_L) = 1.2988 | grad = 0.2307
step   3180 | loss = -1.4268 | g_L = +1.4268 | EMA = +1.3615 | std(g_L) = 1.4608 | grad = 0.1849
step   3200 | loss = -1.3299 | g_L = +1.3299 | EMA = +1.3530 | std(g_L) = 1.2402 | grad = 0.1734
step   3220 | loss = -1.3508 | g_L = +1.3508 | EMA = +1.3412 | std(g_L) = 1.2814 | grad = 0.1792
step   3240 | loss = -1.3775 | g_L = +1.3775 | EMA = +1.3486 | std(g_L) = 1.2432 | grad = 0.0906
step   3260 | loss = -1.3788 | g_L = +1.3788 | EMA = +1.3545 | std(g_L) = 1.2153 | grad = 0.3172
step   3280 | loss = -1.3493 | g_L = +1.3493 | EMA = +1.3494 | std(g_L) = 1.1696 | grad = 0.2224
step   3300 | loss = -1.3521 | g_L = +1.3521 | EMA = +1.3541 | std(g_L) = 1.2461 | grad = 0.1217
step   3320 | loss = -1.2802 | g_L = +1.2802 | EMA = +1.3523 | std(g_L) = 1.3453 | grad = 0.1533
step   3340 | loss = -1.2782 | g_L = +1.2782 | EMA = +1.3466 | std(g_L) = 1.2262 | grad = 0.1330
step   3360 | loss = -1.3275 | g_L = +1.3275 | EMA = +1.3549 | std(g_L) = 1.2733 | grad = 0.1666
step   3380 | loss = -1.3725 | g_L = +1.3725 | EMA = +1.3541 | std(g_L) = 1.1953 | grad = 0.3319
step   3400 | loss = -1.3462 | g_L = +1.3462 | EMA = +1.3512 | std(g_L) = 1.1764 | grad = 0.1371
step   3420 | loss = -1.4139 | g_L = +1.4139 | EMA = +1.3564 | std(g_L) = 1.1135 | grad = 0.1644
step   3440 | loss = -1.2839 | g_L = +1.2839 | EMA = +1.3528 | std(g_L) = 1.2787 | grad = 0.1496
step   3460 | loss = -1.4045 | g_L = +1.4045 | EMA = +1.3506 | std(g_L) = 1.2051 | grad = 0.1314
step   3480 | loss = -1.3477 | g_L = +1.3477 | EMA = +1.3622 | std(g_L) = 1.2328 | grad = 0.1482
step   3500 | loss = -1.3254 | g_L = +1.3254 | EMA = +1.3612 | std(g_L) = 1.2449 | grad = 0.2217
step   3520 | loss = -1.3913 | g_L = +1.3913 | EMA = +1.3598 | std(g_L) = 1.3227 | grad = 0.1306
step   3540 | loss = -1.4216 | g_L = +1.4216 | EMA = +1.3533 | std(g_L) = 1.4455 | grad = 0.1213
step   3560 | loss = -1.3595 | g_L = +1.3595 | EMA = +1.3637 | std(g_L) = 1.2724 | grad = 0.1056
step   3580 | loss = -1.4355 | g_L = +1.4355 | EMA = +1.3607 | std(g_L) = 1.2126 | grad = 0.1419
step   3600 | loss = -1.3862 | g_L = +1.3862 | EMA = +1.3850 | std(g_L) = 1.1783 | grad = 0.1649
step   3620 | loss = -1.2986 | g_L = +1.2986 | EMA = +1.3517 | std(g_L) = 1.3108 | grad = 0.2135
step   3640 | loss = -1.4664 | g_L = +1.4664 | EMA = +1.3450 | std(g_L) = 1.2172 | grad = 0.1190
step   3660 | loss = -1.4475 | g_L = +1.4475 | EMA = +1.3519 | std(g_L) = 1.1687 | grad = 0.1646
step   3680 | loss = -1.3340 | g_L = +1.3340 | EMA = +1.3508 | std(g_L) = 1.2835 | grad = 0.1906
step   3700 | loss = -1.3771 | g_L = +1.3771 | EMA = +1.3680 | std(g_L) = 1.2144 | grad = 0.1545
step   3720 | loss = -1.4095 | g_L = +1.4095 | EMA = +1.3575 | std(g_L) = 1.2214 | grad = 0.1670
step   3740 | loss = -1.3825 | g_L = +1.3825 | EMA = +1.3651 | std(g_L) = 1.2543 | grad = 0.2370
step   3760 | loss = -1.3473 | g_L = +1.3473 | EMA = +1.3540 | std(g_L) = 1.2808 | grad = 0.1719
step   3780 | loss = -1.3481 | g_L = +1.3481 | EMA = +1.3547 | std(g_L) = 1.2555 | grad = 0.2369
step   3800 | loss = -1.4696 | g_L = +1.4696 | EMA = +1.3617 | std(g_L) = 1.1345 | grad = 0.2013
step   3820 | loss = -1.2955 | g_L = +1.2955 | EMA = +1.3700 | std(g_L) = 1.0911 | grad = 0.1663
step   3840 | loss = -1.3514 | g_L = +1.3514 | EMA = +1.3480 | std(g_L) = 1.2029 | grad = 0.2419
step   3860 | loss = -1.3378 | g_L = +1.3378 | EMA = +1.3587 | std(g_L) = 1.1828 | grad = 0.1473
step   3880 | loss = -1.3491 | g_L = +1.3491 | EMA = +1.3530 | std(g_L) = 1.3306 | grad = 0.1806
step   3900 | loss = -1.3739 | g_L = +1.3739 | EMA = +1.3560 | std(g_L) = 1.1923 | grad = 0.1908
step   3920 | loss = -1.4467 | g_L = +1.4467 | EMA = +1.3693 | std(g_L) = 1.3343 | grad = 0.1415
step   3940 | loss = -1.4401 | g_L = +1.4401 | EMA = +1.3675 | std(g_L) = 1.2998 | grad = 0.1672
step   3960 | loss = -1.3501 | g_L = +1.3501 | EMA = +1.3590 | std(g_L) = 1.3401 | grad = 0.2870
step   3980 | loss = -1.4028 | g_L = +1.4028 | EMA = +1.3613 | std(g_L) = 1.1740 | grad = 0.1886
step   4000 | loss = -1.3469 | g_L = +1.3469 | EMA = +1.3601 | std(g_L) = 1.3335 | grad = 0.1240
step   4020 | loss = -1.3884 | g_L = +1.3884 | EMA = +1.3597 | std(g_L) = 1.2028 | grad = 0.1908
step   4040 | loss = -1.3329 | g_L = +1.3329 | EMA = +1.3737 | std(g_L) = 1.3047 | grad = 0.1928
step   4060 | loss = -1.3491 | g_L = +1.3491 | EMA = +1.3709 | std(g_L) = 1.2125 | grad = 0.1986
step   4080 | loss = -1.2882 | g_L = +1.2882 | EMA = +1.3591 | std(g_L) = 1.3059 | grad = 0.1136
step   4100 | loss = -1.4594 | g_L = +1.4594 | EMA = +1.3602 | std(g_L) = 1.3146 | grad = 0.2234
step   4120 | loss = -1.3191 | g_L = +1.3191 | EMA = +1.3557 | std(g_L) = 1.3473 | grad = 0.1759
step   4140 | loss = -1.3932 | g_L = +1.3932 | EMA = +1.3600 | std(g_L) = 1.2908 | grad = 0.1407
step   4160 | loss = -1.4080 | g_L = +1.4080 | EMA = +1.3725 | std(g_L) = 1.1883 | grad = 0.1579
step   4180 | loss = -1.3780 | g_L = +1.3780 | EMA = +1.3672 | std(g_L) = 1.1703 | grad = 0.1882
step   4200 | loss = -1.4677 | g_L = +1.4677 | EMA = +1.3896 | std(g_L) = 1.2831 | grad = 0.1638
step   4220 | loss = -1.3744 | g_L = +1.3744 | EMA = +1.3715 | std(g_L) = 1.1352 | grad = 0.1913
step   4240 | loss = -1.4108 | g_L = +1.4108 | EMA = +1.3773 | std(g_L) = 1.2471 | grad = 0.1256
step   4260 | loss = -1.4046 | g_L = +1.4046 | EMA = +1.3848 | std(g_L) = 1.4353 | grad = 0.3927
step   4280 | loss = -1.2188 | g_L = +1.2188 | EMA = +1.3722 | std(g_L) = 1.2531 | grad = 0.1993
step   4300 | loss = -1.4254 | g_L = +1.4254 | EMA = +1.3587 | std(g_L) = 1.3501 | grad = 0.1289
step   4320 | loss = -1.4357 | g_L = +1.4357 | EMA = +1.3827 | std(g_L) = 1.2218 | grad = 0.1635
step   4340 | loss = -1.3900 | g_L = +1.3900 | EMA = +1.3848 | std(g_L) = 1.2419 | grad = 0.1928
step   4360 | loss = -1.4255 | g_L = +1.4255 | EMA = +1.3831 | std(g_L) = 1.2287 | grad = 0.1185
step   4380 | loss = -1.4173 | g_L = +1.4173 | EMA = +1.3785 | std(g_L) = 1.3009 | grad = 0.2277
step   4400 | loss = -1.3313 | g_L = +1.3313 | EMA = +1.3858 | std(g_L) = 1.3398 | grad = 0.0993
step   4420 | loss = -1.4461 | g_L = +1.4461 | EMA = +1.3782 | std(g_L) = 1.1598 | grad = 0.1297
step   4440 | loss = -1.4570 | g_L = +1.4570 | EMA = +1.3892 | std(g_L) = 1.1990 | grad = 0.1249
step   4460 | loss = -1.4541 | g_L = +1.4541 | EMA = +1.3805 | std(g_L) = 1.3291 | grad = 0.2683
step   4480 | loss = -1.4437 | g_L = +1.4437 | EMA = +1.3799 | std(g_L) = 1.1777 | grad = 0.1594
step   4500 | loss = -1.3935 | g_L = +1.3935 | EMA = +1.3734 | std(g_L) = 1.1597 | grad = 0.1425
step   4520 | loss = -1.3362 | g_L = +1.3362 | EMA = +1.3647 | std(g_L) = 1.3089 | grad = 0.1048
step   4540 | loss = -1.3758 | g_L = +1.3758 | EMA = +1.3762 | std(g_L) = 1.2386 | grad = 0.1493
step   4560 | loss = -1.4167 | g_L = +1.4167 | EMA = +1.3652 | std(g_L) = 1.2053 | grad = 0.1375
step   4580 | loss = -1.3381 | g_L = +1.3381 | EMA = +1.3753 | std(g_L) = 1.2781 | grad = 0.2058
step   4600 | loss = -1.4367 | g_L = +1.4367 | EMA = +1.3896 | std(g_L) = 1.3382 | grad = 0.2564
step   4620 | loss = -1.4294 | g_L = +1.4294 | EMA = +1.3900 | std(g_L) = 1.1719 | grad = 0.1607
step   4640 | loss = -1.4461 | g_L = +1.4461 | EMA = +1.3841 | std(g_L) = 1.2106 | grad = 0.1296
step   4660 | loss = -1.3942 | g_L = +1.3942 | EMA = +1.3795 | std(g_L) = 1.2406 | grad = 0.1312
step   4680 | loss = -1.3967 | g_L = +1.3967 | EMA = +1.3626 | std(g_L) = 1.2234 | grad = 0.2377
step   4700 | loss = -1.3090 | g_L = +1.3090 | EMA = +1.3757 | std(g_L) = 1.1704 | grad = 0.2940
step   4720 | loss = -1.3395 | g_L = +1.3395 | EMA = +1.3731 | std(g_L) = 1.3759 | grad = 0.2717
step   4740 | loss = -1.4041 | g_L = +1.4041 | EMA = +1.3606 | std(g_L) = 1.4260 | grad = 0.0923
step   4760 | loss = -1.2764 | g_L = +1.2764 | EMA = +1.3650 | std(g_L) = 1.3886 | grad = 0.1524
step   4780 | loss = -1.4094 | g_L = +1.4094 | EMA = +1.3728 | std(g_L) = 1.1800 | grad = 0.1268
step   4800 | loss = -1.4296 | g_L = +1.4296 | EMA = +1.3771 | std(g_L) = 1.1764 | grad = 0.0976
step   4820 | loss = -1.4479 | g_L = +1.4479 | EMA = +1.3896 | std(g_L) = 1.1801 | grad = 0.2145
step   4840 | loss = -1.4704 | g_L = +1.4704 | EMA = +1.3890 | std(g_L) = 1.2815 | grad = 0.1524
step   4860 | loss = -1.4414 | g_L = +1.4414 | EMA = +1.3869 | std(g_L) = 1.1446 | grad = 0.1537
step   4880 | loss = -1.4841 | g_L = +1.4841 | EMA = +1.3693 | std(g_L) = 1.1635 | grad = 0.1337
step   4900 | loss = -1.3878 | g_L = +1.3878 | EMA = +1.3691 | std(g_L) = 1.1797 | grad = 0.3030
step   4920 | loss = -1.4059 | g_L = +1.4059 | EMA = +1.3733 | std(g_L) = 1.2888 | grad = 0.1518
step   4940 | loss = -1.3186 | g_L = +1.3186 | EMA = +1.3719 | std(g_L) = 1.1954 | grad = 0.2041
step   4960 | loss = -1.3323 | g_L = +1.3323 | EMA = +1.3640 | std(g_L) = 1.4287 | grad = 0.2353
step   4980 | loss = -1.3494 | g_L = +1.3494 | EMA = +1.3680 | std(g_L) = 1.2688 | grad = 0.1942
step   5000 | loss = -1.3231 | g_L = +1.3231 | EMA = +1.3730 | std(g_L) = 1.1375 | grad = 0.2405
step   5020 | loss = -1.3811 | g_L = +1.3811 | EMA = +1.3726 | std(g_L) = 1.2863 | grad = 0.1544
step   5040 | loss = -1.4061 | g_L = +1.4061 | EMA = +1.3790 | std(g_L) = 1.1284 | grad = 0.1266
step   5060 | loss = -1.2967 | g_L = +1.2967 | EMA = +1.3752 | std(g_L) = 1.4144 | grad = 0.1597
step   5080 | loss = -1.3546 | g_L = +1.3546 | EMA = +1.3855 | std(g_L) = 1.2202 | grad = 0.1916
step   5100 | loss = -1.4033 | g_L = +1.4033 | EMA = +1.3827 | std(g_L) = 1.4100 | grad = 0.2047
step   5120 | loss = -1.3454 | g_L = +1.3454 | EMA = +1.3756 | std(g_L) = 1.2990 | grad = 0.2541
step   5140 | loss = -1.4765 | g_L = +1.4765 | EMA = +1.3825 | std(g_L) = 1.3851 | grad = 0.2668
step   5160 | loss = -1.4478 | g_L = +1.4478 | EMA = +1.3842 | std(g_L) = 1.3343 | grad = 0.2420
step   5180 | loss = -1.3206 | g_L = +1.3206 | EMA = +1.3724 | std(g_L) = 1.4016 | grad = 0.2477
step   5200 | loss = -1.3898 | g_L = +1.3898 | EMA = +1.3742 | std(g_L) = 1.2591 | grad = 0.1503
step   5220 | loss = -1.3529 | g_L = +1.3529 | EMA = +1.3655 | std(g_L) = 1.3665 | grad = 0.1824
step   5240 | loss = -1.3476 | g_L = +1.3476 | EMA = +1.3793 | std(g_L) = 1.4473 | grad = 0.1266
step   5260 | loss = -1.3968 | g_L = +1.3968 | EMA = +1.3692 | std(g_L) = 1.1154 | grad = 0.1718
step   5280 | loss = -1.3655 | g_L = +1.3655 | EMA = +1.3760 | std(g_L) = 1.3879 | grad = 0.1875
step   5300 | loss = -1.3536 | g_L = +1.3536 | EMA = +1.3782 | std(g_L) = 1.1552 | grad = 0.0819
step   5320 | loss = -1.4329 | g_L = +1.4329 | EMA = +1.3766 | std(g_L) = 1.2182 | grad = 0.1443
step   5340 | loss = -1.3817 | g_L = +1.3817 | EMA = +1.3703 | std(g_L) = 1.2684 | grad = 0.1375
step   5360 | loss = -1.3311 | g_L = +1.3311 | EMA = +1.3751 | std(g_L) = 1.6530 | grad = 0.1595
step   5380 | loss = -1.4550 | g_L = +1.4550 | EMA = +1.3835 | std(g_L) = 1.1870 | grad = 0.1854
step   5400 | loss = -1.3729 | g_L = +1.3729 | EMA = +1.3740 | std(g_L) = 1.2985 | grad = 0.1522
step   5420 | loss = -1.3335 | g_L = +1.3335 | EMA = +1.3764 | std(g_L) = 1.2258 | grad = 0.1514
step   5440 | loss = -1.2949 | g_L = +1.2949 | EMA = +1.3570 | std(g_L) = 1.3641 | grad = 0.1727
step   5460 | loss = -1.4087 | g_L = +1.4087 | EMA = +1.3712 | std(g_L) = 1.1462 | grad = 0.2655
step   5480 | loss = -1.3346 | g_L = +1.3346 | EMA = +1.3844 | std(g_L) = 1.3551 | grad = 0.1898
step   5500 | loss = -1.3266 | g_L = +1.3266 | EMA = +1.3529 | std(g_L) = 1.1840 | grad = 0.1921
step   5520 | loss = -1.4435 | g_L = +1.4435 | EMA = +1.3720 | std(g_L) = 1.3843 | grad = 0.1009
step   5540 | loss = -1.3290 | g_L = +1.3290 | EMA = +1.3681 | std(g_L) = 1.3824 | grad = 0.1658
step   5560 | loss = -1.3454 | g_L = +1.3454 | EMA = +1.3763 | std(g_L) = 1.3254 | grad = 0.1852
step   5580 | loss = -1.4822 | g_L = +1.4822 | EMA = +1.3870 | std(g_L) = 1.1880 | grad = 0.1430
step   5600 | loss = -1.4251 | g_L = +1.4251 | EMA = +1.3648 | std(g_L) = 1.2516 | grad = 0.1700
step   5620 | loss = -1.3644 | g_L = +1.3644 | EMA = +1.3568 | std(g_L) = 1.2628 | grad = 0.2580
step   5640 | loss = -1.3597 | g_L = +1.3597 | EMA = +1.3713 | std(g_L) = 1.3432 | grad = 0.0913
step   5660 | loss = -1.3776 | g_L = +1.3776 | EMA = +1.3703 | std(g_L) = 1.3163 | grad = 0.0855
step   5680 | loss = -1.2984 | g_L = +1.2984 | EMA = +1.3699 | std(g_L) = 1.2882 | grad = 0.1257
step   5700 | loss = -1.4591 | g_L = +1.4591 | EMA = +1.3851 | std(g_L) = 1.3074 | grad = 0.2376
step   5720 | loss = -1.4724 | g_L = +1.4724 | EMA = +1.3896 | std(g_L) = 1.0947 | grad = 0.2880
step   5740 | loss = -1.3980 | g_L = +1.3980 | EMA = +1.3814 | std(g_L) = 1.3966 | grad = 0.1359
step   5760 | loss = -1.3932 | g_L = +1.3932 | EMA = +1.3897 | std(g_L) = 1.3279 | grad = 0.0886
step   5780 | loss = -1.3765 | g_L = +1.3765 | EMA = +1.3930 | std(g_L) = 1.1905 | grad = 0.1461
step   5800 | loss = -1.4576 | g_L = +1.4576 | EMA = +1.3887 | std(g_L) = 1.1534 | grad = 0.2034
step   5820 | loss = -1.3853 | g_L = +1.3853 | EMA = +1.3766 | std(g_L) = 1.2069 | grad = 0.2791
step   5840 | loss = -1.3239 | g_L = +1.3239 | EMA = +1.3795 | std(g_L) = 1.4155 | grad = 0.0982
step   5860 | loss = -1.4530 | g_L = +1.4530 | EMA = +1.3754 | std(g_L) = 1.2471 | grad = 0.1110
step   5880 | loss = -1.3946 | g_L = +1.3946 | EMA = +1.3773 | std(g_L) = 1.2192 | grad = 0.0944
step   5900 | loss = -1.2897 | g_L = +1.2897 | EMA = +1.3686 | std(g_L) = 1.3540 | grad = 0.1121
step   5920 | loss = -1.4224 | g_L = +1.4224 | EMA = +1.3692 | std(g_L) = 1.3362 | grad = 0.1662
step   5940 | loss = -1.2518 | g_L = +1.2518 | EMA = +1.3619 | std(g_L) = 1.4926 | grad = 0.4364
step   5960 | loss = -1.4781 | g_L = +1.4781 | EMA = +1.3711 | std(g_L) = 1.3816 | grad = 0.2243
step   5980 | loss = -1.2889 | g_L = +1.2889 | EMA = +1.3859 | std(g_L) = 1.3576 | grad = 0.1375
step   6000 | loss = -1.4094 | g_L = +1.4094 | EMA = +1.3846 | std(g_L) = 1.3234 | grad = 0.2175
step   6020 | loss = -1.3778 | g_L = +1.3778 | EMA = +1.3773 | std(g_L) = 1.2421 | grad = 0.2150
step   6040 | loss = -1.4504 | g_L = +1.4504 | EMA = +1.3869 | std(g_L) = 1.2821 | grad = 0.1247
step   6060 | loss = -1.4144 | g_L = +1.4144 | EMA = +1.3800 | std(g_L) = 1.2087 | grad = 0.1621
step   6080 | loss = -1.4406 | g_L = +1.4406 | EMA = +1.3903 | std(g_L) = 1.2838 | grad = 0.2469
step   6100 | loss = -1.2831 | g_L = +1.2831 | EMA = +1.3782 | std(g_L) = 1.3633 | grad = 0.1249
step   6120 | loss = -1.2685 | g_L = +1.2685 | EMA = +1.3684 | std(g_L) = 1.2412 | grad = 0.1788
step   6140 | loss = -1.5097 | g_L = +1.5097 | EMA = +1.3944 | std(g_L) = 1.2125 | grad = 0.1330
step   6160 | loss = -1.4993 | g_L = +1.4993 | EMA = +1.3902 | std(g_L) = 1.2061 | grad = 0.1439
step   6180 | loss = -1.4807 | g_L = +1.4807 | EMA = +1.3812 | std(g_L) = 1.1337 | grad = 0.2886
step   6200 | loss = -1.4029 | g_L = +1.4029 | EMA = +1.3715 | std(g_L) = 1.2298 | grad = 0.1102
step   6220 | loss = -1.3254 | g_L = +1.3254 | EMA = +1.3663 | std(g_L) = 1.5178 | grad = 0.1194
step   6240 | loss = -1.3374 | g_L = +1.3374 | EMA = +1.3765 | std(g_L) = 1.4041 | grad = 0.2145
step   6260 | loss = -1.4386 | g_L = +1.4386 | EMA = +1.3795 | std(g_L) = 1.1899 | grad = 0.2527
step   6280 | loss = -1.3769 | g_L = +1.3769 | EMA = +1.3836 | std(g_L) = 1.2042 | grad = 0.1098
step   6300 | loss = -1.3858 | g_L = +1.3858 | EMA = +1.3718 | std(g_L) = 1.1858 | grad = 0.1975
step   6320 | loss = -1.3360 | g_L = +1.3360 | EMA = +1.3711 | std(g_L) = 1.2692 | grad = 0.1642
step   6340 | loss = -1.4066 | g_L = +1.4066 | EMA = +1.3743 | std(g_L) = 1.3023 | grad = 0.1998
step   6360 | loss = -1.3908 | g_L = +1.3908 | EMA = +1.3873 | std(g_L) = 1.1316 | grad = 0.1737
step   6380 | loss = -1.3705 | g_L = +1.3705 | EMA = +1.3772 | std(g_L) = 1.2566 | grad = 0.3058
step   6400 | loss = -1.3433 | g_L = +1.3433 | EMA = +1.3703 | std(g_L) = 1.3750 | grad = 0.2422
step   6420 | loss = -1.2846 | g_L = +1.2846 | EMA = +1.3794 | std(g_L) = 1.3524 | grad = 0.2127
step   6440 | loss = -1.3801 | g_L = +1.3801 | EMA = +1.3771 | std(g_L) = 1.2723 | grad = 0.3179
step   6460 | loss = -1.2877 | g_L = +1.2877 | EMA = +1.3685 | std(g_L) = 1.3820 | grad = 0.1453
step   6480 | loss = -1.4305 | g_L = +1.4305 | EMA = +1.3727 | std(g_L) = 1.2217 | grad = 0.1166
step   6500 | loss = -1.3213 | g_L = +1.3213 | EMA = +1.3741 | std(g_L) = 1.3623 | grad = 0.1402
step   6520 | loss = -1.3718 | g_L = +1.3718 | EMA = +1.3795 | std(g_L) = 1.3621 | grad = 0.2495
step   6540 | loss = -1.3756 | g_L = +1.3756 | EMA = +1.3798 | std(g_L) = 1.3160 | grad = 0.2173
step   6560 | loss = -1.3288 | g_L = +1.3288 | EMA = +1.3837 | std(g_L) = 1.4912 | grad = 0.2182
step   6580 | loss = -1.4516 | g_L = +1.4516 | EMA = +1.3836 | std(g_L) = 1.2542 | grad = 0.1808
step   6600 | loss = -1.3218 | g_L = +1.3218 | EMA = +1.3887 | std(g_L) = 1.3469 | grad = 0.1341
step   6620 | loss = -1.4336 | g_L = +1.4336 | EMA = +1.3715 | std(g_L) = 1.1663 | grad = 0.1490
step   6640 | loss = -1.4226 | g_L = +1.4226 | EMA = +1.3764 | std(g_L) = 1.3035 | grad = 0.0990
step   6660 | loss = -1.3606 | g_L = +1.3606 | EMA = +1.3810 | std(g_L) = 1.2478 | grad = 0.2441
step   6680 | loss = -1.3644 | g_L = +1.3644 | EMA = +1.3788 | std(g_L) = 1.1455 | grad = 0.1209
step   6700 | loss = -1.4080 | g_L = +1.4080 | EMA = +1.3862 | std(g_L) = 1.2579 | grad = 0.2802
step   6720 | loss = -1.4303 | g_L = +1.4303 | EMA = +1.3779 | std(g_L) = 1.2631 | grad = 0.3082
step   6740 | loss = -1.4404 | g_L = +1.4404 | EMA = +1.3807 | std(g_L) = 1.2429 | grad = 0.1301
step   6760 | loss = -1.4482 | g_L = +1.4482 | EMA = +1.3808 | std(g_L) = 1.1497 | grad = 0.2685
step   6780 | loss = -1.2936 | g_L = +1.2936 | EMA = +1.3852 | std(g_L) = 1.3936 | grad = 0.2101
step   6800 | loss = -1.3407 | g_L = +1.3407 | EMA = +1.3701 | std(g_L) = 1.3314 | grad = 0.2662
step   6820 | loss = -1.4273 | g_L = +1.4273 | EMA = +1.3652 | std(g_L) = 1.1575 | grad = 0.1414
step   6840 | loss = -1.3893 | g_L = +1.3893 | EMA = +1.3676 | std(g_L) = 1.2641 | grad = 0.1939
step   6860 | loss = -1.4184 | g_L = +1.4184 | EMA = +1.3799 | std(g_L) = 1.2214 | grad = 0.1195
step   6880 | loss = -1.3449 | g_L = +1.3449 | EMA = +1.3733 | std(g_L) = 1.2099 | grad = 0.2252
step   6900 | loss = -1.4117 | g_L = +1.4117 | EMA = +1.3794 | std(g_L) = 1.1360 | grad = 0.1303
step   6920 | loss = -1.3169 | g_L = +1.3169 | EMA = +1.3640 | std(g_L) = 1.2620 | grad = 0.0884
step   6940 | loss = -1.4259 | g_L = +1.4259 | EMA = +1.3758 | std(g_L) = 1.1126 | grad = 0.2167
step   6960 | loss = -1.4108 | g_L = +1.4108 | EMA = +1.3788 | std(g_L) = 1.2672 | grad = 0.2213
step   6980 | loss = -1.3239 | g_L = +1.3239 | EMA = +1.3832 | std(g_L) = 1.1580 | grad = 0.1299
step   7000 | loss = -1.3169 | g_L = +1.3169 | EMA = +1.3769 | std(g_L) = 1.2940 | grad = 0.1688
step   7020 | loss = -1.4493 | g_L = +1.4493 | EMA = +1.3846 | std(g_L) = 1.1869 | grad = 0.2369
step   7040 | loss = -1.4700 | g_L = +1.4700 | EMA = +1.3985 | std(g_L) = 1.1433 | grad = 0.2979
step   7060 | loss = -1.3730 | g_L = +1.3730 | EMA = +1.3993 | std(g_L) = 1.2252 | grad = 0.1838
step   7080 | loss = -1.3168 | g_L = +1.3168 | EMA = +1.3888 | std(g_L) = 1.2852 | grad = 0.3576
step   7100 | loss = -1.4419 | g_L = +1.4419 | EMA = +1.3874 | std(g_L) = 1.3275 | grad = 0.3084
step   7120 | loss = -1.3126 | g_L = +1.3126 | EMA = +1.3987 | std(g_L) = 1.1921 | grad = 0.1344
step   7140 | loss = -1.4184 | g_L = +1.4184 | EMA = +1.3866 | std(g_L) = 1.1949 | grad = 0.0831
step   7160 | loss = -1.4100 | g_L = +1.4100 | EMA = +1.3910 | std(g_L) = 1.2010 | grad = 0.1363
step   7180 | loss = -1.3376 | g_L = +1.3376 | EMA = +1.3886 | std(g_L) = 1.3423 | grad = 0.2121
step   7200 | loss = -1.3859 | g_L = +1.3859 | EMA = +1.3889 | std(g_L) = 1.2048 | grad = 0.1942
step   7220 | loss = -1.3871 | g_L = +1.3871 | EMA = +1.3818 | std(g_L) = 1.3352 | grad = 0.1653
step   7240 | loss = -1.3228 | g_L = +1.3228 | EMA = +1.3819 | std(g_L) = 1.1286 | grad = 0.2285
step   7260 | loss = -1.3941 | g_L = +1.3941 | EMA = +1.3889 | std(g_L) = 1.2762 | grad = 0.3593
step   7280 | loss = -1.4301 | g_L = +1.4301 | EMA = +1.3874 | std(g_L) = 1.2985 | grad = 0.1840
step   7300 | loss = -1.4056 | g_L = +1.4056 | EMA = +1.3871 | std(g_L) = 1.2067 | grad = 0.2010
step   7320 | loss = -1.2934 | g_L = +1.2934 | EMA = +1.3651 | std(g_L) = 1.3557 | grad = 0.1509
step   7340 | loss = -1.3325 | g_L = +1.3325 | EMA = +1.3668 | std(g_L) = 1.3379 | grad = 0.1637
step   7360 | loss = -1.4805 | g_L = +1.4805 | EMA = +1.3885 | std(g_L) = 1.2243 | grad = 0.0996
step   7380 | loss = -1.3538 | g_L = +1.3538 | EMA = +1.3871 | std(g_L) = 1.2812 | grad = 0.2057
step   7400 | loss = -1.3289 | g_L = +1.3289 | EMA = +1.3692 | std(g_L) = 1.4675 | grad = 0.1172
step   7420 | loss = -1.4335 | g_L = +1.4335 | EMA = +1.3786 | std(g_L) = 1.1663 | grad = 0.0971
step   7440 | loss = -1.2910 | g_L = +1.2910 | EMA = +1.3813 | std(g_L) = 1.4866 | grad = 0.1872
step   7460 | loss = -1.2571 | g_L = +1.2571 | EMA = +1.3699 | std(g_L) = 1.4005 | grad = 0.2417
step   7480 | loss = -1.4226 | g_L = +1.4226 | EMA = +1.3887 | std(g_L) = 1.2349 | grad = 0.4235
step   7500 | loss = -1.3186 | g_L = +1.3186 | EMA = +1.3706 | std(g_L) = 1.2499 | grad = 0.1580
step   7520 | loss = -1.4596 | g_L = +1.4596 | EMA = +1.3949 | std(g_L) = 1.2446 | grad = 0.1696
step   7540 | loss = -1.3045 | g_L = +1.3045 | EMA = +1.3651 | std(g_L) = 1.3726 | grad = 0.1971
step   7560 | loss = -1.3542 | g_L = +1.3542 | EMA = +1.3706 | std(g_L) = 1.2207 | grad = 0.1180
step   7580 | loss = -1.4029 | g_L = +1.4029 | EMA = +1.3801 | std(g_L) = 1.2002 | grad = 0.1241
step   7600 | loss = -1.3696 | g_L = +1.3696 | EMA = +1.3876 | std(g_L) = 1.2447 | grad = 0.2785
step   7620 | loss = -1.4504 | g_L = +1.4504 | EMA = +1.3915 | std(g_L) = 1.1828 | grad = 0.2964
step   7640 | loss = -1.4297 | g_L = +1.4297 | EMA = +1.3897 | std(g_L) = 1.2223 | grad = 0.0942
step   7660 | loss = -1.4361 | g_L = +1.4361 | EMA = +1.3881 | std(g_L) = 1.2450 | grad = 0.2256
step   7680 | loss = -1.3259 | g_L = +1.3259 | EMA = +1.3758 | std(g_L) = 1.1794 | grad = 0.3350
step   7700 | loss = -1.4059 | g_L = +1.4059 | EMA = +1.3848 | std(g_L) = 1.1608 | grad = 0.1870
step   7720 | loss = -1.4816 | g_L = +1.4816 | EMA = +1.3878 | std(g_L) = 1.1653 | grad = 0.1814
step   7740 | loss = -1.3824 | g_L = +1.3824 | EMA = +1.3932 | std(g_L) = 1.2322 | grad = 0.2100
step   7760 | loss = -1.3853 | g_L = +1.3853 | EMA = +1.3759 | std(g_L) = 1.2600 | grad = 0.2265
step   7780 | loss = -1.3729 | g_L = +1.3729 | EMA = +1.3815 | std(g_L) = 1.2294 | grad = 0.1880
step   7800 | loss = -1.3293 | g_L = +1.3293 | EMA = +1.3657 | std(g_L) = 1.3568 | grad = 0.1174
step   7820 | loss = -1.4024 | g_L = +1.4024 | EMA = +1.3832 | std(g_L) = 1.3075 | grad = 0.1850
step   7840 | loss = -1.3649 | g_L = +1.3649 | EMA = +1.3728 | std(g_L) = 1.2184 | grad = 0.3162
step   7860 | loss = -1.3785 | g_L = +1.3785 | EMA = +1.3847 | std(g_L) = 1.1501 | grad = 0.2276
step   7880 | loss = -1.3858 | g_L = +1.3858 | EMA = +1.3758 | std(g_L) = 1.2845 | grad = 0.2735
step   7900 | loss = -1.4279 | g_L = +1.4279 | EMA = +1.3952 | std(g_L) = 1.2003 | grad = 0.2167
step   7920 | loss = -1.4834 | g_L = +1.4834 | EMA = +1.3806 | std(g_L) = 1.1590 | grad = 0.1418
step   7940 | loss = -1.3360 | g_L = +1.3360 | EMA = +1.3838 | std(g_L) = 1.2910 | grad = 0.1520
step   7960 | loss = -1.4202 | g_L = +1.4202 | EMA = +1.3879 | std(g_L) = 1.1745 | grad = 0.1653
step   7980 | loss = -1.3606 | g_L = +1.3606 | EMA = +1.3847 | std(g_L) = 1.2418 | grad = 0.1528
step   8000 | loss = -1.4092 | g_L = +1.4092 | EMA = +1.3754 | std(g_L) = 1.1924 | grad = 0.1794
step   8020 | loss = -1.4961 | g_L = +1.4961 | EMA = +1.3832 | std(g_L) = 1.1147 | grad = 0.0894
step   8040 | loss = -1.4561 | g_L = +1.4561 | EMA = +1.3892 | std(g_L) = 1.3179 | grad = 0.2215
step   8060 | loss = -1.3588 | g_L = +1.3588 | EMA = +1.3899 | std(g_L) = 1.4487 | grad = 0.1617
step   8080 | loss = -1.3327 | g_L = +1.3327 | EMA = +1.3821 | std(g_L) = 1.1944 | grad = 0.2590
step   8100 | loss = -1.2881 | g_L = +1.2881 | EMA = +1.3898 | std(g_L) = 1.4089 | grad = 0.2235
step   8120 | loss = -1.2716 | g_L = +1.2716 | EMA = +1.3770 | std(g_L) = 1.3322 | grad = 0.1949
step   8140 | loss = -1.4666 | g_L = +1.4666 | EMA = +1.3940 | std(g_L) = 1.3026 | grad = 0.2112
step   8160 | loss = -1.4256 | g_L = +1.4256 | EMA = +1.3915 | std(g_L) = 1.0998 | grad = 0.1445
step   8180 | loss = -1.3361 | g_L = +1.3361 | EMA = +1.4005 | std(g_L) = 1.2499 | grad = 0.2564
step   8200 | loss = -1.3347 | g_L = +1.3347 | EMA = +1.3919 | std(g_L) = 1.2064 | grad = 0.1722
step   8220 | loss = -1.4120 | g_L = +1.4120 | EMA = +1.3872 | std(g_L) = 1.2045 | grad = 0.3323
step   8240 | loss = -1.4847 | g_L = +1.4847 | EMA = +1.3933 | std(g_L) = 1.1096 | grad = 0.0843
step   8260 | loss = -1.5031 | g_L = +1.5031 | EMA = +1.3913 | std(g_L) = 1.1117 | grad = 0.1557
step   8280 | loss = -1.3879 | g_L = +1.3879 | EMA = +1.3832 | std(g_L) = 1.3106 | grad = 0.0998
step   8300 | loss = -1.3451 | g_L = +1.3451 | EMA = +1.3954 | std(g_L) = 1.5037 | grad = 0.2781
step   8320 | loss = -1.4380 | g_L = +1.4380 | EMA = +1.3882 | std(g_L) = 1.2232 | grad = 0.2192
step   8340 | loss = -1.3573 | g_L = +1.3573 | EMA = +1.3878 | std(g_L) = 1.2132 | grad = 0.1184
step   8360 | loss = -1.3879 | g_L = +1.3879 | EMA = +1.3843 | std(g_L) = 1.2457 | grad = 0.0706
step   8380 | loss = -1.4682 | g_L = +1.4682 | EMA = +1.3975 | std(g_L) = 1.0999 | grad = 0.1957
step   8400 | loss = -1.3649 | g_L = +1.3649 | EMA = +1.4020 | std(g_L) = 1.3297 | grad = 0.2088
step   8420 | loss = -1.3307 | g_L = +1.3307 | EMA = +1.3871 | std(g_L) = 1.2725 | grad = 0.1291
step   8440 | loss = -1.3668 | g_L = +1.3668 | EMA = +1.3878 | std(g_L) = 1.2630 | grad = 0.1344
step   8460 | loss = -1.3552 | g_L = +1.3552 | EMA = +1.3802 | std(g_L) = 1.3028 | grad = 0.3120
step   8480 | loss = -1.2938 | g_L = +1.2938 | EMA = +1.3776 | std(g_L) = 1.3030 | grad = 0.1915
step   8500 | loss = -1.3958 | g_L = +1.3958 | EMA = +1.3830 | std(g_L) = 1.3289 | grad = 0.1636
step   8520 | loss = -1.4047 | g_L = +1.4047 | EMA = +1.3838 | std(g_L) = 1.2317 | grad = 0.1267
step   8540 | loss = -1.4621 | g_L = +1.4621 | EMA = +1.3845 | std(g_L) = 1.1199 | grad = 0.1796
step   8560 | loss = -1.3918 | g_L = +1.3918 | EMA = +1.3840 | std(g_L) = 1.2839 | grad = 0.2025
step   8580 | loss = -1.3593 | g_L = +1.3593 | EMA = +1.3895 | std(g_L) = 1.3200 | grad = 0.1396
step   8600 | loss = -1.3812 | g_L = +1.3812 | EMA = +1.3983 | std(g_L) = 1.2829 | grad = 0.2712
step   8620 | loss = -1.3194 | g_L = +1.3194 | EMA = +1.3705 | std(g_L) = 1.4990 | grad = 0.1320
step   8640 | loss = -1.3811 | g_L = +1.3811 | EMA = +1.3964 | std(g_L) = 1.3451 | grad = 0.1640
step   8660 | loss = -1.3052 | g_L = +1.3052 | EMA = +1.3996 | std(g_L) = 1.4160 | grad = 0.3063
step   8680 | loss = -1.2940 | g_L = +1.2940 | EMA = +1.3982 | std(g_L) = 1.2581 | grad = 0.4065
step   8700 | loss = -1.4186 | g_L = +1.4186 | EMA = +1.3924 | std(g_L) = 1.1357 | grad = 0.1962
step   8720 | loss = -1.4054 | g_L = +1.4054 | EMA = +1.3912 | std(g_L) = 1.3200 | grad = 0.3663
step   8740 | loss = -1.3645 | g_L = +1.3645 | EMA = +1.3770 | std(g_L) = 1.3160 | grad = 0.2516
step   8760 | loss = -1.3437 | g_L = +1.3437 | EMA = +1.3744 | std(g_L) = 1.4080 | grad = 0.2900
step   8780 | loss = -1.2341 | g_L = +1.2341 | EMA = +1.3636 | std(g_L) = 1.3715 | grad = 0.1797
step   8800 | loss = -1.2068 | g_L = +1.2068 | EMA = +1.3704 | std(g_L) = 1.4416 | grad = 0.1984
step   8820 | loss = -1.4448 | g_L = +1.4448 | EMA = +1.3754 | std(g_L) = 1.2953 | grad = 0.1578
step   8840 | loss = -1.4003 | g_L = +1.4003 | EMA = +1.3854 | std(g_L) = 1.2509 | grad = 0.1071
step   8860 | loss = -1.5225 | g_L = +1.5225 | EMA = +1.3977 | std(g_L) = 1.1216 | grad = 0.2074
step   8880 | loss = -1.3856 | g_L = +1.3856 | EMA = +1.3876 | std(g_L) = 1.1815 | grad = 0.1727
step   8900 | loss = -1.4170 | g_L = +1.4170 | EMA = +1.3994 | std(g_L) = 1.2378 | grad = 0.1109
step   8920 | loss = -1.3780 | g_L = +1.3780 | EMA = +1.3848 | std(g_L) = 1.0975 | grad = 0.1701
step   8940 | loss = -1.3491 | g_L = +1.3491 | EMA = +1.3783 | std(g_L) = 1.3044 | grad = 0.1316
step   8960 | loss = -1.4573 | g_L = +1.4573 | EMA = +1.3856 | std(g_L) = 1.3291 | grad = 0.2806
step   8980 | loss = -1.3664 | g_L = +1.3664 | EMA = +1.3933 | std(g_L) = 1.3977 | grad = 0.1443
step   9000 | loss = -1.4084 | g_L = +1.4084 | EMA = +1.3885 | std(g_L) = 1.2183 | grad = 0.1663
step   9020 | loss = -1.3034 | g_L = +1.3034 | EMA = +1.3954 | std(g_L) = 1.2919 | grad = 0.3590
step   9040 | loss = -1.3548 | g_L = +1.3548 | EMA = +1.3825 | std(g_L) = 1.4107 | grad = 0.2199
step   9060 | loss = -1.4486 | g_L = +1.4486 | EMA = +1.3986 | std(g_L) = 1.1704 | grad = 0.1196
step   9080 | loss = -1.2246 | g_L = +1.2246 | EMA = +1.3805 | std(g_L) = 1.6780 | grad = 0.2077
step   9100 | loss = -1.5230 | g_L = +1.5230 | EMA = +1.3837 | std(g_L) = 1.3413 | grad = 0.1717
step   9120 | loss = -1.3234 | g_L = +1.3234 | EMA = +1.3883 | std(g_L) = 1.4328 | grad = 0.1431
step   9140 | loss = -1.4283 | g_L = +1.4283 | EMA = +1.3717 | std(g_L) = 1.1159 | grad = 0.1217
step   9160 | loss = -1.4173 | g_L = +1.4173 | EMA = +1.3711 | std(g_L) = 1.2289 | grad = 0.0859
step   9180 | loss = -1.2254 | g_L = +1.2254 | EMA = +1.3731 | std(g_L) = 1.4262 | grad = 0.1796
step   9200 | loss = -1.3284 | g_L = +1.3284 | EMA = +1.3629 | std(g_L) = 1.2116 | grad = 0.3344
step   9220 | loss = -1.3542 | g_L = +1.3542 | EMA = +1.3835 | std(g_L) = 1.3426 | grad = 0.1352
step   9240 | loss = -1.4265 | g_L = +1.4265 | EMA = +1.3952 | std(g_L) = 1.1792 | grad = 0.3415
step   9260 | loss = -1.5006 | g_L = +1.5006 | EMA = +1.3787 | std(g_L) = 1.1812 | grad = 0.1691
step   9280 | loss = -1.4425 | g_L = +1.4425 | EMA = +1.3830 | std(g_L) = 1.2123 | grad = 0.3326
step   9300 | loss = -1.3835 | g_L = +1.3835 | EMA = +1.3880 | std(g_L) = 1.3104 | grad = 0.1365
step   9320 | loss = -1.4003 | g_L = +1.4003 | EMA = +1.3805 | std(g_L) = 1.1864 | grad = 0.2596
step   9340 | loss = -1.3855 | g_L = +1.3855 | EMA = +1.3871 | std(g_L) = 1.3873 | grad = 0.2446
step   9360 | loss = -1.3848 | g_L = +1.3848 | EMA = +1.3815 | std(g_L) = 1.2211 | grad = 0.2204
step   9380 | loss = -1.4070 | g_L = +1.4070 | EMA = +1.3770 | std(g_L) = 1.1410 | grad = 0.2567
step   9400 | loss = -1.3671 | g_L = +1.3671 | EMA = +1.3918 | std(g_L) = 1.3598 | grad = 0.1083
step   9420 | loss = -1.3766 | g_L = +1.3766 | EMA = +1.3795 | std(g_L) = 1.4051 | grad = 0.1416
step   9440 | loss = -1.3984 | g_L = +1.3984 | EMA = +1.3712 | std(g_L) = 1.1461 | grad = 0.1886
step   9460 | loss = -1.4776 | g_L = +1.4776 | EMA = +1.3901 | std(g_L) = 1.0545 | grad = 0.0982
step   9480 | loss = -1.2974 | g_L = +1.2974 | EMA = +1.3650 | std(g_L) = 1.3414 | grad = 0.3259
step   9500 | loss = -1.3113 | g_L = +1.3113 | EMA = +1.3767 | std(g_L) = 1.3192 | grad = 0.2328
step   9520 | loss = -1.2227 | g_L = +1.2227 | EMA = +1.3607 | std(g_L) = 1.4049 | grad = 0.2809
step   9540 | loss = -1.3764 | g_L = +1.3764 | EMA = +1.3791 | std(g_L) = 1.3075 | grad = 0.1902
step   9560 | loss = -1.4188 | g_L = +1.4188 | EMA = +1.3907 | std(g_L) = 1.1866 | grad = 0.1279
step   9580 | loss = -1.3584 | g_L = +1.3584 | EMA = +1.3892 | std(g_L) = 1.3145 | grad = 0.0985
step   9600 | loss = -1.3347 | g_L = +1.3347 | EMA = +1.3937 | std(g_L) = 1.2887 | grad = 0.2715
step   9620 | loss = -1.3826 | g_L = +1.3826 | EMA = +1.3929 | std(g_L) = 1.3142 | grad = 0.2764
step   9640 | loss = -1.5104 | g_L = +1.5104 | EMA = +1.3958 | std(g_L) = 1.2093 | grad = 0.2147
step   9660 | loss = -1.3142 | g_L = +1.3142 | EMA = +1.3933 | std(g_L) = 1.2189 | grad = 0.1624
step   9680 | loss = -1.4342 | g_L = +1.4342 | EMA = +1.3860 | std(g_L) = 1.1552 | grad = 0.1627
step   9700 | loss = -1.3206 | g_L = +1.3206 | EMA = +1.3847 | std(g_L) = 1.3082 | grad = 0.2757
step   9720 | loss = -1.3600 | g_L = +1.3600 | EMA = +1.3808 | std(g_L) = 1.1616 | grad = 0.2607
step   9740 | loss = -1.3691 | g_L = +1.3691 | EMA = +1.3855 | std(g_L) = 1.3607 | grad = 0.2703
step   9760 | loss = -1.3010 | g_L = +1.3010 | EMA = +1.3767 | std(g_L) = 1.4948 | grad = 0.3075
step   9780 | loss = -1.4054 | g_L = +1.4054 | EMA = +1.3923 | std(g_L) = 1.2317 | grad = 0.1599
step   9800 | loss = -1.3229 | g_L = +1.3229 | EMA = +1.3898 | std(g_L) = 1.3135 | grad = 0.2918
step   9820 | loss = -1.3498 | g_L = +1.3498 | EMA = +1.3945 | std(g_L) = 1.3117 | grad = 0.2268
step   9840 | loss = -1.3969 | g_L = +1.3969 | EMA = +1.3850 | std(g_L) = 1.1869 | grad = 0.2943
step   9860 | loss = -1.4222 | g_L = +1.4222 | EMA = +1.3951 | std(g_L) = 1.1864 | grad = 0.1066
step   9880 | loss = -1.3865 | g_L = +1.3865 | EMA = +1.3925 | std(g_L) = 1.1346 | grad = 0.1246
step   9900 | loss = -1.4409 | g_L = +1.4409 | EMA = +1.3969 | std(g_L) = 1.1071 | grad = 0.1175
step   9920 | loss = -1.4209 | g_L = +1.4209 | EMA = +1.3927 | std(g_L) = 1.1240 | grad = 0.3016
step   9940 | loss = -1.4537 | g_L = +1.4537 | EMA = +1.3914 | std(g_L) = 1.1072 | grad = 0.2527
step   9960 | loss = -1.3524 | g_L = +1.3524 | EMA = +1.3895 | std(g_L) = 1.3537 | grad = 0.0889
step   9980 | loss = -1.3553 | g_L = +1.3553 | EMA = +1.3677 | std(g_L) = 1.1818 | grad = 0.3188
step  10000 | loss = -1.2720 | g_L = +1.2720 | EMA = +1.3722 | std(g_L) = 1.4184 | grad = 0.1500
step  10020 | loss = -1.3555 | g_L = +1.3555 | EMA = +1.3801 | std(g_L) = 1.1995 | grad = 0.1079
step  10040 | loss = -1.3752 | g_L = +1.3752 | EMA = +1.3976 | std(g_L) = 1.2040 | grad = 0.1138
step  10060 | loss = -1.4551 | g_L = +1.4551 | EMA = +1.3912 | std(g_L) = 1.2492 | grad = 0.3822
step  10080 | loss = -1.3631 | g_L = +1.3631 | EMA = +1.3925 | std(g_L) = 1.1569 | grad = 0.2061
step  10100 | loss = -1.3683 | g_L = +1.3683 | EMA = +1.3931 | std(g_L) = 1.2101 | grad = 0.1679
step  10120 | loss = -1.3972 | g_L = +1.3972 | EMA = +1.3966 | std(g_L) = 1.2473 | grad = 0.3399
step  10140 | loss = -1.4335 | g_L = +1.4335 | EMA = +1.3889 | std(g_L) = 1.2745 | grad = 0.1157
step  10160 | loss = -1.4124 | g_L = +1.4124 | EMA = +1.3870 | std(g_L) = 1.2001 | grad = 0.2530
step  10180 | loss = -1.4080 | g_L = +1.4080 | EMA = +1.3993 | std(g_L) = 1.2003 | grad = 0.1732
step  10200 | loss = -1.4061 | g_L = +1.4061 | EMA = +1.3866 | std(g_L) = 1.2603 | grad = 0.1298
step  10220 | loss = -1.3800 | g_L = +1.3800 | EMA = +1.3852 | std(g_L) = 1.2823 | grad = 0.0750
step  10240 | loss = -1.3995 | g_L = +1.3995 | EMA = +1.3761 | std(g_L) = 1.2709 | grad = 0.2340
step  10260 | loss = -1.3329 | g_L = +1.3329 | EMA = +1.3796 | std(g_L) = 1.3279 | grad = 0.1193
step  10280 | loss = -1.4222 | g_L = +1.4222 | EMA = +1.3757 | std(g_L) = 1.2066 | grad = 0.0781
step  10300 | loss = -1.3971 | g_L = +1.3971 | EMA = +1.3825 | std(g_L) = 1.2347 | grad = 0.0848
step  10320 | loss = -1.4059 | g_L = +1.4059 | EMA = +1.3845 | std(g_L) = 1.1426 | grad = 0.2044
step  10340 | loss = -1.4695 | g_L = +1.4695 | EMA = +1.3987 | std(g_L) = 1.1794 | grad = 0.4863
step  10360 | loss = -1.3889 | g_L = +1.3889 | EMA = +1.3929 | std(g_L) = 1.3099 | grad = 0.1936
step  10380 | loss = -1.3737 | g_L = +1.3737 | EMA = +1.3786 | std(g_L) = 1.4810 | grad = 0.1557
step  10400 | loss = -1.2943 | g_L = +1.2943 | EMA = +1.3817 | std(g_L) = 1.2986 | grad = 0.1995
step  10420 | loss = -1.3848 | g_L = +1.3848 | EMA = +1.3987 | std(g_L) = 1.1857 | grad = 0.2321
step  10440 | loss = -1.3892 | g_L = +1.3892 | EMA = +1.3842 | std(g_L) = 1.3489 | grad = 0.1944
step  10460 | loss = -1.4129 | g_L = +1.4129 | EMA = +1.3934 | std(g_L) = 1.3068 | grad = 0.1968
step  10480 | loss = -1.3833 | g_L = +1.3833 | EMA = +1.3820 | std(g_L) = 1.4505 | grad = 0.1605
step  10500 | loss = -1.3811 | g_L = +1.3811 | EMA = +1.3831 | std(g_L) = 1.1599 | grad = 0.1630
step  10520 | loss = -1.3854 | g_L = +1.3854 | EMA = +1.3782 | std(g_L) = 1.1924 | grad = 0.3389
step  10540 | loss = -1.3761 | g_L = +1.3761 | EMA = +1.3815 | std(g_L) = 1.2473 | grad = 0.1700
step  10560 | loss = -1.4121 | g_L = +1.4121 | EMA = +1.3851 | std(g_L) = 1.1627 | grad = 0.1543
step  10580 | loss = -1.3965 | g_L = +1.3965 | EMA = +1.3904 | std(g_L) = 1.2699 | grad = 0.2273
step  10600 | loss = -1.3896 | g_L = +1.3896 | EMA = +1.3782 | std(g_L) = 1.2393 | grad = 0.3053
step  10620 | loss = -1.3809 | g_L = +1.3809 | EMA = +1.3907 | std(g_L) = 1.1727 | grad = 0.2547
step  10640 | loss = -1.4135 | g_L = +1.4135 | EMA = +1.3972 | std(g_L) = 1.1342 | grad = 0.1728
step  10660 | loss = -1.3922 | g_L = +1.3922 | EMA = +1.3914 | std(g_L) = 1.0870 | grad = 0.2852
step  10680 | loss = -1.4869 | g_L = +1.4869 | EMA = +1.3946 | std(g_L) = 1.1621 | grad = 0.1443
step  10700 | loss = -1.4629 | g_L = +1.4629 | EMA = +1.4016 | std(g_L) = 1.1222 | grad = 0.1609
step  10720 | loss = -1.4242 | g_L = +1.4242 | EMA = +1.4064 | std(g_L) = 1.2888 | grad = 0.1505
step  10740 | loss = -1.3362 | g_L = +1.3362 | EMA = +1.3988 | std(g_L) = 1.1933 | grad = 0.2368
step  10760 | loss = -1.3754 | g_L = +1.3754 | EMA = +1.3941 | std(g_L) = 1.2951 | grad = 0.1707
step  10780 | loss = -1.3162 | g_L = +1.3162 | EMA = +1.3938 | std(g_L) = 1.4883 | grad = 0.3261
step  10800 | loss = -1.3440 | g_L = +1.3440 | EMA = +1.3857 | std(g_L) = 1.2961 | grad = 0.1319
step  10820 | loss = -1.3014 | g_L = +1.3014 | EMA = +1.3906 | std(g_L) = 1.4449 | grad = 0.1919
step  10840 | loss = -1.4311 | g_L = +1.4311 | EMA = +1.4038 | std(g_L) = 1.1237 | grad = 0.1812
step  10860 | loss = -1.3117 | g_L = +1.3117 | EMA = +1.3825 | std(g_L) = 1.2504 | grad = 0.2901
step  10880 | loss = -1.3781 | g_L = +1.3781 | EMA = +1.3854 | std(g_L) = 1.3069 | grad = 0.1174
step  10900 | loss = -1.4361 | g_L = +1.4361 | EMA = +1.3982 | std(g_L) = 1.3147 | grad = 0.1426
step  10920 | loss = -1.3145 | g_L = +1.3145 | EMA = +1.3773 | std(g_L) = 1.5708 | grad = 0.3745
step  10940 | loss = -1.2778 | g_L = +1.2778 | EMA = +1.3755 | std(g_L) = 1.2306 | grad = 0.1927
step  10960 | loss = -1.3625 | g_L = +1.3625 | EMA = +1.3860 | std(g_L) = 1.2502 | grad = 0.1807
step  10980 | loss = -1.4009 | g_L = +1.4009 | EMA = +1.4033 | std(g_L) = 1.2467 | grad = 0.0751
step  11000 | loss = -1.4566 | g_L = +1.4566 | EMA = +1.4104 | std(g_L) = 1.2258 | grad = 0.1235
step  11020 | loss = -1.3722 | g_L = +1.3722 | EMA = +1.3862 | std(g_L) = 1.2912 | grad = 0.2751
step  11040 | loss = -1.4328 | g_L = +1.4328 | EMA = +1.3813 | std(g_L) = 1.4412 | grad = 0.1615
step  11060 | loss = -1.4443 | g_L = +1.4443 | EMA = +1.3832 | std(g_L) = 1.2059 | grad = 0.2238
step  11080 | loss = -1.4208 | g_L = +1.4208 | EMA = +1.3843 | std(g_L) = 1.2924 | grad = 0.1266
step  11100 | loss = -1.3932 | g_L = +1.3932 | EMA = +1.3921 | std(g_L) = 1.1301 | grad = 0.2758
step  11120 | loss = -1.4266 | g_L = +1.4266 | EMA = +1.3981 | std(g_L) = 1.2628 | grad = 0.3115
step  11140 | loss = -1.3994 | g_L = +1.3994 | EMA = +1.4086 | std(g_L) = 1.1654 | grad = 0.1627
step  11160 | loss = -1.4634 | g_L = +1.4634 | EMA = +1.4043 | std(g_L) = 1.2369 | grad = 0.2824
step  11180 | loss = -1.3608 | g_L = +1.3608 | EMA = +1.3901 | std(g_L) = 1.1905 | grad = 0.2538
step  11200 | loss = -1.3685 | g_L = +1.3685 | EMA = +1.3943 | std(g_L) = 1.2635 | grad = 0.3100
step  11220 | loss = -1.4165 | g_L = +1.4165 | EMA = +1.3808 | std(g_L) = 1.2359 | grad = 0.1710
step  11240 | loss = -1.4393 | g_L = +1.4393 | EMA = +1.3825 | std(g_L) = 1.1531 | grad = 0.1984
step  11260 | loss = -1.3739 | g_L = +1.3739 | EMA = +1.3928 | std(g_L) = 1.3525 | grad = 0.1561
step  11280 | loss = -1.3445 | g_L = +1.3445 | EMA = +1.3947 | std(g_L) = 1.4270 | grad = 0.1951
step  11300 | loss = -1.3292 | g_L = +1.3292 | EMA = +1.3907 | std(g_L) = 1.3539 | grad = 0.1647
step  11320 | loss = -1.3841 | g_L = +1.3841 | EMA = +1.3891 | std(g_L) = 1.2516 | grad = 0.0723
step  11340 | loss = -1.3184 | g_L = +1.3184 | EMA = +1.3760 | std(g_L) = 1.2067 | grad = 0.2096
step  11360 | loss = -1.3455 | g_L = +1.3455 | EMA = +1.3751 | std(g_L) = 1.2444 | grad = 0.1539
step  11380 | loss = -1.3504 | g_L = +1.3504 | EMA = +1.3815 | std(g_L) = 1.3376 | grad = 0.1719
step  11400 | loss = -1.3588 | g_L = +1.3588 | EMA = +1.4001 | std(g_L) = 1.3988 | grad = 0.2313
step  11420 | loss = -1.4676 | g_L = +1.4676 | EMA = +1.3950 | std(g_L) = 1.1276 | grad = 0.2876
step  11440 | loss = -1.4123 | g_L = +1.4123 | EMA = +1.3935 | std(g_L) = 1.2438 | grad = 0.1794
step  11460 | loss = -1.3531 | g_L = +1.3531 | EMA = +1.3960 | std(g_L) = 1.2835 | grad = 0.1943
step  11480 | loss = -1.3849 | g_L = +1.3849 | EMA = +1.3823 | std(g_L) = 1.2221 | grad = 0.3096
step  11500 | loss = -1.2807 | g_L = +1.2807 | EMA = +1.3646 | std(g_L) = 1.3955 | grad = 0.2018
step  11520 | loss = -1.3445 | g_L = +1.3445 | EMA = +1.3772 | std(g_L) = 1.2293 | grad = 0.1908
step  11540 | loss = -1.3583 | g_L = +1.3583 | EMA = +1.3923 | std(g_L) = 1.2633 | grad = 0.2294
step  11560 | loss = -1.3535 | g_L = +1.3535 | EMA = +1.3876 | std(g_L) = 1.3098 | grad = 0.0899
step  11580 | loss = -1.3243 | g_L = +1.3243 | EMA = +1.3889 | std(g_L) = 1.6121 | grad = 0.3591
step  11600 | loss = -1.4673 | g_L = +1.4673 | EMA = +1.3932 | std(g_L) = 1.2225 | grad = 0.2005
step  11620 | loss = -1.4435 | g_L = +1.4435 | EMA = +1.3913 | std(g_L) = 1.0835 | grad = 0.1295
step  11640 | loss = -1.4012 | g_L = +1.4012 | EMA = +1.3907 | std(g_L) = 1.1873 | grad = 0.4504
step  11660 | loss = -1.3712 | g_L = +1.3712 | EMA = +1.3835 | std(g_L) = 1.2575 | grad = 0.3280
step  11680 | loss = -1.5280 | g_L = +1.5280 | EMA = +1.3914 | std(g_L) = 1.1072 | grad = 0.1663
step  11700 | loss = -1.4073 | g_L = +1.4073 | EMA = +1.3928 | std(g_L) = 1.2138 | grad = 0.4456
step  11720 | loss = -1.5311 | g_L = +1.5311 | EMA = +1.4063 | std(g_L) = 1.1605 | grad = 0.1470
step  11740 | loss = -1.3536 | g_L = +1.3536 | EMA = +1.4088 | std(g_L) = 1.4090 | grad = 0.3419
step  11760 | loss = -1.4110 | g_L = +1.4110 | EMA = +1.3949 | std(g_L) = 1.2813 | grad = 0.1509
step  11780 | loss = -1.3021 | g_L = +1.3021 | EMA = +1.3900 | std(g_L) = 1.3315 | grad = 0.3537
step  11800 | loss = -1.3955 | g_L = +1.3955 | EMA = +1.4014 | std(g_L) = 1.3192 | grad = 0.2174
step  11820 | loss = -1.4328 | g_L = +1.4328 | EMA = +1.4064 | std(g_L) = 1.2884 | grad = 0.1909
step  11840 | loss = -1.4141 | g_L = +1.4141 | EMA = +1.4019 | std(g_L) = 1.1929 | grad = 0.2979
step  11860 | loss = -1.3976 | g_L = +1.3976 | EMA = +1.4004 | std(g_L) = 1.1815 | grad = 0.2521
step  11880 | loss = -1.3517 | g_L = +1.3517 | EMA = +1.3999 | std(g_L) = 1.4110 | grad = 0.1897
step  11900 | loss = -1.3670 | g_L = +1.3670 | EMA = +1.3860 | std(g_L) = 1.2146 | grad = 0.2063
step  11920 | loss = -1.3919 | g_L = +1.3919 | EMA = +1.3931 | std(g_L) = 1.3293 | grad = 0.2609
step  11940 | loss = -1.4807 | g_L = +1.4807 | EMA = +1.4036 | std(g_L) = 1.1066 | grad = 0.2558
step  11960 | loss = -1.4856 | g_L = +1.4856 | EMA = +1.4036 | std(g_L) = 1.1974 | grad = 0.3511
step  11980 | loss = -1.4024 | g_L = +1.4024 | EMA = +1.4103 | std(g_L) = 1.3061 | grad = 0.3056
step  12000 | loss = -1.3698 | g_L = +1.3698 | EMA = +1.4077 | std(g_L) = 1.2172 | grad = 0.2617
step  12020 | loss = -1.4032 | g_L = +1.4032 | EMA = +1.3929 | std(g_L) = 1.2218 | grad = 0.2156
step  12040 | loss = -1.4463 | g_L = +1.4463 | EMA = +1.3955 | std(g_L) = 1.1630 | grad = 0.2273
step  12060 | loss = -1.3947 | g_L = +1.3947 | EMA = +1.3954 | std(g_L) = 1.2192 | grad = 0.2358
step  12080 | loss = -1.3326 | g_L = +1.3326 | EMA = +1.3859 | std(g_L) = 1.3800 | grad = 0.2293
step  12100 | loss = -1.2989 | g_L = +1.2989 | EMA = +1.3784 | std(g_L) = 1.2862 | grad = 0.3092
step  12120 | loss = -1.4070 | g_L = +1.4070 | EMA = +1.3905 | std(g_L) = 1.1591 | grad = 0.2861
step  12140 | loss = -1.4017 | g_L = +1.4017 | EMA = +1.3828 | std(g_L) = 1.1521 | grad = 0.1643
step  12160 | loss = -1.3578 | g_L = +1.3578 | EMA = +1.3849 | std(g_L) = 1.2517 | grad = 0.1935
step  12180 | loss = -1.3331 | g_L = +1.3331 | EMA = +1.3916 | std(g_L) = 1.2712 | grad = 0.1435
step  12200 | loss = -1.4812 | g_L = +1.4812 | EMA = +1.3840 | std(g_L) = 1.1516 | grad = 0.1442
step  12220 | loss = -1.4392 | g_L = +1.4392 | EMA = +1.4078 | std(g_L) = 1.2643 | grad = 0.1574
step  12240 | loss = -1.3425 | g_L = +1.3425 | EMA = +1.3957 | std(g_L) = 1.3192 | grad = 0.2994
step  12260 | loss = -1.3023 | g_L = +1.3023 | EMA = +1.3829 | std(g_L) = 1.3269 | grad = 0.1143
step  12280 | loss = -1.3665 | g_L = +1.3665 | EMA = +1.3894 | std(g_L) = 1.2511 | grad = 0.2415
step  12300 | loss = -1.4328 | g_L = +1.4328 | EMA = +1.3992 | std(g_L) = 1.2772 | grad = 0.1886
step  12320 | loss = -1.4143 | g_L = +1.4143 | EMA = +1.3849 | std(g_L) = 1.3917 | grad = 0.1710
step  12340 | loss = -1.3442 | g_L = +1.3442 | EMA = +1.3959 | std(g_L) = 1.3069 | grad = 0.2651
step  12360 | loss = -1.4511 | g_L = +1.4511 | EMA = +1.3883 | std(g_L) = 1.2306 | grad = 0.2763
step  12380 | loss = -1.3431 | g_L = +1.3431 | EMA = +1.3891 | std(g_L) = 1.3608 | grad = 0.1780
step  12400 | loss = -1.3837 | g_L = +1.3837 | EMA = +1.4052 | std(g_L) = 1.1459 | grad = 0.1102
step  12420 | loss = -1.4061 | g_L = +1.4061 | EMA = +1.3993 | std(g_L) = 1.5188 | grad = 0.1403
step  12440 | loss = -1.4000 | g_L = +1.4000 | EMA = +1.3978 | std(g_L) = 1.2885 | grad = 0.2085
step  12460 | loss = -1.3826 | g_L = +1.3826 | EMA = +1.3986 | std(g_L) = 1.2767 | grad = 0.3198
step  12480 | loss = -1.3008 | g_L = +1.3008 | EMA = +1.3913 | std(g_L) = 1.2122 | grad = 0.2541
step  12500 | loss = -1.4082 | g_L = +1.4082 | EMA = +1.3837 | std(g_L) = 1.1625 | grad = 0.1027
step  12520 | loss = -1.2788 | g_L = +1.2788 | EMA = +1.3938 | std(g_L) = 1.3759 | grad = 0.1738
step  12540 | loss = -1.4624 | g_L = +1.4624 | EMA = +1.4096 | std(g_L) = 1.1540 | grad = 0.1564
step  12560 | loss = -1.3361 | g_L = +1.3361 | EMA = +1.3935 | std(g_L) = 1.4015 | grad = 0.1706
step  12580 | loss = -1.3955 | g_L = +1.3955 | EMA = +1.4042 | std(g_L) = 1.2557 | grad = 0.1991
step  12600 | loss = -1.4424 | g_L = +1.4424 | EMA = +1.4054 | std(g_L) = 1.1728 | grad = 0.2568
step  12620 | loss = -1.3948 | g_L = +1.3948 | EMA = +1.4032 | std(g_L) = 1.2282 | grad = 0.2563
step  12640 | loss = -1.4008 | g_L = +1.4008 | EMA = +1.4053 | std(g_L) = 1.2677 | grad = 0.2473
step  12660 | loss = -1.3622 | g_L = +1.3622 | EMA = +1.3935 | std(g_L) = 1.3732 | grad = 0.2831
step  12680 | loss = -1.4252 | g_L = +1.4252 | EMA = +1.4008 | std(g_L) = 1.1927 | grad = 0.0827
step  12700 | loss = -1.3725 | g_L = +1.3725 | EMA = +1.3910 | std(g_L) = 1.3114 | grad = 0.5535
step  12720 | loss = -1.2852 | g_L = +1.2852 | EMA = +1.3947 | std(g_L) = 1.3772 | grad = 0.1432
step  12740 | loss = -1.2349 | g_L = +1.2349 | EMA = +1.3963 | std(g_L) = 1.6653 | grad = 0.1171
step  12760 | loss = -1.3752 | g_L = +1.3752 | EMA = +1.4036 | std(g_L) = 1.3620 | grad = 0.3419
step  12780 | loss = -1.4314 | g_L = +1.4314 | EMA = +1.4015 | std(g_L) = 1.1427 | grad = 0.3961
step  12800 | loss = -1.4213 | g_L = +1.4213 | EMA = +1.4054 | std(g_L) = 1.3427 | grad = 0.2506
step  12820 | loss = -1.4317 | g_L = +1.4317 | EMA = +1.3989 | std(g_L) = 1.2040 | grad = 0.2950
step  12840 | loss = -1.3842 | g_L = +1.3842 | EMA = +1.3994 | std(g_L) = 1.3852 | grad = 0.2356
step  12860 | loss = -1.3152 | g_L = +1.3152 | EMA = +1.4089 | std(g_L) = 1.3081 | grad = 0.3606
step  12880 | loss = -1.4000 | g_L = +1.4000 | EMA = +1.4067 | std(g_L) = 1.2740 | grad = 0.2403
step  12900 | loss = -1.3557 | g_L = +1.3557 | EMA = +1.4126 | std(g_L) = 1.3421 | grad = 0.2716
step  12920 | loss = -1.4784 | g_L = +1.4784 | EMA = +1.4183 | std(g_L) = 1.1680 | grad = 0.1983
step  12940 | loss = -1.3618 | g_L = +1.3618 | EMA = +1.4177 | std(g_L) = 1.2016 | grad = 0.2593
step  12960 | loss = -1.3830 | g_L = +1.3830 | EMA = +1.4030 | std(g_L) = 1.3059 | grad = 0.2009
step  12980 | loss = -1.3577 | g_L = +1.3577 | EMA = +1.4055 | std(g_L) = 1.2762 | grad = 0.2587
step  13000 | loss = -1.4087 | g_L = +1.4087 | EMA = +1.4195 | std(g_L) = 1.2319 | grad = 0.2986
step  13020 | loss = -1.4349 | g_L = +1.4349 | EMA = +1.4093 | std(g_L) = 1.1865 | grad = 0.1223
step  13040 | loss = -1.5311 | g_L = +1.5311 | EMA = +1.4226 | std(g_L) = 1.2250 | grad = 0.1607
step  13060 | loss = -1.4644 | g_L = +1.4644 | EMA = +1.4032 | std(g_L) = 1.2244 | grad = 0.3098
step  13080 | loss = -1.4730 | g_L = +1.4730 | EMA = +1.4117 | std(g_L) = 1.3300 | grad = 0.3070
step  13100 | loss = -1.4313 | g_L = +1.4313 | EMA = +1.4048 | std(g_L) = 1.2676 | grad = 0.3446
step  13120 | loss = -1.4616 | g_L = +1.4616 | EMA = +1.4154 | std(g_L) = 1.2955 | grad = 0.2087
step  13140 | loss = -1.4525 | g_L = +1.4525 | EMA = +1.4252 | std(g_L) = 1.2343 | grad = 0.1438
step  13160 | loss = -1.4480 | g_L = +1.4480 | EMA = +1.4168 | std(g_L) = 1.1981 | grad = 0.1339
step  13180 | loss = -1.4506 | g_L = +1.4506 | EMA = +1.4150 | std(g_L) = 1.3495 | grad = 0.1371
step  13200 | loss = -1.3796 | g_L = +1.3796 | EMA = +1.4124 | std(g_L) = 1.2993 | grad = 0.1263
step  13220 | loss = -1.3887 | g_L = +1.3887 | EMA = +1.4076 | std(g_L) = 1.2648 | grad = 0.4313
step  13240 | loss = -1.4670 | g_L = +1.4670 | EMA = +1.4130 | std(g_L) = 1.1759 | grad = 0.4808
step  13260 | loss = -1.4205 | g_L = +1.4205 | EMA = +1.4117 | std(g_L) = 1.4948 | grad = 0.4703
step  13280 | loss = -1.3872 | g_L = +1.3872 | EMA = +1.4171 | std(g_L) = 1.4132 | grad = 0.1384
step  13300 | loss = -1.4003 | g_L = +1.4003 | EMA = +1.4208 | std(g_L) = 1.2553 | grad = 0.1791
step  13320 | loss = -1.4927 | g_L = +1.4927 | EMA = +1.4163 | std(g_L) = 1.1769 | grad = 0.1888
step  13340 | loss = -1.3659 | g_L = +1.3659 | EMA = +1.4196 | std(g_L) = 1.2747 | grad = 0.3153
step  13360 | loss = -1.4163 | g_L = +1.4163 | EMA = +1.4177 | std(g_L) = 1.1599 | grad = 0.1560
step  13380 | loss = -1.4523 | g_L = +1.4523 | EMA = +1.4294 | std(g_L) = 1.3113 | grad = 0.1764
step  13400 | loss = -1.4461 | g_L = +1.4461 | EMA = +1.4142 | std(g_L) = 1.4200 | grad = 0.1858
step  13420 | loss = -1.3760 | g_L = +1.3760 | EMA = +1.4144 | std(g_L) = 1.2992 | grad = 0.1431
step  13440 | loss = -1.4438 | g_L = +1.4438 | EMA = +1.4262 | std(g_L) = 1.3301 | grad = 0.1413
step  13460 | loss = -1.4284 | g_L = +1.4284 | EMA = +1.4291 | std(g_L) = 1.2702 | grad = 0.3095
step  13480 | loss = -1.4899 | g_L = +1.4899 | EMA = +1.4230 | std(g_L) = 1.3180 | grad = 0.2594
step  13500 | loss = -1.3497 | g_L = +1.3497 | EMA = +1.4162 | std(g_L) = 1.4174 | grad = 0.1972
step  13520 | loss = -1.3316 | g_L = +1.3316 | EMA = +1.4076 | std(g_L) = 1.2521 | grad = 0.7023
step  13540 | loss = -1.4856 | g_L = +1.4856 | EMA = +1.4185 | std(g_L) = 1.2213 | grad = 0.0846
step  13560 | loss = -1.4795 | g_L = +1.4795 | EMA = +1.4345 | std(g_L) = 1.4955 | grad = 0.1639
step  13580 | loss = -1.3937 | g_L = +1.3937 | EMA = +1.4212 | std(g_L) = 1.2552 | grad = 0.1764
step  13600 | loss = -1.3994 | g_L = +1.3994 | EMA = +1.4286 | std(g_L) = 1.1892 | grad = 0.4815
step  13620 | loss = -1.4343 | g_L = +1.4343 | EMA = +1.4237 | std(g_L) = 1.2667 | grad = 0.5817
step  13640 | loss = -1.4054 | g_L = +1.4054 | EMA = +1.4083 | std(g_L) = 1.2294 | grad = 0.1540
step  13660 | loss = -1.3653 | g_L = +1.3653 | EMA = +1.4103 | std(g_L) = 1.3901 | grad = 0.1961
step  13680 | loss = -1.3966 | g_L = +1.3966 | EMA = +1.4240 | std(g_L) = 1.1877 | grad = 0.1239
step  13700 | loss = -1.3748 | g_L = +1.3748 | EMA = +1.4272 | std(g_L) = 1.3512 | grad = 0.3490
step  13720 | loss = -1.5476 | g_L = +1.5476 | EMA = +1.4288 | std(g_L) = 1.2642 | grad = 0.3171
step  13740 | loss = -1.4194 | g_L = +1.4194 | EMA = +1.4158 | std(g_L) = 1.1555 | grad = 0.1575
step  13760 | loss = -1.4591 | g_L = +1.4591 | EMA = +1.4238 | std(g_L) = 1.1915 | grad = 0.1269
step  13780 | loss = -1.5078 | g_L = +1.5078 | EMA = +1.4268 | std(g_L) = 1.4408 | grad = 0.4120
step  13800 | loss = -1.4371 | g_L = +1.4371 | EMA = +1.4366 | std(g_L) = 1.3886 | grad = 0.4990
step  13820 | loss = -1.4191 | g_L = +1.4191 | EMA = +1.4268 | std(g_L) = 1.4149 | grad = 0.1160
step  13840 | loss = -1.5177 | g_L = +1.5177 | EMA = +1.4347 | std(g_L) = 1.2153 | grad = 0.1922
step  13860 | loss = -1.3815 | g_L = +1.3815 | EMA = +1.4274 | std(g_L) = 1.4724 | grad = 0.2819
step  13880 | loss = -1.3843 | g_L = +1.3843 | EMA = +1.4223 | std(g_L) = 1.2330 | grad = 0.2897
step  13900 | loss = -1.4546 | g_L = +1.4546 | EMA = +1.4424 | std(g_L) = 1.2903 | grad = 0.2183
step  13920 | loss = -1.5864 | g_L = +1.5864 | EMA = +1.4436 | std(g_L) = 1.3335 | grad = 0.3589
step  13940 | loss = -1.3791 | g_L = +1.3791 | EMA = +1.4482 | std(g_L) = 1.2482 | grad = 0.5379
step  13960 | loss = -1.4934 | g_L = +1.4934 | EMA = +1.4299 | std(g_L) = 1.2449 | grad = 0.1765
step  13980 | loss = -1.4634 | g_L = +1.4634 | EMA = +1.4335 | std(g_L) = 1.3238 | grad = 0.4241
step  14000 | loss = -1.4358 | g_L = +1.4358 | EMA = +1.4357 | std(g_L) = 1.1601 | grad = 0.2951
step  14020 | loss = -1.4892 | g_L = +1.4892 | EMA = +1.4263 | std(g_L) = 1.2644 | grad = 0.1060
step  14040 | loss = -1.4249 | g_L = +1.4249 | EMA = +1.4319 | std(g_L) = 1.4764 | grad = 0.3275
step  14060 | loss = -1.4244 | g_L = +1.4244 | EMA = +1.4178 | std(g_L) = 1.1825 | grad = 0.1490
step  14080 | loss = -1.4768 | g_L = +1.4768 | EMA = +1.4305 | std(g_L) = 1.2445 | grad = 0.1804
step  14100 | loss = -1.5415 | g_L = +1.5415 | EMA = +1.4337 | std(g_L) = 1.2437 | grad = 0.2895
step  14120 | loss = -1.4840 | g_L = +1.4840 | EMA = +1.4428 | std(g_L) = 1.2756 | grad = 0.1063
step  14140 | loss = -1.4009 | g_L = +1.4009 | EMA = +1.4424 | std(g_L) = 1.3175 | grad = 0.0964
step  14160 | loss = -1.3423 | g_L = +1.3423 | EMA = +1.4183 | std(g_L) = 1.3490 | grad = 0.1664
step  14180 | loss = -1.5314 | g_L = +1.5314 | EMA = +1.4444 | std(g_L) = 1.1094 | grad = 0.4138
step  14200 | loss = -1.4923 | g_L = +1.4923 | EMA = +1.4416 | std(g_L) = 1.3390 | grad = 0.1630
step  14220 | loss = -1.3908 | g_L = +1.3908 | EMA = +1.4308 | std(g_L) = 1.3093 | grad = 0.1694
step  14240 | loss = -1.4961 | g_L = +1.4961 | EMA = +1.4353 | std(g_L) = 1.2700 | grad = 0.2418
step  14260 | loss = -1.3798 | g_L = +1.3798 | EMA = +1.4438 | std(g_L) = 1.4478 | grad = 0.3258
step  14280 | loss = -1.4095 | g_L = +1.4095 | EMA = +1.4376 | std(g_L) = 1.1857 | grad = 0.5127
step  14300 | loss = -1.4871 | g_L = +1.4871 | EMA = +1.4363 | std(g_L) = 1.1921 | grad = 0.3484
step  14320 | loss = -1.4811 | g_L = +1.4811 | EMA = +1.4363 | std(g_L) = 1.3757 | grad = 0.5479
step  14340 | loss = -1.5213 | g_L = +1.5213 | EMA = +1.4527 | std(g_L) = 1.2745 | grad = 0.7584
step  14360 | loss = -1.4003 | g_L = +1.4003 | EMA = +1.4436 | std(g_L) = 1.2756 | grad = 0.7995
step  14380 | loss = -1.3980 | g_L = +1.3980 | EMA = +1.4609 | std(g_L) = 1.3666 | grad = 0.3516
step  14400 | loss = -1.4681 | g_L = +1.4681 | EMA = +1.4462 | std(g_L) = 1.2692 | grad = 0.1973
step  14420 | loss = -1.4233 | g_L = +1.4233 | EMA = +1.4579 | std(g_L) = 1.1578 | grad = 0.2870
step  14440 | loss = -1.3959 | g_L = +1.3959 | EMA = +1.4333 | std(g_L) = 1.4404 | grad = 0.3401
step  14460 | loss = -1.3982 | g_L = +1.3982 | EMA = +1.4321 | std(g_L) = 1.3241 | grad = 0.3617
step  14480 | loss = -1.5642 | g_L = +1.5642 | EMA = +1.4442 | std(g_L) = 1.2303 | grad = 0.1820
step  14500 | loss = -1.4374 | g_L = +1.4374 | EMA = +1.4534 | std(g_L) = 1.2142 | grad = 0.2968
step  14520 | loss = -1.4851 | g_L = +1.4851 | EMA = +1.4432 | std(g_L) = 1.2590 | grad = 0.1204
step  14540 | loss = -1.4785 | g_L = +1.4785 | EMA = +1.4434 | std(g_L) = 1.4361 | grad = 0.1459
step  14560 | loss = -1.4391 | g_L = +1.4391 | EMA = +1.4437 | std(g_L) = 1.1821 | grad = 0.2050
step  14580 | loss = -1.4062 | g_L = +1.4062 | EMA = +1.4304 | std(g_L) = 1.4481 | grad = 0.2992
step  14600 | loss = -1.4887 | g_L = +1.4887 | EMA = +1.4406 | std(g_L) = 1.2015 | grad = 0.6135
step  14620 | loss = -1.4163 | g_L = +1.4163 | EMA = +1.4443 | std(g_L) = 1.4424 | grad = 0.2758
step  14640 | loss = -1.4443 | g_L = +1.4443 | EMA = +1.4412 | std(g_L) = 1.2564 | grad = 0.1446
step  14660 | loss = -1.4868 | g_L = +1.4868 | EMA = +1.4545 | std(g_L) = 1.1469 | grad = 0.2624
step  14680 | loss = -1.5223 | g_L = +1.5223 | EMA = +1.4507 | std(g_L) = 1.1654 | grad = 0.5644
step  14700 | loss = -1.3687 | g_L = +1.3687 | EMA = +1.4407 | std(g_L) = 1.3851 | grad = 0.6952
step  14720 | loss = -1.4244 | g_L = +1.4244 | EMA = +1.4378 | std(g_L) = 1.3400 | grad = 0.1546
step  14740 | loss = -1.4603 | g_L = +1.4603 | EMA = +1.4493 | std(g_L) = 1.2007 | grad = 0.7112
step  14760 | loss = -1.4732 | g_L = +1.4732 | EMA = +1.4468 | std(g_L) = 1.2851 | grad = 0.1581
step  14780 | loss = -1.4591 | g_L = +1.4591 | EMA = +1.4623 | std(g_L) = 1.3054 | grad = 0.1579
step  14800 | loss = -1.4006 | g_L = +1.4006 | EMA = +1.4618 | std(g_L) = 1.2405 | grad = 0.2377
step  14820 | loss = -1.3962 | g_L = +1.3962 | EMA = +1.4548 | std(g_L) = 1.3268 | grad = 0.1889
step  14840 | loss = -1.4082 | g_L = +1.4082 | EMA = +1.4546 | std(g_L) = 1.3515 | grad = 0.1112
step  14860 | loss = -1.3318 | g_L = +1.3318 | EMA = +1.4372 | std(g_L) = 1.3428 | grad = 0.1486
step  14880 | loss = -1.6096 | g_L = +1.6096 | EMA = +1.4534 | std(g_L) = 1.1473 | grad = 0.1166
step  14900 | loss = -1.4606 | g_L = +1.4606 | EMA = +1.4476 | std(g_L) = 1.3316 | grad = 0.3858
step  14920 | loss = -1.5295 | g_L = +1.5295 | EMA = +1.4498 | std(g_L) = 1.2301 | grad = 0.1726
step  14940 | loss = -1.5063 | g_L = +1.5063 | EMA = +1.4551 | std(g_L) = 1.2081 | grad = 0.2685
step  14960 | loss = -1.6005 | g_L = +1.6005 | EMA = +1.4486 | std(g_L) = 1.2410 | grad = 0.2880
step  14980 | loss = -1.5130 | g_L = +1.5130 | EMA = +1.4370 | std(g_L) = 1.5715 | grad = 0.3671
step  15000 | loss = -1.4278 | g_L = +1.4278 | EMA = +1.4543 | std(g_L) = 1.3322 | grad = 0.5618
step  15020 | loss = -1.3829 | g_L = +1.3829 | EMA = +1.4571 | std(g_L) = 1.3598 | grad = 0.2423
step  15040 | loss = -1.3959 | g_L = +1.3959 | EMA = +1.4532 | std(g_L) = 1.4744 | grad = 0.3051
step  15060 | loss = -1.4518 | g_L = +1.4518 | EMA = +1.4515 | std(g_L) = 1.2809 | grad = 0.7529
step  15080 | loss = -1.5177 | g_L = +1.5177 | EMA = +1.4569 | std(g_L) = 1.1963 | grad = 0.2682
step  15100 | loss = -1.4197 | g_L = +1.4197 | EMA = +1.4551 | std(g_L) = 1.4771 | grad = 0.5384
step  15120 | loss = -1.4152 | g_L = +1.4152 | EMA = +1.4538 | std(g_L) = 1.3254 | grad = 0.1087
step  15140 | loss = -1.4968 | g_L = +1.4968 | EMA = +1.4694 | std(g_L) = 1.2714 | grad = 0.2954
step  15160 | loss = -1.4178 | g_L = +1.4178 | EMA = +1.4459 | std(g_L) = 1.3884 | grad = 0.4762
step  15180 | loss = -1.5244 | g_L = +1.5244 | EMA = +1.4537 | std(g_L) = 1.2389 | grad = 0.2633
step  15200 | loss = -1.4433 | g_L = +1.4433 | EMA = +1.4589 | std(g_L) = 1.2292 | grad = 0.3240
step  15220 | loss = -1.4605 | g_L = +1.4605 | EMA = +1.4456 | std(g_L) = 1.3614 | grad = 0.4923
step  15240 | loss = -1.5068 | g_L = +1.5068 | EMA = +1.4613 | std(g_L) = 1.2991 | grad = 0.1989
step  15260 | loss = -1.4912 | g_L = +1.4912 | EMA = +1.4614 | std(g_L) = 1.1984 | grad = 0.4912
step  15280 | loss = -1.4237 | g_L = +1.4237 | EMA = +1.4718 | std(g_L) = 1.2383 | grad = 0.1569
step  15300 | loss = -1.5252 | g_L = +1.5252 | EMA = +1.4758 | std(g_L) = 1.2333 | grad = 0.2991
step  15320 | loss = -1.4645 | g_L = +1.4645 | EMA = +1.4726 | std(g_L) = 1.2936 | grad = 0.1614
step  15340 | loss = -1.5245 | g_L = +1.5245 | EMA = +1.4501 | std(g_L) = 1.2198 | grad = 0.4739
step  15360 | loss = -1.3871 | g_L = +1.3871 | EMA = +1.4583 | std(g_L) = 1.5685 | grad = 0.2101
step  15380 | loss = -1.4716 | g_L = +1.4716 | EMA = +1.4592 | std(g_L) = 1.3546 | grad = 0.1574
step  15400 | loss = -1.4464 | g_L = +1.4464 | EMA = +1.4591 | std(g_L) = 1.3386 | grad = 0.4555
step  15420 | loss = -1.4085 | g_L = +1.4085 | EMA = +1.4444 | std(g_L) = 1.3278 | grad = 0.5319
step  15440 | loss = -1.4795 | g_L = +1.4795 | EMA = +1.4542 | std(g_L) = 1.3807 | grad = 0.4351
step  15460 | loss = -1.2985 | g_L = +1.2985 | EMA = +1.4453 | std(g_L) = 1.3771 | grad = 0.3146
step  15480 | loss = -1.4715 | g_L = +1.4715 | EMA = +1.4606 | std(g_L) = 1.2880 | grad = 0.2054
step  15500 | loss = -1.4756 | g_L = +1.4756 | EMA = +1.4707 | std(g_L) = 1.2533 | grad = 0.4992
step  15520 | loss = -1.4157 | g_L = +1.4157 | EMA = +1.4560 | std(g_L) = 1.3121 | grad = 0.2023
step  15540 | loss = -1.4390 | g_L = +1.4390 | EMA = +1.4546 | std(g_L) = 1.2272 | grad = 0.3436
step  15560 | loss = -1.3822 | g_L = +1.3822 | EMA = +1.4543 | std(g_L) = 1.3215 | grad = 0.6923
step  15580 | loss = -1.5072 | g_L = +1.5072 | EMA = +1.4494 | std(g_L) = 1.3929 | grad = 0.0701
step  15600 | loss = -1.4790 | g_L = +1.4790 | EMA = +1.4591 | std(g_L) = 1.3046 | grad = 0.5148
step  15620 | loss = -1.2974 | g_L = +1.2974 | EMA = +1.4473 | std(g_L) = 1.5364 | grad = 0.3028
step  15640 | loss = -1.4656 | g_L = +1.4656 | EMA = +1.4655 | std(g_L) = 1.2503 | grad = 0.1275
step  15660 | loss = -1.4214 | g_L = +1.4214 | EMA = +1.4622 | std(g_L) = 1.2170 | grad = 0.4542
step  15680 | loss = -1.4712 | g_L = +1.4712 | EMA = +1.4740 | std(g_L) = 1.2335 | grad = 0.1306
step  15700 | loss = -1.5690 | g_L = +1.5690 | EMA = +1.4871 | std(g_L) = 1.2900 | grad = 0.1430
step  15720 | loss = -1.4367 | g_L = +1.4367 | EMA = +1.4592 | std(g_L) = 1.3052 | grad = 0.6650
step  15740 | loss = -1.4599 | g_L = +1.4599 | EMA = +1.4568 | std(g_L) = 1.2454 | grad = 0.8180
step  15760 | loss = -1.4799 | g_L = +1.4799 | EMA = +1.4488 | std(g_L) = 1.4732 | grad = 0.4281
step  15780 | loss = -1.4842 | g_L = +1.4842 | EMA = +1.4465 | std(g_L) = 1.2053 | grad = 0.3218
step  15800 | loss = -1.4756 | g_L = +1.4756 | EMA = +1.4572 | std(g_L) = 1.3883 | grad = 0.2658
step  15820 | loss = -1.5068 | g_L = +1.5068 | EMA = +1.4631 | std(g_L) = 1.3445 | grad = 0.2110
step  15840 | loss = -1.5224 | g_L = +1.5224 | EMA = +1.4772 | std(g_L) = 1.2382 | grad = 0.1996
step  15860 | loss = -1.4560 | g_L = +1.4560 | EMA = +1.4523 | std(g_L) = 1.3666 | grad = 1.0578
step  15880 | loss = -1.4797 | g_L = +1.4797 | EMA = +1.4609 | std(g_L) = 1.2735 | grad = 0.1371
step  15900 | loss = -1.4629 | g_L = +1.4629 | EMA = +1.4591 | std(g_L) = 1.3793 | grad = 0.1830
step  15920 | loss = -1.4547 | g_L = +1.4547 | EMA = +1.4694 | std(g_L) = 1.2880 | grad = 0.3055
step  15940 | loss = -1.4588 | g_L = +1.4588 | EMA = +1.4755 | std(g_L) = 1.3243 | grad = 0.3491
step  15960 | loss = -1.4117 | g_L = +1.4117 | EMA = +1.4731 | std(g_L) = 1.4942 | grad = 0.4747
step  15980 | loss = -1.4040 | g_L = +1.4040 | EMA = +1.4668 | std(g_L) = 1.3624 | grad = 0.2128
step  16000 | loss = -1.5234 | g_L = +1.5234 | EMA = +1.4729 | std(g_L) = 1.2444 | grad = 0.1955
step  16020 | loss = -1.4866 | g_L = +1.4866 | EMA = +1.4735 | std(g_L) = 1.1783 | grad = 0.1711
step  16040 | loss = -1.4278 | g_L = +1.4278 | EMA = +1.4753 | std(g_L) = 1.2458 | grad = 0.6100
step  16060 | loss = -1.4645 | g_L = +1.4645 | EMA = +1.4585 | std(g_L) = 1.4476 | grad = 0.4606
step  16080 | loss = -1.3933 | g_L = +1.3933 | EMA = +1.4669 | std(g_L) = 1.3685 | grad = 0.1856
step  16100 | loss = -1.4703 | g_L = +1.4703 | EMA = +1.4635 | std(g_L) = 1.2730 | grad = 0.1031
step  16120 | loss = -1.3573 | g_L = +1.3573 | EMA = +1.4774 | std(g_L) = 1.3062 | grad = 0.1599
step  16140 | loss = -1.4687 | g_L = +1.4687 | EMA = +1.4676 | std(g_L) = 1.3163 | grad = 0.2225
step  16160 | loss = -1.3678 | g_L = +1.3678 | EMA = +1.4470 | std(g_L) = 1.3711 | grad = 0.3465
step  16180 | loss = -1.4401 | g_L = +1.4401 | EMA = +1.4592 | std(g_L) = 1.3112 | grad = 0.7854
step  16200 | loss = -1.3866 | g_L = +1.3866 | EMA = +1.4501 | std(g_L) = 1.2998 | grad = 0.5652
step  16220 | loss = -1.4825 | g_L = +1.4825 | EMA = +1.4595 | std(g_L) = 1.4128 | grad = 0.3503
step  16240 | loss = -1.5513 | g_L = +1.5513 | EMA = +1.4580 | std(g_L) = 1.2639 | grad = 0.1293
step  16260 | loss = -1.4716 | g_L = +1.4716 | EMA = +1.4790 | std(g_L) = 1.2692 | grad = 0.0687
step  16280 | loss = -1.4868 | g_L = +1.4868 | EMA = +1.4702 | std(g_L) = 1.4194 | grad = 0.5832
step  16300 | loss = -1.4193 | g_L = +1.4193 | EMA = +1.4472 | std(g_L) = 1.4549 | grad = 0.5450
step  16320 | loss = -1.5231 | g_L = +1.5231 | EMA = +1.4656 | std(g_L) = 1.3618 | grad = 0.1445
step  16340 | loss = -1.4658 | g_L = +1.4658 | EMA = +1.4846 | std(g_L) = 1.4103 | grad = 0.6173
step  16360 | loss = -1.4901 | g_L = +1.4901 | EMA = +1.4760 | std(g_L) = 1.2504 | grad = 0.7475
step  16380 | loss = -1.5034 | g_L = +1.5034 | EMA = +1.4601 | std(g_L) = 1.3900 | grad = 0.5467
step  16400 | loss = -1.4821 | g_L = +1.4821 | EMA = +1.4583 | std(g_L) = 1.4080 | grad = 0.4947
step  16420 | loss = -1.4727 | g_L = +1.4727 | EMA = +1.4631 | std(g_L) = 1.3150 | grad = 0.1489
step  16440 | loss = -1.4886 | g_L = +1.4886 | EMA = +1.4599 | std(g_L) = 1.3720 | grad = 0.2905
step  16460 | loss = -1.4883 | g_L = +1.4883 | EMA = +1.4560 | std(g_L) = 1.2833 | grad = 0.2345
step  16480 | loss = -1.4149 | g_L = +1.4149 | EMA = +1.4672 | std(g_L) = 1.3276 | grad = 0.4215
step  16500 | loss = -1.5357 | g_L = +1.5357 | EMA = +1.4737 | std(g_L) = 1.4204 | grad = 0.0733
step  16520 | loss = -1.3967 | g_L = +1.3967 | EMA = +1.4728 | std(g_L) = 1.4044 | grad = 0.1444
step  16540 | loss = -1.6148 | g_L = +1.6148 | EMA = +1.4785 | std(g_L) = 1.2260 | grad = 0.4122
step  16560 | loss = -1.4429 | g_L = +1.4429 | EMA = +1.4706 | std(g_L) = 1.2605 | grad = 0.9482
step  16580 | loss = -1.4226 | g_L = +1.4226 | EMA = +1.4674 | std(g_L) = 1.3755 | grad = 0.4795
step  16600 | loss = -1.3816 | g_L = +1.3816 | EMA = +1.4634 | std(g_L) = 1.4816 | grad = 0.9069
step  16620 | loss = -1.4602 | g_L = +1.4602 | EMA = +1.4556 | std(g_L) = 1.1976 | grad = 0.1469
step  16640 | loss = -1.5150 | g_L = +1.5150 | EMA = +1.4603 | std(g_L) = 1.2523 | grad = 0.3669
step  16660 | loss = -1.5105 | g_L = +1.5105 | EMA = +1.4705 | std(g_L) = 1.2127 | grad = 0.5110
step  16680 | loss = -1.5038 | g_L = +1.5038 | EMA = +1.4736 | std(g_L) = 1.2429 | grad = 0.2564
step  16700 | loss = -1.4734 | g_L = +1.4734 | EMA = +1.4626 | std(g_L) = 1.3686 | grad = 0.4128
step  16720 | loss = -1.4072 | g_L = +1.4072 | EMA = +1.4654 | std(g_L) = 1.2083 | grad = 0.1285
step  16740 | loss = -1.4963 | g_L = +1.4963 | EMA = +1.4631 | std(g_L) = 1.2745 | grad = 0.2175
step  16760 | loss = -1.3931 | g_L = +1.3931 | EMA = +1.4649 | std(g_L) = 1.4109 | grad = 0.1941
step  16780 | loss = -1.4888 | g_L = +1.4888 | EMA = +1.4733 | std(g_L) = 1.1956 | grad = 0.5160
step  16800 | loss = -1.4057 | g_L = +1.4057 | EMA = +1.4584 | std(g_L) = 1.4398 | grad = 0.3748
step  16820 | loss = -1.4502 | g_L = +1.4502 | EMA = +1.4595 | std(g_L) = 1.3604 | grad = 0.7381
step  16840 | loss = -1.4969 | g_L = +1.4969 | EMA = +1.4765 | std(g_L) = 1.2954 | grad = 0.3263
step  16860 | loss = -1.4801 | g_L = +1.4801 | EMA = +1.4839 | std(g_L) = 1.2485 | grad = 0.3779
step  16880 | loss = -1.3704 | g_L = +1.3704 | EMA = +1.4741 | std(g_L) = 1.4275 | grad = 0.1034
step  16900 | loss = -1.4439 | g_L = +1.4439 | EMA = +1.4727 | std(g_L) = 1.2918 | grad = 0.3221
step  16920 | loss = -1.5053 | g_L = +1.5053 | EMA = +1.4744 | std(g_L) = 1.3632 | grad = 0.5793
step  16940 | loss = -1.4875 | g_L = +1.4875 | EMA = +1.4695 | std(g_L) = 1.4093 | grad = 0.4654
step  16960 | loss = -1.4700 | g_L = +1.4700 | EMA = +1.4730 | std(g_L) = 1.3331 | grad = 0.3367
step  16980 | loss = -1.4555 | g_L = +1.4555 | EMA = +1.4630 | std(g_L) = 1.2284 | grad = 0.4599
step  17000 | loss = -1.4787 | g_L = +1.4787 | EMA = +1.4724 | std(g_L) = 1.2230 | grad = 0.2205
step  17020 | loss = -1.5501 | g_L = +1.5501 | EMA = +1.4895 | std(g_L) = 1.2487 | grad = 0.3453
step  17040 | loss = -1.3807 | g_L = +1.3807 | EMA = +1.4721 | std(g_L) = 1.4234 | grad = 0.1736
step  17060 | loss = -1.4882 | g_L = +1.4882 | EMA = +1.4761 | std(g_L) = 1.2550 | grad = 0.6679
step  17080 | loss = -1.4175 | g_L = +1.4175 | EMA = +1.4742 | std(g_L) = 1.5918 | grad = 0.4586
step  17100 | loss = -1.3784 | g_L = +1.3784 | EMA = +1.4675 | std(g_L) = 1.5162 | grad = 0.1881
step  17120 | loss = -1.4202 | g_L = +1.4202 | EMA = +1.4622 | std(g_L) = 1.4749 | grad = 0.5317
step  17140 | loss = -1.4696 | g_L = +1.4696 | EMA = +1.4754 | std(g_L) = 1.3863 | grad = 0.2526
step  17160 | loss = -1.5068 | g_L = +1.5068 | EMA = +1.4744 | std(g_L) = 1.4077 | grad = 0.2631
step  17180 | loss = -1.4805 | g_L = +1.4805 | EMA = +1.4765 | std(g_L) = 1.2026 | grad = 0.2905
step  17200 | loss = -1.3683 | g_L = +1.3683 | EMA = +1.4768 | std(g_L) = 1.2776 | grad = 0.3279
step  17220 | loss = -1.4025 | g_L = +1.4025 | EMA = +1.4675 | std(g_L) = 1.3196 | grad = 0.6992
step  17240 | loss = -1.5113 | g_L = +1.5113 | EMA = +1.4764 | std(g_L) = 1.2862 | grad = 0.5672
step  17260 | loss = -1.5397 | g_L = +1.5397 | EMA = +1.4863 | std(g_L) = 1.1293 | grad = 0.4207
step  17280 | loss = -1.4466 | g_L = +1.4466 | EMA = +1.4754 | std(g_L) = 1.2486 | grad = 0.8467
step  17300 | loss = -1.5552 | g_L = +1.5552 | EMA = +1.4859 | std(g_L) = 1.2114 | grad = 0.3478
step  17320 | loss = -1.5632 | g_L = +1.5632 | EMA = +1.4882 | std(g_L) = 1.2623 | grad = 0.2875
step  17340 | loss = -1.4085 | g_L = +1.4085 | EMA = +1.4735 | std(g_L) = 1.2826 | grad = 0.1056
step  17360 | loss = -1.4842 | g_L = +1.4842 | EMA = +1.4924 | std(g_L) = 1.3683 | grad = 0.2642
step  17380 | loss = -1.4895 | g_L = +1.4895 | EMA = +1.4777 | std(g_L) = 1.2285 | grad = 0.3201
step  17400 | loss = -1.4692 | g_L = +1.4692 | EMA = +1.4802 | std(g_L) = 1.2492 | grad = 0.2179
step  17420 | loss = -1.5022 | g_L = +1.5022 | EMA = +1.4788 | std(g_L) = 1.3849 | grad = 0.2143
step  17440 | loss = -1.4008 | g_L = +1.4008 | EMA = +1.4662 | std(g_L) = 1.2787 | grad = 0.5789
step  17460 | loss = -1.4482 | g_L = +1.4482 | EMA = +1.4764 | std(g_L) = 1.2917 | grad = 0.4432
step  17480 | loss = -1.4418 | g_L = +1.4418 | EMA = +1.4657 | std(g_L) = 1.3266 | grad = 0.2005
step  17500 | loss = -1.5100 | g_L = +1.5100 | EMA = +1.4768 | std(g_L) = 1.3260 | grad = 0.7290
step  17520 | loss = -1.4889 | g_L = +1.4889 | EMA = +1.4722 | std(g_L) = 1.2465 | grad = 0.2398
step  17540 | loss = -1.5428 | g_L = +1.5428 | EMA = +1.4762 | std(g_L) = 1.2748 | grad = 0.4043
step  17560 | loss = -1.4128 | g_L = +1.4128 | EMA = +1.4699 | std(g_L) = 1.3392 | grad = 0.1853
step  17580 | loss = -1.4610 | g_L = +1.4610 | EMA = +1.4771 | std(g_L) = 1.2543 | grad = 0.1785
step  17600 | loss = -1.4300 | g_L = +1.4300 | EMA = +1.4725 | std(g_L) = 1.5259 | grad = 0.3506
step  17620 | loss = -1.4639 | g_L = +1.4639 | EMA = +1.4689 | std(g_L) = 1.3313 | grad = 0.3427
step  17640 | loss = -1.4377 | g_L = +1.4377 | EMA = +1.4719 | std(g_L) = 1.2675 | grad = 0.2209
step  17660 | loss = -1.4662 | g_L = +1.4662 | EMA = +1.4824 | std(g_L) = 1.3129 | grad = 0.4661
step  17680 | loss = -1.4493 | g_L = +1.4493 | EMA = +1.4672 | std(g_L) = 1.3388 | grad = 0.3782
step  17700 | loss = -1.5768 | g_L = +1.5768 | EMA = +1.4798 | std(g_L) = 1.2724 | grad = 0.2217
step  17720 | loss = -1.4251 | g_L = +1.4251 | EMA = +1.4779 | std(g_L) = 1.3631 | grad = 0.2882
step  17740 | loss = -1.4794 | g_L = +1.4794 | EMA = +1.4793 | std(g_L) = 1.4164 | grad = 0.4099
step  17760 | loss = -1.4856 | g_L = +1.4856 | EMA = +1.4593 | std(g_L) = 1.3017 | grad = 0.1811
step  17780 | loss = -1.4147 | g_L = +1.4147 | EMA = +1.4746 | std(g_L) = 1.3041 | grad = 0.2457
step  17800 | loss = -1.4463 | g_L = +1.4463 | EMA = +1.4797 | std(g_L) = 1.2852 | grad = 0.1359
step  17820 | loss = -1.4028 | g_L = +1.4028 | EMA = +1.4745 | std(g_L) = 1.6693 | grad = 0.4802
step  17840 | loss = -1.5039 | g_L = +1.5039 | EMA = +1.4685 | std(g_L) = 1.2035 | grad = 0.2459
step  17860 | loss = -1.4804 | g_L = +1.4804 | EMA = +1.4866 | std(g_L) = 1.3652 | grad = 0.2953
step  17880 | loss = -1.4460 | g_L = +1.4460 | EMA = +1.4697 | std(g_L) = 1.3871 | grad = 1.0009
step  17900 | loss = -1.4872 | g_L = +1.4872 | EMA = +1.4839 | std(g_L) = 1.2538 | grad = 0.8186
step  17920 | loss = -1.5089 | g_L = +1.5089 | EMA = +1.4702 | std(g_L) = 1.3210 | grad = 0.2001
step  17940 | loss = -1.5493 | g_L = +1.5493 | EMA = +1.4802 | std(g_L) = 1.1936 | grad = 0.3722
step  17960 | loss = -1.5483 | g_L = +1.5483 | EMA = +1.4677 | std(g_L) = 1.2682 | grad = 0.1656
step  17980 | loss = -1.4447 | g_L = +1.4447 | EMA = +1.4820 | std(g_L) = 1.3922 | grad = 0.2782
step  18000 | loss = -1.4818 | g_L = +1.4818 | EMA = +1.4771 | std(g_L) = 1.5338 | grad = 1.2752
step  18020 | loss = -1.4341 | g_L = +1.4341 | EMA = +1.4617 | std(g_L) = 1.3515 | grad = 0.5602
step  18040 | loss = -1.4115 | g_L = +1.4115 | EMA = +1.4727 | std(g_L) = 1.3278 | grad = 0.3807
step  18060 | loss = -1.5725 | g_L = +1.5725 | EMA = +1.4792 | std(g_L) = 1.3063 | grad = 0.4261
step  18080 | loss = -1.4900 | g_L = +1.4900 | EMA = +1.4742 | std(g_L) = 1.2702 | grad = 0.3215
step  18100 | loss = -1.3977 | g_L = +1.3977 | EMA = +1.4648 | std(g_L) = 1.5594 | grad = 0.1406
step  18120 | loss = -1.4911 | g_L = +1.4911 | EMA = +1.4628 | std(g_L) = 1.2781 | grad = 1.1837
step  18140 | loss = -1.3536 | g_L = +1.3536 | EMA = +1.4676 | std(g_L) = 1.3144 | grad = 0.1551
step  18160 | loss = -1.5150 | g_L = +1.5150 | EMA = +1.4832 | std(g_L) = 1.1358 | grad = 0.5103
step  18180 | loss = -1.4539 | g_L = +1.4539 | EMA = +1.4615 | std(g_L) = 1.3312 | grad = 0.5071
step  18200 | loss = -1.4668 | g_L = +1.4668 | EMA = +1.4501 | std(g_L) = 1.2777 | grad = 0.1222
step  18220 | loss = -1.5301 | g_L = +1.5301 | EMA = +1.4723 | std(g_L) = 1.2677 | grad = 0.1852
step  18240 | loss = -1.5850 | g_L = +1.5850 | EMA = +1.4791 | std(g_L) = 1.2053 | grad = 0.4047
step  18260 | loss = -1.5276 | g_L = +1.5276 | EMA = +1.4762 | std(g_L) = 1.2501 | grad = 0.3918
step  18280 | loss = -1.6519 | g_L = +1.6519 | EMA = +1.4786 | std(g_L) = 1.2243 | grad = 0.7273
step  18300 | loss = -1.4852 | g_L = +1.4852 | EMA = +1.4613 | std(g_L) = 1.3148 | grad = 0.4245
step  18320 | loss = -1.4327 | g_L = +1.4327 | EMA = +1.4553 | std(g_L) = 1.3123 | grad = 0.6965
step  18340 | loss = -1.4528 | g_L = +1.4528 | EMA = +1.4618 | std(g_L) = 1.4644 | grad = 0.5450
step  18360 | loss = -1.5056 | g_L = +1.5056 | EMA = +1.4643 | std(g_L) = 1.3189 | grad = 0.4494
step  18380 | loss = -1.4759 | g_L = +1.4759 | EMA = +1.4776 | std(g_L) = 1.2569 | grad = 0.3612
step  18400 | loss = -1.4948 | g_L = +1.4948 | EMA = +1.4872 | std(g_L) = 1.2793 | grad = 0.2187
step  18420 | loss = -1.3838 | g_L = +1.3838 | EMA = +1.4755 | std(g_L) = 1.4294 | grad = 0.8118
step  18440 | loss = -1.5518 | g_L = +1.5518 | EMA = +1.4858 | std(g_L) = 1.3373 | grad = 0.1491
step  18460 | loss = -1.3713 | g_L = +1.3713 | EMA = +1.4811 | std(g_L) = 1.3660 | grad = 0.1693
step  18480 | loss = -1.5158 | g_L = +1.5158 | EMA = +1.4649 | std(g_L) = 1.4369 | grad = 1.0417
step  18500 | loss = -1.4758 | g_L = +1.4758 | EMA = +1.4674 | std(g_L) = 1.4583 | grad = 0.7829
step  18520 | loss = -1.4297 | g_L = +1.4297 | EMA = +1.4709 | std(g_L) = 1.2268 | grad = 0.3817
step  18540 | loss = -1.4198 | g_L = +1.4198 | EMA = +1.4725 | std(g_L) = 1.3884 | grad = 0.1483
step  18560 | loss = -1.3764 | g_L = +1.3764 | EMA = +1.4773 | std(g_L) = 1.3460 | grad = 0.8487
step  18580 | loss = -1.5449 | g_L = +1.5449 | EMA = +1.4738 | std(g_L) = 1.2143 | grad = 0.1390
step  18600 | loss = -1.5085 | g_L = +1.5085 | EMA = +1.4823 | std(g_L) = 1.3467 | grad = 0.1581
step  18620 | loss = -1.3855 | g_L = +1.3855 | EMA = +1.4935 | std(g_L) = 1.4650 | grad = 0.2332
step  18640 | loss = -1.5036 | g_L = +1.5036 | EMA = +1.4874 | std(g_L) = 1.3465 | grad = 0.4920
step  18660 | loss = -1.4571 | g_L = +1.4571 | EMA = +1.4878 | std(g_L) = 1.3489 | grad = 0.2619
step  18680 | loss = -1.5992 | g_L = +1.5992 | EMA = +1.4995 | std(g_L) = 1.2206 | grad = 0.4642
step  18700 | loss = -1.4286 | g_L = +1.4286 | EMA = +1.4951 | std(g_L) = 1.5429 | grad = 0.2181
step  18720 | loss = -1.4367 | g_L = +1.4367 | EMA = +1.4843 | std(g_L) = 1.3285 | grad = 0.1386
step  18740 | loss = -1.5229 | g_L = +1.5229 | EMA = +1.4738 | std(g_L) = 1.2223 | grad = 0.1405
step  18760 | loss = -1.4528 | g_L = +1.4528 | EMA = +1.4619 | std(g_L) = 1.2598 | grad = 0.2783
step  18780 | loss = -1.5013 | g_L = +1.5013 | EMA = +1.4828 | std(g_L) = 1.2155 | grad = 0.5848
step  18800 | loss = -1.5488 | g_L = +1.5488 | EMA = +1.4806 | std(g_L) = 1.2852 | grad = 0.2256
step  18820 | loss = -1.5023 | g_L = +1.5023 | EMA = +1.4968 | std(g_L) = 1.3286 | grad = 0.1049
step  18840 | loss = -1.4525 | g_L = +1.4525 | EMA = +1.4732 | std(g_L) = 1.2779 | grad = 0.0988
step  18860 | loss = -1.5018 | g_L = +1.5018 | EMA = +1.4731 | std(g_L) = 1.2476 | grad = 0.2787
step  18880 | loss = -1.4638 | g_L = +1.4638 | EMA = +1.4801 | std(g_L) = 1.3055 | grad = 0.3795
step  18900 | loss = -1.5236 | g_L = +1.5236 | EMA = +1.5001 | std(g_L) = 1.2557 | grad = 0.2465
step  18920 | loss = -1.4559 | g_L = +1.4559 | EMA = +1.4890 | std(g_L) = 1.3114 | grad = 0.4861
step  18940 | loss = -1.4729 | g_L = +1.4729 | EMA = +1.4723 | std(g_L) = 1.5794 | grad = 0.8833
step  18960 | loss = -1.5806 | g_L = +1.5806 | EMA = +1.4859 | std(g_L) = 1.3151 | grad = 0.1395
step  18980 | loss = -1.5870 | g_L = +1.5870 | EMA = +1.4986 | std(g_L) = 1.4330 | grad = 0.4642
step  19000 | loss = -1.4639 | g_L = +1.4639 | EMA = +1.4942 | std(g_L) = 1.3698 | grad = 0.2872
step  19020 | loss = -1.4591 | g_L = +1.4591 | EMA = +1.4858 | std(g_L) = 1.2912 | grad = 0.3081
step  19040 | loss = -1.4073 | g_L = +1.4073 | EMA = +1.4897 | std(g_L) = 1.3018 | grad = 0.6466
step  19060 | loss = -1.4923 | g_L = +1.4923 | EMA = +1.4857 | std(g_L) = 1.2199 | grad = 0.7274
step  19080 | loss = -1.5139 | g_L = +1.5139 | EMA = +1.4774 | std(g_L) = 1.1948 | grad = 0.2822
step  19100 | loss = -1.4867 | g_L = +1.4867 | EMA = +1.4745 | std(g_L) = 1.3562 | grad = 0.1707
step  19120 | loss = -1.4493 | g_L = +1.4493 | EMA = +1.4735 | std(g_L) = 1.2098 | grad = 0.5249
step  19140 | loss = -1.5356 | g_L = +1.5356 | EMA = +1.4786 | std(g_L) = 1.2689 | grad = 0.2123
step  19160 | loss = -1.4888 | g_L = +1.4888 | EMA = +1.4775 | std(g_L) = 1.2649 | grad = 0.6676
step  19180 | loss = -1.4654 | g_L = +1.4654 | EMA = +1.4823 | std(g_L) = 1.4223 | grad = 0.4721
step  19200 | loss = -1.5374 | g_L = +1.5374 | EMA = +1.4752 | std(g_L) = 1.4069 | grad = 0.3874
step  19220 | loss = -1.5602 | g_L = +1.5602 | EMA = +1.4868 | std(g_L) = 1.3558 | grad = 0.3638
step  19240 | loss = -1.5428 | g_L = +1.5428 | EMA = +1.4983 | std(g_L) = 1.3327 | grad = 0.6311
step  19260 | loss = -1.5179 | g_L = +1.5179 | EMA = +1.4847 | std(g_L) = 1.2362 | grad = 0.2262
step  19280 | loss = -1.4982 | g_L = +1.4982 | EMA = +1.4858 | std(g_L) = 1.3072 | grad = 0.6712
step  19300 | loss = -1.5059 | g_L = +1.5059 | EMA = +1.4919 | std(g_L) = 1.4639 | grad = 0.3932
step  19320 | loss = -1.4838 | g_L = +1.4838 | EMA = +1.4713 | std(g_L) = 1.3003 | grad = 0.4826
step  19340 | loss = -1.4937 | g_L = +1.4937 | EMA = +1.4757 | std(g_L) = 1.2793 | grad = 0.8016
step  19360 | loss = -1.6021 | g_L = +1.6021 | EMA = +1.4753 | std(g_L) = 1.2065 | grad = 0.7519
step  19380 | loss = -1.5303 | g_L = +1.5303 | EMA = +1.4801 | std(g_L) = 1.2726 | grad = 0.1894
step  19400 | loss = -1.4389 | g_L = +1.4389 | EMA = +1.4773 | std(g_L) = 1.5380 | grad = 0.1665
step  19420 | loss = -1.4483 | g_L = +1.4483 | EMA = +1.4560 | std(g_L) = 1.2016 | grad = 0.1984
step  19440 | loss = -1.5553 | g_L = +1.5553 | EMA = +1.4636 | std(g_L) = 1.1727 | grad = 0.8219
step  19460 | loss = -1.5869 | g_L = +1.5869 | EMA = +1.4978 | std(g_L) = 1.1972 | grad = 0.7648
step  19480 | loss = -1.4844 | g_L = +1.4844 | EMA = +1.4715 | std(g_L) = 1.3199 | grad = 0.9613
step  19500 | loss = -1.4667 | g_L = +1.4667 | EMA = +1.4637 | std(g_L) = 1.3556 | grad = 0.3641
step  19520 | loss = -1.4497 | g_L = +1.4497 | EMA = +1.4736 | std(g_L) = 1.2761 | grad = 0.2680
step  19540 | loss = -1.4449 | g_L = +1.4449 | EMA = +1.4763 | std(g_L) = 1.3734 | grad = 0.4131
step  19560 | loss = -1.4386 | g_L = +1.4386 | EMA = +1.4890 | std(g_L) = 1.3270 | grad = 0.2706
step  19580 | loss = -1.4986 | g_L = +1.4986 | EMA = +1.4989 | std(g_L) = 1.2278 | grad = 0.3208
step  19600 | loss = -1.5910 | g_L = +1.5910 | EMA = +1.5026 | std(g_L) = 1.4167 | grad = 0.4003
step  19620 | loss = -1.4126 | g_L = +1.4126 | EMA = +1.4872 | std(g_L) = 1.4587 | grad = 0.4117
step  19640 | loss = -1.5120 | g_L = +1.5120 | EMA = +1.4802 | std(g_L) = 1.2840 | grad = 0.1295
step  19660 | loss = -1.4688 | g_L = +1.4688 | EMA = +1.4836 | std(g_L) = 1.3498 | grad = 0.2810
step  19680 | loss = -1.4344 | g_L = +1.4344 | EMA = +1.4882 | std(g_L) = 1.2549 | grad = 0.6395
step  19700 | loss = -1.5311 | g_L = +1.5311 | EMA = +1.4690 | std(g_L) = 1.3070 | grad = 0.2267
step  19720 | loss = -1.4821 | g_L = +1.4821 | EMA = +1.4658 | std(g_L) = 1.3643 | grad = 0.7031
step  19740 | loss = -1.5372 | g_L = +1.5372 | EMA = +1.4645 | std(g_L) = 1.4375 | grad = 0.3520
step  19760 | loss = -1.3938 | g_L = +1.3938 | EMA = +1.4682 | std(g_L) = 1.3853 | grad = 0.3670
step  19780 | loss = -1.3857 | g_L = +1.3857 | EMA = +1.4762 | std(g_L) = 1.4190 | grad = 0.3702
step  19800 | loss = -1.4248 | g_L = +1.4248 | EMA = +1.4643 | std(g_L) = 1.2643 | grad = 0.7111
step  19820 | loss = -1.4743 | g_L = +1.4743 | EMA = +1.4794 | std(g_L) = 1.3378 | grad = 0.4547
step  19840 | loss = -1.5525 | g_L = +1.5525 | EMA = +1.4858 | std(g_L) = 1.2772 | grad = 0.3625
step  19860 | loss = -1.5170 | g_L = +1.5170 | EMA = +1.4822 | std(g_L) = 1.4236 | grad = 0.2152
step  19880 | loss = -1.5411 | g_L = +1.5411 | EMA = +1.4818 | std(g_L) = 1.3131 | grad = 0.3836
step  19900 | loss = -1.4752 | g_L = +1.4752 | EMA = +1.4770 | std(g_L) = 1.3185 | grad = 0.5452
step  19920 | loss = -1.6161 | g_L = +1.6161 | EMA = +1.4900 | std(g_L) = 1.2911 | grad = 0.1681
step  19940 | loss = -1.4486 | g_L = +1.4486 | EMA = +1.4857 | std(g_L) = 1.2995 | grad = 0.6463
step  19960 | loss = -1.4586 | g_L = +1.4586 | EMA = +1.4810 | std(g_L) = 1.4282 | grad = 0.2864
step  19980 | loss = -1.4871 | g_L = +1.4871 | EMA = +1.4708 | std(g_L) = 1.4366 | grad = 0.5666
step  20000 | loss = -1.3659 | g_L = +1.3659 | EMA = +1.4717 | std(g_L) = 1.2480 | grad = 0.4566
step  20020 | loss = -1.5517 | g_L = +1.5517 | EMA = +1.4874 | std(g_L) = 1.3346 | grad = 0.1083
step  20040 | loss = -1.4716 | g_L = +1.4716 | EMA = +1.4811 | std(g_L) = 1.4432 | grad = 0.1598
step  20060 | loss = -1.4973 | g_L = +1.4973 | EMA = +1.4881 | std(g_L) = 1.3927 | grad = 0.3684
step  20080 | loss = -1.5061 | g_L = +1.5061 | EMA = +1.4752 | std(g_L) = 1.2752 | grad = 0.2126
step  20100 | loss = -1.3610 | g_L = +1.3610 | EMA = +1.4806 | std(g_L) = 1.3141 | grad = 1.1313
step  20120 | loss = -1.5892 | g_L = +1.5892 | EMA = +1.4997 | std(g_L) = 1.3176 | grad = 0.2321
step  20140 | loss = -1.4049 | g_L = +1.4049 | EMA = +1.4861 | std(g_L) = 1.2078 | grad = 0.2815
step  20160 | loss = -1.5096 | g_L = +1.5096 | EMA = +1.4893 | std(g_L) = 1.4249 | grad = 0.4413
step  20180 | loss = -1.4404 | g_L = +1.4404 | EMA = +1.4803 | std(g_L) = 1.3116 | grad = 0.2517
step  20200 | loss = -1.4395 | g_L = +1.4395 | EMA = +1.4634 | std(g_L) = 1.2300 | grad = 0.2905
step  20220 | loss = -1.5246 | g_L = +1.5246 | EMA = +1.4807 | std(g_L) = 1.3467 | grad = 0.5241
step  20240 | loss = -1.5052 | g_L = +1.5052 | EMA = +1.4898 | std(g_L) = 1.4415 | grad = 0.4701
step  20260 | loss = -1.3911 | g_L = +1.3911 | EMA = +1.4811 | std(g_L) = 1.3753 | grad = 0.2692
step  20280 | loss = -1.5934 | g_L = +1.5934 | EMA = +1.4736 | std(g_L) = 1.2009 | grad = 0.3014
step  20300 | loss = -1.5001 | g_L = +1.5001 | EMA = +1.4830 | std(g_L) = 1.3590 | grad = 0.2099
step  20320 | loss = -1.4731 | g_L = +1.4731 | EMA = +1.4700 | std(g_L) = 1.2526 | grad = 0.2734
step  20340 | loss = -1.5279 | g_L = +1.5279 | EMA = +1.4828 | std(g_L) = 1.2461 | grad = 0.1607
step  20360 | loss = -1.4727 | g_L = +1.4727 | EMA = +1.4802 | std(g_L) = 1.2974 | grad = 0.4170
step  20380 | loss = -1.4670 | g_L = +1.4670 | EMA = +1.4792 | std(g_L) = 1.4720 | grad = 0.3725
step  20400 | loss = -1.4429 | g_L = +1.4429 | EMA = +1.4766 | std(g_L) = 1.4712 | grad = 0.2693
step  20420 | loss = -1.5670 | g_L = +1.5670 | EMA = +1.4880 | std(g_L) = 1.2268 | grad = 0.4549
step  20440 | loss = -1.5352 | g_L = +1.5352 | EMA = +1.4804 | std(g_L) = 1.1925 | grad = 0.3692
step  20460 | loss = -1.4768 | g_L = +1.4768 | EMA = +1.4845 | std(g_L) = 1.2918 | grad = 0.5758
step  20480 | loss = -1.5103 | g_L = +1.5103 | EMA = +1.4797 | std(g_L) = 1.2457 | grad = 0.5989
step  20500 | loss = -1.4482 | g_L = +1.4482 | EMA = +1.4789 | std(g_L) = 1.5546 | grad = 0.5806
step  20520 | loss = -1.4428 | g_L = +1.4428 | EMA = +1.4678 | std(g_L) = 1.4865 | grad = 0.4170
step  20540 | loss = -1.4173 | g_L = +1.4173 | EMA = +1.4779 | std(g_L) = 1.2837 | grad = 0.1468
step  20560 | loss = -1.3981 | g_L = +1.3981 | EMA = +1.4761 | std(g_L) = 1.3912 | grad = 0.1733
step  20580 | loss = -1.4267 | g_L = +1.4267 | EMA = +1.4825 | std(g_L) = 1.5140 | grad = 0.8134
step  20600 | loss = -1.5564 | g_L = +1.5564 | EMA = +1.4815 | std(g_L) = 1.2135 | grad = 0.4879
step  20620 | loss = -1.4986 | g_L = +1.4986 | EMA = +1.4728 | std(g_L) = 1.2133 | grad = 0.4696
step  20640 | loss = -1.4487 | g_L = +1.4487 | EMA = +1.4789 | std(g_L) = 1.2954 | grad = 0.9550
step  20660 | loss = -1.5294 | g_L = +1.5294 | EMA = +1.4891 | std(g_L) = 1.2555 | grad = 0.7300
step  20680 | loss = -1.5152 | g_L = +1.5152 | EMA = +1.4776 | std(g_L) = 1.3067 | grad = 0.4825
step  20700 | loss = -1.4942 | g_L = +1.4942 | EMA = +1.4813 | std(g_L) = 1.3479 | grad = 0.3662
step  20720 | loss = -1.5287 | g_L = +1.5287 | EMA = +1.4794 | std(g_L) = 1.3413 | grad = 0.5269
