
============================================================
T = 2
L = 128
Batch size = 128
Steps = 15000
Checkpoints = model_checkpoints/fixed_sigma_sweep/T2_L128_B128
============================================================
step      1 | loss = -0.2954 | g_L = +0.2954 | EMA = +0.2954 | std(g_L) = 0.6952 | grad = 0.0577
step     20 | loss = -0.3657 | g_L = +0.3657 | EMA = +0.2940 | std(g_L) = 0.6902 | grad = 0.1048
step     40 | loss = -0.3176 | g_L = +0.3176 | EMA = +0.2867 | std(g_L) = 0.6997 | grad = 0.1129
step     60 | loss = -0.2307 | g_L = +0.2307 | EMA = +0.2866 | std(g_L) = 0.7250 | grad = 0.1013
step     80 | loss = -0.2873 | g_L = +0.2873 | EMA = +0.2960 | std(g_L) = 0.6963 | grad = 0.1107
step    100 | loss = -0.2337 | g_L = +0.2337 | EMA = +0.2889 | std(g_L) = 0.7233 | grad = 0.1319
step    120 | loss = -0.3840 | g_L = +0.3840 | EMA = +0.3043 | std(g_L) = 0.7330 | grad = 0.0510
step    140 | loss = -0.3545 | g_L = +0.3545 | EMA = +0.3398 | std(g_L) = 0.7762 | grad = 0.1020
step    160 | loss = -0.3920 | g_L = +0.3920 | EMA = +0.3238 | std(g_L) = 0.8810 | grad = 0.1198
step    180 | loss = -0.3331 | g_L = +0.3331 | EMA = +0.3499 | std(g_L) = 0.8534 | grad = 0.1108
step    200 | loss = -0.3454 | g_L = +0.3454 | EMA = +0.3733 | std(g_L) = 0.8019 | grad = 0.1418
step    220 | loss = -0.5873 | g_L = +0.5873 | EMA = +0.4481 | std(g_L) = 1.1084 | grad = 0.1459
step    240 | loss = -0.5878 | g_L = +0.5878 | EMA = +0.4791 | std(g_L) = 1.0154 | grad = 0.0961
step    260 | loss = -0.4802 | g_L = +0.4802 | EMA = +0.5029 | std(g_L) = 0.9680 | grad = 0.1570
step    280 | loss = -0.5138 | g_L = +0.5138 | EMA = +0.5262 | std(g_L) = 0.9315 | grad = 0.1853
step    300 | loss = -0.7623 | g_L = +0.7623 | EMA = +0.5538 | std(g_L) = 1.0853 | grad = 0.0897
step    320 | loss = -0.5522 | g_L = +0.5522 | EMA = +0.5442 | std(g_L) = 1.0223 | grad = 0.0602
step    340 | loss = -0.5507 | g_L = +0.5507 | EMA = +0.5368 | std(g_L) = 0.9854 | grad = 0.0834
step    360 | loss = -0.4889 | g_L = +0.4889 | EMA = +0.5556 | std(g_L) = 0.9280 | grad = 0.1342
step    380 | loss = -0.6200 | g_L = +0.6200 | EMA = +0.5648 | std(g_L) = 1.1340 | grad = 0.0725
step    400 | loss = -0.6846 | g_L = +0.6846 | EMA = +0.5710 | std(g_L) = 0.9676 | grad = 0.1797
step    420 | loss = -0.5517 | g_L = +0.5517 | EMA = +0.5647 | std(g_L) = 1.0155 | grad = 0.1598
step    440 | loss = -0.5925 | g_L = +0.5925 | EMA = +0.5500 | std(g_L) = 0.8558 | grad = 0.1074
step    460 | loss = -0.7559 | g_L = +0.7559 | EMA = +0.5889 | std(g_L) = 1.0344 | grad = 0.3019
step    480 | loss = -0.4008 | g_L = +0.4008 | EMA = +0.5487 | std(g_L) = 0.9073 | grad = 0.1319
step    500 | loss = -0.6097 | g_L = +0.6097 | EMA = +0.5563 | std(g_L) = 1.0548 | grad = 0.2258
step    520 | loss = -0.6767 | g_L = +0.6767 | EMA = +0.5691 | std(g_L) = 0.9953 | grad = 0.2061
step    540 | loss = -0.5819 | g_L = +0.5819 | EMA = +0.5691 | std(g_L) = 0.9617 | grad = 0.1465
step    560 | loss = -0.4479 | g_L = +0.4479 | EMA = +0.5766 | std(g_L) = 0.8157 | grad = 0.3185
step    580 | loss = -0.6243 | g_L = +0.6243 | EMA = +0.5812 | std(g_L) = 0.9862 | grad = 0.1206
step    600 | loss = -0.7531 | g_L = +0.7531 | EMA = +0.6130 | std(g_L) = 1.0870 | grad = 0.2969
step    620 | loss = -0.6210 | g_L = +0.6210 | EMA = +0.5899 | std(g_L) = 0.9554 | grad = 0.1226
step    640 | loss = -0.5923 | g_L = +0.5923 | EMA = +0.5755 | std(g_L) = 0.9213 | grad = 0.2537
step    660 | loss = -0.5885 | g_L = +0.5885 | EMA = +0.5717 | std(g_L) = 0.8997 | grad = 0.1795
step    680 | loss = -0.4565 | g_L = +0.4565 | EMA = +0.5700 | std(g_L) = 0.7843 | grad = 0.1789
step    700 | loss = -0.6726 | g_L = +0.6726 | EMA = +0.5695 | std(g_L) = 0.9368 | grad = 0.3344
step    720 | loss = -0.7908 | g_L = +0.7908 | EMA = +0.5842 | std(g_L) = 0.9990 | grad = 0.1784
step    740 | loss = -0.7143 | g_L = +0.7143 | EMA = +0.5837 | std(g_L) = 0.9557 | grad = 0.2186
step    760 | loss = -0.5485 | g_L = +0.5485 | EMA = +0.5969 | std(g_L) = 0.8038 | grad = 0.1941
step    780 | loss = -0.6539 | g_L = +0.6539 | EMA = +0.6145 | std(g_L) = 0.8019 | grad = 0.3762
step    800 | loss = -0.5871 | g_L = +0.5871 | EMA = +0.6258 | std(g_L) = 0.8477 | grad = 0.1832
step    820 | loss = -0.5927 | g_L = +0.5927 | EMA = +0.6014 | std(g_L) = 0.9077 | grad = 0.2365
step    840 | loss = -0.6590 | g_L = +0.6590 | EMA = +0.6046 | std(g_L) = 0.9104 | grad = 0.2064
step    860 | loss = -0.6269 | g_L = +0.6269 | EMA = +0.6086 | std(g_L) = 0.9072 | grad = 0.3680
step    880 | loss = -0.6128 | g_L = +0.6128 | EMA = +0.6331 | std(g_L) = 0.7586 | grad = 0.2829
step    900 | loss = -0.7135 | g_L = +0.7135 | EMA = +0.6642 | std(g_L) = 0.9414 | grad = 0.3376
step    920 | loss = -0.6971 | g_L = +0.6971 | EMA = +0.6757 | std(g_L) = 0.8835 | grad = 0.1072
step    940 | loss = -0.5992 | g_L = +0.5992 | EMA = +0.6605 | std(g_L) = 0.7861 | grad = 0.2446
step    960 | loss = -0.6030 | g_L = +0.6030 | EMA = +0.6539 | std(g_L) = 0.8178 | grad = 0.1592
step    980 | loss = -0.6091 | g_L = +0.6091 | EMA = +0.6680 | std(g_L) = 0.8166 | grad = 0.3177
step   1000 | loss = -0.6883 | g_L = +0.6883 | EMA = +0.6483 | std(g_L) = 0.8422 | grad = 0.5385
step   1020 | loss = -0.7116 | g_L = +0.7116 | EMA = +0.6362 | std(g_L) = 0.9849 | grad = 0.2727
step   1040 | loss = -0.6050 | g_L = +0.6050 | EMA = +0.6512 | std(g_L) = 0.8438 | grad = 0.3753
step   1060 | loss = -0.5207 | g_L = +0.5207 | EMA = +0.6362 | std(g_L) = 0.7835 | grad = 0.2886
step   1080 | loss = -0.7000 | g_L = +0.7000 | EMA = +0.6540 | std(g_L) = 0.9249 | grad = 0.4788
step   1100 | loss = -0.6340 | g_L = +0.6340 | EMA = +0.6518 | std(g_L) = 0.8939 | grad = 0.2775
step   1120 | loss = -0.7235 | g_L = +0.7235 | EMA = +0.6696 | std(g_L) = 0.9035 | grad = 0.3341
step   1140 | loss = -0.5618 | g_L = +0.5618 | EMA = +0.6697 | std(g_L) = 0.9632 | grad = 0.3849
step   1160 | loss = -0.7445 | g_L = +0.7445 | EMA = +0.6747 | std(g_L) = 0.8780 | grad = 0.4695
step   1180 | loss = -0.7308 | g_L = +0.7308 | EMA = +0.6638 | std(g_L) = 0.7939 | grad = 0.3505
step   1200 | loss = -0.7788 | g_L = +0.7788 | EMA = +0.6766 | std(g_L) = 0.8942 | grad = 0.4908
step   1220 | loss = -0.6117 | g_L = +0.6117 | EMA = +0.6734 | std(g_L) = 0.9377 | grad = 0.3013
step   1240 | loss = -0.6061 | g_L = +0.6061 | EMA = +0.6747 | std(g_L) = 0.8717 | grad = 0.2481
step   1260 | loss = -0.5802 | g_L = +0.5802 | EMA = +0.6640 | std(g_L) = 0.8106 | grad = 0.4101
step   1280 | loss = -0.6687 | g_L = +0.6687 | EMA = +0.6504 | std(g_L) = 0.9837 | grad = 0.3787
step   1300 | loss = -0.6398 | g_L = +0.6398 | EMA = +0.6608 | std(g_L) = 0.8815 | grad = 0.2416
step   1320 | loss = -0.7455 | g_L = +0.7455 | EMA = +0.6577 | std(g_L) = 0.9100 | grad = 0.2963
step   1340 | loss = -0.6277 | g_L = +0.6277 | EMA = +0.6688 | std(g_L) = 0.8456 | grad = 0.3059
step   1360 | loss = -0.7041 | g_L = +0.7041 | EMA = +0.6743 | std(g_L) = 0.9077 | grad = 0.3573
step   1380 | loss = -0.6108 | g_L = +0.6108 | EMA = +0.6714 | std(g_L) = 0.8901 | grad = 0.1484
step   1400 | loss = -0.6624 | g_L = +0.6624 | EMA = +0.6829 | std(g_L) = 1.0087 | grad = 0.5082
step   1420 | loss = -0.6865 | g_L = +0.6865 | EMA = +0.6767 | std(g_L) = 0.8496 | grad = 0.3968
step   1440 | loss = -0.7677 | g_L = +0.7677 | EMA = +0.6785 | std(g_L) = 0.8333 | grad = 0.2123
step   1460 | loss = -0.6754 | g_L = +0.6754 | EMA = +0.6773 | std(g_L) = 0.9712 | grad = 0.2796
step   1480 | loss = -0.6392 | g_L = +0.6392 | EMA = +0.6747 | std(g_L) = 0.8923 | grad = 0.3242
step   1500 | loss = -0.6673 | g_L = +0.6673 | EMA = +0.6695 | std(g_L) = 0.9109 | grad = 0.1962
step   1520 | loss = -0.8051 | g_L = +0.8051 | EMA = +0.6663 | std(g_L) = 0.9078 | grad = 0.3582
step   1540 | loss = -0.6963 | g_L = +0.6963 | EMA = +0.6758 | std(g_L) = 0.7837 | grad = 0.1546
step   1560 | loss = -0.7213 | g_L = +0.7213 | EMA = +0.6573 | std(g_L) = 0.9168 | grad = 0.3496
step   1580 | loss = -0.6912 | g_L = +0.6912 | EMA = +0.6550 | std(g_L) = 0.8518 | grad = 0.5757
step   1600 | loss = -0.7152 | g_L = +0.7152 | EMA = +0.6513 | std(g_L) = 0.9012 | grad = 0.1457
step   1620 | loss = -0.6107 | g_L = +0.6107 | EMA = +0.6654 | std(g_L) = 0.7344 | grad = 0.1102
step   1640 | loss = -0.7013 | g_L = +0.7013 | EMA = +0.6729 | std(g_L) = 0.7633 | grad = 0.3512
step   1660 | loss = -0.6179 | g_L = +0.6179 | EMA = +0.6593 | std(g_L) = 0.8094 | grad = 0.3628
step   1680 | loss = -0.6621 | g_L = +0.6621 | EMA = +0.6792 | std(g_L) = 0.7873 | grad = 0.3282
step   1700 | loss = -0.6702 | g_L = +0.6702 | EMA = +0.6650 | std(g_L) = 0.7343 | grad = 0.2573
step   1720 | loss = -0.6981 | g_L = +0.6981 | EMA = +0.6502 | std(g_L) = 0.9092 | grad = 0.1945
step   1740 | loss = -0.5327 | g_L = +0.5327 | EMA = +0.6637 | std(g_L) = 0.7571 | grad = 0.3594
step   1760 | loss = -0.7901 | g_L = +0.7901 | EMA = +0.6818 | std(g_L) = 0.8516 | grad = 0.1962
step   1780 | loss = -0.7444 | g_L = +0.7444 | EMA = +0.6626 | std(g_L) = 0.8336 | grad = 0.3159
step   1800 | loss = -0.7532 | g_L = +0.7532 | EMA = +0.6739 | std(g_L) = 0.7908 | grad = 0.2989
step   1820 | loss = -0.7448 | g_L = +0.7448 | EMA = +0.6932 | std(g_L) = 0.8195 | grad = 0.2762
step   1840 | loss = -0.6594 | g_L = +0.6594 | EMA = +0.6836 | std(g_L) = 0.7557 | grad = 0.1896
step   1860 | loss = -0.6870 | g_L = +0.6870 | EMA = +0.6873 | std(g_L) = 0.8727 | grad = 0.1970
step   1880 | loss = -0.7481 | g_L = +0.7481 | EMA = +0.6811 | std(g_L) = 0.8369 | grad = 0.1892
step   1900 | loss = -0.6723 | g_L = +0.6723 | EMA = +0.6831 | std(g_L) = 0.7663 | grad = 0.3244
step   1920 | loss = -0.5753 | g_L = +0.5753 | EMA = +0.6604 | std(g_L) = 0.7548 | grad = 0.1975
step   1940 | loss = -0.6107 | g_L = +0.6107 | EMA = +0.6699 | std(g_L) = 0.7390 | grad = 0.2722
step   1960 | loss = -0.8593 | g_L = +0.8593 | EMA = +0.6756 | std(g_L) = 0.9359 | grad = 0.2345
step   1980 | loss = -0.6069 | g_L = +0.6069 | EMA = +0.6743 | std(g_L) = 0.8336 | grad = 0.3119
step   2000 | loss = -0.7602 | g_L = +0.7602 | EMA = +0.6664 | std(g_L) = 0.8682 | grad = 0.4216
step   2020 | loss = -0.6089 | g_L = +0.6089 | EMA = +0.6734 | std(g_L) = 0.8431 | grad = 0.3940
step   2040 | loss = -0.6099 | g_L = +0.6099 | EMA = +0.6833 | std(g_L) = 0.9125 | grad = 0.3397
step   2060 | loss = -0.7060 | g_L = +0.7060 | EMA = +0.6646 | std(g_L) = 0.7877 | grad = 0.2402
step   2080 | loss = -0.6690 | g_L = +0.6690 | EMA = +0.6620 | std(g_L) = 0.7984 | grad = 0.4118
step   2100 | loss = -0.7021 | g_L = +0.7021 | EMA = +0.6661 | std(g_L) = 0.8257 | grad = 0.4124
step   2120 | loss = -0.5708 | g_L = +0.5708 | EMA = +0.6652 | std(g_L) = 0.7197 | grad = 0.3760
step   2140 | loss = -0.6742 | g_L = +0.6742 | EMA = +0.6733 | std(g_L) = 0.9900 | grad = 0.3657
step   2160 | loss = -0.6575 | g_L = +0.6575 | EMA = +0.6796 | std(g_L) = 0.9107 | grad = 0.3333
step   2180 | loss = -0.7675 | g_L = +0.7675 | EMA = +0.6650 | std(g_L) = 0.9125 | grad = 0.4386
step   2200 | loss = -0.6019 | g_L = +0.6019 | EMA = +0.6596 | std(g_L) = 0.6993 | grad = 0.1651
step   2220 | loss = -0.6441 | g_L = +0.6441 | EMA = +0.6826 | std(g_L) = 0.8749 | grad = 0.2600
step   2240 | loss = -0.6869 | g_L = +0.6869 | EMA = +0.6921 | std(g_L) = 0.7895 | grad = 0.1857
step   2260 | loss = -0.7271 | g_L = +0.7271 | EMA = +0.6893 | std(g_L) = 0.7875 | grad = 0.5351
step   2280 | loss = -0.6481 | g_L = +0.6481 | EMA = +0.6758 | std(g_L) = 0.8062 | grad = 0.3678
step   2300 | loss = -0.7701 | g_L = +0.7701 | EMA = +0.6722 | std(g_L) = 0.8614 | grad = 0.3463
step   2320 | loss = -0.7353 | g_L = +0.7353 | EMA = +0.6745 | std(g_L) = 0.9328 | grad = 0.5514
step   2340 | loss = -0.5864 | g_L = +0.5864 | EMA = +0.6805 | std(g_L) = 0.8072 | grad = 0.1862
step   2360 | loss = -0.7251 | g_L = +0.7251 | EMA = +0.6864 | std(g_L) = 0.8562 | grad = 0.1441
step   2380 | loss = -0.8080 | g_L = +0.8080 | EMA = +0.7036 | std(g_L) = 0.8048 | grad = 0.3409
step   2400 | loss = -0.6815 | g_L = +0.6815 | EMA = +0.6725 | std(g_L) = 0.8660 | grad = 0.4774
step   2420 | loss = -0.6037 | g_L = +0.6037 | EMA = +0.6744 | std(g_L) = 0.8834 | grad = 0.3231
step   2440 | loss = -0.7258 | g_L = +0.7258 | EMA = +0.6714 | std(g_L) = 0.8546 | grad = 0.2374
step   2460 | loss = -0.8273 | g_L = +0.8273 | EMA = +0.6641 | std(g_L) = 0.9249 | grad = 0.3805
step   2480 | loss = -0.6878 | g_L = +0.6878 | EMA = +0.6864 | std(g_L) = 0.8360 | grad = 0.5866
step   2500 | loss = -0.5974 | g_L = +0.5974 | EMA = +0.6755 | std(g_L) = 0.8079 | grad = 0.2931
step   2520 | loss = -0.7165 | g_L = +0.7165 | EMA = +0.7067 | std(g_L) = 0.8212 | grad = 0.3106
step   2540 | loss = -0.6328 | g_L = +0.6328 | EMA = +0.6725 | std(g_L) = 0.8834 | grad = 0.3122
step   2560 | loss = -0.6814 | g_L = +0.6814 | EMA = +0.6758 | std(g_L) = 0.8820 | grad = 0.2457
step   2580 | loss = -0.6857 | g_L = +0.6857 | EMA = +0.6806 | std(g_L) = 0.7482 | grad = 0.3072
step   2600 | loss = -0.6557 | g_L = +0.6557 | EMA = +0.6595 | std(g_L) = 0.8346 | grad = 0.4456
step   2620 | loss = -0.7161 | g_L = +0.7161 | EMA = +0.6986 | std(g_L) = 0.7964 | grad = 0.3514
step   2640 | loss = -0.6905 | g_L = +0.6905 | EMA = +0.6990 | std(g_L) = 0.7730 | grad = 0.3454
step   2660 | loss = -0.7343 | g_L = +0.7343 | EMA = +0.6797 | std(g_L) = 0.7698 | grad = 0.3950
step   2680 | loss = -0.7116 | g_L = +0.7116 | EMA = +0.6731 | std(g_L) = 0.8656 | grad = 0.2763
step   2700 | loss = -0.8110 | g_L = +0.8110 | EMA = +0.6850 | std(g_L) = 0.9702 | grad = 0.3612
step   2720 | loss = -0.6822 | g_L = +0.6822 | EMA = +0.6662 | std(g_L) = 0.7823 | grad = 0.1108
step   2740 | loss = -0.7070 | g_L = +0.7070 | EMA = +0.6682 | std(g_L) = 0.7721 | grad = 0.1941
step   2760 | loss = -0.6884 | g_L = +0.6884 | EMA = +0.6591 | std(g_L) = 0.8817 | grad = 0.1742
step   2780 | loss = -0.6563 | g_L = +0.6563 | EMA = +0.6683 | std(g_L) = 0.7936 | grad = 0.5139
step   2800 | loss = -0.8116 | g_L = +0.8116 | EMA = +0.6843 | std(g_L) = 0.8829 | grad = 0.1968
step   2820 | loss = -0.7940 | g_L = +0.7940 | EMA = +0.6837 | std(g_L) = 0.7711 | grad = 0.3116
step   2840 | loss = -0.6524 | g_L = +0.6524 | EMA = +0.6621 | std(g_L) = 0.8504 | grad = 0.3815
step   2860 | loss = -0.6381 | g_L = +0.6381 | EMA = +0.6754 | std(g_L) = 0.8286 | grad = 0.1589
step   2880 | loss = -0.7726 | g_L = +0.7726 | EMA = +0.6863 | std(g_L) = 0.8548 | grad = 0.1568
step   2900 | loss = -0.5538 | g_L = +0.5538 | EMA = +0.6736 | std(g_L) = 0.7770 | grad = 0.3995
step   2920 | loss = -0.7766 | g_L = +0.7766 | EMA = +0.6783 | std(g_L) = 0.8996 | grad = 0.1843
step   2940 | loss = -0.6458 | g_L = +0.6458 | EMA = +0.6777 | std(g_L) = 0.7683 | grad = 0.3012
step   2960 | loss = -0.6339 | g_L = +0.6339 | EMA = +0.6925 | std(g_L) = 0.8625 | grad = 0.3623
step   2980 | loss = -0.6130 | g_L = +0.6130 | EMA = +0.6827 | std(g_L) = 0.8834 | grad = 0.3458
step   3000 | loss = -0.6841 | g_L = +0.6841 | EMA = +0.6844 | std(g_L) = 0.8603 | grad = 0.2768
step   3020 | loss = -0.7039 | g_L = +0.7039 | EMA = +0.6730 | std(g_L) = 0.8964 | grad = 0.2348
step   3040 | loss = -0.7628 | g_L = +0.7628 | EMA = +0.6836 | std(g_L) = 0.9236 | grad = 0.2808
step   3060 | loss = -0.6260 | g_L = +0.6260 | EMA = +0.6848 | std(g_L) = 0.7814 | grad = 0.2516
step   3080 | loss = -0.7164 | g_L = +0.7164 | EMA = +0.6984 | std(g_L) = 0.7933 | grad = 0.3232
step   3100 | loss = -0.6974 | g_L = +0.6974 | EMA = +0.6992 | std(g_L) = 0.8336 | grad = 0.3176
step   3120 | loss = -0.6301 | g_L = +0.6301 | EMA = +0.6695 | std(g_L) = 0.8592 | grad = 0.2763
step   3140 | loss = -0.6314 | g_L = +0.6314 | EMA = +0.6759 | std(g_L) = 0.7528 | grad = 0.2081
step   3160 | loss = -0.6609 | g_L = +0.6609 | EMA = +0.6875 | std(g_L) = 0.8535 | grad = 0.3124
step   3180 | loss = -0.7954 | g_L = +0.7954 | EMA = +0.6916 | std(g_L) = 0.8947 | grad = 0.3522
step   3200 | loss = -0.6527 | g_L = +0.6527 | EMA = +0.6807 | std(g_L) = 0.8542 | grad = 0.4481
step   3220 | loss = -0.5879 | g_L = +0.5879 | EMA = +0.6727 | std(g_L) = 0.8278 | grad = 0.4143
step   3240 | loss = -0.8200 | g_L = +0.8200 | EMA = +0.6803 | std(g_L) = 0.9000 | grad = 0.5395
step   3260 | loss = -0.6169 | g_L = +0.6169 | EMA = +0.6767 | std(g_L) = 0.7936 | grad = 0.2668
step   3280 | loss = -0.8178 | g_L = +0.8178 | EMA = +0.6806 | std(g_L) = 0.8846 | grad = 0.2536
step   3300 | loss = -0.7529 | g_L = +0.7529 | EMA = +0.6914 | std(g_L) = 0.9105 | grad = 0.4566
step   3320 | loss = -0.6410 | g_L = +0.6410 | EMA = +0.6782 | std(g_L) = 0.9338 | grad = 0.4201
step   3340 | loss = -0.6309 | g_L = +0.6309 | EMA = +0.6859 | std(g_L) = 0.9941 | grad = 0.4174
step   3360 | loss = -0.7378 | g_L = +0.7378 | EMA = +0.6828 | std(g_L) = 0.8343 | grad = 0.3082
step   3380 | loss = -0.6656 | g_L = +0.6656 | EMA = +0.6844 | std(g_L) = 0.7745 | grad = 0.2749
step   3400 | loss = -0.8293 | g_L = +0.8293 | EMA = +0.6628 | std(g_L) = 0.9218 | grad = 0.3267
step   3420 | loss = -0.5584 | g_L = +0.5584 | EMA = +0.6695 | std(g_L) = 0.7835 | grad = 0.3519
step   3440 | loss = -0.7169 | g_L = +0.7169 | EMA = +0.6671 | std(g_L) = 0.8063 | grad = 0.1790
step   3460 | loss = -0.6801 | g_L = +0.6801 | EMA = +0.6787 | std(g_L) = 0.7615 | grad = 0.6142
step   3480 | loss = -0.7930 | g_L = +0.7930 | EMA = +0.6951 | std(g_L) = 0.8528 | grad = 0.2874
step   3500 | loss = -0.6734 | g_L = +0.6734 | EMA = +0.6809 | std(g_L) = 0.7974 | grad = 0.3525
step   3520 | loss = -0.6904 | g_L = +0.6904 | EMA = +0.7088 | std(g_L) = 0.8592 | grad = 0.2348
step   3540 | loss = -0.5834 | g_L = +0.5834 | EMA = +0.6774 | std(g_L) = 0.8703 | grad = 0.2109
step   3560 | loss = -0.6163 | g_L = +0.6163 | EMA = +0.6930 | std(g_L) = 0.8096 | grad = 0.2396
step   3580 | loss = -0.7084 | g_L = +0.7084 | EMA = +0.6672 | std(g_L) = 0.8632 | grad = 0.2013
step   3600 | loss = -0.5811 | g_L = +0.5811 | EMA = +0.6562 | std(g_L) = 0.8832 | grad = 0.3414
step   3620 | loss = -0.6358 | g_L = +0.6358 | EMA = +0.6749 | std(g_L) = 0.9742 | grad = 0.2860
step   3640 | loss = -0.7541 | g_L = +0.7541 | EMA = +0.6937 | std(g_L) = 0.8358 | grad = 0.4051
step   3660 | loss = -0.6087 | g_L = +0.6087 | EMA = +0.6803 | std(g_L) = 0.8152 | grad = 0.2201
step   3680 | loss = -0.6506 | g_L = +0.6506 | EMA = +0.6906 | std(g_L) = 0.8318 | grad = 0.4695
step   3700 | loss = -0.6530 | g_L = +0.6530 | EMA = +0.6783 | std(g_L) = 0.8165 | grad = 0.4384
step   3720 | loss = -0.5798 | g_L = +0.5798 | EMA = +0.6745 | std(g_L) = 0.7956 | grad = 0.2228
step   3740 | loss = -0.7139 | g_L = +0.7139 | EMA = +0.6833 | std(g_L) = 0.8554 | grad = 0.1156
step   3760 | loss = -0.7149 | g_L = +0.7149 | EMA = +0.6911 | std(g_L) = 0.8252 | grad = 0.4429
step   3780 | loss = -0.7758 | g_L = +0.7758 | EMA = +0.6965 | std(g_L) = 0.8851 | grad = 0.3262
step   3800 | loss = -0.7172 | g_L = +0.7172 | EMA = +0.6854 | std(g_L) = 0.8530 | grad = 0.2725
step   3820 | loss = -0.6268 | g_L = +0.6268 | EMA = +0.6815 | std(g_L) = 0.9302 | grad = 0.3124
step   3840 | loss = -0.6776 | g_L = +0.6776 | EMA = +0.6763 | std(g_L) = 0.9682 | grad = 0.2625
step   3860 | loss = -0.7540 | g_L = +0.7540 | EMA = +0.6994 | std(g_L) = 0.9440 | grad = 0.3600
step   3880 | loss = -0.6577 | g_L = +0.6577 | EMA = +0.6900 | std(g_L) = 0.9226 | grad = 0.5561
step   3900 | loss = -0.6371 | g_L = +0.6371 | EMA = +0.6928 | std(g_L) = 0.8893 | grad = 0.4072
step   3920 | loss = -0.7150 | g_L = +0.7150 | EMA = +0.6872 | std(g_L) = 0.7746 | grad = 0.2160
step   3940 | loss = -0.6697 | g_L = +0.6697 | EMA = +0.6932 | std(g_L) = 0.8159 | grad = 0.4667
step   3960 | loss = -0.7114 | g_L = +0.7114 | EMA = +0.6873 | std(g_L) = 0.8959 | grad = 0.3007
step   3980 | loss = -0.8016 | g_L = +0.8016 | EMA = +0.6923 | std(g_L) = 0.7765 | grad = 0.5492
step   4000 | loss = -0.7035 | g_L = +0.7035 | EMA = +0.6902 | std(g_L) = 0.8864 | grad = 0.2365
step   4020 | loss = -0.7007 | g_L = +0.7007 | EMA = +0.6792 | std(g_L) = 0.7413 | grad = 0.1428
step   4040 | loss = -0.6301 | g_L = +0.6301 | EMA = +0.6773 | std(g_L) = 0.7802 | grad = 0.3816
step   4060 | loss = -0.7795 | g_L = +0.7795 | EMA = +0.7040 | std(g_L) = 0.9016 | grad = 0.1642
step   4080 | loss = -0.6930 | g_L = +0.6930 | EMA = +0.6964 | std(g_L) = 0.7899 | grad = 0.3689
step   4100 | loss = -0.6601 | g_L = +0.6601 | EMA = +0.6821 | std(g_L) = 0.7861 | grad = 0.1739
step   4120 | loss = -0.7408 | g_L = +0.7408 | EMA = +0.6775 | std(g_L) = 1.0018 | grad = 0.2783
step   4140 | loss = -0.7306 | g_L = +0.7306 | EMA = +0.7084 | std(g_L) = 0.7964 | grad = 0.2860
step   4160 | loss = -0.6933 | g_L = +0.6933 | EMA = +0.7003 | std(g_L) = 1.0180 | grad = 0.3469
step   4180 | loss = -0.7120 | g_L = +0.7120 | EMA = +0.6804 | std(g_L) = 0.8725 | grad = 0.2584
step   4200 | loss = -0.6823 | g_L = +0.6823 | EMA = +0.7038 | std(g_L) = 0.8724 | grad = 0.4706
step   4220 | loss = -0.6684 | g_L = +0.6684 | EMA = +0.6798 | std(g_L) = 0.8724 | grad = 0.3433
step   4240 | loss = -0.7410 | g_L = +0.7410 | EMA = +0.6829 | std(g_L) = 0.9045 | grad = 0.1642
step   4260 | loss = -0.7475 | g_L = +0.7475 | EMA = +0.6816 | std(g_L) = 0.9282 | grad = 0.3335
step   4280 | loss = -0.6610 | g_L = +0.6610 | EMA = +0.6944 | std(g_L) = 0.8328 | grad = 0.2438
step   4300 | loss = -0.6467 | g_L = +0.6467 | EMA = +0.6965 | std(g_L) = 0.8696 | grad = 0.3921
step   4320 | loss = -0.7295 | g_L = +0.7295 | EMA = +0.7172 | std(g_L) = 0.8611 | grad = 0.3030
step   4340 | loss = -0.6685 | g_L = +0.6685 | EMA = +0.6874 | std(g_L) = 0.8697 | grad = 0.3660
step   4360 | loss = -0.6182 | g_L = +0.6182 | EMA = +0.6923 | std(g_L) = 0.8698 | grad = 0.3655
step   4380 | loss = -0.7959 | g_L = +0.7959 | EMA = +0.7046 | std(g_L) = 0.8769 | grad = 0.2247
step   4400 | loss = -0.7400 | g_L = +0.7400 | EMA = +0.6739 | std(g_L) = 0.8788 | grad = 0.2441
step   4420 | loss = -0.6673 | g_L = +0.6673 | EMA = +0.6745 | std(g_L) = 0.8243 | grad = 0.5126
step   4440 | loss = -0.7211 | g_L = +0.7211 | EMA = +0.6945 | std(g_L) = 0.9199 | grad = 0.3202
step   4460 | loss = -0.7430 | g_L = +0.7430 | EMA = +0.7008 | std(g_L) = 0.8582 | grad = 0.4023
step   4480 | loss = -0.6617 | g_L = +0.6617 | EMA = +0.6892 | std(g_L) = 0.9393 | grad = 0.3815
step   4500 | loss = -0.5673 | g_L = +0.5673 | EMA = +0.6779 | std(g_L) = 0.7240 | grad = 0.1419
step   4520 | loss = -0.7330 | g_L = +0.7330 | EMA = +0.6862 | std(g_L) = 0.7956 | grad = 0.4131
step   4540 | loss = -0.8159 | g_L = +0.8159 | EMA = +0.6824 | std(g_L) = 0.9284 | grad = 0.2302
step   4560 | loss = -0.7085 | g_L = +0.7085 | EMA = +0.6903 | std(g_L) = 0.8968 | grad = 0.3732
step   4580 | loss = -0.6637 | g_L = +0.6637 | EMA = +0.6865 | std(g_L) = 0.8957 | grad = 0.4795
step   4600 | loss = -0.6973 | g_L = +0.6973 | EMA = +0.6858 | std(g_L) = 0.8662 | grad = 0.4094
step   4620 | loss = -0.7003 | g_L = +0.7003 | EMA = +0.7088 | std(g_L) = 0.8784 | grad = 0.2415
step   4640 | loss = -0.6497 | g_L = +0.6497 | EMA = +0.6885 | std(g_L) = 0.9898 | grad = 0.3205
step   4660 | loss = -0.7029 | g_L = +0.7029 | EMA = +0.6925 | std(g_L) = 0.7969 | grad = 0.4681
step   4680 | loss = -0.5794 | g_L = +0.5794 | EMA = +0.7015 | std(g_L) = 0.7634 | grad = 0.3719
step   4700 | loss = -0.7804 | g_L = +0.7804 | EMA = +0.6822 | std(g_L) = 0.9054 | grad = 0.3615
step   4720 | loss = -0.8231 | g_L = +0.8231 | EMA = +0.6997 | std(g_L) = 0.9300 | grad = 0.2426
step   4740 | loss = -0.7015 | g_L = +0.7015 | EMA = +0.6977 | std(g_L) = 0.9650 | grad = 0.2957
step   4760 | loss = -0.8269 | g_L = +0.8269 | EMA = +0.7204 | std(g_L) = 0.8473 | grad = 0.2643
step   4780 | loss = -0.7345 | g_L = +0.7345 | EMA = +0.6791 | std(g_L) = 0.9054 | grad = 0.5585
step   4800 | loss = -0.6667 | g_L = +0.6667 | EMA = +0.6964 | std(g_L) = 0.8758 | grad = 0.1915
step   4820 | loss = -0.7716 | g_L = +0.7716 | EMA = +0.7036 | std(g_L) = 0.9179 | grad = 0.2477
step   4840 | loss = -0.6081 | g_L = +0.6081 | EMA = +0.6860 | std(g_L) = 0.8020 | grad = 0.3222
step   4860 | loss = -0.7165 | g_L = +0.7165 | EMA = +0.6879 | std(g_L) = 0.8130 | grad = 0.2326
step   4880 | loss = -0.7105 | g_L = +0.7105 | EMA = +0.6761 | std(g_L) = 1.0007 | grad = 0.4033
step   4900 | loss = -0.5670 | g_L = +0.5670 | EMA = +0.6909 | std(g_L) = 0.8461 | grad = 0.3347
step   4920 | loss = -0.8138 | g_L = +0.8138 | EMA = +0.7055 | std(g_L) = 1.0717 | grad = 0.4064
step   4940 | loss = -0.6576 | g_L = +0.6576 | EMA = +0.7076 | std(g_L) = 0.8505 | grad = 0.3552
step   4960 | loss = -0.8269 | g_L = +0.8269 | EMA = +0.6993 | std(g_L) = 0.9622 | grad = 0.3043
step   4980 | loss = -0.7542 | g_L = +0.7542 | EMA = +0.7033 | std(g_L) = 0.8167 | grad = 0.4540
step   5000 | loss = -0.7105 | g_L = +0.7105 | EMA = +0.7058 | std(g_L) = 0.8347 | grad = 0.3254
step   5020 | loss = -0.7790 | g_L = +0.7790 | EMA = +0.6914 | std(g_L) = 0.8169 | grad = 0.2014
step   5040 | loss = -0.6795 | g_L = +0.6795 | EMA = +0.6935 | std(g_L) = 0.7887 | grad = 0.4960
step   5060 | loss = -0.7920 | g_L = +0.7920 | EMA = +0.7123 | std(g_L) = 1.0781 | grad = 0.3824
step   5080 | loss = -0.7782 | g_L = +0.7782 | EMA = +0.7160 | std(g_L) = 0.7935 | grad = 0.4207
step   5100 | loss = -0.6666 | g_L = +0.6666 | EMA = +0.6852 | std(g_L) = 0.8600 | grad = 0.2049
step   5120 | loss = -0.7862 | g_L = +0.7862 | EMA = +0.7184 | std(g_L) = 0.8586 | grad = 0.5981
step   5140 | loss = -0.7208 | g_L = +0.7208 | EMA = +0.7078 | std(g_L) = 0.8444 | grad = 0.1678
step   5160 | loss = -0.5655 | g_L = +0.5655 | EMA = +0.7060 | std(g_L) = 0.7757 | grad = 0.2596
step   5180 | loss = -0.7788 | g_L = +0.7788 | EMA = +0.7070 | std(g_L) = 0.9153 | grad = 0.1610
step   5200 | loss = -0.7574 | g_L = +0.7574 | EMA = +0.7026 | std(g_L) = 0.8764 | grad = 0.2542
step   5220 | loss = -0.6637 | g_L = +0.6637 | EMA = +0.7019 | std(g_L) = 0.8968 | grad = 0.2230
step   5240 | loss = -0.8254 | g_L = +0.8254 | EMA = +0.6987 | std(g_L) = 0.9444 | grad = 0.4184
step   5260 | loss = -0.7996 | g_L = +0.7996 | EMA = +0.7171 | std(g_L) = 0.9101 | grad = 0.5252
step   5280 | loss = -0.7026 | g_L = +0.7026 | EMA = +0.6860 | std(g_L) = 0.8654 | grad = 0.3950
step   5300 | loss = -0.6542 | g_L = +0.6542 | EMA = +0.6848 | std(g_L) = 1.0144 | grad = 0.3056
step   5320 | loss = -0.6803 | g_L = +0.6803 | EMA = +0.6936 | std(g_L) = 0.7785 | grad = 0.2694
step   5340 | loss = -0.7089 | g_L = +0.7089 | EMA = +0.7006 | std(g_L) = 0.8490 | grad = 0.2237
step   5360 | loss = -0.6260 | g_L = +0.6260 | EMA = +0.6812 | std(g_L) = 0.8707 | grad = 0.2444
step   5380 | loss = -0.7195 | g_L = +0.7195 | EMA = +0.6987 | std(g_L) = 0.8751 | grad = 0.3841
step   5400 | loss = -0.6931 | g_L = +0.6931 | EMA = +0.6752 | std(g_L) = 0.8913 | grad = 0.1698
step   5420 | loss = -0.7130 | g_L = +0.7130 | EMA = +0.6862 | std(g_L) = 0.8984 | grad = 0.1091
step   5440 | loss = -0.7036 | g_L = +0.7036 | EMA = +0.6965 | std(g_L) = 0.7834 | grad = 0.2230
step   5460 | loss = -0.6809 | g_L = +0.6809 | EMA = +0.6860 | std(g_L) = 0.7937 | grad = 0.2084
step   5480 | loss = -0.6846 | g_L = +0.6846 | EMA = +0.6764 | std(g_L) = 0.8300 | grad = 0.1562
step   5500 | loss = -0.7278 | g_L = +0.7278 | EMA = +0.6892 | std(g_L) = 0.8730 | grad = 0.6222
step   5520 | loss = -0.6623 | g_L = +0.6623 | EMA = +0.7147 | std(g_L) = 0.8724 | grad = 0.4013
step   5540 | loss = -0.7927 | g_L = +0.7927 | EMA = +0.7109 | std(g_L) = 1.0646 | grad = 0.3429
step   5560 | loss = -0.8104 | g_L = +0.8104 | EMA = +0.7148 | std(g_L) = 0.8930 | grad = 0.3059
step   5580 | loss = -0.6623 | g_L = +0.6623 | EMA = +0.6907 | std(g_L) = 0.8264 | grad = 0.4431
step   5600 | loss = -0.6413 | g_L = +0.6413 | EMA = +0.6763 | std(g_L) = 0.8321 | grad = 0.3964
step   5620 | loss = -0.8134 | g_L = +0.8134 | EMA = +0.7009 | std(g_L) = 0.9431 | grad = 0.5760
step   5640 | loss = -0.7300 | g_L = +0.7300 | EMA = +0.6913 | std(g_L) = 0.8205 | grad = 0.1983
step   5660 | loss = -0.7583 | g_L = +0.7583 | EMA = +0.7226 | std(g_L) = 0.8581 | grad = 0.1622
step   5680 | loss = -0.7617 | g_L = +0.7617 | EMA = +0.6941 | std(g_L) = 0.8114 | grad = 0.4738
step   5700 | loss = -0.6067 | g_L = +0.6067 | EMA = +0.6953 | std(g_L) = 0.7542 | grad = 0.1451
step   5720 | loss = -0.6724 | g_L = +0.6724 | EMA = +0.6728 | std(g_L) = 0.9231 | grad = 0.1663
step   5740 | loss = -0.7363 | g_L = +0.7363 | EMA = +0.6828 | std(g_L) = 0.9193 | grad = 0.5472
step   5760 | loss = -0.6563 | g_L = +0.6563 | EMA = +0.6952 | std(g_L) = 0.7536 | grad = 0.2028
step   5780 | loss = -0.7878 | g_L = +0.7878 | EMA = +0.7050 | std(g_L) = 0.8476 | grad = 0.1745
step   5800 | loss = -0.5724 | g_L = +0.5724 | EMA = +0.7100 | std(g_L) = 0.7934 | grad = 0.4621
step   5820 | loss = -0.5258 | g_L = +0.5258 | EMA = +0.7068 | std(g_L) = 0.8866 | grad = 0.5048
step   5840 | loss = -0.8030 | g_L = +0.8030 | EMA = +0.7206 | std(g_L) = 0.9212 | grad = 0.4010
step   5860 | loss = -0.7657 | g_L = +0.7657 | EMA = +0.7060 | std(g_L) = 0.9375 | grad = 0.2728
step   5880 | loss = -0.8351 | g_L = +0.8351 | EMA = +0.7155 | std(g_L) = 0.9494 | grad = 0.2670
step   5900 | loss = -0.5385 | g_L = +0.5385 | EMA = +0.6948 | std(g_L) = 0.8861 | grad = 0.4952
step   5920 | loss = -0.8327 | g_L = +0.8327 | EMA = +0.6824 | std(g_L) = 0.9296 | grad = 0.6029
step   5940 | loss = -0.7344 | g_L = +0.7344 | EMA = +0.7004 | std(g_L) = 0.9134 | grad = 0.2543
step   5960 | loss = -0.7034 | g_L = +0.7034 | EMA = +0.7117 | std(g_L) = 0.9499 | grad = 0.4625
step   5980 | loss = -0.7526 | g_L = +0.7526 | EMA = +0.7068 | std(g_L) = 0.8727 | grad = 0.1870
step   6000 | loss = -0.6253 | g_L = +0.6253 | EMA = +0.7096 | std(g_L) = 0.8280 | grad = 0.3127
step   6020 | loss = -0.8042 | g_L = +0.8042 | EMA = +0.6935 | std(g_L) = 0.9334 | grad = 0.2776
step   6040 | loss = -0.6836 | g_L = +0.6836 | EMA = +0.7012 | std(g_L) = 0.8360 | grad = 0.3315
step   6060 | loss = -0.5153 | g_L = +0.5153 | EMA = +0.6967 | std(g_L) = 0.9371 | grad = 0.2417
step   6080 | loss = -0.6971 | g_L = +0.6971 | EMA = +0.6972 | std(g_L) = 0.8452 | grad = 0.4521
step   6100 | loss = -0.8400 | g_L = +0.8400 | EMA = +0.7118 | std(g_L) = 0.9307 | grad = 0.3553
step   6120 | loss = -0.8637 | g_L = +0.8637 | EMA = +0.7240 | std(g_L) = 0.9733 | grad = 0.4191
step   6140 | loss = -0.6293 | g_L = +0.6293 | EMA = +0.7042 | std(g_L) = 0.8613 | grad = 0.6036
step   6160 | loss = -0.6038 | g_L = +0.6038 | EMA = +0.6914 | std(g_L) = 0.8901 | grad = 0.4005
step   6180 | loss = -0.7072 | g_L = +0.7072 | EMA = +0.7164 | std(g_L) = 0.8393 | grad = 0.4393
step   6200 | loss = -0.9309 | g_L = +0.9309 | EMA = +0.7331 | std(g_L) = 0.9341 | grad = 0.1510
step   6220 | loss = -0.7419 | g_L = +0.7419 | EMA = +0.7170 | std(g_L) = 0.8772 | grad = 0.4089
step   6240 | loss = -0.8228 | g_L = +0.8228 | EMA = +0.7199 | std(g_L) = 0.9175 | grad = 0.8632
step   6260 | loss = -0.6344 | g_L = +0.6344 | EMA = +0.7063 | std(g_L) = 0.9132 | grad = 0.2872
step   6280 | loss = -0.8977 | g_L = +0.8977 | EMA = +0.7100 | std(g_L) = 1.0021 | grad = 0.2772
step   6300 | loss = -0.6357 | g_L = +0.6357 | EMA = +0.7031 | std(g_L) = 0.8571 | grad = 0.1769
step   6320 | loss = -0.8166 | g_L = +0.8166 | EMA = +0.7146 | std(g_L) = 1.0089 | grad = 0.4876
step   6340 | loss = -0.6447 | g_L = +0.6447 | EMA = +0.7044 | std(g_L) = 0.8330 | grad = 0.3248
step   6360 | loss = -0.6488 | g_L = +0.6488 | EMA = +0.7126 | std(g_L) = 0.8527 | grad = 0.1819
step   6380 | loss = -0.5830 | g_L = +0.5830 | EMA = +0.6954 | std(g_L) = 0.7837 | grad = 0.2606
step   6400 | loss = -0.8378 | g_L = +0.8378 | EMA = +0.7012 | std(g_L) = 0.9946 | grad = 0.1924
step   6420 | loss = -0.8062 | g_L = +0.8062 | EMA = +0.6865 | std(g_L) = 0.9773 | grad = 0.3201
step   6440 | loss = -0.7457 | g_L = +0.7457 | EMA = +0.7017 | std(g_L) = 0.9063 | grad = 0.3006
step   6460 | loss = -0.9348 | g_L = +0.9348 | EMA = +0.6823 | std(g_L) = 0.9795 | grad = 0.4883
step   6480 | loss = -0.6546 | g_L = +0.6546 | EMA = +0.6885 | std(g_L) = 0.8890 | grad = 0.2186
step   6500 | loss = -0.6792 | g_L = +0.6792 | EMA = +0.7303 | std(g_L) = 0.9418 | grad = 0.3130
step   6520 | loss = -0.6578 | g_L = +0.6578 | EMA = +0.7043 | std(g_L) = 0.9546 | grad = 0.3228
step   6540 | loss = -0.5145 | g_L = +0.5145 | EMA = +0.7064 | std(g_L) = 0.8540 | grad = 0.5018
step   6560 | loss = -0.5973 | g_L = +0.5973 | EMA = +0.6897 | std(g_L) = 0.8285 | grad = 0.4010
step   6580 | loss = -0.7168 | g_L = +0.7168 | EMA = +0.7135 | std(g_L) = 0.9640 | grad = 0.4118
step   6600 | loss = -0.7865 | g_L = +0.7865 | EMA = +0.6970 | std(g_L) = 0.9959 | grad = 0.4185
step   6620 | loss = -0.7190 | g_L = +0.7190 | EMA = +0.7093 | std(g_L) = 0.8292 | grad = 0.1975
step   6640 | loss = -0.7966 | g_L = +0.7966 | EMA = +0.7133 | std(g_L) = 0.9557 | grad = 0.3842
step   6660 | loss = -0.6462 | g_L = +0.6462 | EMA = +0.7005 | std(g_L) = 0.8388 | grad = 0.2622
step   6680 | loss = -0.6295 | g_L = +0.6295 | EMA = +0.7174 | std(g_L) = 0.8600 | grad = 0.4012
step   6700 | loss = -0.6185 | g_L = +0.6185 | EMA = +0.6933 | std(g_L) = 0.7546 | grad = 0.2224
step   6720 | loss = -0.6181 | g_L = +0.6181 | EMA = +0.7180 | std(g_L) = 0.9297 | grad = 0.2348
step   6740 | loss = -0.9005 | g_L = +0.9005 | EMA = +0.7136 | std(g_L) = 1.0795 | grad = 0.3494
step   6760 | loss = -0.7911 | g_L = +0.7911 | EMA = +0.7018 | std(g_L) = 0.8169 | grad = 0.3551
step   6780 | loss = -0.6510 | g_L = +0.6510 | EMA = +0.6965 | std(g_L) = 0.8126 | grad = 0.3119
step   6800 | loss = -0.7091 | g_L = +0.7091 | EMA = +0.6820 | std(g_L) = 0.8140 | grad = 0.4219
step   6820 | loss = -0.7580 | g_L = +0.7580 | EMA = +0.6834 | std(g_L) = 0.9101 | grad = 0.3206
step   6840 | loss = -0.7254 | g_L = +0.7254 | EMA = +0.6872 | std(g_L) = 0.9121 | grad = 0.2690
step   6860 | loss = -0.5620 | g_L = +0.5620 | EMA = +0.6952 | std(g_L) = 0.9957 | grad = 0.4553
step   6880 | loss = -0.8299 | g_L = +0.8299 | EMA = +0.7194 | std(g_L) = 0.8942 | grad = 0.3099
step   6900 | loss = -0.5802 | g_L = +0.5802 | EMA = +0.7001 | std(g_L) = 0.9081 | grad = 0.2281
step   6920 | loss = -0.5541 | g_L = +0.5541 | EMA = +0.6727 | std(g_L) = 0.6969 | grad = 0.5493
step   6940 | loss = -0.6108 | g_L = +0.6108 | EMA = +0.7028 | std(g_L) = 0.9067 | grad = 0.4818
step   6960 | loss = -0.6485 | g_L = +0.6485 | EMA = +0.7000 | std(g_L) = 0.7703 | grad = 0.1377
step   6980 | loss = -0.6667 | g_L = +0.6667 | EMA = +0.7226 | std(g_L) = 0.8671 | grad = 0.5351
step   7000 | loss = -0.7066 | g_L = +0.7066 | EMA = +0.7265 | std(g_L) = 0.9859 | grad = 0.3173
step   7020 | loss = -0.7801 | g_L = +0.7801 | EMA = +0.7092 | std(g_L) = 1.0195 | grad = 0.3084
step   7040 | loss = -0.7093 | g_L = +0.7093 | EMA = +0.7075 | std(g_L) = 0.9101 | grad = 0.1718
step   7060 | loss = -0.6842 | g_L = +0.6842 | EMA = +0.7310 | std(g_L) = 0.8317 | grad = 0.1246
step   7080 | loss = -0.7251 | g_L = +0.7251 | EMA = +0.7061 | std(g_L) = 0.8720 | grad = 0.4311
step   7100 | loss = -0.7922 | g_L = +0.7922 | EMA = +0.7120 | std(g_L) = 0.9549 | grad = 0.1579
step   7120 | loss = -0.7729 | g_L = +0.7729 | EMA = +0.6978 | std(g_L) = 0.8415 | grad = 0.2359
step   7140 | loss = -0.6895 | g_L = +0.6895 | EMA = +0.7110 | std(g_L) = 0.9262 | grad = 0.3731
step   7160 | loss = -0.6285 | g_L = +0.6285 | EMA = +0.7110 | std(g_L) = 0.8332 | grad = 0.3405
step   7180 | loss = -0.6330 | g_L = +0.6330 | EMA = +0.7052 | std(g_L) = 0.8576 | grad = 0.2100
step   7200 | loss = -0.7782 | g_L = +0.7782 | EMA = +0.7333 | std(g_L) = 0.9568 | grad = 0.2129
step   7220 | loss = -0.7175 | g_L = +0.7175 | EMA = +0.7009 | std(g_L) = 1.0011 | grad = 0.1646
step   7240 | loss = -0.6332 | g_L = +0.6332 | EMA = +0.7034 | std(g_L) = 0.8437 | grad = 0.3262
step   7260 | loss = -0.8056 | g_L = +0.8056 | EMA = +0.7219 | std(g_L) = 1.0306 | grad = 0.4639
step   7280 | loss = -0.6306 | g_L = +0.6306 | EMA = +0.7247 | std(g_L) = 0.7663 | grad = 0.2424
step   7300 | loss = -0.7793 | g_L = +0.7793 | EMA = +0.7130 | std(g_L) = 0.8365 | grad = 0.2690
step   7320 | loss = -0.7952 | g_L = +0.7952 | EMA = +0.7076 | std(g_L) = 0.9522 | grad = 0.2908
step   7340 | loss = -0.6922 | g_L = +0.6922 | EMA = +0.7066 | std(g_L) = 0.9500 | grad = 0.4463
step   7360 | loss = -0.6845 | g_L = +0.6845 | EMA = +0.7198 | std(g_L) = 0.8769 | grad = 0.1809
step   7380 | loss = -0.6451 | g_L = +0.6451 | EMA = +0.7277 | std(g_L) = 0.7733 | grad = 0.4853
step   7400 | loss = -0.7417 | g_L = +0.7417 | EMA = +0.7109 | std(g_L) = 0.9883 | grad = 0.4735
step   7420 | loss = -0.6875 | g_L = +0.6875 | EMA = +0.7272 | std(g_L) = 0.8233 | grad = 0.3438
step   7440 | loss = -0.5981 | g_L = +0.5981 | EMA = +0.7076 | std(g_L) = 0.8206 | grad = 0.3413
step   7460 | loss = -0.6037 | g_L = +0.6037 | EMA = +0.7006 | std(g_L) = 0.8174 | grad = 0.3970
step   7480 | loss = -0.7507 | g_L = +0.7507 | EMA = +0.7136 | std(g_L) = 1.0552 | grad = 0.4793
step   7500 | loss = -0.6613 | g_L = +0.6613 | EMA = +0.7115 | std(g_L) = 0.9054 | grad = 0.2135
step   7520 | loss = -0.6428 | g_L = +0.6428 | EMA = +0.7155 | std(g_L) = 0.7874 | grad = 0.3145
step   7540 | loss = -0.6036 | g_L = +0.6036 | EMA = +0.7080 | std(g_L) = 0.7275 | grad = 0.3686
step   7560 | loss = -0.8874 | g_L = +0.8874 | EMA = +0.6888 | std(g_L) = 0.9474 | grad = 0.4315
step   7580 | loss = -0.7016 | g_L = +0.7016 | EMA = +0.6953 | std(g_L) = 0.9209 | grad = 0.4023
step   7600 | loss = -0.8001 | g_L = +0.8001 | EMA = +0.7221 | std(g_L) = 0.8985 | grad = 0.2190
step   7620 | loss = -0.7584 | g_L = +0.7584 | EMA = +0.7079 | std(g_L) = 0.9350 | grad = 0.1822
step   7640 | loss = -0.7810 | g_L = +0.7810 | EMA = +0.7067 | std(g_L) = 1.1156 | grad = 0.3395
step   7660 | loss = -0.8341 | g_L = +0.8341 | EMA = +0.7191 | std(g_L) = 0.9297 | grad = 0.2159
step   7680 | loss = -0.7225 | g_L = +0.7225 | EMA = +0.7036 | std(g_L) = 0.8834 | grad = 0.4074
step   7700 | loss = -0.6506 | g_L = +0.6506 | EMA = +0.7138 | std(g_L) = 0.8402 | grad = 0.3063
step   7720 | loss = -0.6896 | g_L = +0.6896 | EMA = +0.7003 | std(g_L) = 0.8818 | grad = 0.2814
step   7740 | loss = -0.7024 | g_L = +0.7024 | EMA = +0.6915 | std(g_L) = 0.9500 | grad = 0.3796
step   7760 | loss = -0.7969 | g_L = +0.7969 | EMA = +0.7056 | std(g_L) = 1.0139 | grad = 0.3918
step   7780 | loss = -0.6847 | g_L = +0.6847 | EMA = +0.7041 | std(g_L) = 0.8754 | grad = 0.2817
step   7800 | loss = -0.7610 | g_L = +0.7610 | EMA = +0.7054 | std(g_L) = 0.8772 | grad = 0.2469
step   7820 | loss = -0.9689 | g_L = +0.9689 | EMA = +0.7205 | std(g_L) = 0.9731 | grad = 0.2627
step   7840 | loss = -0.6391 | g_L = +0.6391 | EMA = +0.7184 | std(g_L) = 0.8324 | grad = 0.2777
step   7860 | loss = -0.8964 | g_L = +0.8964 | EMA = +0.7007 | std(g_L) = 0.9779 | grad = 0.4414
step   7880 | loss = -0.8226 | g_L = +0.8226 | EMA = +0.6939 | std(g_L) = 0.9597 | grad = 0.2007
step   7900 | loss = -0.7824 | g_L = +0.7824 | EMA = +0.6909 | std(g_L) = 0.8638 | grad = 0.3342
step   7920 | loss = -0.7187 | g_L = +0.7187 | EMA = +0.6913 | std(g_L) = 0.8545 | grad = 0.4116
step   7940 | loss = -0.6957 | g_L = +0.6957 | EMA = +0.6978 | std(g_L) = 0.8612 | grad = 0.1531
step   7960 | loss = -0.7604 | g_L = +0.7604 | EMA = +0.7012 | std(g_L) = 0.8396 | grad = 0.1606
step   7980 | loss = -0.8347 | g_L = +0.8347 | EMA = +0.7150 | std(g_L) = 0.9526 | grad = 0.2106
step   8000 | loss = -0.7497 | g_L = +0.7497 | EMA = +0.6964 | std(g_L) = 0.8877 | grad = 0.1932
step   8020 | loss = -0.7122 | g_L = +0.7122 | EMA = +0.6959 | std(g_L) = 0.8669 | grad = 0.3296
step   8040 | loss = -0.6558 | g_L = +0.6558 | EMA = +0.6936 | std(g_L) = 0.8732 | grad = 0.5731
step   8060 | loss = -0.7601 | g_L = +0.7601 | EMA = +0.7104 | std(g_L) = 0.9232 | grad = 0.2888
step   8080 | loss = -0.6297 | g_L = +0.6297 | EMA = +0.7175 | std(g_L) = 0.8361 | grad = 0.2553
step   8100 | loss = -0.6152 | g_L = +0.6152 | EMA = +0.6944 | std(g_L) = 0.8818 | grad = 0.2331
step   8120 | loss = -0.6360 | g_L = +0.6360 | EMA = +0.7150 | std(g_L) = 0.8579 | grad = 0.2817
step   8140 | loss = -0.6818 | g_L = +0.6818 | EMA = +0.6826 | std(g_L) = 0.8914 | grad = 0.2888
step   8160 | loss = -0.7088 | g_L = +0.7088 | EMA = +0.7160 | std(g_L) = 0.9365 | grad = 0.4416
step   8180 | loss = -0.6587 | g_L = +0.6587 | EMA = +0.7093 | std(g_L) = 0.8783 | grad = 0.2708
step   8200 | loss = -0.7301 | g_L = +0.7301 | EMA = +0.7060 | std(g_L) = 1.0103 | grad = 0.3088
step   8220 | loss = -0.6199 | g_L = +0.6199 | EMA = +0.6996 | std(g_L) = 0.9154 | grad = 0.2093
step   8240 | loss = -0.7708 | g_L = +0.7708 | EMA = +0.7208 | std(g_L) = 0.9254 | grad = 0.2963
step   8260 | loss = -0.7262 | g_L = +0.7262 | EMA = +0.7258 | std(g_L) = 0.8737 | grad = 0.4297
step   8280 | loss = -0.6824 | g_L = +0.6824 | EMA = +0.7109 | std(g_L) = 0.8647 | grad = 0.1211
step   8300 | loss = -0.8544 | g_L = +0.8544 | EMA = +0.7190 | std(g_L) = 0.9503 | grad = 0.0648
step   8320 | loss = -0.7452 | g_L = +0.7452 | EMA = +0.7160 | std(g_L) = 0.9013 | grad = 0.3751
step   8340 | loss = -0.6831 | g_L = +0.6831 | EMA = +0.7074 | std(g_L) = 0.8251 | grad = 0.2455
step   8360 | loss = -0.6303 | g_L = +0.6303 | EMA = +0.7059 | std(g_L) = 0.8880 | grad = 0.3800
step   8380 | loss = -0.8285 | g_L = +0.8285 | EMA = +0.7134 | std(g_L) = 0.9822 | grad = 0.2127
step   8400 | loss = -0.7769 | g_L = +0.7769 | EMA = +0.7327 | std(g_L) = 0.9956 | grad = 0.2152
step   8420 | loss = -0.6259 | g_L = +0.6259 | EMA = +0.7128 | std(g_L) = 0.8602 | grad = 0.2952
step   8440 | loss = -0.7580 | g_L = +0.7580 | EMA = +0.7181 | std(g_L) = 0.8846 | grad = 0.1857
step   8460 | loss = -0.7106 | g_L = +0.7106 | EMA = +0.7252 | std(g_L) = 0.8317 | grad = 0.4477
step   8480 | loss = -0.6614 | g_L = +0.6614 | EMA = +0.7091 | std(g_L) = 0.9005 | grad = 0.3744
step   8500 | loss = -0.7433 | g_L = +0.7433 | EMA = +0.7192 | std(g_L) = 0.8948 | grad = 0.1846
step   8520 | loss = -0.6041 | g_L = +0.6041 | EMA = +0.7268 | std(g_L) = 0.9191 | grad = 0.5491
step   8540 | loss = -0.7833 | g_L = +0.7833 | EMA = +0.7244 | std(g_L) = 0.9180 | grad = 0.3357
step   8560 | loss = -0.8355 | g_L = +0.8355 | EMA = +0.7119 | std(g_L) = 0.8991 | grad = 0.6849
step   8580 | loss = -0.7006 | g_L = +0.7006 | EMA = +0.7113 | std(g_L) = 0.9280 | grad = 0.2548
step   8600 | loss = -0.7501 | g_L = +0.7501 | EMA = +0.7068 | std(g_L) = 0.8698 | grad = 0.5089
step   8620 | loss = -0.7142 | g_L = +0.7142 | EMA = +0.6993 | std(g_L) = 0.9359 | grad = 0.4812
step   8640 | loss = -0.7198 | g_L = +0.7198 | EMA = +0.7153 | std(g_L) = 0.8095 | grad = 0.2897
step   8660 | loss = -0.7636 | g_L = +0.7636 | EMA = +0.7051 | std(g_L) = 0.9568 | grad = 0.3399
step   8680 | loss = -0.6321 | g_L = +0.6321 | EMA = +0.7099 | std(g_L) = 0.8124 | grad = 0.2220
step   8700 | loss = -0.7159 | g_L = +0.7159 | EMA = +0.6850 | std(g_L) = 0.9459 | grad = 0.3537
step   8720 | loss = -0.7484 | g_L = +0.7484 | EMA = +0.6757 | std(g_L) = 0.8437 | grad = 0.2783
step   8740 | loss = -0.6641 | g_L = +0.6641 | EMA = +0.6999 | std(g_L) = 0.9007 | grad = 0.2939
step   8760 | loss = -0.6582 | g_L = +0.6582 | EMA = +0.7086 | std(g_L) = 0.9290 | grad = 0.3127
step   8780 | loss = -0.6523 | g_L = +0.6523 | EMA = +0.6941 | std(g_L) = 0.8933 | grad = 0.2753
step   8800 | loss = -0.7522 | g_L = +0.7522 | EMA = +0.7197 | std(g_L) = 0.9628 | grad = 0.4336
step   8820 | loss = -0.7620 | g_L = +0.7620 | EMA = +0.7251 | std(g_L) = 0.8044 | grad = 0.3651
step   8840 | loss = -0.7416 | g_L = +0.7416 | EMA = +0.7263 | std(g_L) = 0.8452 | grad = 0.3896
step   8860 | loss = -0.6828 | g_L = +0.6828 | EMA = +0.7278 | std(g_L) = 0.8723 | grad = 0.1333
step   8880 | loss = -0.8642 | g_L = +0.8642 | EMA = +0.7221 | std(g_L) = 0.9964 | grad = 0.5152
step   8900 | loss = -0.7288 | g_L = +0.7288 | EMA = +0.7007 | std(g_L) = 0.8679 | grad = 0.2925
step   8920 | loss = -0.6085 | g_L = +0.6085 | EMA = +0.7127 | std(g_L) = 0.8395 | grad = 0.1500
step   8940 | loss = -0.8884 | g_L = +0.8884 | EMA = +0.7060 | std(g_L) = 0.9350 | grad = 0.4014
step   8960 | loss = -0.6620 | g_L = +0.6620 | EMA = +0.6965 | std(g_L) = 0.9596 | grad = 0.5811
step   8980 | loss = -0.8452 | g_L = +0.8452 | EMA = +0.7120 | std(g_L) = 0.9313 | grad = 0.3034
step   9000 | loss = -0.8298 | g_L = +0.8298 | EMA = +0.7331 | std(g_L) = 1.1022 | grad = 0.3589
step   9020 | loss = -0.7733 | g_L = +0.7733 | EMA = +0.7418 | std(g_L) = 0.9541 | grad = 0.4144
step   9040 | loss = -0.7700 | g_L = +0.7700 | EMA = +0.7381 | std(g_L) = 0.9286 | grad = 0.4421
step   9060 | loss = -0.6776 | g_L = +0.6776 | EMA = +0.7308 | std(g_L) = 1.0088 | grad = 0.2785
step   9080 | loss = -0.7143 | g_L = +0.7143 | EMA = +0.7118 | std(g_L) = 0.9952 | grad = 0.2156
step   9100 | loss = -0.5867 | g_L = +0.5867 | EMA = +0.7194 | std(g_L) = 0.8618 | grad = 0.2965
step   9120 | loss = -0.6540 | g_L = +0.6540 | EMA = +0.7129 | std(g_L) = 0.8782 | grad = 0.5040
step   9140 | loss = -0.7256 | g_L = +0.7256 | EMA = +0.7235 | std(g_L) = 0.9320 | grad = 0.4099
step   9160 | loss = -0.8399 | g_L = +0.8399 | EMA = +0.7424 | std(g_L) = 0.9806 | grad = 0.4894
step   9180 | loss = -0.7857 | g_L = +0.7857 | EMA = +0.7077 | std(g_L) = 0.9791 | grad = 0.3159
step   9200 | loss = -0.6349 | g_L = +0.6349 | EMA = +0.6975 | std(g_L) = 0.9914 | grad = 0.2803
step   9220 | loss = -0.8461 | g_L = +0.8461 | EMA = +0.7067 | std(g_L) = 0.9241 | grad = 0.2119
step   9240 | loss = -0.5702 | g_L = +0.5702 | EMA = +0.7040 | std(g_L) = 0.7917 | grad = 0.2924
step   9260 | loss = -0.7867 | g_L = +0.7867 | EMA = +0.6979 | std(g_L) = 0.9023 | grad = 0.2155
step   9280 | loss = -0.6926 | g_L = +0.6926 | EMA = +0.6946 | std(g_L) = 0.9055 | grad = 0.5052
step   9300 | loss = -0.8159 | g_L = +0.8159 | EMA = +0.7181 | std(g_L) = 0.9316 | grad = 0.2465
step   9320 | loss = -0.8032 | g_L = +0.8032 | EMA = +0.7026 | std(g_L) = 0.8723 | grad = 0.4576
step   9340 | loss = -0.7992 | g_L = +0.7992 | EMA = +0.7193 | std(g_L) = 1.0011 | grad = 0.4971
step   9360 | loss = -0.5984 | g_L = +0.5984 | EMA = +0.6930 | std(g_L) = 0.7274 | grad = 0.2983
step   9380 | loss = -0.7833 | g_L = +0.7833 | EMA = +0.7122 | std(g_L) = 0.9083 | grad = 0.5462
step   9400 | loss = -0.6437 | g_L = +0.6437 | EMA = +0.6939 | std(g_L) = 0.8638 | grad = 0.1603
step   9420 | loss = -0.8348 | g_L = +0.8348 | EMA = +0.7249 | std(g_L) = 0.8787 | grad = 0.5883
step   9440 | loss = -0.7730 | g_L = +0.7730 | EMA = +0.7125 | std(g_L) = 0.8347 | grad = 0.5828
step   9460 | loss = -0.5851 | g_L = +0.5851 | EMA = +0.7017 | std(g_L) = 0.8730 | grad = 0.3057
step   9480 | loss = -0.6229 | g_L = +0.6229 | EMA = +0.7071 | std(g_L) = 0.8984 | grad = 0.1733
step   9500 | loss = -0.7066 | g_L = +0.7066 | EMA = +0.7243 | std(g_L) = 0.8323 | grad = 0.2573
step   9520 | loss = -0.8295 | g_L = +0.8295 | EMA = +0.7414 | std(g_L) = 0.8590 | grad = 0.2629
step   9540 | loss = -0.6995 | g_L = +0.6995 | EMA = +0.7062 | std(g_L) = 0.9491 | grad = 0.2607
step   9560 | loss = -0.7597 | g_L = +0.7597 | EMA = +0.7143 | std(g_L) = 0.9441 | grad = 0.3456
step   9580 | loss = -0.7665 | g_L = +0.7665 | EMA = +0.7225 | std(g_L) = 1.0358 | grad = 0.4907
step   9600 | loss = -0.7201 | g_L = +0.7201 | EMA = +0.7105 | std(g_L) = 0.8403 | grad = 0.4034
step   9620 | loss = -0.7508 | g_L = +0.7508 | EMA = +0.7052 | std(g_L) = 0.8708 | grad = 0.1568
step   9640 | loss = -0.6546 | g_L = +0.6546 | EMA = +0.7071 | std(g_L) = 0.9221 | grad = 0.2008
step   9660 | loss = -0.6398 | g_L = +0.6398 | EMA = +0.7066 | std(g_L) = 0.8840 | grad = 0.2042
step   9680 | loss = -0.5832 | g_L = +0.5832 | EMA = +0.6948 | std(g_L) = 0.8974 | grad = 0.6878
step   9700 | loss = -0.6116 | g_L = +0.6116 | EMA = +0.7098 | std(g_L) = 0.8997 | grad = 0.1998
step   9720 | loss = -0.6175 | g_L = +0.6175 | EMA = +0.7171 | std(g_L) = 0.8347 | grad = 0.2676
step   9740 | loss = -0.8156 | g_L = +0.8156 | EMA = +0.7153 | std(g_L) = 0.9068 | grad = 0.4808
step   9760 | loss = -0.5301 | g_L = +0.5301 | EMA = +0.7042 | std(g_L) = 0.9286 | grad = 0.1786
step   9780 | loss = -0.8001 | g_L = +0.8001 | EMA = +0.7287 | std(g_L) = 0.8762 | grad = 0.1627
step   9800 | loss = -0.8763 | g_L = +0.8763 | EMA = +0.7183 | std(g_L) = 0.9570 | grad = 0.5638
step   9820 | loss = -0.7334 | g_L = +0.7334 | EMA = +0.7063 | std(g_L) = 0.8636 | grad = 0.3564
step   9840 | loss = -0.6692 | g_L = +0.6692 | EMA = +0.7219 | std(g_L) = 0.8882 | grad = 0.3913
step   9860 | loss = -0.7677 | g_L = +0.7677 | EMA = +0.7064 | std(g_L) = 0.9338 | grad = 0.3814
step   9880 | loss = -0.7452 | g_L = +0.7452 | EMA = +0.7100 | std(g_L) = 0.8190 | grad = 0.4747
step   9900 | loss = -0.6506 | g_L = +0.6506 | EMA = +0.7111 | std(g_L) = 0.8663 | grad = 0.4314
step   9920 | loss = -0.7768 | g_L = +0.7768 | EMA = +0.7177 | std(g_L) = 0.9368 | grad = 0.6764
step   9940 | loss = -0.6503 | g_L = +0.6503 | EMA = +0.7088 | std(g_L) = 0.9649 | grad = 0.6114
step   9960 | loss = -0.5979 | g_L = +0.5979 | EMA = +0.6948 | std(g_L) = 0.8640 | grad = 0.2316
step   9980 | loss = -0.7589 | g_L = +0.7589 | EMA = +0.7009 | std(g_L) = 0.9455 | grad = 0.4032
step  10000 | loss = -0.8034 | g_L = +0.8034 | EMA = +0.7051 | std(g_L) = 1.0063 | grad = 0.1775
step  10020 | loss = -0.7900 | g_L = +0.7900 | EMA = +0.7286 | std(g_L) = 0.8646 | grad = 0.2318
step  10040 | loss = -0.7121 | g_L = +0.7121 | EMA = +0.7239 | std(g_L) = 0.8969 | grad = 0.2655
step  10060 | loss = -0.6340 | g_L = +0.6340 | EMA = +0.7429 | std(g_L) = 0.8613 | grad = 0.2214
step  10080 | loss = -0.7384 | g_L = +0.7384 | EMA = +0.7178 | std(g_L) = 0.8807 | grad = 0.2957
step  10100 | loss = -0.6652 | g_L = +0.6652 | EMA = +0.6989 | std(g_L) = 0.7451 | grad = 0.3904
step  10120 | loss = -0.8146 | g_L = +0.8146 | EMA = +0.7038 | std(g_L) = 0.9285 | grad = 0.4596
step  10140 | loss = -0.7528 | g_L = +0.7528 | EMA = +0.7054 | std(g_L) = 1.0362 | grad = 0.5750
step  10160 | loss = -0.7445 | g_L = +0.7445 | EMA = +0.7180 | std(g_L) = 0.7925 | grad = 0.3286
step  10180 | loss = -0.6428 | g_L = +0.6428 | EMA = +0.6999 | std(g_L) = 0.7720 | grad = 0.3800
step  10200 | loss = -0.7877 | g_L = +0.7877 | EMA = +0.7000 | std(g_L) = 0.8709 | grad = 0.1594
step  10220 | loss = -0.7609 | g_L = +0.7609 | EMA = +0.7033 | std(g_L) = 0.9114 | grad = 0.2109
step  10240 | loss = -0.8214 | g_L = +0.8214 | EMA = +0.7282 | std(g_L) = 0.9753 | grad = 0.3227
step  10260 | loss = -0.7556 | g_L = +0.7556 | EMA = +0.7160 | std(g_L) = 0.9398 | grad = 0.1741
step  10280 | loss = -0.7127 | g_L = +0.7127 | EMA = +0.6954 | std(g_L) = 0.9053 | grad = 0.2627
step  10300 | loss = -0.7093 | g_L = +0.7093 | EMA = +0.6970 | std(g_L) = 0.9221 | grad = 0.3285
step  10320 | loss = -0.7751 | g_L = +0.7751 | EMA = +0.6980 | std(g_L) = 0.9947 | grad = 0.2685
step  10340 | loss = -0.7312 | g_L = +0.7312 | EMA = +0.7002 | std(g_L) = 1.1117 | grad = 0.3269
step  10360 | loss = -0.6423 | g_L = +0.6423 | EMA = +0.7085 | std(g_L) = 0.9633 | grad = 0.3689
step  10380 | loss = -0.7164 | g_L = +0.7164 | EMA = +0.6902 | std(g_L) = 0.9037 | grad = 0.1450
step  10400 | loss = -0.5614 | g_L = +0.5614 | EMA = +0.7085 | std(g_L) = 0.8048 | grad = 0.3518
step  10420 | loss = -0.6381 | g_L = +0.6381 | EMA = +0.7099 | std(g_L) = 0.8348 | grad = 0.2792
step  10440 | loss = -0.7513 | g_L = +0.7513 | EMA = +0.7018 | std(g_L) = 0.8776 | grad = 0.4215
step  10460 | loss = -0.6561 | g_L = +0.6561 | EMA = +0.7089 | std(g_L) = 0.9038 | grad = 0.2963
step  10480 | loss = -0.5400 | g_L = +0.5400 | EMA = +0.7031 | std(g_L) = 0.9461 | grad = 0.1904
step  10500 | loss = -0.6664 | g_L = +0.6664 | EMA = +0.7142 | std(g_L) = 0.8640 | grad = 0.1890
step  10520 | loss = -0.7819 | g_L = +0.7819 | EMA = +0.7163 | std(g_L) = 0.8778 | grad = 0.2005
step  10540 | loss = -0.8043 | g_L = +0.8043 | EMA = +0.7083 | std(g_L) = 0.8940 | grad = 0.2467
step  10560 | loss = -0.7805 | g_L = +0.7805 | EMA = +0.7036 | std(g_L) = 0.8600 | grad = 0.2855
step  10580 | loss = -0.8080 | g_L = +0.8080 | EMA = +0.6955 | std(g_L) = 0.9004 | grad = 0.2330
step  10600 | loss = -0.5901 | g_L = +0.5901 | EMA = +0.7129 | std(g_L) = 0.7904 | grad = 0.2528
step  10620 | loss = -0.6031 | g_L = +0.6031 | EMA = +0.6994 | std(g_L) = 0.8121 | grad = 0.3761
step  10640 | loss = -0.6212 | g_L = +0.6212 | EMA = +0.7281 | std(g_L) = 0.8708 | grad = 0.4416
step  10660 | loss = -0.7566 | g_L = +0.7566 | EMA = +0.7207 | std(g_L) = 0.9904 | grad = 0.4019
step  10680 | loss = -0.6402 | g_L = +0.6402 | EMA = +0.7239 | std(g_L) = 0.9238 | grad = 0.2929
step  10700 | loss = -0.6029 | g_L = +0.6029 | EMA = +0.7257 | std(g_L) = 0.8393 | grad = 0.1992
step  10720 | loss = -0.6876 | g_L = +0.6876 | EMA = +0.7138 | std(g_L) = 1.0143 | grad = 0.3770
step  10740 | loss = -0.7041 | g_L = +0.7041 | EMA = +0.7177 | std(g_L) = 0.8791 | grad = 0.6536
step  10760 | loss = -0.6538 | g_L = +0.6538 | EMA = +0.7060 | std(g_L) = 0.8297 | grad = 0.2879
step  10780 | loss = -0.6576 | g_L = +0.6576 | EMA = +0.7041 | std(g_L) = 0.9174 | grad = 0.2094
step  10800 | loss = -0.8039 | g_L = +0.8039 | EMA = +0.7400 | std(g_L) = 0.8771 | grad = 0.3549
step  10820 | loss = -0.7257 | g_L = +0.7257 | EMA = +0.7205 | std(g_L) = 0.9491 | grad = 0.1551
step  10840 | loss = -0.8466 | g_L = +0.8466 | EMA = +0.7068 | std(g_L) = 1.0410 | grad = 0.3129
step  10860 | loss = -0.6467 | g_L = +0.6467 | EMA = +0.6989 | std(g_L) = 0.9259 | grad = 0.2964
step  10880 | loss = -0.6864 | g_L = +0.6864 | EMA = +0.7198 | std(g_L) = 0.8958 | grad = 0.1413
step  10900 | loss = -0.7764 | g_L = +0.7764 | EMA = +0.7221 | std(g_L) = 1.0943 | grad = 0.1987
step  10920 | loss = -0.7585 | g_L = +0.7585 | EMA = +0.7292 | std(g_L) = 0.8654 | grad = 0.6791
step  10940 | loss = -0.8110 | g_L = +0.8110 | EMA = +0.7114 | std(g_L) = 0.9045 | grad = 0.3127
step  10960 | loss = -0.6160 | g_L = +0.6160 | EMA = +0.7166 | std(g_L) = 0.9097 | grad = 0.4992
step  10980 | loss = -0.7481 | g_L = +0.7481 | EMA = +0.7212 | std(g_L) = 0.9794 | grad = 0.4365
step  11000 | loss = -0.6292 | g_L = +0.6292 | EMA = +0.7224 | std(g_L) = 0.9268 | grad = 0.2175
step  11020 | loss = -0.5802 | g_L = +0.5802 | EMA = +0.6927 | std(g_L) = 1.0114 | grad = 0.1668
step  11040 | loss = -0.6717 | g_L = +0.6717 | EMA = +0.6868 | std(g_L) = 0.9055 | grad = 0.2105
step  11060 | loss = -0.5439 | g_L = +0.5439 | EMA = +0.6943 | std(g_L) = 0.8398 | grad = 0.3423
step  11080 | loss = -0.6514 | g_L = +0.6514 | EMA = +0.6953 | std(g_L) = 0.8051 | grad = 0.4068
step  11100 | loss = -0.6222 | g_L = +0.6222 | EMA = +0.6990 | std(g_L) = 0.9108 | grad = 0.2976
step  11120 | loss = -0.7305 | g_L = +0.7305 | EMA = +0.7069 | std(g_L) = 0.8912 | grad = 0.2274
step  11140 | loss = -0.7619 | g_L = +0.7619 | EMA = +0.7229 | std(g_L) = 0.8062 | grad = 0.2545
step  11160 | loss = -0.8525 | g_L = +0.8525 | EMA = +0.7142 | std(g_L) = 0.9621 | grad = 0.4660
step  11180 | loss = -0.6246 | g_L = +0.6246 | EMA = +0.7099 | std(g_L) = 0.8102 | grad = 0.3898
step  11200 | loss = -0.7754 | g_L = +0.7754 | EMA = +0.7050 | std(g_L) = 0.9337 | grad = 0.4014
step  11220 | loss = -0.5810 | g_L = +0.5810 | EMA = +0.7265 | std(g_L) = 0.8126 | grad = 0.1185
step  11240 | loss = -0.7638 | g_L = +0.7638 | EMA = +0.7202 | std(g_L) = 0.8908 | grad = 0.2767
step  11260 | loss = -0.8396 | g_L = +0.8396 | EMA = +0.7314 | std(g_L) = 0.8869 | grad = 0.1920
step  11280 | loss = -0.7188 | g_L = +0.7188 | EMA = +0.7166 | std(g_L) = 0.9482 | grad = 0.3223
step  11300 | loss = -0.6976 | g_L = +0.6976 | EMA = +0.6861 | std(g_L) = 0.7980 | grad = 0.2542
step  11320 | loss = -0.7295 | g_L = +0.7295 | EMA = +0.7040 | std(g_L) = 0.9199 | grad = 0.4812
step  11340 | loss = -0.7021 | g_L = +0.7021 | EMA = +0.7101 | std(g_L) = 0.9401 | grad = 0.2439
step  11360 | loss = -0.7035 | g_L = +0.7035 | EMA = +0.7120 | std(g_L) = 0.9012 | grad = 0.1846
step  11380 | loss = -0.7228 | g_L = +0.7228 | EMA = +0.7106 | std(g_L) = 0.9654 | grad = 0.2662
step  11400 | loss = -0.6494 | g_L = +0.6494 | EMA = +0.7120 | std(g_L) = 0.8281 | grad = 0.1485
step  11420 | loss = -0.6456 | g_L = +0.6456 | EMA = +0.7131 | std(g_L) = 0.9066 | grad = 0.4136
step  11440 | loss = -0.7511 | g_L = +0.7511 | EMA = +0.7160 | std(g_L) = 0.8875 | grad = 0.3914
step  11460 | loss = -0.6001 | g_L = +0.6001 | EMA = +0.7103 | std(g_L) = 0.8683 | grad = 0.3784
step  11480 | loss = -0.7694 | g_L = +0.7694 | EMA = +0.7316 | std(g_L) = 0.8660 | grad = 0.4116
step  11500 | loss = -0.7159 | g_L = +0.7159 | EMA = +0.7188 | std(g_L) = 1.0113 | grad = 0.3806
step  11520 | loss = -0.5836 | g_L = +0.5836 | EMA = +0.7161 | std(g_L) = 0.8248 | grad = 0.3392
step  11540 | loss = -0.6471 | g_L = +0.6471 | EMA = +0.6890 | std(g_L) = 0.8109 | grad = 0.2943
step  11560 | loss = -0.5622 | g_L = +0.5622 | EMA = +0.6960 | std(g_L) = 0.8383 | grad = 0.3705
step  11580 | loss = -0.7119 | g_L = +0.7119 | EMA = +0.6970 | std(g_L) = 0.8284 | grad = 0.1655
step  11600 | loss = -0.6865 | g_L = +0.6865 | EMA = +0.6973 | std(g_L) = 0.9203 | grad = 0.1651
step  11620 | loss = -0.7897 | g_L = +0.7897 | EMA = +0.7269 | std(g_L) = 0.8919 | grad = 0.1897
step  11640 | loss = -0.7361 | g_L = +0.7361 | EMA = +0.7206 | std(g_L) = 0.8986 | grad = 0.1251
step  11660 | loss = -0.6821 | g_L = +0.6821 | EMA = +0.7163 | std(g_L) = 0.8763 | grad = 0.2620
step  11680 | loss = -0.8168 | g_L = +0.8168 | EMA = +0.7264 | std(g_L) = 0.9593 | grad = 0.1346
step  11700 | loss = -0.6692 | g_L = +0.6692 | EMA = +0.7129 | std(g_L) = 0.8713 | grad = 0.2371
step  11720 | loss = -0.7689 | g_L = +0.7689 | EMA = +0.7220 | std(g_L) = 0.9412 | grad = 0.3045
step  11740 | loss = -0.6830 | g_L = +0.6830 | EMA = +0.6928 | std(g_L) = 1.0299 | grad = 0.3108
step  11760 | loss = -0.6291 | g_L = +0.6291 | EMA = +0.7115 | std(g_L) = 0.8873 | grad = 0.3498
step  11780 | loss = -0.7099 | g_L = +0.7099 | EMA = +0.7220 | std(g_L) = 1.0600 | grad = 0.0943
step  11800 | loss = -0.7936 | g_L = +0.7936 | EMA = +0.7252 | std(g_L) = 0.9107 | grad = 0.3553
step  11820 | loss = -0.7651 | g_L = +0.7651 | EMA = +0.7250 | std(g_L) = 0.8866 | grad = 0.2357
step  11840 | loss = -0.7647 | g_L = +0.7647 | EMA = +0.7242 | std(g_L) = 0.8529 | grad = 0.2227
step  11860 | loss = -0.8162 | g_L = +0.8162 | EMA = +0.7184 | std(g_L) = 1.0243 | grad = 0.3620
step  11880 | loss = -0.7669 | g_L = +0.7669 | EMA = +0.7266 | std(g_L) = 0.9853 | grad = 0.5245
step  11900 | loss = -0.7065 | g_L = +0.7065 | EMA = +0.7362 | std(g_L) = 0.9032 | grad = 0.2655
step  11920 | loss = -0.8924 | g_L = +0.8924 | EMA = +0.7321 | std(g_L) = 1.0440 | grad = 0.2734
step  11940 | loss = -0.7817 | g_L = +0.7817 | EMA = +0.7255 | std(g_L) = 1.0253 | grad = 0.4358
step  11960 | loss = -0.8219 | g_L = +0.8219 | EMA = +0.7150 | std(g_L) = 0.9809 | grad = 0.2508
step  11980 | loss = -0.6670 | g_L = +0.6670 | EMA = +0.7343 | std(g_L) = 0.9150 | grad = 0.1730
step  12000 | loss = -0.6600 | g_L = +0.6600 | EMA = +0.7147 | std(g_L) = 0.9050 | grad = 0.2487
step  12020 | loss = -0.7525 | g_L = +0.7525 | EMA = +0.7106 | std(g_L) = 0.9829 | grad = 0.3933
step  12040 | loss = -0.6981 | g_L = +0.6981 | EMA = +0.7024 | std(g_L) = 0.8644 | grad = 0.3135
step  12060 | loss = -0.6430 | g_L = +0.6430 | EMA = +0.7013 | std(g_L) = 0.9025 | grad = 0.3785
step  12080 | loss = -0.6788 | g_L = +0.6788 | EMA = +0.7279 | std(g_L) = 0.8738 | grad = 0.1640
step  12100 | loss = -0.5507 | g_L = +0.5507 | EMA = +0.7107 | std(g_L) = 0.9009 | grad = 0.4581
step  12120 | loss = -0.7221 | g_L = +0.7221 | EMA = +0.7263 | std(g_L) = 0.8180 | grad = 0.4974
step  12140 | loss = -0.7965 | g_L = +0.7965 | EMA = +0.7501 | std(g_L) = 0.9671 | grad = 0.3551
step  12160 | loss = -0.6165 | g_L = +0.6165 | EMA = +0.7193 | std(g_L) = 0.8970 | grad = 0.3430
step  12180 | loss = -0.6686 | g_L = +0.6686 | EMA = +0.7182 | std(g_L) = 0.9792 | grad = 0.2551
step  12200 | loss = -0.5467 | g_L = +0.5467 | EMA = +0.7014 | std(g_L) = 0.8197 | grad = 0.2388
step  12220 | loss = -0.6488 | g_L = +0.6488 | EMA = +0.7041 | std(g_L) = 0.6627 | grad = 0.5349
step  12240 | loss = -0.7001 | g_L = +0.7001 | EMA = +0.7205 | std(g_L) = 0.8158 | grad = 0.6037
step  12260 | loss = -0.7306 | g_L = +0.7306 | EMA = +0.7105 | std(g_L) = 0.8222 | grad = 0.4442
step  12280 | loss = -0.6021 | g_L = +0.6021 | EMA = +0.7304 | std(g_L) = 0.8132 | grad = 0.2765
step  12300 | loss = -0.7793 | g_L = +0.7793 | EMA = +0.7243 | std(g_L) = 0.8516 | grad = 0.1042
step  12320 | loss = -0.7423 | g_L = +0.7423 | EMA = +0.7204 | std(g_L) = 0.9597 | grad = 0.4092
step  12340 | loss = -0.7981 | g_L = +0.7981 | EMA = +0.7352 | std(g_L) = 0.8881 | grad = 0.3505
step  12360 | loss = -0.7944 | g_L = +0.7944 | EMA = +0.7400 | std(g_L) = 0.9471 | grad = 0.2464
step  12380 | loss = -0.7907 | g_L = +0.7907 | EMA = +0.6972 | std(g_L) = 0.9256 | grad = 0.4549
step  12400 | loss = -0.6939 | g_L = +0.6939 | EMA = +0.7046 | std(g_L) = 0.8445 | grad = 0.3707
step  12420 | loss = -0.8012 | g_L = +0.8012 | EMA = +0.7073 | std(g_L) = 0.9545 | grad = 0.2535
step  12440 | loss = -0.7877 | g_L = +0.7877 | EMA = +0.7134 | std(g_L) = 0.8280 | grad = 0.4362
step  12460 | loss = -0.7650 | g_L = +0.7650 | EMA = +0.7232 | std(g_L) = 0.7965 | grad = 0.2922
step  12480 | loss = -0.6580 | g_L = +0.6580 | EMA = +0.7372 | std(g_L) = 0.9234 | grad = 0.2011
step  12500 | loss = -0.6639 | g_L = +0.6639 | EMA = +0.7279 | std(g_L) = 0.9246 | grad = 0.4561
step  12520 | loss = -0.7141 | g_L = +0.7141 | EMA = +0.7318 | std(g_L) = 0.8885 | grad = 0.2333
step  12540 | loss = -0.7337 | g_L = +0.7337 | EMA = +0.7258 | std(g_L) = 0.9277 | grad = 0.4994
step  12560 | loss = -0.7499 | g_L = +0.7499 | EMA = +0.7232 | std(g_L) = 0.9404 | grad = 0.2378
step  12580 | loss = -0.7436 | g_L = +0.7436 | EMA = +0.7117 | std(g_L) = 0.8222 | grad = 0.2324
step  12600 | loss = -0.6960 | g_L = +0.6960 | EMA = +0.6991 | std(g_L) = 0.9898 | grad = 0.4558
step  12620 | loss = -0.6975 | g_L = +0.6975 | EMA = +0.7129 | std(g_L) = 0.8652 | grad = 0.2249
step  12640 | loss = -0.7904 | g_L = +0.7904 | EMA = +0.7136 | std(g_L) = 0.9338 | grad = 0.5061
step  12660 | loss = -0.6431 | g_L = +0.6431 | EMA = +0.7244 | std(g_L) = 0.8537 | grad = 0.3415
step  12680 | loss = -0.6167 | g_L = +0.6167 | EMA = +0.7176 | std(g_L) = 0.7944 | grad = 0.2580
step  12700 | loss = -0.7606 | g_L = +0.7606 | EMA = +0.7272 | std(g_L) = 0.8857 | grad = 0.2695
step  12720 | loss = -0.7746 | g_L = +0.7746 | EMA = +0.7337 | std(g_L) = 0.9548 | grad = 0.3026
step  12740 | loss = -0.7048 | g_L = +0.7048 | EMA = +0.7157 | std(g_L) = 0.9015 | grad = 0.5504
step  12760 | loss = -0.7977 | g_L = +0.7977 | EMA = +0.7074 | std(g_L) = 0.9513 | grad = 0.5269
step  12780 | loss = -0.7407 | g_L = +0.7407 | EMA = +0.7140 | std(g_L) = 0.8418 | grad = 0.3960
step  12800 | loss = -0.8445 | g_L = +0.8445 | EMA = +0.7107 | std(g_L) = 0.9502 | grad = 0.5316
step  12820 | loss = -0.5553 | g_L = +0.5553 | EMA = +0.7099 | std(g_L) = 0.6686 | grad = 0.2589
step  12840 | loss = -0.7447 | g_L = +0.7447 | EMA = +0.7078 | std(g_L) = 0.9560 | grad = 0.3251
step  12860 | loss = -0.7343 | g_L = +0.7343 | EMA = +0.7153 | std(g_L) = 0.9676 | grad = 0.2467
step  12880 | loss = -0.5724 | g_L = +0.5724 | EMA = +0.7182 | std(g_L) = 0.8763 | grad = 0.2622
step  12900 | loss = -0.5481 | g_L = +0.5481 | EMA = +0.7162 | std(g_L) = 0.8003 | grad = 0.1608
step  12920 | loss = -0.7683 | g_L = +0.7683 | EMA = +0.6888 | std(g_L) = 0.8960 | grad = 0.2028
step  12940 | loss = -0.8157 | g_L = +0.8157 | EMA = +0.7137 | std(g_L) = 0.9542 | grad = 0.3615
step  12960 | loss = -0.6773 | g_L = +0.6773 | EMA = +0.7301 | std(g_L) = 0.8141 | grad = 0.2761
step  12980 | loss = -0.7025 | g_L = +0.7025 | EMA = +0.7247 | std(g_L) = 0.8634 | grad = 0.2170
step  13000 | loss = -0.7926 | g_L = +0.7926 | EMA = +0.7368 | std(g_L) = 0.8296 | grad = 0.3577
step  13020 | loss = -0.6645 | g_L = +0.6645 | EMA = +0.7149 | std(g_L) = 0.8473 | grad = 0.4280
step  13040 | loss = -0.7423 | g_L = +0.7423 | EMA = +0.7108 | std(g_L) = 0.9377 | grad = 0.3667
step  13060 | loss = -0.6993 | g_L = +0.6993 | EMA = +0.7229 | std(g_L) = 0.8543 | grad = 0.2421
step  13080 | loss = -0.6661 | g_L = +0.6661 | EMA = +0.7250 | std(g_L) = 0.9022 | grad = 0.1303
step  13100 | loss = -0.7267 | g_L = +0.7267 | EMA = +0.7202 | std(g_L) = 0.9460 | grad = 0.2463
step  13120 | loss = -0.7714 | g_L = +0.7714 | EMA = +0.7227 | std(g_L) = 0.9178 | grad = 0.5138
step  13140 | loss = -0.5979 | g_L = +0.5979 | EMA = +0.7166 | std(g_L) = 0.8816 | grad = 0.2495
step  13160 | loss = -0.7668 | g_L = +0.7668 | EMA = +0.7124 | std(g_L) = 0.8718 | grad = 0.1391
step  13180 | loss = -0.7947 | g_L = +0.7947 | EMA = +0.7120 | std(g_L) = 0.9476 | grad = 0.3684
step  13200 | loss = -0.6652 | g_L = +0.6652 | EMA = +0.7103 | std(g_L) = 0.8916 | grad = 0.2786
step  13220 | loss = -0.7416 | g_L = +0.7416 | EMA = +0.7189 | std(g_L) = 0.8424 | grad = 0.2584
step  13240 | loss = -0.6419 | g_L = +0.6419 | EMA = +0.7094 | std(g_L) = 0.9473 | grad = 0.3058
step  13260 | loss = -0.7199 | g_L = +0.7199 | EMA = +0.7039 | std(g_L) = 0.9162 | grad = 0.1734
step  13280 | loss = -0.8010 | g_L = +0.8010 | EMA = +0.7171 | std(g_L) = 0.8078 | grad = 0.3263
step  13300 | loss = -0.6223 | g_L = +0.6223 | EMA = +0.7301 | std(g_L) = 0.8530 | grad = 0.1776
step  13320 | loss = -0.7166 | g_L = +0.7166 | EMA = +0.7126 | std(g_L) = 1.0080 | grad = 0.2515
step  13340 | loss = -0.6599 | g_L = +0.6599 | EMA = +0.7025 | std(g_L) = 0.7451 | grad = 0.2448
step  13360 | loss = -0.8187 | g_L = +0.8187 | EMA = +0.7284 | std(g_L) = 0.8427 | grad = 0.1810
step  13380 | loss = -0.7425 | g_L = +0.7425 | EMA = +0.7208 | std(g_L) = 0.9779 | grad = 0.3648
step  13400 | loss = -0.7551 | g_L = +0.7551 | EMA = +0.7195 | std(g_L) = 0.9059 | grad = 0.2152
step  13420 | loss = -0.6109 | g_L = +0.6109 | EMA = +0.7212 | std(g_L) = 0.8409 | grad = 0.3032
step  13440 | loss = -0.6501 | g_L = +0.6501 | EMA = +0.7163 | std(g_L) = 1.0305 | grad = 0.1588
step  13460 | loss = -0.7544 | g_L = +0.7544 | EMA = +0.7319 | std(g_L) = 0.9238 | grad = 0.2668
step  13480 | loss = -0.5806 | g_L = +0.5806 | EMA = +0.7151 | std(g_L) = 0.8282 | grad = 0.3481
step  13500 | loss = -0.7512 | g_L = +0.7512 | EMA = +0.7082 | std(g_L) = 1.0387 | grad = 0.3738
step  13520 | loss = -0.7845 | g_L = +0.7845 | EMA = +0.6990 | std(g_L) = 0.9419 | grad = 0.3347
step  13540 | loss = -0.8299 | g_L = +0.8299 | EMA = +0.7240 | std(g_L) = 0.9499 | grad = 0.2696
step  13560 | loss = -0.8402 | g_L = +0.8402 | EMA = +0.7285 | std(g_L) = 0.9724 | grad = 0.2349
step  13580 | loss = -0.5299 | g_L = +0.5299 | EMA = +0.7176 | std(g_L) = 0.8015 | grad = 0.2535
step  13600 | loss = -0.8275 | g_L = +0.8275 | EMA = +0.7162 | std(g_L) = 0.8759 | grad = 0.1668
step  13620 | loss = -0.6827 | g_L = +0.6827 | EMA = +0.7065 | std(g_L) = 0.8280 | grad = 0.2132
step  13640 | loss = -0.8785 | g_L = +0.8785 | EMA = +0.7329 | std(g_L) = 0.9833 | grad = 0.2181
step  13660 | loss = -0.6961 | g_L = +0.6961 | EMA = +0.7137 | std(g_L) = 0.8452 | grad = 0.2495
step  13680 | loss = -0.7634 | g_L = +0.7634 | EMA = +0.7072 | std(g_L) = 0.9399 | grad = 0.3559
step  13700 | loss = -0.7725 | g_L = +0.7725 | EMA = +0.7363 | std(g_L) = 0.9469 | grad = 0.4753
step  13720 | loss = -0.6625 | g_L = +0.6625 | EMA = +0.6983 | std(g_L) = 0.8237 | grad = 0.2423
step  13740 | loss = -0.7904 | g_L = +0.7904 | EMA = +0.7130 | std(g_L) = 0.8941 | grad = 0.2909
step  13760 | loss = -0.5846 | g_L = +0.5846 | EMA = +0.6942 | std(g_L) = 0.9016 | grad = 0.2081
step  13780 | loss = -0.6230 | g_L = +0.6230 | EMA = +0.7022 | std(g_L) = 1.0738 | grad = 0.2147
step  13800 | loss = -0.5411 | g_L = +0.5411 | EMA = +0.7115 | std(g_L) = 0.7878 | grad = 0.4695
step  13820 | loss = -0.7720 | g_L = +0.7720 | EMA = +0.7145 | std(g_L) = 0.8874 | grad = 0.1988
step  13840 | loss = -0.6287 | g_L = +0.6287 | EMA = +0.7121 | std(g_L) = 0.8215 | grad = 0.1908
step  13860 | loss = -0.7617 | g_L = +0.7617 | EMA = +0.7288 | std(g_L) = 0.8714 | grad = 0.6537
step  13880 | loss = -0.5894 | g_L = +0.5894 | EMA = +0.7404 | std(g_L) = 0.8209 | grad = 0.1844
step  13900 | loss = -0.6274 | g_L = +0.6274 | EMA = +0.7147 | std(g_L) = 1.0972 | grad = 0.1459
step  13920 | loss = -0.8354 | g_L = +0.8354 | EMA = +0.7160 | std(g_L) = 0.8863 | grad = 0.4082
step  13940 | loss = -0.7011 | g_L = +0.7011 | EMA = +0.7221 | std(g_L) = 0.8408 | grad = 0.4509
step  13960 | loss = -0.6749 | g_L = +0.6749 | EMA = +0.7157 | std(g_L) = 0.9197 | grad = 0.3124
step  13980 | loss = -0.8135 | g_L = +0.8135 | EMA = +0.7203 | std(g_L) = 0.8835 | grad = 0.3221
step  14000 | loss = -0.6902 | g_L = +0.6902 | EMA = +0.7293 | std(g_L) = 1.0296 | grad = 0.2482
step  14020 | loss = -0.8900 | g_L = +0.8900 | EMA = +0.7318 | std(g_L) = 0.9244 | grad = 0.4481
step  14040 | loss = -0.5480 | g_L = +0.5480 | EMA = +0.6897 | std(g_L) = 0.9584 | grad = 0.1583
step  14060 | loss = -0.8063 | g_L = +0.8063 | EMA = +0.7217 | std(g_L) = 0.8505 | grad = 0.5536
step  14080 | loss = -0.6953 | g_L = +0.6953 | EMA = +0.7193 | std(g_L) = 0.8005 | grad = 0.2287
step  14100 | loss = -0.7565 | g_L = +0.7565 | EMA = +0.7358 | std(g_L) = 0.8512 | grad = 0.1992
step  14120 | loss = -0.6560 | g_L = +0.6560 | EMA = +0.7251 | std(g_L) = 0.9241 | grad = 0.2475
step  14140 | loss = -0.7545 | g_L = +0.7545 | EMA = +0.7107 | std(g_L) = 1.0024 | grad = 0.5591
step  14160 | loss = -0.8492 | g_L = +0.8492 | EMA = +0.7113 | std(g_L) = 0.9582 | grad = 0.2944
step  14180 | loss = -0.7061 | g_L = +0.7061 | EMA = +0.7006 | std(g_L) = 0.9151 | grad = 0.3057
step  14200 | loss = -0.7803 | g_L = +0.7803 | EMA = +0.7320 | std(g_L) = 0.9345 | grad = 0.3458
step  14220 | loss = -0.7482 | g_L = +0.7482 | EMA = +0.7173 | std(g_L) = 0.9479 | grad = 0.1952
step  14240 | loss = -0.7647 | g_L = +0.7647 | EMA = +0.7044 | std(g_L) = 0.9318 | grad = 0.1793
step  14260 | loss = -0.7641 | g_L = +0.7641 | EMA = +0.7192 | std(g_L) = 0.8715 | grad = 0.1945
step  14280 | loss = -0.8370 | g_L = +0.8370 | EMA = +0.7098 | std(g_L) = 1.0154 | grad = 0.4784
step  14300 | loss = -0.6182 | g_L = +0.6182 | EMA = +0.6982 | std(g_L) = 0.8552 | grad = 0.1713
step  14320 | loss = -0.7357 | g_L = +0.7357 | EMA = +0.7060 | std(g_L) = 0.8034 | grad = 0.3058
step  14340 | loss = -0.8094 | g_L = +0.8094 | EMA = +0.7165 | std(g_L) = 0.9571 | grad = 0.4044
step  14360 | loss = -0.7423 | g_L = +0.7423 | EMA = +0.7312 | std(g_L) = 0.9587 | grad = 0.1856
step  14380 | loss = -0.7340 | g_L = +0.7340 | EMA = +0.7421 | std(g_L) = 0.8954 | grad = 0.1865
step  14400 | loss = -0.7235 | g_L = +0.7235 | EMA = +0.7225 | std(g_L) = 0.9646 | grad = 0.2848
step  14420 | loss = -0.7699 | g_L = +0.7699 | EMA = +0.7272 | std(g_L) = 1.0311 | grad = 0.3166
step  14440 | loss = -0.6478 | g_L = +0.6478 | EMA = +0.7213 | std(g_L) = 1.0832 | grad = 0.2131
step  14460 | loss = -0.6530 | g_L = +0.6530 | EMA = +0.7288 | std(g_L) = 0.8671 | grad = 0.1486
step  14480 | loss = -0.5287 | g_L = +0.5287 | EMA = +0.7064 | std(g_L) = 0.8472 | grad = 0.2110
step  14500 | loss = -0.6555 | g_L = +0.6555 | EMA = +0.6941 | std(g_L) = 0.8116 | grad = 0.3064
step  14520 | loss = -0.6940 | g_L = +0.6940 | EMA = +0.7099 | std(g_L) = 0.9687 | grad = 0.3114
step  14540 | loss = -0.7179 | g_L = +0.7179 | EMA = +0.7076 | std(g_L) = 0.8433 | grad = 1.0124
step  14560 | loss = -0.7179 | g_L = +0.7179 | EMA = +0.7183 | std(g_L) = 0.9358 | grad = 0.5335
step  14580 | loss = -0.6830 | g_L = +0.6830 | EMA = +0.7239 | std(g_L) = 0.8975 | grad = 0.3785
step  14600 | loss = -0.8571 | g_L = +0.8571 | EMA = +0.7429 | std(g_L) = 1.0701 | grad = 0.1120
step  14620 | loss = -0.6743 | g_L = +0.6743 | EMA = +0.7292 | std(g_L) = 0.9312 | grad = 0.4305
step  14640 | loss = -0.7923 | g_L = +0.7923 | EMA = +0.7152 | std(g_L) = 0.8839 | grad = 0.2761
step  14660 | loss = -0.7030 | g_L = +0.7030 | EMA = +0.7201 | std(g_L) = 1.0018 | grad = 0.1904
step  14680 | loss = -0.6924 | g_L = +0.6924 | EMA = +0.7160 | std(g_L) = 0.7792 | grad = 0.2450
step  14700 | loss = -0.6389 | g_L = +0.6389 | EMA = +0.7076 | std(g_L) = 0.9376 | grad = 0.3820
step  14720 | loss = -0.7249 | g_L = +0.7249 | EMA = +0.7110 | std(g_L) = 0.9592 | grad = 0.3602
step  14740 | loss = -0.7390 | g_L = +0.7390 | EMA = +0.7178 | std(g_L) = 0.8217 | grad = 0.2906
step  14760 | loss = -0.6622 | g_L = +0.6622 | EMA = +0.7139 | std(g_L) = 0.8756 | grad = 0.3921
step  14780 | loss = -0.5253 | g_L = +0.5253 | EMA = +0.6952 | std(g_L) = 0.9226 | grad = 0.3294
step  14800 | loss = -0.7720 | g_L = +0.7720 | EMA = +0.7143 | std(g_L) = 0.9506 | grad = 0.1689
step  14820 | loss = -0.6259 | g_L = +0.6259 | EMA = +0.7076 | std(g_L) = 0.8325 | grad = 0.1370
step  14840 | loss = -0.7378 | g_L = +0.7378 | EMA = +0.7237 | std(g_L) = 0.9343 | grad = 0.3781
step  14860 | loss = -0.8208 | g_L = +0.8208 | EMA = +0.7260 | std(g_L) = 0.9185 | grad = 0.4756
step  14880 | loss = -0.6426 | g_L = +0.6426 | EMA = +0.7016 | std(g_L) = 0.8993 | grad = 0.2953
step  14900 | loss = -0.7613 | g_L = +0.7613 | EMA = +0.7120 | std(g_L) = 0.8944 | grad = 0.2671
step  14920 | loss = -0.7907 | g_L = +0.7907 | EMA = +0.7196 | std(g_L) = 0.9782 | grad = 0.2503
step  14940 | loss = -0.7344 | g_L = +0.7344 | EMA = +0.7442 | std(g_L) = 0.8103 | grad = 0.1663
step  14960 | loss = -0.8696 | g_L = +0.8696 | EMA = +0.7350 | std(g_L) = 1.0089 | grad = 0.2888
step  14980 | loss = -0.6926 | g_L = +0.6926 | EMA = +0.7205 | std(g_L) = 0.9646 | grad = 0.3912
step  15000 | loss = -0.7398 | g_L = +0.7398 | EMA = +0.7116 | std(g_L) = 1.0890 | grad = 0.2519
T=2 finished.

============================================================
T = 4
L = 128
Batch size = 128
Steps = 15000
Checkpoints = model_checkpoints/fixed_sigma_sweep/T4_L128_B128
============================================================
step      1 | loss = -0.2999 | g_L = +0.2999 | EMA = +0.2999 | std(g_L) = 0.6777 | grad = 0.0829
step     20 | loss = -0.2816 | g_L = +0.2816 | EMA = +0.3000 | std(g_L) = 0.7287 | grad = 0.0791
step     40 | loss = -0.4096 | g_L = +0.4096 | EMA = +0.3153 | std(g_L) = 0.9889 | grad = 0.0798
step     60 | loss = -0.3978 | g_L = +0.3978 | EMA = +0.3459 | std(g_L) = 0.7513 | grad = 0.0686
step     80 | loss = -0.4585 | g_L = +0.4585 | EMA = +0.3699 | std(g_L) = 0.9054 | grad = 0.1333
step    100 | loss = -0.4514 | g_L = +0.4514 | EMA = +0.4007 | std(g_L) = 0.8025 | grad = 0.1244
step    120 | loss = -0.5374 | g_L = +0.5374 | EMA = +0.4586 | std(g_L) = 1.0660 | grad = 0.1322
step    140 | loss = -0.6936 | g_L = +0.6936 | EMA = +0.5408 | std(g_L) = 1.0631 | grad = 0.1798
step    160 | loss = -0.7281 | g_L = +0.7281 | EMA = +0.6072 | std(g_L) = 1.2239 | grad = 0.1859
step    180 | loss = -0.5314 | g_L = +0.5314 | EMA = +0.6591 | std(g_L) = 0.9915 | grad = 0.3399
step    200 | loss = -0.7859 | g_L = +0.7859 | EMA = +0.7175 | std(g_L) = 1.1831 | grad = 0.2676
step    220 | loss = -0.8058 | g_L = +0.8058 | EMA = +0.7740 | std(g_L) = 1.0746 | grad = 0.3533
step    240 | loss = -0.8758 | g_L = +0.8758 | EMA = +0.8919 | std(g_L) = 1.0596 | grad = 0.4890
step    260 | loss = -1.2053 | g_L = +1.2053 | EMA = +1.0243 | std(g_L) = 1.0870 | grad = 0.4317
step    280 | loss = -1.1660 | g_L = +1.1660 | EMA = +1.1314 | std(g_L) = 1.1654 | grad = 0.5633
step    300 | loss = -1.3515 | g_L = +1.3515 | EMA = +1.2238 | std(g_L) = 1.1636 | grad = 0.2270
step    320 | loss = -1.3377 | g_L = +1.3377 | EMA = +1.2419 | std(g_L) = 1.2547 | grad = 0.3756
step    340 | loss = -1.3579 | g_L = +1.3579 | EMA = +1.2504 | std(g_L) = 1.1546 | grad = 0.4281
step    360 | loss = -1.2703 | g_L = +1.2703 | EMA = +1.2481 | std(g_L) = 1.1086 | grad = 0.4542
step    380 | loss = -1.4837 | g_L = +1.4837 | EMA = +1.2824 | std(g_L) = 1.0948 | grad = 0.3677
step    400 | loss = -1.4162 | g_L = +1.4162 | EMA = +1.2903 | std(g_L) = 1.1740 | grad = 0.6824
step    420 | loss = -1.3546 | g_L = +1.3546 | EMA = +1.3171 | std(g_L) = 1.2120 | grad = 0.4764
step    440 | loss = -1.2849 | g_L = +1.2849 | EMA = +1.2937 | std(g_L) = 1.1315 | grad = 0.3616
step    460 | loss = -1.3594 | g_L = +1.3594 | EMA = +1.3628 | std(g_L) = 1.0602 | grad = 0.6292
step    480 | loss = -1.1736 | g_L = +1.1736 | EMA = +1.3804 | std(g_L) = 1.2838 | grad = 0.4138
step    500 | loss = -1.4569 | g_L = +1.4569 | EMA = +1.3816 | std(g_L) = 1.0650 | grad = 0.5716
step    520 | loss = -1.3849 | g_L = +1.3849 | EMA = +1.3779 | std(g_L) = 1.1242 | grad = 0.3918
step    540 | loss = -1.4494 | g_L = +1.4494 | EMA = +1.4019 | std(g_L) = 1.2000 | grad = 0.5885
step    560 | loss = -1.1943 | g_L = +1.1943 | EMA = +1.4080 | std(g_L) = 1.2240 | grad = 0.4173
step    580 | loss = -1.4889 | g_L = +1.4889 | EMA = +1.4171 | std(g_L) = 1.1477 | grad = 0.5766
step    600 | loss = -1.5324 | g_L = +1.5324 | EMA = +1.3984 | std(g_L) = 1.1631 | grad = 0.2876
step    620 | loss = -1.4730 | g_L = +1.4730 | EMA = +1.4033 | std(g_L) = 1.2022 | grad = 0.5257
step    640 | loss = -1.4713 | g_L = +1.4713 | EMA = +1.4157 | std(g_L) = 1.2759 | grad = 0.4583
step    660 | loss = -1.4851 | g_L = +1.4851 | EMA = +1.4052 | std(g_L) = 1.2676 | grad = 0.6634
step    680 | loss = -1.5162 | g_L = +1.5162 | EMA = +1.4176 | std(g_L) = 1.1943 | grad = 0.3585
step    700 | loss = -1.4637 | g_L = +1.4637 | EMA = +1.4199 | std(g_L) = 1.2214 | grad = 0.3253
step    720 | loss = -1.5175 | g_L = +1.5175 | EMA = +1.4504 | std(g_L) = 1.1586 | grad = 0.1560
step    740 | loss = -1.4464 | g_L = +1.4464 | EMA = +1.4199 | std(g_L) = 1.1623 | grad = 0.3138
step    760 | loss = -1.4216 | g_L = +1.4216 | EMA = +1.4497 | std(g_L) = 1.2520 | grad = 0.6047
step    780 | loss = -1.4177 | g_L = +1.4177 | EMA = +1.4580 | std(g_L) = 1.1679 | grad = 0.3059
step    800 | loss = -1.5663 | g_L = +1.5663 | EMA = +1.4349 | std(g_L) = 1.1946 | grad = 0.3550
step    820 | loss = -1.5384 | g_L = +1.5384 | EMA = +1.4178 | std(g_L) = 1.1877 | grad = 0.4200
step    840 | loss = -1.3849 | g_L = +1.3849 | EMA = +1.4142 | std(g_L) = 1.1771 | grad = 0.4957
step    860 | loss = -1.5470 | g_L = +1.5470 | EMA = +1.4476 | std(g_L) = 1.2224 | grad = 0.8982
step    880 | loss = -1.3540 | g_L = +1.3540 | EMA = +1.4487 | std(g_L) = 1.2599 | grad = 0.5102
step    900 | loss = -1.3577 | g_L = +1.3577 | EMA = +1.4572 | std(g_L) = 1.3169 | grad = 0.4549
step    920 | loss = -1.3703 | g_L = +1.3703 | EMA = +1.4510 | std(g_L) = 1.2090 | grad = 0.1844
step    940 | loss = -1.3735 | g_L = +1.3735 | EMA = +1.4465 | std(g_L) = 1.2746 | grad = 0.4293
step    960 | loss = -1.5782 | g_L = +1.5782 | EMA = +1.4274 | std(g_L) = 1.1971 | grad = 0.3155
step    980 | loss = -1.6133 | g_L = +1.6133 | EMA = +1.4275 | std(g_L) = 1.1494 | grad = 0.5338
step   1000 | loss = -1.4901 | g_L = +1.4901 | EMA = +1.4346 | std(g_L) = 1.4013 | grad = 0.3876
step   1020 | loss = -1.5571 | g_L = +1.5571 | EMA = +1.4498 | std(g_L) = 1.1617 | grad = 0.5472
step   1040 | loss = -1.5326 | g_L = +1.5326 | EMA = +1.4453 | std(g_L) = 1.2266 | grad = 0.1730
step   1060 | loss = -1.3397 | g_L = +1.3397 | EMA = +1.4637 | std(g_L) = 1.2951 | grad = 0.6802
step   1080 | loss = -1.5876 | g_L = +1.5876 | EMA = +1.4413 | std(g_L) = 1.2317 | grad = 0.3195
step   1100 | loss = -1.4936 | g_L = +1.4936 | EMA = +1.4759 | std(g_L) = 1.2523 | grad = 0.3077
step   1120 | loss = -1.3607 | g_L = +1.3607 | EMA = +1.4805 | std(g_L) = 1.1411 | grad = 0.4035
step   1140 | loss = -1.6038 | g_L = +1.6038 | EMA = +1.4529 | std(g_L) = 1.2663 | grad = 0.2760
step   1160 | loss = -1.6330 | g_L = +1.6330 | EMA = +1.4775 | std(g_L) = 1.1783 | grad = 0.2002
step   1180 | loss = -1.5248 | g_L = +1.5248 | EMA = +1.4691 | std(g_L) = 1.2479 | grad = 0.3978
step   1200 | loss = -1.3852 | g_L = +1.3852 | EMA = +1.4606 | std(g_L) = 1.1847 | grad = 0.4774
step   1220 | loss = -1.2852 | g_L = +1.2852 | EMA = +1.4374 | std(g_L) = 1.0960 | grad = 0.4829
step   1240 | loss = -1.5761 | g_L = +1.5761 | EMA = +1.4603 | std(g_L) = 1.1326 | grad = 0.3044
step   1260 | loss = -1.3214 | g_L = +1.3214 | EMA = +1.4837 | std(g_L) = 1.0727 | grad = 0.5705
step   1280 | loss = -1.4275 | g_L = +1.4275 | EMA = +1.4903 | std(g_L) = 1.0906 | grad = 0.5391
step   1300 | loss = -1.4013 | g_L = +1.4013 | EMA = +1.4575 | std(g_L) = 1.1950 | grad = 0.4258
step   1320 | loss = -1.4181 | g_L = +1.4181 | EMA = +1.4453 | std(g_L) = 1.0655 | grad = 0.5754
step   1340 | loss = -1.3858 | g_L = +1.3858 | EMA = +1.4701 | std(g_L) = 1.1313 | grad = 0.4428
step   1360 | loss = -1.6395 | g_L = +1.6395 | EMA = +1.4783 | std(g_L) = 1.1597 | grad = 0.5711
step   1380 | loss = -1.4867 | g_L = +1.4867 | EMA = +1.4588 | std(g_L) = 1.1762 | grad = 0.3786
step   1400 | loss = -1.4769 | g_L = +1.4769 | EMA = +1.4622 | std(g_L) = 1.1147 | grad = 0.5184
step   1420 | loss = -1.5844 | g_L = +1.5844 | EMA = +1.4882 | std(g_L) = 1.2017 | grad = 0.4352
step   1440 | loss = -1.6759 | g_L = +1.6759 | EMA = +1.4776 | std(g_L) = 1.1422 | grad = 0.4758
step   1460 | loss = -1.5827 | g_L = +1.5827 | EMA = +1.4799 | std(g_L) = 1.1178 | grad = 0.3584
step   1480 | loss = -1.4855 | g_L = +1.4855 | EMA = +1.4888 | std(g_L) = 1.1134 | grad = 0.5040
step   1500 | loss = -1.6204 | g_L = +1.6204 | EMA = +1.5022 | std(g_L) = 1.0418 | grad = 0.2733
step   1520 | loss = -1.4467 | g_L = +1.4467 | EMA = +1.4819 | std(g_L) = 1.0554 | grad = 0.2422
step   1540 | loss = -1.4157 | g_L = +1.4157 | EMA = +1.4824 | std(g_L) = 1.1645 | grad = 0.3580
step   1560 | loss = -1.3534 | g_L = +1.3534 | EMA = +1.4500 | std(g_L) = 1.1611 | grad = 0.4382
step   1580 | loss = -1.3715 | g_L = +1.3715 | EMA = +1.4597 | std(g_L) = 1.2040 | grad = 0.5323
step   1600 | loss = -1.5928 | g_L = +1.5928 | EMA = +1.4986 | std(g_L) = 1.1557 | grad = 0.5488
step   1620 | loss = -1.6075 | g_L = +1.6075 | EMA = +1.4952 | std(g_L) = 1.1967 | grad = 0.2227
step   1640 | loss = -1.5548 | g_L = +1.5548 | EMA = +1.4903 | std(g_L) = 1.1848 | grad = 0.5372
step   1660 | loss = -1.6176 | g_L = +1.6176 | EMA = +1.5031 | std(g_L) = 0.9401 | grad = 0.3163
step   1680 | loss = -1.3746 | g_L = +1.3746 | EMA = +1.4967 | std(g_L) = 1.0546 | grad = 0.4498
step   1700 | loss = -1.5216 | g_L = +1.5216 | EMA = +1.4910 | std(g_L) = 1.1549 | grad = 0.2798
step   1720 | loss = -1.5339 | g_L = +1.5339 | EMA = +1.5122 | std(g_L) = 1.1976 | grad = 0.2993
step   1740 | loss = -1.5305 | g_L = +1.5305 | EMA = +1.5053 | std(g_L) = 1.1335 | grad = 0.2997
step   1760 | loss = -1.5107 | g_L = +1.5107 | EMA = +1.5099 | std(g_L) = 1.2619 | grad = 0.5092
step   1780 | loss = -1.6748 | g_L = +1.6748 | EMA = +1.5099 | std(g_L) = 1.1214 | grad = 0.4533
step   1800 | loss = -1.3150 | g_L = +1.3150 | EMA = +1.4762 | std(g_L) = 1.1438 | grad = 0.5704
step   1820 | loss = -1.4849 | g_L = +1.4849 | EMA = +1.5020 | std(g_L) = 1.0753 | grad = 0.3379
step   1840 | loss = -1.4481 | g_L = +1.4481 | EMA = +1.5185 | std(g_L) = 1.1325 | grad = 0.5599
step   1860 | loss = -1.4657 | g_L = +1.4657 | EMA = +1.4918 | std(g_L) = 1.2054 | grad = 0.3501
step   1880 | loss = -1.4908 | g_L = +1.4908 | EMA = +1.5076 | std(g_L) = 1.1514 | grad = 0.4510
step   1900 | loss = -1.5102 | g_L = +1.5102 | EMA = +1.5200 | std(g_L) = 1.1193 | grad = 0.2745
step   1920 | loss = -1.5427 | g_L = +1.5427 | EMA = +1.5150 | std(g_L) = 1.1667 | grad = 0.2468
step   1940 | loss = -1.6015 | g_L = +1.6015 | EMA = +1.4864 | std(g_L) = 1.1986 | grad = 0.2153
step   1960 | loss = -1.6845 | g_L = +1.6845 | EMA = +1.4939 | std(g_L) = 1.1324 | grad = 0.4101
step   1980 | loss = -1.6025 | g_L = +1.6025 | EMA = +1.5062 | std(g_L) = 1.1262 | grad = 0.4674
step   2000 | loss = -1.4527 | g_L = +1.4527 | EMA = +1.4755 | std(g_L) = 1.1614 | grad = 0.3260
step   2020 | loss = -1.4697 | g_L = +1.4697 | EMA = +1.4963 | std(g_L) = 1.0715 | grad = 0.3596
step   2040 | loss = -1.5136 | g_L = +1.5136 | EMA = +1.5298 | std(g_L) = 1.1313 | grad = 0.4386
step   2060 | loss = -1.4996 | g_L = +1.4996 | EMA = +1.5518 | std(g_L) = 1.0252 | grad = 0.6090
step   2080 | loss = -1.6915 | g_L = +1.6915 | EMA = +1.5278 | std(g_L) = 1.1618 | grad = 0.4365
step   2100 | loss = -1.4214 | g_L = +1.4214 | EMA = +1.5212 | std(g_L) = 1.0408 | grad = 0.6093
step   2120 | loss = -1.5882 | g_L = +1.5882 | EMA = +1.5146 | std(g_L) = 0.9939 | grad = 0.1716
step   2140 | loss = -1.6154 | g_L = +1.6154 | EMA = +1.5087 | std(g_L) = 1.0451 | grad = 0.4376
step   2160 | loss = -1.2581 | g_L = +1.2581 | EMA = +1.5238 | std(g_L) = 1.2608 | grad = 0.5809
step   2180 | loss = -1.5085 | g_L = +1.5085 | EMA = +1.5112 | std(g_L) = 1.0251 | grad = 0.4488
step   2200 | loss = -1.4605 | g_L = +1.4605 | EMA = +1.5143 | std(g_L) = 1.2490 | grad = 0.5313
step   2220 | loss = -1.4718 | g_L = +1.4718 | EMA = +1.5035 | std(g_L) = 1.2367 | grad = 0.3640
step   2240 | loss = -1.5241 | g_L = +1.5241 | EMA = +1.5003 | std(g_L) = 1.0908 | grad = 0.2894
step   2260 | loss = -1.4932 | g_L = +1.4932 | EMA = +1.5315 | std(g_L) = 1.1719 | grad = 0.3437
step   2280 | loss = -1.6121 | g_L = +1.6121 | EMA = +1.5129 | std(g_L) = 1.0977 | grad = 0.2080
step   2300 | loss = -1.4293 | g_L = +1.4293 | EMA = +1.5038 | std(g_L) = 1.1589 | grad = 0.3537
step   2320 | loss = -1.4600 | g_L = +1.4600 | EMA = +1.5254 | std(g_L) = 1.0802 | grad = 0.3569
step   2340 | loss = -1.5075 | g_L = +1.5075 | EMA = +1.5276 | std(g_L) = 1.3253 | grad = 0.4768
step   2360 | loss = -1.4951 | g_L = +1.4951 | EMA = +1.5189 | std(g_L) = 1.0387 | grad = 0.4287
step   2380 | loss = -1.5083 | g_L = +1.5083 | EMA = +1.5244 | std(g_L) = 1.0175 | grad = 0.5498
step   2400 | loss = -1.4101 | g_L = +1.4101 | EMA = +1.5027 | std(g_L) = 1.0497 | grad = 0.6057
step   2420 | loss = -1.5840 | g_L = +1.5840 | EMA = +1.5321 | std(g_L) = 1.0297 | grad = 0.3691
step   2440 | loss = -1.5927 | g_L = +1.5927 | EMA = +1.5193 | std(g_L) = 1.2034 | grad = 0.4551
step   2460 | loss = -1.6649 | g_L = +1.6649 | EMA = +1.5430 | std(g_L) = 1.1157 | grad = 0.5164
step   2480 | loss = -1.3760 | g_L = +1.3760 | EMA = +1.5300 | std(g_L) = 1.1693 | grad = 0.5684
step   2500 | loss = -1.6523 | g_L = +1.6523 | EMA = +1.5665 | std(g_L) = 1.0597 | grad = 0.4801
step   2520 | loss = -1.6342 | g_L = +1.6342 | EMA = +1.5276 | std(g_L) = 1.0275 | grad = 0.4746
step   2540 | loss = -1.6027 | g_L = +1.6027 | EMA = +1.5180 | std(g_L) = 1.1030 | grad = 0.5140
step   2560 | loss = -1.6127 | g_L = +1.6127 | EMA = +1.5327 | std(g_L) = 1.2326 | grad = 0.8529
step   2580 | loss = -1.4901 | g_L = +1.4901 | EMA = +1.5359 | std(g_L) = 1.0785 | grad = 0.3722
step   2600 | loss = -1.4111 | g_L = +1.4111 | EMA = +1.5237 | std(g_L) = 1.1130 | grad = 0.3845
step   2620 | loss = -1.3889 | g_L = +1.3889 | EMA = +1.4986 | std(g_L) = 1.1501 | grad = 0.3701
step   2640 | loss = -1.4326 | g_L = +1.4326 | EMA = +1.5301 | std(g_L) = 1.1987 | grad = 0.5609
step   2660 | loss = -1.5540 | g_L = +1.5540 | EMA = +1.5440 | std(g_L) = 1.2599 | grad = 0.3575
step   2680 | loss = -1.3856 | g_L = +1.3856 | EMA = +1.5366 | std(g_L) = 1.1388 | grad = 0.4853
step   2700 | loss = -1.6316 | g_L = +1.6316 | EMA = +1.5337 | std(g_L) = 1.0514 | grad = 0.2969
step   2720 | loss = -1.5640 | g_L = +1.5640 | EMA = +1.5511 | std(g_L) = 1.0579 | grad = 0.4100
step   2740 | loss = -1.4745 | g_L = +1.4745 | EMA = +1.5218 | std(g_L) = 1.1643 | grad = 0.3290
step   2760 | loss = -1.6447 | g_L = +1.6447 | EMA = +1.5471 | std(g_L) = 1.0669 | grad = 0.6977
step   2780 | loss = -1.5619 | g_L = +1.5619 | EMA = +1.5482 | std(g_L) = 1.0265 | grad = 0.4215
step   2800 | loss = -1.4432 | g_L = +1.4432 | EMA = +1.5605 | std(g_L) = 1.0249 | grad = 0.4275
step   2820 | loss = -1.5087 | g_L = +1.5087 | EMA = +1.5671 | std(g_L) = 1.1291 | grad = 0.5566
step   2840 | loss = -1.5412 | g_L = +1.5412 | EMA = +1.5772 | std(g_L) = 1.0279 | grad = 0.4520
step   2860 | loss = -1.3985 | g_L = +1.3985 | EMA = +1.5578 | std(g_L) = 1.0179 | grad = 0.4149
step   2880 | loss = -1.5101 | g_L = +1.5101 | EMA = +1.5472 | std(g_L) = 1.0997 | grad = 0.4676
step   2900 | loss = -1.5675 | g_L = +1.5675 | EMA = +1.5353 | std(g_L) = 1.1274 | grad = 0.2270
step   2920 | loss = -1.5836 | g_L = +1.5836 | EMA = +1.5333 | std(g_L) = 1.1556 | grad = 0.3652
step   2940 | loss = -1.4463 | g_L = +1.4463 | EMA = +1.5359 | std(g_L) = 1.1460 | grad = 0.4161
step   2960 | loss = -1.3079 | g_L = +1.3079 | EMA = +1.5239 | std(g_L) = 1.1765 | grad = 0.6890
step   2980 | loss = -1.5787 | g_L = +1.5787 | EMA = +1.5645 | std(g_L) = 1.2252 | grad = 0.5574
step   3000 | loss = -1.5745 | g_L = +1.5745 | EMA = +1.5761 | std(g_L) = 1.2498 | grad = 0.4262
step   3020 | loss = -1.7121 | g_L = +1.7121 | EMA = +1.5764 | std(g_L) = 1.1014 | grad = 0.7570
step   3040 | loss = -1.5922 | g_L = +1.5922 | EMA = +1.5658 | std(g_L) = 1.2182 | grad = 0.8036
step   3060 | loss = -1.6468 | g_L = +1.6468 | EMA = +1.5764 | std(g_L) = 1.0727 | grad = 0.4187
step   3080 | loss = -1.4517 | g_L = +1.4517 | EMA = +1.5760 | std(g_L) = 1.0729 | grad = 0.3829
step   3100 | loss = -1.5441 | g_L = +1.5441 | EMA = +1.5418 | std(g_L) = 1.2397 | grad = 0.8007
step   3120 | loss = -1.6251 | g_L = +1.6251 | EMA = +1.5627 | std(g_L) = 1.0355 | grad = 0.4476
step   3140 | loss = -1.4917 | g_L = +1.4917 | EMA = +1.5439 | std(g_L) = 1.1159 | grad = 0.5443
step   3160 | loss = -1.4596 | g_L = +1.4596 | EMA = +1.5468 | std(g_L) = 1.1351 | grad = 0.5973
step   3180 | loss = -1.6567 | g_L = +1.6567 | EMA = +1.5718 | std(g_L) = 1.0823 | grad = 0.6171
step   3200 | loss = -1.5708 | g_L = +1.5708 | EMA = +1.5701 | std(g_L) = 1.0536 | grad = 0.5281
step   3220 | loss = -1.4570 | g_L = +1.4570 | EMA = +1.5647 | std(g_L) = 1.0673 | grad = 0.5514
step   3240 | loss = -1.6819 | g_L = +1.6819 | EMA = +1.5683 | std(g_L) = 1.1157 | grad = 0.6461
step   3260 | loss = -1.6410 | g_L = +1.6410 | EMA = +1.6077 | std(g_L) = 1.0999 | grad = 0.4823
step   3280 | loss = -1.5914 | g_L = +1.5914 | EMA = +1.5877 | std(g_L) = 1.1212 | grad = 0.3565
step   3300 | loss = -1.6981 | g_L = +1.6981 | EMA = +1.5723 | std(g_L) = 0.9333 | grad = 0.5449
step   3320 | loss = -1.4710 | g_L = +1.4710 | EMA = +1.5502 | std(g_L) = 1.0599 | grad = 0.6960
step   3340 | loss = -1.4875 | g_L = +1.4875 | EMA = +1.5627 | std(g_L) = 1.1405 | grad = 0.4862
step   3360 | loss = -1.6213 | g_L = +1.6213 | EMA = +1.5609 | std(g_L) = 1.0864 | grad = 0.7027
step   3380 | loss = -1.7440 | g_L = +1.7440 | EMA = +1.5783 | std(g_L) = 1.0959 | grad = 0.4229
step   3400 | loss = -1.5508 | g_L = +1.5508 | EMA = +1.5737 | std(g_L) = 1.1336 | grad = 1.4085
step   3420 | loss = -1.5280 | g_L = +1.5280 | EMA = +1.5688 | std(g_L) = 1.1597 | grad = 0.8515
step   3440 | loss = -1.6369 | g_L = +1.6369 | EMA = +1.5755 | std(g_L) = 1.0938 | grad = 0.4185
step   3460 | loss = -1.5325 | g_L = +1.5325 | EMA = +1.5792 | std(g_L) = 1.0315 | grad = 0.8498
step   3480 | loss = -1.7001 | g_L = +1.7001 | EMA = +1.5880 | std(g_L) = 0.9554 | grad = 0.2798
step   3500 | loss = -1.6091 | g_L = +1.6091 | EMA = +1.5573 | std(g_L) = 1.0369 | grad = 0.4418
step   3520 | loss = -1.4987 | g_L = +1.4987 | EMA = +1.5719 | std(g_L) = 1.1322 | grad = 0.3072
step   3540 | loss = -1.7254 | g_L = +1.7254 | EMA = +1.5725 | std(g_L) = 1.1472 | grad = 0.7912
step   3560 | loss = -1.6659 | g_L = +1.6659 | EMA = +1.5851 | std(g_L) = 1.1503 | grad = 0.7261
step   3580 | loss = -1.6175 | g_L = +1.6175 | EMA = +1.5653 | std(g_L) = 1.1088 | grad = 0.5133
step   3600 | loss = -1.6279 | g_L = +1.6279 | EMA = +1.5901 | std(g_L) = 1.0602 | grad = 0.2810
step   3620 | loss = -1.7522 | g_L = +1.7522 | EMA = +1.6067 | std(g_L) = 1.1138 | grad = 0.2522
step   3640 | loss = -1.4891 | g_L = +1.4891 | EMA = +1.5944 | std(g_L) = 0.9370 | grad = 0.6986
step   3660 | loss = -1.6970 | g_L = +1.6970 | EMA = +1.5888 | std(g_L) = 1.1135 | grad = 0.9491
step   3680 | loss = -1.6407 | g_L = +1.6407 | EMA = +1.5864 | std(g_L) = 1.0909 | grad = 0.6752
step   3700 | loss = -1.7909 | g_L = +1.7909 | EMA = +1.5783 | std(g_L) = 1.0543 | grad = 0.8449
step   3720 | loss = -1.5596 | g_L = +1.5596 | EMA = +1.5660 | std(g_L) = 1.1302 | grad = 0.4308
step   3740 | loss = -1.5167 | g_L = +1.5167 | EMA = +1.5490 | std(g_L) = 0.9585 | grad = 0.2857
step   3760 | loss = -1.5305 | g_L = +1.5305 | EMA = +1.5565 | std(g_L) = 1.0594 | grad = 0.8129
step   3780 | loss = -1.7191 | g_L = +1.7191 | EMA = +1.5777 | std(g_L) = 1.0734 | grad = 0.8696
step   3800 | loss = -1.5605 | g_L = +1.5605 | EMA = +1.5966 | std(g_L) = 1.1276 | grad = 0.8103
step   3820 | loss = -1.7679 | g_L = +1.7679 | EMA = +1.6099 | std(g_L) = 1.1221 | grad = 0.5948
step   3840 | loss = -1.4703 | g_L = +1.4703 | EMA = +1.6142 | std(g_L) = 1.1134 | grad = 0.7901
step   3860 | loss = -1.6818 | g_L = +1.6818 | EMA = +1.5886 | std(g_L) = 1.0673 | grad = 0.4545
step   3880 | loss = -1.5426 | g_L = +1.5426 | EMA = +1.5737 | std(g_L) = 1.1233 | grad = 0.5186
step   3900 | loss = -1.4617 | g_L = +1.4617 | EMA = +1.5492 | std(g_L) = 1.0977 | grad = 0.4387
step   3920 | loss = -1.6050 | g_L = +1.6050 | EMA = +1.5560 | std(g_L) = 1.1154 | grad = 0.3688
step   3940 | loss = -1.5890 | g_L = +1.5890 | EMA = +1.5981 | std(g_L) = 1.0868 | grad = 0.6460
step   3960 | loss = -1.5383 | g_L = +1.5383 | EMA = +1.5758 | std(g_L) = 1.2296 | grad = 0.6734
step   3980 | loss = -1.6708 | g_L = +1.6708 | EMA = +1.5769 | std(g_L) = 1.1863 | grad = 0.3950
step   4000 | loss = -1.6769 | g_L = +1.6769 | EMA = +1.5827 | std(g_L) = 1.0175 | grad = 0.9896
step   4020 | loss = -1.6411 | g_L = +1.6411 | EMA = +1.5968 | std(g_L) = 1.0525 | grad = 0.8910
step   4040 | loss = -1.5072 | g_L = +1.5072 | EMA = +1.5772 | std(g_L) = 1.1887 | grad = 0.6410
step   4060 | loss = -1.4969 | g_L = +1.4969 | EMA = +1.5894 | std(g_L) = 1.1700 | grad = 0.4353
step   4080 | loss = -1.4757 | g_L = +1.4757 | EMA = +1.5814 | std(g_L) = 1.0048 | grad = 0.3181
step   4100 | loss = -1.6425 | g_L = +1.6425 | EMA = +1.5954 | std(g_L) = 1.1492 | grad = 0.4109
step   4120 | loss = -1.6354 | g_L = +1.6354 | EMA = +1.5841 | std(g_L) = 1.0332 | grad = 0.3445
step   4140 | loss = -1.5790 | g_L = +1.5790 | EMA = +1.6063 | std(g_L) = 1.0783 | grad = 1.8014
step   4160 | loss = -1.5903 | g_L = +1.5903 | EMA = +1.6058 | std(g_L) = 1.0929 | grad = 0.9395
step   4180 | loss = -1.5380 | g_L = +1.5380 | EMA = +1.5898 | std(g_L) = 1.0974 | grad = 0.4554
step   4200 | loss = -1.5035 | g_L = +1.5035 | EMA = +1.6014 | std(g_L) = 1.1836 | grad = 0.9289
step   4220 | loss = -1.6249 | g_L = +1.6249 | EMA = +1.6077 | std(g_L) = 1.0403 | grad = 0.4383
step   4240 | loss = -1.6383 | g_L = +1.6383 | EMA = +1.6030 | std(g_L) = 1.0524 | grad = 0.7220
step   4260 | loss = -1.6684 | g_L = +1.6684 | EMA = +1.6208 | std(g_L) = 1.1575 | grad = 0.6999
step   4280 | loss = -1.5518 | g_L = +1.5518 | EMA = +1.5997 | std(g_L) = 1.0674 | grad = 0.6727
step   4300 | loss = -1.5511 | g_L = +1.5511 | EMA = +1.5813 | std(g_L) = 1.0816 | grad = 0.5886
step   4320 | loss = -1.5795 | g_L = +1.5795 | EMA = +1.5996 | std(g_L) = 1.0689 | grad = 0.4889
step   4340 | loss = -1.5671 | g_L = +1.5671 | EMA = +1.5719 | std(g_L) = 1.0626 | grad = 0.8394
step   4360 | loss = -1.5963 | g_L = +1.5963 | EMA = +1.5766 | std(g_L) = 1.0271 | grad = 0.3694
step   4380 | loss = -1.5469 | g_L = +1.5469 | EMA = +1.5800 | std(g_L) = 1.1574 | grad = 0.3722
step   4400 | loss = -1.4871 | g_L = +1.4871 | EMA = +1.6030 | std(g_L) = 1.1806 | grad = 0.4573
step   4420 | loss = -1.6540 | g_L = +1.6540 | EMA = +1.6160 | std(g_L) = 1.1019 | grad = 0.3959
step   4440 | loss = -1.6178 | g_L = +1.6178 | EMA = +1.6237 | std(g_L) = 1.0336 | grad = 0.6617
step   4460 | loss = -1.6276 | g_L = +1.6276 | EMA = +1.6216 | std(g_L) = 1.1497 | grad = 0.6196
step   4480 | loss = -1.5983 | g_L = +1.5983 | EMA = +1.5891 | std(g_L) = 1.1111 | grad = 1.8363
step   4500 | loss = -1.7659 | g_L = +1.7659 | EMA = +1.5817 | std(g_L) = 1.0754 | grad = 0.6435
step   4520 | loss = -1.3846 | g_L = +1.3846 | EMA = +1.5806 | std(g_L) = 1.2323 | grad = 0.7913
step   4540 | loss = -1.3573 | g_L = +1.3573 | EMA = +1.5564 | std(g_L) = 1.2535 | grad = 0.6749
step   4560 | loss = -1.6915 | g_L = +1.6915 | EMA = +1.5804 | std(g_L) = 1.1338 | grad = 0.3549
step   4580 | loss = -1.7340 | g_L = +1.7340 | EMA = +1.6004 | std(g_L) = 1.0420 | grad = 0.3968
step   4600 | loss = -1.3485 | g_L = +1.3485 | EMA = +1.5779 | std(g_L) = 1.0659 | grad = 0.6174
step   4620 | loss = -1.6836 | g_L = +1.6836 | EMA = +1.5919 | std(g_L) = 1.1448 | grad = 0.6367
step   4640 | loss = -1.7471 | g_L = +1.7471 | EMA = +1.6090 | std(g_L) = 0.9830 | grad = 0.9778
step   4660 | loss = -1.7028 | g_L = +1.7028 | EMA = +1.6222 | std(g_L) = 0.9835 | grad = 1.0231
step   4680 | loss = -1.5822 | g_L = +1.5822 | EMA = +1.6009 | std(g_L) = 1.0377 | grad = 1.3059
step   4700 | loss = -1.6025 | g_L = +1.6025 | EMA = +1.6000 | std(g_L) = 1.1314 | grad = 0.6708
step   4720 | loss = -1.5972 | g_L = +1.5972 | EMA = +1.6098 | std(g_L) = 1.1779 | grad = 0.6126
step   4740 | loss = -1.5099 | g_L = +1.5099 | EMA = +1.5934 | std(g_L) = 1.0067 | grad = 0.4138
step   4760 | loss = -1.6050 | g_L = +1.6050 | EMA = +1.5867 | std(g_L) = 1.2320 | grad = 0.8479
step   4780 | loss = -1.7099 | g_L = +1.7099 | EMA = +1.6052 | std(g_L) = 1.0734 | grad = 1.3242
step   4800 | loss = -1.5653 | g_L = +1.5653 | EMA = +1.6116 | std(g_L) = 0.9366 | grad = 0.7617
step   4820 | loss = -1.5986 | g_L = +1.5986 | EMA = +1.5875 | std(g_L) = 1.1266 | grad = 0.3135
step   4840 | loss = -1.6180 | g_L = +1.6180 | EMA = +1.5729 | std(g_L) = 1.0141 | grad = 0.5376
step   4860 | loss = -1.6235 | g_L = +1.6235 | EMA = +1.5837 | std(g_L) = 1.0799 | grad = 0.5423
step   4880 | loss = -1.3682 | g_L = +1.3682 | EMA = +1.5753 | std(g_L) = 1.0512 | grad = 1.2449
step   4900 | loss = -1.6541 | g_L = +1.6541 | EMA = +1.5938 | std(g_L) = 1.0229 | grad = 1.2358
step   4920 | loss = -1.4771 | g_L = +1.4771 | EMA = +1.6017 | std(g_L) = 1.1345 | grad = 1.1831
step   4940 | loss = -1.5916 | g_L = +1.5916 | EMA = +1.5885 | std(g_L) = 1.2123 | grad = 0.3343
step   4960 | loss = -1.4135 | g_L = +1.4135 | EMA = +1.5768 | std(g_L) = 1.0722 | grad = 0.6471
step   4980 | loss = -1.6523 | g_L = +1.6523 | EMA = +1.5694 | std(g_L) = 0.9977 | grad = 0.3320
step   5000 | loss = -1.7197 | g_L = +1.7197 | EMA = +1.6155 | std(g_L) = 1.0790 | grad = 0.6699
step   5020 | loss = -1.6151 | g_L = +1.6151 | EMA = +1.6163 | std(g_L) = 1.0389 | grad = 0.5655
step   5040 | loss = -1.4978 | g_L = +1.4978 | EMA = +1.5995 | std(g_L) = 1.1379 | grad = 0.4250
step   5060 | loss = -1.6806 | g_L = +1.6806 | EMA = +1.5968 | std(g_L) = 1.0111 | grad = 0.8027
step   5080 | loss = -1.6161 | g_L = +1.6161 | EMA = +1.5675 | std(g_L) = 1.1331 | grad = 0.2925
step   5100 | loss = -1.6591 | g_L = +1.6591 | EMA = +1.5881 | std(g_L) = 1.0411 | grad = 0.4327
step   5120 | loss = -1.6106 | g_L = +1.6106 | EMA = +1.6150 | std(g_L) = 1.0862 | grad = 0.3748
step   5140 | loss = -1.7656 | g_L = +1.7656 | EMA = +1.6250 | std(g_L) = 1.0828 | grad = 0.6446
step   5160 | loss = -1.5753 | g_L = +1.5753 | EMA = +1.6263 | std(g_L) = 0.9859 | grad = 0.4829
step   5180 | loss = -1.6343 | g_L = +1.6343 | EMA = +1.6305 | std(g_L) = 1.0591 | grad = 0.5233
step   5200 | loss = -1.6331 | g_L = +1.6331 | EMA = +1.6220 | std(g_L) = 1.1516 | grad = 0.6749
step   5220 | loss = -1.6504 | g_L = +1.6504 | EMA = +1.6262 | std(g_L) = 1.0344 | grad = 0.9437
step   5240 | loss = -1.6383 | g_L = +1.6383 | EMA = +1.5972 | std(g_L) = 1.0984 | grad = 0.6380
step   5260 | loss = -1.5535 | g_L = +1.5535 | EMA = +1.6106 | std(g_L) = 1.1117 | grad = 0.5957
step   5280 | loss = -1.5673 | g_L = +1.5673 | EMA = +1.6056 | std(g_L) = 1.0864 | grad = 0.7197
step   5300 | loss = -1.5280 | g_L = +1.5280 | EMA = +1.6117 | std(g_L) = 1.0913 | grad = 0.7331
step   5320 | loss = -1.6154 | g_L = +1.6154 | EMA = +1.5877 | std(g_L) = 1.1277 | grad = 0.6457
step   5340 | loss = -1.6750 | g_L = +1.6750 | EMA = +1.6077 | std(g_L) = 0.9816 | grad = 0.4624
step   5360 | loss = -1.5099 | g_L = +1.5099 | EMA = +1.6043 | std(g_L) = 1.2349 | grad = 0.8322
step   5380 | loss = -1.7018 | g_L = +1.7018 | EMA = +1.6083 | std(g_L) = 0.9628 | grad = 0.4403
step   5400 | loss = -1.6804 | g_L = +1.6804 | EMA = +1.6057 | std(g_L) = 1.0455 | grad = 0.5890
step   5420 | loss = -1.4641 | g_L = +1.4641 | EMA = +1.5874 | std(g_L) = 1.0323 | grad = 0.4399
step   5440 | loss = -1.5907 | g_L = +1.5907 | EMA = +1.6248 | std(g_L) = 1.0549 | grad = 0.9771
step   5460 | loss = -1.7597 | g_L = +1.7597 | EMA = +1.6167 | std(g_L) = 1.1849 | grad = 0.4854
step   5480 | loss = -1.6136 | g_L = +1.6136 | EMA = +1.6100 | std(g_L) = 1.0189 | grad = 0.4687
step   5500 | loss = -1.7043 | g_L = +1.7043 | EMA = +1.6118 | std(g_L) = 1.0883 | grad = 0.9072
step   5520 | loss = -1.6553 | g_L = +1.6553 | EMA = +1.6162 | std(g_L) = 1.1327 | grad = 0.5186
step   5540 | loss = -1.5527 | g_L = +1.5527 | EMA = +1.5938 | std(g_L) = 1.1268 | grad = 0.5888
step   5560 | loss = -1.5783 | g_L = +1.5783 | EMA = +1.6379 | std(g_L) = 1.0797 | grad = 0.6324
step   5580 | loss = -1.5958 | g_L = +1.5958 | EMA = +1.6089 | std(g_L) = 1.0495 | grad = 0.5132
step   5600 | loss = -1.6003 | g_L = +1.6003 | EMA = +1.6008 | std(g_L) = 1.0273 | grad = 0.5658
step   5620 | loss = -1.6699 | g_L = +1.6699 | EMA = +1.6143 | std(g_L) = 1.0843 | grad = 0.4208
step   5640 | loss = -1.5475 | g_L = +1.5475 | EMA = +1.6123 | std(g_L) = 1.0882 | grad = 0.7766
step   5660 | loss = -1.6671 | g_L = +1.6671 | EMA = +1.6343 | std(g_L) = 1.0621 | grad = 0.4857
step   5680 | loss = -1.5716 | g_L = +1.5716 | EMA = +1.6332 | std(g_L) = 1.0899 | grad = 0.6023
step   5700 | loss = -1.5037 | g_L = +1.5037 | EMA = +1.6251 | std(g_L) = 1.1306 | grad = 1.1064
step   5720 | loss = -1.5306 | g_L = +1.5306 | EMA = +1.6256 | std(g_L) = 1.0979 | grad = 0.6782
step   5740 | loss = -1.7818 | g_L = +1.7818 | EMA = +1.6407 | std(g_L) = 1.0370 | grad = 0.3997
step   5760 | loss = -1.7419 | g_L = +1.7419 | EMA = +1.6290 | std(g_L) = 1.0532 | grad = 0.5516
step   5780 | loss = -1.7164 | g_L = +1.7164 | EMA = +1.5934 | std(g_L) = 1.1988 | grad = 0.4965
step   5800 | loss = -1.6599 | g_L = +1.6599 | EMA = +1.5952 | std(g_L) = 1.1271 | grad = 0.3744
step   5820 | loss = -1.6079 | g_L = +1.6079 | EMA = +1.6255 | std(g_L) = 1.1866 | grad = 0.4185
step   5840 | loss = -1.6313 | g_L = +1.6313 | EMA = +1.6362 | std(g_L) = 0.9865 | grad = 0.6893
step   5860 | loss = -1.5673 | g_L = +1.5673 | EMA = +1.6052 | std(g_L) = 1.0475 | grad = 1.0570
step   5880 | loss = -1.6337 | g_L = +1.6337 | EMA = +1.6036 | std(g_L) = 1.0124 | grad = 0.3464
step   5900 | loss = -1.7375 | g_L = +1.7375 | EMA = +1.5943 | std(g_L) = 1.1855 | grad = 0.7680
step   5920 | loss = -1.6139 | g_L = +1.6139 | EMA = +1.6050 | std(g_L) = 1.0710 | grad = 0.5820
step   5940 | loss = -1.8111 | g_L = +1.8111 | EMA = +1.6356 | std(g_L) = 0.9299 | grad = 0.3439
step   5960 | loss = -1.5224 | g_L = +1.5224 | EMA = +1.6041 | std(g_L) = 1.0706 | grad = 0.6500
step   5980 | loss = -1.7276 | g_L = +1.7276 | EMA = +1.6290 | std(g_L) = 1.1640 | grad = 0.5420
step   6000 | loss = -1.6735 | g_L = +1.6735 | EMA = +1.6280 | std(g_L) = 1.1687 | grad = 0.9864
step   6020 | loss = -1.5365 | g_L = +1.5365 | EMA = +1.6036 | std(g_L) = 1.0588 | grad = 0.3702
step   6040 | loss = -1.4598 | g_L = +1.4598 | EMA = +1.6099 | std(g_L) = 1.0321 | grad = 0.5609
step   6060 | loss = -1.7015 | g_L = +1.7015 | EMA = +1.6258 | std(g_L) = 1.0761 | grad = 0.9235
step   6080 | loss = -1.5214 | g_L = +1.5214 | EMA = +1.6341 | std(g_L) = 1.0450 | grad = 0.5660
step   6100 | loss = -1.7504 | g_L = +1.7504 | EMA = +1.6164 | std(g_L) = 1.0422 | grad = 0.6041
step   6120 | loss = -1.6685 | g_L = +1.6685 | EMA = +1.6105 | std(g_L) = 1.1467 | grad = 0.6862
step   6140 | loss = -1.7570 | g_L = +1.7570 | EMA = +1.6273 | std(g_L) = 0.9115 | grad = 0.5690
step   6160 | loss = -1.5417 | g_L = +1.5417 | EMA = +1.6084 | std(g_L) = 1.1722 | grad = 0.4860
step   6180 | loss = -1.6388 | g_L = +1.6388 | EMA = +1.5988 | std(g_L) = 0.9708 | grad = 1.0810
step   6200 | loss = -1.6419 | g_L = +1.6419 | EMA = +1.6115 | std(g_L) = 1.1556 | grad = 0.6062
step   6220 | loss = -1.6718 | g_L = +1.6718 | EMA = +1.5993 | std(g_L) = 1.0759 | grad = 0.4409
step   6240 | loss = -1.6482 | g_L = +1.6482 | EMA = +1.6244 | std(g_L) = 1.0020 | grad = 0.5540
step   6260 | loss = -1.5031 | g_L = +1.5031 | EMA = +1.6239 | std(g_L) = 1.1358 | grad = 0.5632
step   6280 | loss = -1.6066 | g_L = +1.6066 | EMA = +1.6506 | std(g_L) = 1.1523 | grad = 0.7660
step   6300 | loss = -1.6573 | g_L = +1.6573 | EMA = +1.6486 | std(g_L) = 1.0805 | grad = 0.9666
step   6320 | loss = -1.8412 | g_L = +1.8412 | EMA = +1.6215 | std(g_L) = 1.1106 | grad = 0.4824
step   6340 | loss = -1.5756 | g_L = +1.5756 | EMA = +1.6084 | std(g_L) = 0.9765 | grad = 0.4771
step   6360 | loss = -1.6132 | g_L = +1.6132 | EMA = +1.6135 | std(g_L) = 1.0537 | grad = 0.5638
step   6380 | loss = -1.6675 | g_L = +1.6675 | EMA = +1.6211 | std(g_L) = 0.9941 | grad = 0.7417
step   6400 | loss = -1.7651 | g_L = +1.7651 | EMA = +1.6200 | std(g_L) = 1.1559 | grad = 0.6912
step   6420 | loss = -1.3671 | g_L = +1.3671 | EMA = +1.5921 | std(g_L) = 1.1655 | grad = 0.4605
step   6440 | loss = -1.7605 | g_L = +1.7605 | EMA = +1.6205 | std(g_L) = 0.9709 | grad = 0.4231
step   6460 | loss = -1.6859 | g_L = +1.6859 | EMA = +1.6231 | std(g_L) = 1.0633 | grad = 0.4366
step   6480 | loss = -1.6502 | g_L = +1.6502 | EMA = +1.6085 | std(g_L) = 1.0863 | grad = 0.6785
step   6500 | loss = -1.6089 | g_L = +1.6089 | EMA = +1.6168 | std(g_L) = 1.2098 | grad = 0.2880
step   6520 | loss = -1.6548 | g_L = +1.6548 | EMA = +1.6355 | std(g_L) = 1.0884 | grad = 0.3648
step   6540 | loss = -1.5832 | g_L = +1.5832 | EMA = +1.6242 | std(g_L) = 1.1522 | grad = 0.4699
step   6560 | loss = -1.6581 | g_L = +1.6581 | EMA = +1.6282 | std(g_L) = 1.0784 | grad = 0.4993
step   6580 | loss = -1.5217 | g_L = +1.5217 | EMA = +1.6000 | std(g_L) = 1.1953 | grad = 0.7320
step   6600 | loss = -1.5779 | g_L = +1.5779 | EMA = +1.6035 | std(g_L) = 1.0561 | grad = 0.6741
step   6620 | loss = -1.7961 | g_L = +1.7961 | EMA = +1.6207 | std(g_L) = 0.9818 | grad = 0.4227
step   6640 | loss = -1.7877 | g_L = +1.7877 | EMA = +1.6288 | std(g_L) = 0.9896 | grad = 0.5922
step   6660 | loss = -1.7327 | g_L = +1.7327 | EMA = +1.6517 | std(g_L) = 1.0590 | grad = 0.7009
step   6680 | loss = -1.6454 | g_L = +1.6454 | EMA = +1.6345 | std(g_L) = 0.9842 | grad = 0.5996
step   6700 | loss = -1.5992 | g_L = +1.5992 | EMA = +1.6345 | std(g_L) = 1.0987 | grad = 0.6804
step   6720 | loss = -1.6381 | g_L = +1.6381 | EMA = +1.6246 | std(g_L) = 1.1085 | grad = 0.7794
step   6740 | loss = -1.6541 | g_L = +1.6541 | EMA = +1.5838 | std(g_L) = 1.0779 | grad = 0.5942
step   6760 | loss = -1.7229 | g_L = +1.7229 | EMA = +1.6116 | std(g_L) = 1.0047 | grad = 0.5265
step   6780 | loss = -1.5826 | g_L = +1.5826 | EMA = +1.6192 | std(g_L) = 1.1812 | grad = 0.2643
step   6800 | loss = -1.5766 | g_L = +1.5766 | EMA = +1.6210 | std(g_L) = 1.1287 | grad = 0.6085
step   6820 | loss = -1.5619 | g_L = +1.5619 | EMA = +1.6324 | std(g_L) = 1.1204 | grad = 0.3975
step   6840 | loss = -1.6045 | g_L = +1.6045 | EMA = +1.6344 | std(g_L) = 1.1118 | grad = 0.8681
step   6860 | loss = -1.3990 | g_L = +1.3990 | EMA = +1.6199 | std(g_L) = 0.9997 | grad = 0.8660
step   6880 | loss = -1.5942 | g_L = +1.5942 | EMA = +1.6382 | std(g_L) = 1.1223 | grad = 0.3318
step   6900 | loss = -1.5810 | g_L = +1.5810 | EMA = +1.6017 | std(g_L) = 1.0249 | grad = 0.8131
step   6920 | loss = -1.7523 | g_L = +1.7523 | EMA = +1.6190 | std(g_L) = 1.2460 | grad = 0.7133
step   6940 | loss = -1.6213 | g_L = +1.6213 | EMA = +1.6199 | std(g_L) = 1.1620 | grad = 0.7817
step   6960 | loss = -1.3943 | g_L = +1.3943 | EMA = +1.6051 | std(g_L) = 1.2211 | grad = 0.7223
step   6980 | loss = -1.7970 | g_L = +1.7970 | EMA = +1.6283 | std(g_L) = 0.9792 | grad = 1.1045
step   7000 | loss = -1.7237 | g_L = +1.7237 | EMA = +1.6179 | std(g_L) = 1.0658 | grad = 0.4505
step   7020 | loss = -1.5602 | g_L = +1.5602 | EMA = +1.6175 | std(g_L) = 1.0897 | grad = 0.9269
step   7040 | loss = -1.6220 | g_L = +1.6220 | EMA = +1.6034 | std(g_L) = 1.2344 | grad = 0.2665
step   7060 | loss = -1.4696 | g_L = +1.4696 | EMA = +1.5807 | std(g_L) = 1.0114 | grad = 0.7667
step   7080 | loss = -1.6838 | g_L = +1.6838 | EMA = +1.6129 | std(g_L) = 1.0080 | grad = 0.4966
step   7100 | loss = -1.5711 | g_L = +1.5711 | EMA = +1.6348 | std(g_L) = 1.1564 | grad = 0.3858
step   7120 | loss = -1.5897 | g_L = +1.5897 | EMA = +1.6092 | std(g_L) = 1.2498 | grad = 0.5678
step   7140 | loss = -1.5636 | g_L = +1.5636 | EMA = +1.6143 | std(g_L) = 1.0941 | grad = 0.5004
step   7160 | loss = -1.5861 | g_L = +1.5861 | EMA = +1.5844 | std(g_L) = 1.1728 | grad = 0.5660
step   7180 | loss = -1.7155 | g_L = +1.7155 | EMA = +1.6056 | std(g_L) = 1.1133 | grad = 0.7494
step   7200 | loss = -1.5997 | g_L = +1.5997 | EMA = +1.6415 | std(g_L) = 1.2667 | grad = 0.6054
step   7220 | loss = -1.6007 | g_L = +1.6007 | EMA = +1.6235 | std(g_L) = 1.0699 | grad = 0.4392
step   7240 | loss = -1.5815 | g_L = +1.5815 | EMA = +1.6455 | std(g_L) = 1.1357 | grad = 1.1406
step   7260 | loss = -1.7554 | g_L = +1.7554 | EMA = +1.6305 | std(g_L) = 1.0777 | grad = 0.4741
step   7280 | loss = -1.7626 | g_L = +1.7626 | EMA = +1.6252 | std(g_L) = 1.0577 | grad = 0.7559
step   7300 | loss = -1.6199 | g_L = +1.6199 | EMA = +1.6268 | std(g_L) = 1.0879 | grad = 1.1305
step   7320 | loss = -1.7316 | g_L = +1.7316 | EMA = +1.6311 | std(g_L) = 1.0550 | grad = 0.8658
step   7340 | loss = -1.7235 | g_L = +1.7235 | EMA = +1.6211 | std(g_L) = 1.0659 | grad = 0.8754
step   7360 | loss = -1.5197 | g_L = +1.5197 | EMA = +1.5963 | std(g_L) = 1.1501 | grad = 0.7252
step   7380 | loss = -1.6481 | g_L = +1.6481 | EMA = +1.6005 | std(g_L) = 1.0813 | grad = 0.8751
step   7400 | loss = -1.3715 | g_L = +1.3715 | EMA = +1.5917 | std(g_L) = 1.1474 | grad = 0.6000
step   7420 | loss = -1.7182 | g_L = +1.7182 | EMA = +1.6149 | std(g_L) = 1.1354 | grad = 0.6321
step   7440 | loss = -1.5626 | g_L = +1.5626 | EMA = +1.6235 | std(g_L) = 1.0336 | grad = 0.7348
step   7460 | loss = -1.4311 | g_L = +1.4311 | EMA = +1.6274 | std(g_L) = 1.2370 | grad = 0.4733
step   7480 | loss = -1.7057 | g_L = +1.7057 | EMA = +1.5898 | std(g_L) = 1.0709 | grad = 0.7687
step   7500 | loss = -1.6702 | g_L = +1.6702 | EMA = +1.6214 | std(g_L) = 1.0142 | grad = 0.2806
step   7520 | loss = -1.6864 | g_L = +1.6864 | EMA = +1.6059 | std(g_L) = 1.0569 | grad = 0.6867
step   7540 | loss = -1.7512 | g_L = +1.7512 | EMA = +1.6190 | std(g_L) = 1.1853 | grad = 0.5062
step   7560 | loss = -1.7245 | g_L = +1.7245 | EMA = +1.6280 | std(g_L) = 1.0650 | grad = 0.3264
step   7580 | loss = -1.7390 | g_L = +1.7390 | EMA = +1.6342 | std(g_L) = 1.1749 | grad = 0.8093
step   7600 | loss = -1.6906 | g_L = +1.6906 | EMA = +1.6298 | std(g_L) = 1.0506 | grad = 0.8733
step   7620 | loss = -1.5618 | g_L = +1.5618 | EMA = +1.6406 | std(g_L) = 1.1533 | grad = 0.9832
step   7640 | loss = -1.7215 | g_L = +1.7215 | EMA = +1.6251 | std(g_L) = 1.0450 | grad = 0.5678
step   7660 | loss = -1.5116 | g_L = +1.5116 | EMA = +1.6403 | std(g_L) = 1.1441 | grad = 0.2121
step   7680 | loss = -1.5228 | g_L = +1.5228 | EMA = +1.6323 | std(g_L) = 1.0399 | grad = 0.4694
step   7700 | loss = -1.5959 | g_L = +1.5959 | EMA = +1.6259 | std(g_L) = 1.0873 | grad = 0.4366
step   7720 | loss = -1.5018 | g_L = +1.5018 | EMA = +1.6321 | std(g_L) = 1.1063 | grad = 0.4690
step   7740 | loss = -1.7156 | g_L = +1.7156 | EMA = +1.6235 | std(g_L) = 1.1278 | grad = 0.5776
step   7760 | loss = -1.7163 | g_L = +1.7163 | EMA = +1.6204 | std(g_L) = 1.1337 | grad = 0.7411
step   7780 | loss = -1.6839 | g_L = +1.6839 | EMA = +1.6481 | std(g_L) = 1.0137 | grad = 0.4527
step   7800 | loss = -1.5500 | g_L = +1.5500 | EMA = +1.6346 | std(g_L) = 1.0994 | grad = 0.6485
step   7820 | loss = -1.6667 | g_L = +1.6667 | EMA = +1.6324 | std(g_L) = 1.1355 | grad = 0.4497
step   7840 | loss = -1.7119 | g_L = +1.7119 | EMA = +1.6313 | std(g_L) = 1.0427 | grad = 0.7380
step   7860 | loss = -1.6313 | g_L = +1.6313 | EMA = +1.6133 | std(g_L) = 1.0598 | grad = 0.9495
step   7880 | loss = -1.6515 | g_L = +1.6515 | EMA = +1.6074 | std(g_L) = 1.1351 | grad = 0.9634
step   7900 | loss = -1.5707 | g_L = +1.5707 | EMA = +1.6112 | std(g_L) = 1.0754 | grad = 0.5766
step   7920 | loss = -1.7742 | g_L = +1.7742 | EMA = +1.6519 | std(g_L) = 1.0318 | grad = 0.2908
step   7940 | loss = -1.6258 | g_L = +1.6258 | EMA = +1.6568 | std(g_L) = 1.0370 | grad = 0.4524
step   7960 | loss = -1.4767 | g_L = +1.4767 | EMA = +1.6154 | std(g_L) = 1.2117 | grad = 0.5991
step   7980 | loss = -1.6530 | g_L = +1.6530 | EMA = +1.6459 | std(g_L) = 0.9477 | grad = 0.4502
step   8000 | loss = -1.5712 | g_L = +1.5712 | EMA = +1.6352 | std(g_L) = 1.1337 | grad = 0.7033
step   8020 | loss = -1.5664 | g_L = +1.5664 | EMA = +1.6344 | std(g_L) = 1.1346 | grad = 0.4783
step   8040 | loss = -1.4492 | g_L = +1.4492 | EMA = +1.6230 | std(g_L) = 1.1689 | grad = 0.6849
step   8060 | loss = -1.6405 | g_L = +1.6405 | EMA = +1.6078 | std(g_L) = 1.1234 | grad = 0.5823
step   8080 | loss = -1.5666 | g_L = +1.5666 | EMA = +1.6006 | std(g_L) = 1.0615 | grad = 0.6651
step   8100 | loss = -1.7601 | g_L = +1.7601 | EMA = +1.6143 | std(g_L) = 1.1297 | grad = 0.7202
step   8120 | loss = -1.5548 | g_L = +1.5548 | EMA = +1.5955 | std(g_L) = 1.1847 | grad = 0.3976
step   8140 | loss = -1.6207 | g_L = +1.6207 | EMA = +1.6273 | std(g_L) = 0.9486 | grad = 0.5446
step   8160 | loss = -1.6761 | g_L = +1.6761 | EMA = +1.6428 | std(g_L) = 1.2135 | grad = 0.4941
step   8180 | loss = -1.7470 | g_L = +1.7470 | EMA = +1.6172 | std(g_L) = 1.1067 | grad = 0.6799
step   8200 | loss = -1.5762 | g_L = +1.5762 | EMA = +1.6157 | std(g_L) = 1.1599 | grad = 0.5953
step   8220 | loss = -1.6044 | g_L = +1.6044 | EMA = +1.5919 | std(g_L) = 0.9773 | grad = 0.4131
step   8240 | loss = -1.8007 | g_L = +1.8007 | EMA = +1.6207 | std(g_L) = 1.1409 | grad = 0.8713
step   8260 | loss = -1.6979 | g_L = +1.6979 | EMA = +1.6224 | std(g_L) = 1.0419 | grad = 0.3900
step   8280 | loss = -1.6034 | g_L = +1.6034 | EMA = +1.6239 | std(g_L) = 1.0709 | grad = 0.3544
step   8300 | loss = -1.6399 | g_L = +1.6399 | EMA = +1.6689 | std(g_L) = 1.1144 | grad = 0.6510
step   8320 | loss = -1.5165 | g_L = +1.5165 | EMA = +1.6531 | std(g_L) = 1.1273 | grad = 0.3937
step   8340 | loss = -1.6053 | g_L = +1.6053 | EMA = +1.6294 | std(g_L) = 1.1222 | grad = 0.3671
step   8360 | loss = -1.5372 | g_L = +1.5372 | EMA = +1.6158 | std(g_L) = 1.0883 | grad = 0.4355
step   8380 | loss = -1.6412 | g_L = +1.6412 | EMA = +1.6347 | std(g_L) = 1.0265 | grad = 0.4264
step   8400 | loss = -1.6813 | g_L = +1.6813 | EMA = +1.6296 | std(g_L) = 1.1057 | grad = 0.5109
step   8420 | loss = -1.6628 | g_L = +1.6628 | EMA = +1.6056 | std(g_L) = 0.9741 | grad = 0.5674
step   8440 | loss = -1.7005 | g_L = +1.7005 | EMA = +1.6322 | std(g_L) = 1.0718 | grad = 0.7968
step   8460 | loss = -1.5347 | g_L = +1.5347 | EMA = +1.6229 | std(g_L) = 1.1211 | grad = 0.6215
step   8480 | loss = -1.6801 | g_L = +1.6801 | EMA = +1.6472 | std(g_L) = 1.1941 | grad = 0.3054
step   8500 | loss = -1.7444 | g_L = +1.7444 | EMA = +1.6503 | std(g_L) = 1.2559 | grad = 0.4053
step   8520 | loss = -1.4515 | g_L = +1.4515 | EMA = +1.6424 | std(g_L) = 1.1135 | grad = 0.3970
step   8540 | loss = -1.7329 | g_L = +1.7329 | EMA = +1.6333 | std(g_L) = 1.0752 | grad = 0.8451
step   8560 | loss = -1.7584 | g_L = +1.7584 | EMA = +1.6381 | std(g_L) = 1.0638 | grad = 0.5337
step   8580 | loss = -1.7151 | g_L = +1.7151 | EMA = +1.6614 | std(g_L) = 1.0679 | grad = 0.5396
step   8600 | loss = -1.5183 | g_L = +1.5183 | EMA = +1.6380 | std(g_L) = 0.9436 | grad = 0.5033
step   8620 | loss = -1.6128 | g_L = +1.6128 | EMA = +1.6322 | std(g_L) = 1.0761 | grad = 1.0652
step   8640 | loss = -1.5576 | g_L = +1.5576 | EMA = +1.6363 | std(g_L) = 1.1547 | grad = 0.4654
step   8660 | loss = -1.5423 | g_L = +1.5423 | EMA = +1.6160 | std(g_L) = 1.1261 | grad = 0.3002
step   8680 | loss = -1.7032 | g_L = +1.7032 | EMA = +1.6235 | std(g_L) = 1.0217 | grad = 0.6590
step   8700 | loss = -1.8009 | g_L = +1.8009 | EMA = +1.6326 | std(g_L) = 1.0547 | grad = 0.8546
step   8720 | loss = -1.6077 | g_L = +1.6077 | EMA = +1.6194 | std(g_L) = 1.0504 | grad = 1.0781
step   8740 | loss = -1.7492 | g_L = +1.7492 | EMA = +1.6320 | std(g_L) = 1.0436 | grad = 0.2485
step   8760 | loss = -1.5784 | g_L = +1.5784 | EMA = +1.6207 | std(g_L) = 1.0347 | grad = 0.4717
step   8780 | loss = -1.5423 | g_L = +1.5423 | EMA = +1.6287 | std(g_L) = 1.1159 | grad = 0.5129
step   8800 | loss = -1.8788 | g_L = +1.8788 | EMA = +1.6341 | std(g_L) = 1.0512 | grad = 0.7321
step   8820 | loss = -1.4914 | g_L = +1.4914 | EMA = +1.6238 | std(g_L) = 1.1078 | grad = 0.6426
step   8840 | loss = -1.8105 | g_L = +1.8105 | EMA = +1.6741 | std(g_L) = 1.0452 | grad = 0.7269
step   8860 | loss = -1.8544 | g_L = +1.8544 | EMA = +1.6541 | std(g_L) = 1.0258 | grad = 0.6399
step   8880 | loss = -1.6060 | g_L = +1.6060 | EMA = +1.6235 | std(g_L) = 1.0263 | grad = 0.6011
step   8900 | loss = -1.4545 | g_L = +1.4545 | EMA = +1.6135 | std(g_L) = 1.3342 | grad = 0.7262
step   8920 | loss = -1.8493 | g_L = +1.8493 | EMA = +1.6484 | std(g_L) = 1.0836 | grad = 0.4455
step   8940 | loss = -1.5298 | g_L = +1.5298 | EMA = +1.6435 | std(g_L) = 1.0825 | grad = 0.3494
step   8960 | loss = -1.6977 | g_L = +1.6977 | EMA = +1.6556 | std(g_L) = 1.0696 | grad = 0.5949
step   8980 | loss = -1.6119 | g_L = +1.6119 | EMA = +1.6464 | std(g_L) = 1.1334 | grad = 0.4099
step   9000 | loss = -1.5778 | g_L = +1.5778 | EMA = +1.6291 | std(g_L) = 1.1118 | grad = 0.7411
step   9020 | loss = -1.6524 | g_L = +1.6524 | EMA = +1.6404 | std(g_L) = 1.0571 | grad = 0.5281
step   9040 | loss = -1.5445 | g_L = +1.5445 | EMA = +1.6485 | std(g_L) = 1.0869 | grad = 0.4281
step   9060 | loss = -1.5870 | g_L = +1.5870 | EMA = +1.6351 | std(g_L) = 1.3381 | grad = 0.8390
step   9080 | loss = -1.5819 | g_L = +1.5819 | EMA = +1.6115 | std(g_L) = 1.0918 | grad = 0.5042
step   9100 | loss = -1.7016 | g_L = +1.7016 | EMA = +1.6353 | std(g_L) = 0.9760 | grad = 0.3350
step   9120 | loss = -1.6237 | g_L = +1.6237 | EMA = +1.6368 | std(g_L) = 0.9925 | grad = 0.6417
step   9140 | loss = -1.7823 | g_L = +1.7823 | EMA = +1.6264 | std(g_L) = 0.9394 | grad = 0.2084
step   9160 | loss = -1.6653 | g_L = +1.6653 | EMA = +1.6203 | std(g_L) = 1.1401 | grad = 0.6502
step   9180 | loss = -1.4832 | g_L = +1.4832 | EMA = +1.6569 | std(g_L) = 1.1247 | grad = 0.3230
step   9200 | loss = -1.6823 | g_L = +1.6823 | EMA = +1.6405 | std(g_L) = 1.1659 | grad = 0.5906
step   9220 | loss = -1.7947 | g_L = +1.7947 | EMA = +1.6419 | std(g_L) = 1.1231 | grad = 0.3883
step   9240 | loss = -1.7402 | g_L = +1.7402 | EMA = +1.6538 | std(g_L) = 1.0794 | grad = 0.4528
step   9260 | loss = -1.5236 | g_L = +1.5236 | EMA = +1.6335 | std(g_L) = 1.0365 | grad = 0.5704
step   9280 | loss = -1.4723 | g_L = +1.4723 | EMA = +1.6384 | std(g_L) = 1.1839 | grad = 0.8650
step   9300 | loss = -1.6305 | g_L = +1.6305 | EMA = +1.6336 | std(g_L) = 1.0798 | grad = 0.6704
step   9320 | loss = -1.6617 | g_L = +1.6617 | EMA = +1.6188 | std(g_L) = 1.0107 | grad = 0.4644
step   9340 | loss = -1.7597 | g_L = +1.7597 | EMA = +1.6398 | std(g_L) = 0.9947 | grad = 0.5362
step   9360 | loss = -1.7076 | g_L = +1.7076 | EMA = +1.6214 | std(g_L) = 1.1233 | grad = 0.8190
step   9380 | loss = -1.5073 | g_L = +1.5073 | EMA = +1.6358 | std(g_L) = 1.0581 | grad = 0.5916
step   9400 | loss = -1.6011 | g_L = +1.6011 | EMA = +1.6298 | std(g_L) = 1.0148 | grad = 0.7305
step   9420 | loss = -1.6755 | g_L = +1.6755 | EMA = +1.6338 | std(g_L) = 0.9755 | grad = 0.5326
step   9440 | loss = -1.4709 | g_L = +1.4709 | EMA = +1.6389 | std(g_L) = 1.0860 | grad = 0.4006
step   9460 | loss = -1.5772 | g_L = +1.5772 | EMA = +1.6322 | std(g_L) = 1.1899 | grad = 0.5153
step   9480 | loss = -1.6376 | g_L = +1.6376 | EMA = +1.6369 | std(g_L) = 1.0935 | grad = 0.3984
step   9500 | loss = -1.5707 | g_L = +1.5707 | EMA = +1.6503 | std(g_L) = 1.2255 | grad = 0.4992
step   9520 | loss = -1.7628 | g_L = +1.7628 | EMA = +1.6588 | std(g_L) = 0.9669 | grad = 0.7160
step   9540 | loss = -1.7321 | g_L = +1.7321 | EMA = +1.6304 | std(g_L) = 1.0368 | grad = 0.3492
step   9560 | loss = -1.5944 | g_L = +1.5944 | EMA = +1.6325 | std(g_L) = 1.1272 | grad = 0.7307
step   9580 | loss = -1.5699 | g_L = +1.5699 | EMA = +1.6450 | std(g_L) = 1.0821 | grad = 0.5296
step   9600 | loss = -1.6948 | g_L = +1.6948 | EMA = +1.6515 | std(g_L) = 0.9970 | grad = 0.5433
step   9620 | loss = -1.6698 | g_L = +1.6698 | EMA = +1.6357 | std(g_L) = 1.0963 | grad = 0.7572
step   9640 | loss = -1.7205 | g_L = +1.7205 | EMA = +1.6316 | std(g_L) = 1.0300 | grad = 0.2445
step   9660 | loss = -1.6750 | g_L = +1.6750 | EMA = +1.6502 | std(g_L) = 1.0479 | grad = 0.5160
step   9680 | loss = -1.6879 | g_L = +1.6879 | EMA = +1.6597 | std(g_L) = 0.9839 | grad = 0.4168
step   9700 | loss = -1.5914 | g_L = +1.5914 | EMA = +1.6436 | std(g_L) = 1.2243 | grad = 0.6274
step   9720 | loss = -1.6603 | g_L = +1.6603 | EMA = +1.6383 | std(g_L) = 1.1811 | grad = 0.3077
step   9740 | loss = -1.4915 | g_L = +1.4915 | EMA = +1.6126 | std(g_L) = 1.0381 | grad = 1.0362
step   9760 | loss = -1.6094 | g_L = +1.6094 | EMA = +1.6276 | std(g_L) = 1.1451 | grad = 0.3263
step   9780 | loss = -1.6583 | g_L = +1.6583 | EMA = +1.6657 | std(g_L) = 1.0400 | grad = 0.2429
step   9800 | loss = -1.5665 | g_L = +1.5665 | EMA = +1.6416 | std(g_L) = 1.0839 | grad = 0.5435
step   9820 | loss = -1.5578 | g_L = +1.5578 | EMA = +1.6482 | std(g_L) = 1.2099 | grad = 0.1851
step   9840 | loss = -1.6377 | g_L = +1.6377 | EMA = +1.6320 | std(g_L) = 1.0843 | grad = 0.3977
step   9860 | loss = -1.6491 | g_L = +1.6491 | EMA = +1.6357 | std(g_L) = 1.0750 | grad = 0.7161
step   9880 | loss = -1.5341 | g_L = +1.5341 | EMA = +1.6670 | std(g_L) = 1.0445 | grad = 0.7427
step   9900 | loss = -1.7116 | g_L = +1.7116 | EMA = +1.6617 | std(g_L) = 1.0080 | grad = 0.6237
step   9920 | loss = -1.6089 | g_L = +1.6089 | EMA = +1.6468 | std(g_L) = 1.1866 | grad = 0.5725
step   9940 | loss = -1.6394 | g_L = +1.6394 | EMA = +1.6188 | std(g_L) = 1.0520 | grad = 0.3154
step   9960 | loss = -1.6853 | g_L = +1.6853 | EMA = +1.6037 | std(g_L) = 1.1542 | grad = 0.3582
step   9980 | loss = -1.4586 | g_L = +1.4586 | EMA = +1.6250 | std(g_L) = 1.0567 | grad = 0.3524
step  10000 | loss = -1.5732 | g_L = +1.5732 | EMA = +1.6284 | std(g_L) = 1.1093 | grad = 0.4226
step  10020 | loss = -1.6452 | g_L = +1.6452 | EMA = +1.6349 | std(g_L) = 1.1422 | grad = 0.3346
step  10040 | loss = -1.6491 | g_L = +1.6491 | EMA = +1.6654 | std(g_L) = 1.0164 | grad = 0.3276
step  10060 | loss = -1.6274 | g_L = +1.6274 | EMA = +1.6264 | std(g_L) = 1.1348 | grad = 0.5764
step  10080 | loss = -1.7368 | g_L = +1.7368 | EMA = +1.6538 | std(g_L) = 0.9657 | grad = 0.7355
step  10100 | loss = -1.5942 | g_L = +1.5942 | EMA = +1.6409 | std(g_L) = 1.0909 | grad = 0.6958
step  10120 | loss = -1.5865 | g_L = +1.5865 | EMA = +1.6584 | std(g_L) = 1.1791 | grad = 0.7313
step  10140 | loss = -1.5314 | g_L = +1.5314 | EMA = +1.6387 | std(g_L) = 1.1061 | grad = 0.6427
step  10160 | loss = -1.5027 | g_L = +1.5027 | EMA = +1.6381 | std(g_L) = 1.0982 | grad = 1.1287
step  10180 | loss = -1.6505 | g_L = +1.6505 | EMA = +1.6426 | std(g_L) = 1.0911 | grad = 0.2297
step  10200 | loss = -1.5349 | g_L = +1.5349 | EMA = +1.6349 | std(g_L) = 1.2345 | grad = 0.4122
step  10220 | loss = -1.6559 | g_L = +1.6559 | EMA = +1.6530 | std(g_L) = 1.0568 | grad = 0.6837
step  10240 | loss = -1.6291 | g_L = +1.6291 | EMA = +1.6630 | std(g_L) = 0.9867 | grad = 1.0091
step  10260 | loss = -1.5940 | g_L = +1.5940 | EMA = +1.6364 | std(g_L) = 1.0533 | grad = 0.4476
step  10280 | loss = -1.7271 | g_L = +1.7271 | EMA = +1.6385 | std(g_L) = 1.1191 | grad = 1.0484
step  10300 | loss = -1.6416 | g_L = +1.6416 | EMA = +1.6406 | std(g_L) = 1.3055 | grad = 0.5689
step  10320 | loss = -1.5351 | g_L = +1.5351 | EMA = +1.6368 | std(g_L) = 1.1569 | grad = 0.2585
step  10340 | loss = -1.8042 | g_L = +1.8042 | EMA = +1.6645 | std(g_L) = 1.0626 | grad = 0.6308
step  10360 | loss = -1.4810 | g_L = +1.4810 | EMA = +1.6407 | std(g_L) = 1.1302 | grad = 0.3289
step  10380 | loss = -1.5947 | g_L = +1.5947 | EMA = +1.6506 | std(g_L) = 1.0181 | grad = 0.4422
step  10400 | loss = -1.7710 | g_L = +1.7710 | EMA = +1.6516 | std(g_L) = 1.0509 | grad = 0.8355
step  10420 | loss = -1.6664 | g_L = +1.6664 | EMA = +1.6454 | std(g_L) = 1.0619 | grad = 0.3362
step  10440 | loss = -1.5632 | g_L = +1.5632 | EMA = +1.6455 | std(g_L) = 1.1736 | grad = 0.4602
step  10460 | loss = -1.6908 | g_L = +1.6908 | EMA = +1.6509 | std(g_L) = 1.1348 | grad = 0.7540
step  10480 | loss = -1.7695 | g_L = +1.7695 | EMA = +1.6860 | std(g_L) = 1.0676 | grad = 0.5498
step  10500 | loss = -1.5874 | g_L = +1.5874 | EMA = +1.6416 | std(g_L) = 1.0488 | grad = 0.2397
step  10520 | loss = -1.5642 | g_L = +1.5642 | EMA = +1.6381 | std(g_L) = 1.0988 | grad = 0.5270
step  10540 | loss = -1.6137 | g_L = +1.6137 | EMA = +1.6464 | std(g_L) = 1.0126 | grad = 0.9413
step  10560 | loss = -1.6003 | g_L = +1.6003 | EMA = +1.6504 | std(g_L) = 1.1751 | grad = 0.4929
step  10580 | loss = -1.5837 | g_L = +1.5837 | EMA = +1.6508 | std(g_L) = 0.9823 | grad = 0.5436
step  10600 | loss = -1.6978 | g_L = +1.6978 | EMA = +1.6641 | std(g_L) = 1.1073 | grad = 0.3846
step  10620 | loss = -1.7209 | g_L = +1.7209 | EMA = +1.6751 | std(g_L) = 1.0490 | grad = 0.7705
step  10640 | loss = -1.5836 | g_L = +1.5836 | EMA = +1.6395 | std(g_L) = 1.1671 | grad = 0.7505
step  10660 | loss = -1.6282 | g_L = +1.6282 | EMA = +1.6474 | std(g_L) = 1.0814 | grad = 0.6907
step  10680 | loss = -1.9098 | g_L = +1.9098 | EMA = +1.6696 | std(g_L) = 1.1264 | grad = 0.6677
step  10700 | loss = -1.6536 | g_L = +1.6536 | EMA = +1.6653 | std(g_L) = 0.8907 | grad = 0.5051
step  10720 | loss = -1.7742 | g_L = +1.7742 | EMA = +1.6619 | std(g_L) = 1.0010 | grad = 0.5131
step  10740 | loss = -1.6195 | g_L = +1.6195 | EMA = +1.6503 | std(g_L) = 1.1435 | grad = 0.3208
step  10760 | loss = -1.6334 | g_L = +1.6334 | EMA = +1.6617 | std(g_L) = 1.1041 | grad = 0.3520
step  10780 | loss = -1.6924 | g_L = +1.6924 | EMA = +1.6422 | std(g_L) = 1.1141 | grad = 0.6253
step  10800 | loss = -1.5810 | g_L = +1.5810 | EMA = +1.6596 | std(g_L) = 1.0647 | grad = 0.4834
step  10820 | loss = -1.7019 | g_L = +1.7019 | EMA = +1.6613 | std(g_L) = 1.0301 | grad = 0.3308
step  10840 | loss = -1.7297 | g_L = +1.7297 | EMA = +1.6634 | std(g_L) = 1.0438 | grad = 0.9735
step  10860 | loss = -1.6817 | g_L = +1.6817 | EMA = +1.6478 | std(g_L) = 0.9870 | grad = 0.6064
step  10880 | loss = -1.5721 | g_L = +1.5721 | EMA = +1.6508 | std(g_L) = 1.1674 | grad = 0.1228
step  10900 | loss = -1.5752 | g_L = +1.5752 | EMA = +1.6226 | std(g_L) = 1.0505 | grad = 0.4669
step  10920 | loss = -1.6616 | g_L = +1.6616 | EMA = +1.6360 | std(g_L) = 1.0306 | grad = 0.2791
step  10940 | loss = -1.5078 | g_L = +1.5078 | EMA = +1.6496 | std(g_L) = 1.1779 | grad = 0.5619
step  10960 | loss = -1.6661 | g_L = +1.6661 | EMA = +1.6579 | std(g_L) = 1.0469 | grad = 0.2644
step  10980 | loss = -1.6008 | g_L = +1.6008 | EMA = +1.6460 | std(g_L) = 1.0657 | grad = 0.3988
step  11000 | loss = -1.5277 | g_L = +1.5277 | EMA = +1.6340 | std(g_L) = 1.2388 | grad = 0.5264
step  11020 | loss = -1.5716 | g_L = +1.5716 | EMA = +1.6356 | std(g_L) = 0.9884 | grad = 1.0406
step  11040 | loss = -1.5927 | g_L = +1.5927 | EMA = +1.6345 | std(g_L) = 0.9953 | grad = 0.9184
step  11060 | loss = -1.7470 | g_L = +1.7470 | EMA = +1.6520 | std(g_L) = 1.0690 | grad = 0.7224
step  11080 | loss = -1.6603 | g_L = +1.6603 | EMA = +1.6161 | std(g_L) = 1.1210 | grad = 0.8180
step  11100 | loss = -1.5403 | g_L = +1.5403 | EMA = +1.6167 | std(g_L) = 1.1380 | grad = 0.5709
step  11120 | loss = -1.7693 | g_L = +1.7693 | EMA = +1.6364 | std(g_L) = 1.1094 | grad = 0.4919
step  11140 | loss = -1.5849 | g_L = +1.5849 | EMA = +1.6585 | std(g_L) = 1.0875 | grad = 0.3572
step  11160 | loss = -1.6843 | g_L = +1.6843 | EMA = +1.6612 | std(g_L) = 1.0012 | grad = 0.4737
step  11180 | loss = -1.5818 | g_L = +1.5818 | EMA = +1.6597 | std(g_L) = 1.1673 | grad = 0.5400
step  11200 | loss = -1.5815 | g_L = +1.5815 | EMA = +1.6487 | std(g_L) = 1.1828 | grad = 0.7871
step  11220 | loss = -1.7038 | g_L = +1.7038 | EMA = +1.6530 | std(g_L) = 0.9665 | grad = 0.3190
step  11240 | loss = -1.7220 | g_L = +1.7220 | EMA = +1.6880 | std(g_L) = 1.1096 | grad = 0.6446
step  11260 | loss = -1.6874 | g_L = +1.6874 | EMA = +1.6530 | std(g_L) = 1.1526 | grad = 0.7885
step  11280 | loss = -1.6617 | g_L = +1.6617 | EMA = +1.6355 | std(g_L) = 1.2092 | grad = 0.8673
step  11300 | loss = -1.4224 | g_L = +1.4224 | EMA = +1.6267 | std(g_L) = 1.2181 | grad = 0.3558
step  11320 | loss = -1.5896 | g_L = +1.5896 | EMA = +1.6301 | std(g_L) = 1.1271 | grad = 0.4754
step  11340 | loss = -1.5990 | g_L = +1.5990 | EMA = +1.6448 | std(g_L) = 0.9862 | grad = 0.6598
step  11360 | loss = -1.7002 | g_L = +1.7002 | EMA = +1.6659 | std(g_L) = 1.0427 | grad = 0.2342
step  11380 | loss = -1.7006 | g_L = +1.7006 | EMA = +1.6471 | std(g_L) = 1.1228 | grad = 0.1686
step  11400 | loss = -1.6180 | g_L = +1.6180 | EMA = +1.6538 | std(g_L) = 1.0022 | grad = 0.6169
step  11420 | loss = -1.6010 | g_L = +1.6010 | EMA = +1.6370 | std(g_L) = 1.0379 | grad = 0.3202
step  11440 | loss = -1.7132 | g_L = +1.7132 | EMA = +1.6527 | std(g_L) = 1.0697 | grad = 0.6230
step  11460 | loss = -1.4993 | g_L = +1.4993 | EMA = +1.6283 | std(g_L) = 1.0582 | grad = 0.3238
step  11480 | loss = -1.6469 | g_L = +1.6469 | EMA = +1.6211 | std(g_L) = 1.0710 | grad = 0.6880
step  11500 | loss = -1.6447 | g_L = +1.6447 | EMA = +1.6435 | std(g_L) = 0.9748 | grad = 0.4722
step  11520 | loss = -1.7942 | g_L = +1.7942 | EMA = +1.6429 | std(g_L) = 0.9503 | grad = 0.2658
step  11540 | loss = -1.6341 | g_L = +1.6341 | EMA = +1.6514 | std(g_L) = 1.0842 | grad = 0.7591
step  11560 | loss = -1.7312 | g_L = +1.7312 | EMA = +1.6185 | std(g_L) = 1.1305 | grad = 0.7947
step  11580 | loss = -1.7065 | g_L = +1.7065 | EMA = +1.6250 | std(g_L) = 0.9755 | grad = 0.9056
step  11600 | loss = -1.5183 | g_L = +1.5183 | EMA = +1.6297 | std(g_L) = 1.1162 | grad = 1.0891
step  11620 | loss = -1.7028 | g_L = +1.7028 | EMA = +1.6411 | std(g_L) = 1.1221 | grad = 0.3238
step  11640 | loss = -1.7582 | g_L = +1.7582 | EMA = +1.6390 | std(g_L) = 1.1531 | grad = 0.4863
step  11660 | loss = -1.5225 | g_L = +1.5225 | EMA = +1.6551 | std(g_L) = 1.0657 | grad = 0.7390
step  11680 | loss = -1.6743 | g_L = +1.6743 | EMA = +1.6487 | std(g_L) = 1.0204 | grad = 0.7494
step  11700 | loss = -1.4970 | g_L = +1.4970 | EMA = +1.6599 | std(g_L) = 1.1843 | grad = 0.3394
step  11720 | loss = -1.6683 | g_L = +1.6683 | EMA = +1.6563 | std(g_L) = 1.3226 | grad = 0.7947
step  11740 | loss = -1.8281 | g_L = +1.8281 | EMA = +1.6438 | std(g_L) = 1.0531 | grad = 0.3108
step  11760 | loss = -1.6561 | g_L = +1.6561 | EMA = +1.6388 | std(g_L) = 0.9756 | grad = 0.5395
step  11780 | loss = -1.5468 | g_L = +1.5468 | EMA = +1.6434 | std(g_L) = 1.1689 | grad = 0.7099
step  11800 | loss = -1.7887 | g_L = +1.7887 | EMA = +1.6554 | std(g_L) = 0.9723 | grad = 0.8344
step  11820 | loss = -1.5063 | g_L = +1.5063 | EMA = +1.6286 | std(g_L) = 1.1422 | grad = 0.6749
step  11840 | loss = -1.5840 | g_L = +1.5840 | EMA = +1.6452 | std(g_L) = 1.0643 | grad = 0.7319
step  11860 | loss = -1.7840 | g_L = +1.7840 | EMA = +1.6819 | std(g_L) = 1.0938 | grad = 0.5664
step  11880 | loss = -1.7590 | g_L = +1.7590 | EMA = +1.6724 | std(g_L) = 1.0613 | grad = 0.2384
step  11900 | loss = -1.7861 | g_L = +1.7861 | EMA = +1.6790 | std(g_L) = 0.9873 | grad = 0.3936
step  11920 | loss = -1.4984 | g_L = +1.4984 | EMA = +1.6532 | std(g_L) = 1.1187 | grad = 0.5914
step  11940 | loss = -1.6079 | g_L = +1.6079 | EMA = +1.6631 | std(g_L) = 1.0864 | grad = 0.3910
step  11960 | loss = -1.7172 | g_L = +1.7172 | EMA = +1.6673 | std(g_L) = 1.1172 | grad = 0.6687
step  11980 | loss = -1.7767 | g_L = +1.7767 | EMA = +1.6754 | std(g_L) = 1.0985 | grad = 0.5179
step  12000 | loss = -1.6413 | g_L = +1.6413 | EMA = +1.6744 | std(g_L) = 1.0128 | grad = 0.5196
step  12020 | loss = -1.5712 | g_L = +1.5712 | EMA = +1.6448 | std(g_L) = 1.2801 | grad = 0.4921
step  12040 | loss = -1.4809 | g_L = +1.4809 | EMA = +1.6454 | std(g_L) = 1.0676 | grad = 0.7405
step  12060 | loss = -1.6218 | g_L = +1.6218 | EMA = +1.6713 | std(g_L) = 1.0507 | grad = 0.3253
step  12080 | loss = -1.5024 | g_L = +1.5024 | EMA = +1.6326 | std(g_L) = 0.9735 | grad = 0.7717
step  12100 | loss = -1.5793 | g_L = +1.5793 | EMA = +1.6300 | std(g_L) = 1.1028 | grad = 0.7623
step  12120 | loss = -1.5118 | g_L = +1.5118 | EMA = +1.6330 | std(g_L) = 1.1182 | grad = 0.4367
step  12140 | loss = -1.6281 | g_L = +1.6281 | EMA = +1.6419 | std(g_L) = 1.1322 | grad = 0.3598
step  12160 | loss = -1.5641 | g_L = +1.5641 | EMA = +1.6418 | std(g_L) = 1.1102 | grad = 0.5800
step  12180 | loss = -1.7365 | g_L = +1.7365 | EMA = +1.6578 | std(g_L) = 1.0284 | grad = 0.4583
step  12200 | loss = -1.7297 | g_L = +1.7297 | EMA = +1.6520 | std(g_L) = 1.0168 | grad = 0.8985
step  12220 | loss = -1.6493 | g_L = +1.6493 | EMA = +1.6780 | std(g_L) = 1.0897 | grad = 0.2123
step  12240 | loss = -1.5591 | g_L = +1.5591 | EMA = +1.6681 | std(g_L) = 1.2981 | grad = 0.3937
step  12260 | loss = -1.7598 | g_L = +1.7598 | EMA = +1.6614 | std(g_L) = 0.9864 | grad = 0.5545
step  12280 | loss = -1.6195 | g_L = +1.6195 | EMA = +1.6593 | std(g_L) = 1.1975 | grad = 0.4109
step  12300 | loss = -1.6862 | g_L = +1.6862 | EMA = +1.6520 | std(g_L) = 1.0123 | grad = 0.4330
step  12320 | loss = -1.5167 | g_L = +1.5167 | EMA = +1.6781 | std(g_L) = 1.0524 | grad = 0.4708
step  12340 | loss = -1.6146 | g_L = +1.6146 | EMA = +1.6628 | std(g_L) = 1.2275 | grad = 1.0561
step  12360 | loss = -1.4682 | g_L = +1.4682 | EMA = +1.6298 | std(g_L) = 1.1797 | grad = 0.8544
step  12380 | loss = -1.6219 | g_L = +1.6219 | EMA = +1.6374 | std(g_L) = 0.9634 | grad = 0.7628
step  12400 | loss = -1.7594 | g_L = +1.7594 | EMA = +1.6637 | std(g_L) = 1.1481 | grad = 0.5463
step  12420 | loss = -1.7822 | g_L = +1.7822 | EMA = +1.6916 | std(g_L) = 1.0034 | grad = 0.2420
step  12440 | loss = -1.7082 | g_L = +1.7082 | EMA = +1.6747 | std(g_L) = 1.2735 | grad = 0.7359
step  12460 | loss = -1.6718 | g_L = +1.6718 | EMA = +1.6421 | std(g_L) = 0.9871 | grad = 0.4869
step  12480 | loss = -1.5540 | g_L = +1.5540 | EMA = +1.6360 | std(g_L) = 1.1409 | grad = 0.5670
step  12500 | loss = -1.8636 | g_L = +1.8636 | EMA = +1.6540 | std(g_L) = 0.9691 | grad = 0.4057
step  12520 | loss = -1.8356 | g_L = +1.8356 | EMA = +1.6849 | std(g_L) = 0.9765 | grad = 0.6449
step  12540 | loss = -1.7205 | g_L = +1.7205 | EMA = +1.6716 | std(g_L) = 1.0158 | grad = 0.6056
step  12560 | loss = -1.7514 | g_L = +1.7514 | EMA = +1.6511 | std(g_L) = 1.0299 | grad = 0.8846
step  12580 | loss = -1.8013 | g_L = +1.8013 | EMA = +1.6794 | std(g_L) = 1.1482 | grad = 0.3498
step  12600 | loss = -1.7137 | g_L = +1.7137 | EMA = +1.6575 | std(g_L) = 1.0862 | grad = 0.8177
step  12620 | loss = -1.6531 | g_L = +1.6531 | EMA = +1.6705 | std(g_L) = 1.1776 | grad = 0.7395
step  12640 | loss = -1.6676 | g_L = +1.6676 | EMA = +1.6583 | std(g_L) = 1.0767 | grad = 1.4315
step  12660 | loss = -1.8443 | g_L = +1.8443 | EMA = +1.6473 | std(g_L) = 1.0937 | grad = 1.0491
step  12680 | loss = -1.6857 | g_L = +1.6857 | EMA = +1.6530 | std(g_L) = 1.0015 | grad = 0.7047
step  12700 | loss = -1.5478 | g_L = +1.5478 | EMA = +1.6490 | std(g_L) = 1.0366 | grad = 0.4975
step  12720 | loss = -1.6230 | g_L = +1.6230 | EMA = +1.6333 | std(g_L) = 0.9682 | grad = 0.4922
step  12740 | loss = -1.5886 | g_L = +1.5886 | EMA = +1.6326 | std(g_L) = 1.1288 | grad = 0.6160
step  12760 | loss = -1.6952 | g_L = +1.6952 | EMA = +1.6711 | std(g_L) = 1.1968 | grad = 0.3226
step  12780 | loss = -1.6246 | g_L = +1.6246 | EMA = +1.6562 | std(g_L) = 1.0106 | grad = 0.8289
step  12800 | loss = -1.6392 | g_L = +1.6392 | EMA = +1.6764 | std(g_L) = 1.0874 | grad = 0.3053
step  12820 | loss = -1.6877 | g_L = +1.6877 | EMA = +1.6825 | std(g_L) = 1.2158 | grad = 0.6614
step  12840 | loss = -1.6400 | g_L = +1.6400 | EMA = +1.6584 | std(g_L) = 1.0273 | grad = 0.4026
step  12860 | loss = -1.7092 | g_L = +1.7092 | EMA = +1.6495 | std(g_L) = 1.0412 | grad = 0.3268
step  12880 | loss = -1.5976 | g_L = +1.5976 | EMA = +1.6685 | std(g_L) = 1.0916 | grad = 0.3667
step  12900 | loss = -1.6614 | g_L = +1.6614 | EMA = +1.6783 | std(g_L) = 1.1226 | grad = 0.6030
step  12920 | loss = -1.6012 | g_L = +1.6012 | EMA = +1.6575 | std(g_L) = 1.1483 | grad = 0.4931
step  12940 | loss = -1.6369 | g_L = +1.6369 | EMA = +1.6661 | std(g_L) = 1.0390 | grad = 0.8383
step  12960 | loss = -1.6164 | g_L = +1.6164 | EMA = +1.6670 | std(g_L) = 1.3731 | grad = 0.9373
step  12980 | loss = -1.7070 | g_L = +1.7070 | EMA = +1.6728 | std(g_L) = 1.0380 | grad = 0.4704
step  13000 | loss = -1.6584 | g_L = +1.6584 | EMA = +1.6683 | std(g_L) = 1.2191 | grad = 0.3941
step  13020 | loss = -1.6564 | g_L = +1.6564 | EMA = +1.6585 | std(g_L) = 1.1218 | grad = 0.3778
step  13040 | loss = -1.6778 | g_L = +1.6778 | EMA = +1.6770 | std(g_L) = 1.0773 | grad = 0.6122
step  13060 | loss = -1.7472 | g_L = +1.7472 | EMA = +1.6795 | std(g_L) = 0.9887 | grad = 0.6644
step  13080 | loss = -1.5025 | g_L = +1.5025 | EMA = +1.6305 | std(g_L) = 1.1506 | grad = 0.8051
step  13100 | loss = -1.7558 | g_L = +1.7558 | EMA = +1.6612 | std(g_L) = 0.9967 | grad = 0.5800
step  13120 | loss = -1.6758 | g_L = +1.6758 | EMA = +1.6771 | std(g_L) = 1.1040 | grad = 0.5835
step  13140 | loss = -1.8129 | g_L = +1.8129 | EMA = +1.6923 | std(g_L) = 1.2188 | grad = 0.2210
step  13160 | loss = -1.6537 | g_L = +1.6537 | EMA = +1.6761 | std(g_L) = 1.1370 | grad = 0.2535
step  13180 | loss = -1.7710 | g_L = +1.7710 | EMA = +1.6872 | std(g_L) = 1.1313 | grad = 0.7464
step  13200 | loss = -1.5536 | g_L = +1.5536 | EMA = +1.6514 | std(g_L) = 1.1600 | grad = 0.6236
step  13220 | loss = -1.6536 | g_L = +1.6536 | EMA = +1.6621 | std(g_L) = 1.0102 | grad = 0.5874
step  13240 | loss = -1.5888 | g_L = +1.5888 | EMA = +1.6759 | std(g_L) = 1.0226 | grad = 0.5696
step  13260 | loss = -1.7293 | g_L = +1.7293 | EMA = +1.6723 | std(g_L) = 1.0875 | grad = 0.5260
step  13280 | loss = -1.5601 | g_L = +1.5601 | EMA = +1.6953 | std(g_L) = 1.1774 | grad = 0.4536
step  13300 | loss = -1.8146 | g_L = +1.8146 | EMA = +1.6617 | std(g_L) = 1.0097 | grad = 0.3793
step  13320 | loss = -1.6528 | g_L = +1.6528 | EMA = +1.6642 | std(g_L) = 1.0685 | grad = 0.7774
step  13340 | loss = -1.6942 | g_L = +1.6942 | EMA = +1.6311 | std(g_L) = 1.0450 | grad = 0.6005
step  13360 | loss = -1.7157 | g_L = +1.7157 | EMA = +1.6594 | std(g_L) = 1.0433 | grad = 0.6893
step  13380 | loss = -1.8194 | g_L = +1.8194 | EMA = +1.6726 | std(g_L) = 1.0182 | grad = 0.8179
step  13400 | loss = -1.6781 | g_L = +1.6781 | EMA = +1.6707 | std(g_L) = 1.1663 | grad = 1.0384
step  13420 | loss = -1.8173 | g_L = +1.8173 | EMA = +1.6784 | std(g_L) = 1.0191 | grad = 0.4928
step  13440 | loss = -1.8565 | g_L = +1.8565 | EMA = +1.6972 | std(g_L) = 1.1164 | grad = 0.5952
step  13460 | loss = -1.6871 | g_L = +1.6871 | EMA = +1.6820 | std(g_L) = 1.1658 | grad = 0.6480
step  13480 | loss = -1.5941 | g_L = +1.5941 | EMA = +1.6756 | std(g_L) = 1.0518 | grad = 0.3869
step  13500 | loss = -1.6031 | g_L = +1.6031 | EMA = +1.6995 | std(g_L) = 1.1455 | grad = 0.4654
step  13520 | loss = -1.6609 | g_L = +1.6609 | EMA = +1.6414 | std(g_L) = 1.0699 | grad = 0.8462
step  13540 | loss = -1.8565 | g_L = +1.8565 | EMA = +1.6677 | std(g_L) = 1.0811 | grad = 0.4551
step  13560 | loss = -1.7071 | g_L = +1.7071 | EMA = +1.6682 | std(g_L) = 1.0470 | grad = 0.4278
step  13580 | loss = -1.6622 | g_L = +1.6622 | EMA = +1.6786 | std(g_L) = 1.1385 | grad = 0.4368
step  13600 | loss = -1.4863 | g_L = +1.4863 | EMA = +1.6615 | std(g_L) = 1.2034 | grad = 0.7682
step  13620 | loss = -1.7688 | g_L = +1.7688 | EMA = +1.6802 | std(g_L) = 1.1059 | grad = 0.4064
step  13640 | loss = -1.6528 | g_L = +1.6528 | EMA = +1.6724 | std(g_L) = 1.1144 | grad = 1.1148
step  13660 | loss = -1.5319 | g_L = +1.5319 | EMA = +1.6806 | std(g_L) = 1.2023 | grad = 0.5147
step  13680 | loss = -1.6213 | g_L = +1.6213 | EMA = +1.6795 | std(g_L) = 1.0145 | grad = 0.6118
step  13700 | loss = -1.6884 | g_L = +1.6884 | EMA = +1.6840 | std(g_L) = 1.0678 | grad = 0.3360
step  13720 | loss = -1.5956 | g_L = +1.5956 | EMA = +1.6648 | std(g_L) = 1.1948 | grad = 0.5800
step  13740 | loss = -1.7101 | g_L = +1.7101 | EMA = +1.6720 | std(g_L) = 1.0066 | grad = 0.8111
step  13760 | loss = -1.5771 | g_L = +1.5771 | EMA = +1.6729 | std(g_L) = 1.0756 | grad = 0.8574
step  13780 | loss = -1.7032 | g_L = +1.7032 | EMA = +1.6851 | std(g_L) = 1.0269 | grad = 0.6093
step  13800 | loss = -1.7212 | g_L = +1.7212 | EMA = +1.6867 | std(g_L) = 1.0561 | grad = 0.5119
step  13820 | loss = -1.6136 | g_L = +1.6136 | EMA = +1.6846 | std(g_L) = 0.9755 | grad = 0.3576
step  13840 | loss = -1.5748 | g_L = +1.5748 | EMA = +1.6778 | std(g_L) = 1.3032 | grad = 0.6291
step  13860 | loss = -1.7197 | g_L = +1.7197 | EMA = +1.6835 | std(g_L) = 1.0570 | grad = 1.3790
step  13880 | loss = -1.6776 | g_L = +1.6776 | EMA = +1.7111 | std(g_L) = 1.0894 | grad = 0.4915
step  13900 | loss = -1.4788 | g_L = +1.4788 | EMA = +1.6771 | std(g_L) = 1.2091 | grad = 0.2569
step  13920 | loss = -1.6821 | g_L = +1.6821 | EMA = +1.6850 | std(g_L) = 1.0445 | grad = 0.5321
step  13940 | loss = -1.7977 | g_L = +1.7977 | EMA = +1.6889 | std(g_L) = 1.0849 | grad = 0.8714
step  13960 | loss = -1.7942 | g_L = +1.7942 | EMA = +1.6771 | std(g_L) = 1.0905 | grad = 0.8776
step  13980 | loss = -1.7268 | g_L = +1.7268 | EMA = +1.6667 | std(g_L) = 1.0323 | grad = 0.5390
step  14000 | loss = -1.7053 | g_L = +1.7053 | EMA = +1.6798 | std(g_L) = 1.0600 | grad = 0.7874
step  14020 | loss = -1.8532 | g_L = +1.8532 | EMA = +1.6848 | std(g_L) = 1.1659 | grad = 0.5592
step  14040 | loss = -1.7887 | g_L = +1.7887 | EMA = +1.6921 | std(g_L) = 1.1116 | grad = 1.1253
step  14060 | loss = -1.6651 | g_L = +1.6651 | EMA = +1.6903 | std(g_L) = 1.0507 | grad = 0.1890
step  14080 | loss = -1.6273 | g_L = +1.6273 | EMA = +1.6512 | std(g_L) = 0.9824 | grad = 0.2549
step  14100 | loss = -1.6283 | g_L = +1.6283 | EMA = +1.6497 | std(g_L) = 1.1066 | grad = 0.4048
step  14120 | loss = -1.7078 | g_L = +1.7078 | EMA = +1.6739 | std(g_L) = 1.1719 | grad = 0.6199
step  14140 | loss = -1.6509 | g_L = +1.6509 | EMA = +1.6917 | std(g_L) = 1.1085 | grad = 0.5922
step  14160 | loss = -1.7724 | g_L = +1.7724 | EMA = +1.7073 | std(g_L) = 1.1723 | grad = 0.7626
step  14180 | loss = -1.7905 | g_L = +1.7905 | EMA = +1.6917 | std(g_L) = 1.0198 | grad = 0.6648
step  14200 | loss = -1.5226 | g_L = +1.5226 | EMA = +1.7023 | std(g_L) = 1.0765 | grad = 0.4823
step  14220 | loss = -1.7509 | g_L = +1.7509 | EMA = +1.6781 | std(g_L) = 1.0447 | grad = 0.5592
step  14240 | loss = -1.7002 | g_L = +1.7002 | EMA = +1.6551 | std(g_L) = 1.0579 | grad = 0.8301
step  14260 | loss = -1.6241 | g_L = +1.6241 | EMA = +1.6615 | std(g_L) = 1.1804 | grad = 0.5611
step  14280 | loss = -1.6900 | g_L = +1.6900 | EMA = +1.6670 | std(g_L) = 1.1173 | grad = 0.4879
step  14300 | loss = -1.9346 | g_L = +1.9346 | EMA = +1.6660 | std(g_L) = 1.1531 | grad = 0.3958
step  14320 | loss = -1.6079 | g_L = +1.6079 | EMA = +1.6561 | std(g_L) = 1.1175 | grad = 0.3203
step  14340 | loss = -1.6454 | g_L = +1.6454 | EMA = +1.6705 | std(g_L) = 1.0659 | grad = 0.6670
step  14360 | loss = -1.7478 | g_L = +1.7478 | EMA = +1.6654 | std(g_L) = 1.1349 | grad = 0.6298
step  14380 | loss = -1.6667 | g_L = +1.6667 | EMA = +1.6590 | std(g_L) = 1.0991 | grad = 0.9604
step  14400 | loss = -1.7339 | g_L = +1.7339 | EMA = +1.6769 | std(g_L) = 1.0772 | grad = 0.8219
step  14420 | loss = -1.7353 | g_L = +1.7353 | EMA = +1.6861 | std(g_L) = 1.1800 | grad = 0.8342
step  14440 | loss = -1.6219 | g_L = +1.6219 | EMA = +1.6698 | std(g_L) = 0.9882 | grad = 0.4277
step  14460 | loss = -1.6096 | g_L = +1.6096 | EMA = +1.6816 | std(g_L) = 1.0111 | grad = 0.3864
step  14480 | loss = -1.8429 | g_L = +1.8429 | EMA = +1.6824 | std(g_L) = 1.1169 | grad = 0.4564
step  14500 | loss = -1.7290 | g_L = +1.7290 | EMA = +1.6593 | std(g_L) = 1.0589 | grad = 0.5570
step  14520 | loss = -1.7411 | g_L = +1.7411 | EMA = +1.6706 | std(g_L) = 0.9655 | grad = 0.6086
step  14540 | loss = -1.7767 | g_L = +1.7767 | EMA = +1.6944 | std(g_L) = 0.9828 | grad = 0.3268
step  14560 | loss = -1.6423 | g_L = +1.6423 | EMA = +1.6752 | std(g_L) = 1.0355 | grad = 0.4647
step  14580 | loss = -1.7809 | g_L = +1.7809 | EMA = +1.7026 | std(g_L) = 1.0563 | grad = 1.0956
step  14600 | loss = -1.6148 | g_L = +1.6148 | EMA = +1.6884 | std(g_L) = 1.1145 | grad = 0.7062
step  14620 | loss = -1.5831 | g_L = +1.5831 | EMA = +1.6800 | std(g_L) = 1.0220 | grad = 0.8215
step  14640 | loss = -1.6137 | g_L = +1.6137 | EMA = +1.6866 | std(g_L) = 1.0147 | grad = 0.6696
step  14660 | loss = -1.5614 | g_L = +1.5614 | EMA = +1.6928 | std(g_L) = 1.0774 | grad = 0.5251
step  14680 | loss = -1.7351 | g_L = +1.7351 | EMA = +1.6990 | std(g_L) = 1.1171 | grad = 0.9910
step  14700 | loss = -1.8875 | g_L = +1.8875 | EMA = +1.7044 | std(g_L) = 1.0463 | grad = 0.6307
step  14720 | loss = -1.6511 | g_L = +1.6511 | EMA = +1.6871 | std(g_L) = 1.1008 | grad = 0.5735
step  14740 | loss = -1.7701 | g_L = +1.7701 | EMA = +1.6753 | std(g_L) = 1.1103 | grad = 0.6127
step  14760 | loss = -1.5711 | g_L = +1.5711 | EMA = +1.6830 | std(g_L) = 1.0932 | grad = 0.3860
step  14780 | loss = -1.7902 | g_L = +1.7902 | EMA = +1.7050 | std(g_L) = 1.1107 | grad = 0.6732
step  14800 | loss = -1.6841 | g_L = +1.6841 | EMA = +1.6566 | std(g_L) = 1.1161 | grad = 0.3609
step  14820 | loss = -1.4957 | g_L = +1.4957 | EMA = +1.6734 | std(g_L) = 0.9400 | grad = 0.8375
step  14840 | loss = -1.6537 | g_L = +1.6537 | EMA = +1.6684 | std(g_L) = 1.1825 | grad = 0.4268
step  14860 | loss = -1.5993 | g_L = +1.5993 | EMA = +1.6661 | std(g_L) = 1.0920 | grad = 0.5203
step  14880 | loss = -1.7301 | g_L = +1.7301 | EMA = +1.6729 | std(g_L) = 1.0470 | grad = 0.5209
step  14900 | loss = -1.6300 | g_L = +1.6300 | EMA = +1.6681 | std(g_L) = 1.1462 | grad = 0.8229
step  14920 | loss = -1.7061 | g_L = +1.7061 | EMA = +1.6797 | std(g_L) = 1.1903 | grad = 0.6752
step  14940 | loss = -1.5715 | g_L = +1.5715 | EMA = +1.6747 | std(g_L) = 1.1398 | grad = 0.5529
step  14960 | loss = -1.7221 | g_L = +1.7221 | EMA = +1.6956 | std(g_L) = 1.0518 | grad = 0.4372
step  14980 | loss = -1.6785 | g_L = +1.6785 | EMA = +1.6817 | std(g_L) = 1.1106 | grad = 0.4405
step  15000 | loss = -1.6148 | g_L = +1.6148 | EMA = +1.6976 | std(g_L) = 1.0376 | grad = 0.4649
T=4 finished.

============================================================
T = 6
L = 128
Batch size = 128
Steps = 15000
Checkpoints = model_checkpoints/fixed_sigma_sweep/T6_L128_B128
============================================================
step      1 | loss = -0.3212 | g_L = +0.3212 | EMA = +0.3212 | std(g_L) = 0.7152 | grad = 0.1349
step     20 | loss = -0.3806 | g_L = +0.3806 | EMA = +0.3488 | std(g_L) = 0.7827 | grad = 0.0749
step     40 | loss = -0.5621 | g_L = +0.5621 | EMA = +0.3918 | std(g_L) = 1.0912 | grad = 0.1206
step     60 | loss = -0.5424 | g_L = +0.5424 | EMA = +0.4417 | std(g_L) = 1.0234 | grad = 0.1589
step     80 | loss = -0.4315 | g_L = +0.4315 | EMA = +0.4814 | std(g_L) = 1.1351 | grad = 0.3433
step    100 | loss = -0.4986 | g_L = +0.4986 | EMA = +0.5488 | std(g_L) = 0.9622 | grad = 0.2786
step    120 | loss = -0.8025 | g_L = +0.8025 | EMA = +0.6532 | std(g_L) = 1.1444 | grad = 0.2521
step    140 | loss = -0.8845 | g_L = +0.8845 | EMA = +0.7502 | std(g_L) = 1.2635 | grad = 0.4181
step    160 | loss = -0.9831 | g_L = +0.9831 | EMA = +0.8456 | std(g_L) = 1.0735 | grad = 0.4736
step    180 | loss = -0.8099 | g_L = +0.8099 | EMA = +0.9325 | std(g_L) = 1.0153 | grad = 0.3571
step    200 | loss = -0.9281 | g_L = +0.9281 | EMA = +1.0103 | std(g_L) = 1.1899 | grad = 0.5202
step    220 | loss = -1.2461 | g_L = +1.2461 | EMA = +1.0995 | std(g_L) = 1.2451 | grad = 0.5953
step    240 | loss = -1.2909 | g_L = +1.2909 | EMA = +1.1956 | std(g_L) = 1.2441 | grad = 0.5385
step    260 | loss = -1.3481 | g_L = +1.3481 | EMA = +1.2633 | std(g_L) = 1.3582 | grad = 0.3377
step    280 | loss = -1.4231 | g_L = +1.4231 | EMA = +1.3268 | std(g_L) = 1.1457 | grad = 0.7993
step    300 | loss = -1.5703 | g_L = +1.5703 | EMA = +1.3906 | std(g_L) = 1.1792 | grad = 0.3354
step    320 | loss = -1.3652 | g_L = +1.3652 | EMA = +1.3922 | std(g_L) = 1.0751 | grad = 0.3366
step    340 | loss = -1.4253 | g_L = +1.4253 | EMA = +1.4031 | std(g_L) = 1.0819 | grad = 0.2456
step    360 | loss = -1.3445 | g_L = +1.3445 | EMA = +1.4296 | std(g_L) = 1.2788 | grad = 0.6050
step    380 | loss = -1.4436 | g_L = +1.4436 | EMA = +1.4546 | std(g_L) = 1.1785 | grad = 0.2912
step    400 | loss = -1.4114 | g_L = +1.4114 | EMA = +1.4381 | std(g_L) = 1.1367 | grad = 0.2456
step    420 | loss = -1.4921 | g_L = +1.4921 | EMA = +1.4469 | std(g_L) = 1.1742 | grad = 0.2134
step    440 | loss = -1.3872 | g_L = +1.3872 | EMA = +1.4562 | std(g_L) = 1.1390 | grad = 0.2075
step    460 | loss = -1.5180 | g_L = +1.5180 | EMA = +1.4387 | std(g_L) = 1.3092 | grad = 0.4364
step    480 | loss = -1.6185 | g_L = +1.6185 | EMA = +1.4659 | std(g_L) = 1.2779 | grad = 0.3411
step    500 | loss = -1.5214 | g_L = +1.5214 | EMA = +1.4606 | std(g_L) = 1.1726 | grad = 0.3646
step    520 | loss = -1.5694 | g_L = +1.5694 | EMA = +1.5328 | std(g_L) = 1.0276 | grad = 0.7074
step    540 | loss = -1.6952 | g_L = +1.6952 | EMA = +1.5675 | std(g_L) = 1.0248 | grad = 0.4856
step    560 | loss = -1.5995 | g_L = +1.5995 | EMA = +1.5890 | std(g_L) = 1.1337 | grad = 0.6287
step    580 | loss = -1.6798 | g_L = +1.6798 | EMA = +1.6392 | std(g_L) = 1.1000 | grad = 0.6378
step    600 | loss = -1.6066 | g_L = +1.6066 | EMA = +1.6299 | std(g_L) = 1.1121 | grad = 0.4147
step    620 | loss = -1.5661 | g_L = +1.5661 | EMA = +1.6291 | std(g_L) = 1.1709 | grad = 0.3139
step    640 | loss = -1.6959 | g_L = +1.6959 | EMA = +1.6477 | std(g_L) = 1.1847 | grad = 0.3960
step    660 | loss = -1.5812 | g_L = +1.5812 | EMA = +1.7041 | std(g_L) = 1.1262 | grad = 0.8040
step    680 | loss = -1.9361 | g_L = +1.9361 | EMA = +1.7784 | std(g_L) = 1.0293 | grad = 0.5019
step    700 | loss = -2.1882 | g_L = +2.1882 | EMA = +1.9144 | std(g_L) = 0.9576 | grad = 1.0230
step    720 | loss = -1.8795 | g_L = +1.8795 | EMA = +1.9774 | std(g_L) = 1.1442 | grad = 0.9574
step    740 | loss = -2.0946 | g_L = +2.0946 | EMA = +2.0073 | std(g_L) = 0.9178 | grad = 0.6428
step    760 | loss = -1.9889 | g_L = +1.9889 | EMA = +2.0076 | std(g_L) = 1.0727 | grad = 0.3940
step    780 | loss = -2.1430 | g_L = +2.1430 | EMA = +2.0747 | std(g_L) = 1.0498 | grad = 0.8857
step    800 | loss = -2.2393 | g_L = +2.2393 | EMA = +2.1101 | std(g_L) = 1.0843 | grad = 0.3942
step    820 | loss = -2.1882 | g_L = +2.1882 | EMA = +2.1362 | std(g_L) = 1.1086 | grad = 0.4501
step    840 | loss = -2.1952 | g_L = +2.1952 | EMA = +2.1152 | std(g_L) = 1.0352 | grad = 0.6940
step    860 | loss = -2.2517 | g_L = +2.2517 | EMA = +2.1500 | std(g_L) = 0.8976 | grad = 0.4268
step    880 | loss = -1.9678 | g_L = +1.9678 | EMA = +2.1304 | std(g_L) = 1.0829 | grad = 0.6372
step    900 | loss = -2.2148 | g_L = +2.2148 | EMA = +2.1644 | std(g_L) = 0.9499 | grad = 0.2168
step    920 | loss = -2.1493 | g_L = +2.1493 | EMA = +2.1641 | std(g_L) = 1.1498 | grad = 0.6652
step    940 | loss = -2.0867 | g_L = +2.0867 | EMA = +2.1518 | std(g_L) = 1.1491 | grad = 0.3319
step    960 | loss = -2.1828 | g_L = +2.1828 | EMA = +2.1788 | std(g_L) = 0.9547 | grad = 1.3800
step    980 | loss = -2.3633 | g_L = +2.3633 | EMA = +2.1952 | std(g_L) = 0.9304 | grad = 0.6062
step   1000 | loss = -2.1665 | g_L = +2.1665 | EMA = +2.2186 | std(g_L) = 1.0098 | grad = 0.6909
step   1020 | loss = -2.2704 | g_L = +2.2704 | EMA = +2.1984 | std(g_L) = 1.1541 | grad = 0.3992
step   1040 | loss = -2.3028 | g_L = +2.3028 | EMA = +2.1999 | std(g_L) = 0.9397 | grad = 0.7928
step   1060 | loss = -2.1373 | g_L = +2.1373 | EMA = +2.1889 | std(g_L) = 0.9612 | grad = 0.3151
step   1080 | loss = -2.2167 | g_L = +2.2167 | EMA = +2.2094 | std(g_L) = 0.9936 | grad = 0.4957
step   1100 | loss = -2.2617 | g_L = +2.2617 | EMA = +2.1966 | std(g_L) = 1.0191 | grad = 1.4043
step   1120 | loss = -2.3812 | g_L = +2.3812 | EMA = +2.2347 | std(g_L) = 1.0191 | grad = 0.4405
step   1140 | loss = -2.2842 | g_L = +2.2842 | EMA = +2.2234 | std(g_L) = 0.9714 | grad = 0.5092
step   1160 | loss = -2.1196 | g_L = +2.1196 | EMA = +2.2018 | std(g_L) = 1.1095 | grad = 0.3398
step   1180 | loss = -2.3159 | g_L = +2.3159 | EMA = +2.2169 | std(g_L) = 1.0583 | grad = 0.9313
step   1200 | loss = -1.9940 | g_L = +1.9940 | EMA = +2.2058 | std(g_L) = 1.0490 | grad = 0.8218
step   1220 | loss = -2.1865 | g_L = +2.1865 | EMA = +2.2006 | std(g_L) = 1.0712 | grad = 0.6183
step   1240 | loss = -2.2737 | g_L = +2.2737 | EMA = +2.2268 | std(g_L) = 1.0448 | grad = 0.5925
step   1260 | loss = -2.2878 | g_L = +2.2878 | EMA = +2.2240 | std(g_L) = 1.0418 | grad = 0.6149
step   1280 | loss = -2.1831 | g_L = +2.1831 | EMA = +2.2355 | std(g_L) = 1.0822 | grad = 1.4876
step   1300 | loss = -2.2791 | g_L = +2.2791 | EMA = +2.2450 | std(g_L) = 0.9765 | grad = 0.6679
step   1320 | loss = -2.2680 | g_L = +2.2680 | EMA = +2.2236 | std(g_L) = 0.9882 | grad = 0.9231
step   1340 | loss = -2.1188 | g_L = +2.1188 | EMA = +2.2277 | std(g_L) = 1.0960 | grad = 1.4128
step   1360 | loss = -2.3263 | g_L = +2.3263 | EMA = +2.2478 | std(g_L) = 1.0701 | grad = 0.8245
step   1380 | loss = -2.3733 | g_L = +2.3733 | EMA = +2.2546 | std(g_L) = 0.9880 | grad = 2.1920
step   1400 | loss = -2.2696 | g_L = +2.2696 | EMA = +2.2700 | std(g_L) = 1.0261 | grad = 0.2220
step   1420 | loss = -2.2910 | g_L = +2.2910 | EMA = +2.2361 | std(g_L) = 1.1679 | grad = 0.6336
step   1440 | loss = -2.3107 | g_L = +2.3107 | EMA = +2.2398 | std(g_L) = 1.0157 | grad = 0.5588
step   1460 | loss = -2.2432 | g_L = +2.2432 | EMA = +2.2350 | std(g_L) = 1.0279 | grad = 1.1071
step   1480 | loss = -2.1295 | g_L = +2.1295 | EMA = +2.2084 | std(g_L) = 1.1474 | grad = 0.6531
step   1500 | loss = -2.3133 | g_L = +2.3133 | EMA = +2.2174 | std(g_L) = 1.0046 | grad = 1.4949
step   1520 | loss = -2.4188 | g_L = +2.4188 | EMA = +2.2297 | std(g_L) = 0.9691 | grad = 0.9998
step   1540 | loss = -2.2356 | g_L = +2.2356 | EMA = +2.2482 | std(g_L) = 1.0227 | grad = 1.2146
step   1560 | loss = -2.1841 | g_L = +2.1841 | EMA = +2.2113 | std(g_L) = 1.0807 | grad = 0.9034
step   1580 | loss = -2.2874 | g_L = +2.2874 | EMA = +2.2318 | std(g_L) = 1.1992 | grad = 0.1372
step   1600 | loss = -2.2519 | g_L = +2.2519 | EMA = +2.2557 | std(g_L) = 1.0560 | grad = 1.5726
step   1620 | loss = -2.2862 | g_L = +2.2862 | EMA = +2.2372 | std(g_L) = 1.0469 | grad = 0.6864
step   1640 | loss = -2.2130 | g_L = +2.2130 | EMA = +2.2335 | std(g_L) = 1.2043 | grad = 0.5401
step   1660 | loss = -2.3061 | g_L = +2.3061 | EMA = +2.2260 | std(g_L) = 0.9744 | grad = 0.3774
step   1680 | loss = -2.1943 | g_L = +2.1943 | EMA = +2.2286 | std(g_L) = 1.0227 | grad = 1.7096
step   1700 | loss = -2.2725 | g_L = +2.2725 | EMA = +2.2512 | std(g_L) = 1.0974 | grad = 1.1124
step   1720 | loss = -2.0755 | g_L = +2.0755 | EMA = +2.2370 | std(g_L) = 1.1667 | grad = 0.5745
step   1740 | loss = -2.1182 | g_L = +2.1182 | EMA = +2.2296 | std(g_L) = 1.1768 | grad = 1.1729
step   1760 | loss = -2.4874 | g_L = +2.4874 | EMA = +2.2341 | std(g_L) = 1.0008 | grad = 0.7444
step   1780 | loss = -2.2240 | g_L = +2.2240 | EMA = +2.2157 | std(g_L) = 1.0260 | grad = 0.8102
step   1800 | loss = -2.3773 | g_L = +2.3773 | EMA = +2.2320 | std(g_L) = 1.0917 | grad = 0.5161
step   1820 | loss = -2.1978 | g_L = +2.1978 | EMA = +2.2472 | std(g_L) = 1.1062 | grad = 0.5649
step   1840 | loss = -2.2614 | g_L = +2.2614 | EMA = +2.2570 | std(g_L) = 1.3022 | grad = 1.3687
step   1860 | loss = -2.1642 | g_L = +2.1642 | EMA = +2.2358 | std(g_L) = 1.0704 | grad = 0.5592
step   1880 | loss = -2.1997 | g_L = +2.1997 | EMA = +2.2536 | std(g_L) = 1.0639 | grad = 1.7526
step   1900 | loss = -2.2242 | g_L = +2.2242 | EMA = +2.2551 | std(g_L) = 1.1970 | grad = 0.5761
step   1920 | loss = -2.1361 | g_L = +2.1361 | EMA = +2.2237 | std(g_L) = 1.0142 | grad = 0.6072
step   1940 | loss = -2.3425 | g_L = +2.3425 | EMA = +2.2660 | std(g_L) = 1.0473 | grad = 0.4208
step   1960 | loss = -2.3053 | g_L = +2.3053 | EMA = +2.2363 | std(g_L) = 1.0092 | grad = 1.2346
step   1980 | loss = -2.2197 | g_L = +2.2197 | EMA = +2.2399 | std(g_L) = 1.0126 | grad = 0.5067
step   2000 | loss = -2.2988 | g_L = +2.2988 | EMA = +2.2409 | std(g_L) = 1.1069 | grad = 0.5890
step   2020 | loss = -2.2206 | g_L = +2.2206 | EMA = +2.2443 | std(g_L) = 1.1248 | grad = 0.9926
step   2040 | loss = -2.1902 | g_L = +2.1902 | EMA = +2.2525 | std(g_L) = 1.1473 | grad = 1.2334
step   2060 | loss = -2.2139 | g_L = +2.2139 | EMA = +2.2610 | std(g_L) = 1.1018 | grad = 0.4164
step   2080 | loss = -2.2850 | g_L = +2.2850 | EMA = +2.2745 | std(g_L) = 1.0627 | grad = 1.0952
step   2100 | loss = -2.1479 | g_L = +2.1479 | EMA = +2.2447 | std(g_L) = 1.0074 | grad = 0.6737
step   2120 | loss = -2.1530 | g_L = +2.1530 | EMA = +2.2322 | std(g_L) = 1.1739 | grad = 0.7758
step   2140 | loss = -2.2883 | g_L = +2.2883 | EMA = +2.2394 | std(g_L) = 1.1209 | grad = 1.8887
step   2160 | loss = -2.3251 | g_L = +2.3251 | EMA = +2.2630 | std(g_L) = 1.0962 | grad = 0.6065
step   2180 | loss = -2.3428 | g_L = +2.3428 | EMA = +2.2477 | std(g_L) = 0.9203 | grad = 1.0068
step   2200 | loss = -2.1085 | g_L = +2.1085 | EMA = +2.2499 | std(g_L) = 1.1481 | grad = 1.0742
step   2220 | loss = -2.4910 | g_L = +2.4910 | EMA = +2.2645 | std(g_L) = 0.9657 | grad = 0.8317
step   2240 | loss = -2.1970 | g_L = +2.1970 | EMA = +2.2363 | std(g_L) = 1.1425 | grad = 0.9846
step   2260 | loss = -2.0974 | g_L = +2.0974 | EMA = +2.2111 | std(g_L) = 1.2297 | grad = 1.1046
step   2280 | loss = -2.2125 | g_L = +2.2125 | EMA = +2.2466 | std(g_L) = 1.1599 | grad = 0.5522
step   2300 | loss = -2.3541 | g_L = +2.3541 | EMA = +2.2516 | std(g_L) = 1.1026 | grad = 0.6065
step   2320 | loss = -2.1686 | g_L = +2.1686 | EMA = +2.2698 | std(g_L) = 1.0419 | grad = 0.3116
step   2340 | loss = -2.0850 | g_L = +2.0850 | EMA = +2.2551 | std(g_L) = 1.0679 | grad = 0.6995
step   2360 | loss = -2.2682 | g_L = +2.2682 | EMA = +2.2322 | std(g_L) = 1.0672 | grad = 0.4628
step   2380 | loss = -2.1937 | g_L = +2.1937 | EMA = +2.2456 | std(g_L) = 1.0576 | grad = 0.4896
step   2400 | loss = -2.2356 | g_L = +2.2356 | EMA = +2.2639 | std(g_L) = 1.1921 | grad = 0.6155
step   2420 | loss = -2.3442 | g_L = +2.3442 | EMA = +2.2468 | std(g_L) = 1.0805 | grad = 0.6923
step   2440 | loss = -2.2252 | g_L = +2.2252 | EMA = +2.2710 | std(g_L) = 1.0203 | grad = 0.3962
step   2460 | loss = -2.3148 | g_L = +2.3148 | EMA = +2.2675 | std(g_L) = 1.0542 | grad = 0.7522
step   2480 | loss = -2.1752 | g_L = +2.1752 | EMA = +2.2778 | std(g_L) = 1.1647 | grad = 1.2589
step   2500 | loss = -2.2933 | g_L = +2.2933 | EMA = +2.2604 | std(g_L) = 1.0586 | grad = 0.7789
step   2520 | loss = -2.3792 | g_L = +2.3792 | EMA = +2.2688 | std(g_L) = 1.0292 | grad = 1.1738
step   2540 | loss = -2.2123 | g_L = +2.2123 | EMA = +2.2650 | std(g_L) = 1.1942 | grad = 0.5691
step   2560 | loss = -2.2106 | g_L = +2.2106 | EMA = +2.2596 | std(g_L) = 1.0055 | grad = 0.2351
step   2580 | loss = -2.2841 | g_L = +2.2841 | EMA = +2.2709 | std(g_L) = 1.1317 | grad = 0.7951
step   2600 | loss = -2.2979 | g_L = +2.2979 | EMA = +2.2659 | std(g_L) = 1.1023 | grad = 0.5848
step   2620 | loss = -2.3210 | g_L = +2.3210 | EMA = +2.2740 | std(g_L) = 1.1471 | grad = 0.7945
step   2640 | loss = -2.1939 | g_L = +2.1939 | EMA = +2.2841 | std(g_L) = 1.1318 | grad = 0.7351
step   2660 | loss = -2.2529 | g_L = +2.2529 | EMA = +2.2652 | std(g_L) = 1.0433 | grad = 0.8436
step   2680 | loss = -2.2215 | g_L = +2.2215 | EMA = +2.2605 | std(g_L) = 1.0223 | grad = 0.8605
step   2700 | loss = -2.3278 | g_L = +2.3278 | EMA = +2.2627 | std(g_L) = 1.0372 | grad = 0.8100
step   2720 | loss = -2.3892 | g_L = +2.3892 | EMA = +2.2751 | std(g_L) = 0.9345 | grad = 1.2090
step   2740 | loss = -2.2915 | g_L = +2.2915 | EMA = +2.2759 | std(g_L) = 1.0049 | grad = 0.1927
step   2760 | loss = -2.1642 | g_L = +2.1642 | EMA = +2.2460 | std(g_L) = 1.0753 | grad = 0.4466
step   2780 | loss = -2.3181 | g_L = +2.3181 | EMA = +2.2768 | std(g_L) = 0.9259 | grad = 1.9439
step   2800 | loss = -2.3219 | g_L = +2.3219 | EMA = +2.2694 | std(g_L) = 0.9809 | grad = 0.4990
step   2820 | loss = -2.2276 | g_L = +2.2276 | EMA = +2.2687 | std(g_L) = 0.9399 | grad = 0.5652
step   2840 | loss = -2.3427 | g_L = +2.3427 | EMA = +2.2748 | std(g_L) = 1.0141 | grad = 0.7935
step   2860 | loss = -2.2458 | g_L = +2.2458 | EMA = +2.2601 | std(g_L) = 1.2109 | grad = 0.3900
step   2880 | loss = -2.3208 | g_L = +2.3208 | EMA = +2.2859 | std(g_L) = 1.0654 | grad = 0.6071
step   2900 | loss = -2.2547 | g_L = +2.2547 | EMA = +2.3213 | std(g_L) = 0.9845 | grad = 0.3840
step   2920 | loss = -2.3467 | g_L = +2.3467 | EMA = +2.3084 | std(g_L) = 1.0331 | grad = 0.8438
step   2940 | loss = -2.2143 | g_L = +2.2143 | EMA = +2.3051 | std(g_L) = 0.9393 | grad = 0.7531
step   2960 | loss = -2.4696 | g_L = +2.4696 | EMA = +2.2972 | std(g_L) = 0.8703 | grad = 0.5708
step   2980 | loss = -2.2482 | g_L = +2.2482 | EMA = +2.2783 | std(g_L) = 1.0918 | grad = 1.6995
step   3000 | loss = -2.1892 | g_L = +2.1892 | EMA = +2.2670 | std(g_L) = 1.0781 | grad = 0.7835
step   3020 | loss = -2.2161 | g_L = +2.2161 | EMA = +2.2749 | std(g_L) = 1.1317 | grad = 1.1801
step   3040 | loss = -2.3147 | g_L = +2.3147 | EMA = +2.2916 | std(g_L) = 1.1646 | grad = 0.5845
step   3060 | loss = -2.3381 | g_L = +2.3381 | EMA = +2.3046 | std(g_L) = 0.9522 | grad = 0.6496
step   3080 | loss = -2.4220 | g_L = +2.4220 | EMA = +2.3096 | std(g_L) = 0.9935 | grad = 1.0322
step   3100 | loss = -2.3731 | g_L = +2.3731 | EMA = +2.3256 | std(g_L) = 0.9601 | grad = 0.8857
step   3120 | loss = -2.3902 | g_L = +2.3902 | EMA = +2.3340 | std(g_L) = 0.8471 | grad = 0.7982
step   3140 | loss = -2.3172 | g_L = +2.3172 | EMA = +2.3369 | std(g_L) = 1.0510 | grad = 1.0797
step   3160 | loss = -2.3237 | g_L = +2.3237 | EMA = +2.3502 | std(g_L) = 1.0152 | grad = 0.8239
step   3180 | loss = -2.2314 | g_L = +2.2314 | EMA = +2.3223 | std(g_L) = 1.0364 | grad = 0.8068
step   3200 | loss = -2.3477 | g_L = +2.3477 | EMA = +2.3414 | std(g_L) = 1.0836 | grad = 1.8925
step   3220 | loss = -2.2273 | g_L = +2.2273 | EMA = +2.3223 | std(g_L) = 1.1201 | grad = 0.7812
step   3240 | loss = -2.3960 | g_L = +2.3960 | EMA = +2.3337 | std(g_L) = 0.8881 | grad = 0.8113
step   3260 | loss = -2.2891 | g_L = +2.2891 | EMA = +2.3311 | std(g_L) = 1.0165 | grad = 0.4950
step   3280 | loss = -2.2967 | g_L = +2.2967 | EMA = +2.3361 | std(g_L) = 0.9709 | grad = 0.7262
step   3300 | loss = -2.3832 | g_L = +2.3832 | EMA = +2.3433 | std(g_L) = 0.9573 | grad = 1.2062
step   3320 | loss = -2.3604 | g_L = +2.3604 | EMA = +2.3307 | std(g_L) = 0.9686 | grad = 0.7631
step   3340 | loss = -2.3090 | g_L = +2.3090 | EMA = +2.3142 | std(g_L) = 1.0470 | grad = 1.0918
step   3360 | loss = -2.2628 | g_L = +2.2628 | EMA = +2.3176 | std(g_L) = 1.0107 | grad = 1.0666
step   3380 | loss = -2.2794 | g_L = +2.2794 | EMA = +2.3396 | std(g_L) = 1.0154 | grad = 1.2050
step   3400 | loss = -2.2427 | g_L = +2.2427 | EMA = +2.3237 | std(g_L) = 1.0130 | grad = 0.6053
step   3420 | loss = -2.5127 | g_L = +2.5127 | EMA = +2.3390 | std(g_L) = 0.8129 | grad = 0.4329
step   3440 | loss = -2.3330 | g_L = +2.3330 | EMA = +2.3256 | std(g_L) = 0.8997 | grad = 1.0826
step   3460 | loss = -2.3581 | g_L = +2.3581 | EMA = +2.3505 | std(g_L) = 0.8883 | grad = 0.7778
step   3480 | loss = -2.5026 | g_L = +2.5026 | EMA = +2.3325 | std(g_L) = 0.8839 | grad = 0.3501
step   3500 | loss = -2.2815 | g_L = +2.2815 | EMA = +2.3413 | std(g_L) = 0.9333 | grad = 0.9060
step   3520 | loss = -2.3965 | g_L = +2.3965 | EMA = +2.3364 | std(g_L) = 0.7589 | grad = 0.8060
step   3540 | loss = -2.4567 | g_L = +2.4567 | EMA = +2.3487 | std(g_L) = 0.8257 | grad = 0.4968
step   3560 | loss = -2.2120 | g_L = +2.2120 | EMA = +2.3433 | std(g_L) = 1.0184 | grad = 0.6635
step   3580 | loss = -2.4057 | g_L = +2.4057 | EMA = +2.3507 | std(g_L) = 0.9276 | grad = 1.3124
step   3600 | loss = -2.3874 | g_L = +2.3874 | EMA = +2.3551 | std(g_L) = 1.0103 | grad = 1.8640
step   3620 | loss = -2.3238 | g_L = +2.3238 | EMA = +2.3349 | std(g_L) = 0.9799 | grad = 0.3960
step   3640 | loss = -2.3483 | g_L = +2.3483 | EMA = +2.3491 | std(g_L) = 0.9653 | grad = 0.8573
step   3660 | loss = -2.3363 | g_L = +2.3363 | EMA = +2.3626 | std(g_L) = 1.1394 | grad = 1.1847
step   3680 | loss = -2.3893 | g_L = +2.3893 | EMA = +2.3544 | std(g_L) = 0.9096 | grad = 0.5125
step   3700 | loss = -2.3907 | g_L = +2.3907 | EMA = +2.3522 | std(g_L) = 0.9885 | grad = 1.1929
step   3720 | loss = -2.2930 | g_L = +2.2930 | EMA = +2.3276 | std(g_L) = 0.9821 | grad = 1.1293
step   3740 | loss = -2.3819 | g_L = +2.3819 | EMA = +2.3576 | std(g_L) = 0.9138 | grad = 0.9396
step   3760 | loss = -2.2775 | g_L = +2.2775 | EMA = +2.3573 | std(g_L) = 0.9485 | grad = 1.2168
step   3780 | loss = -2.4285 | g_L = +2.4285 | EMA = +2.3561 | std(g_L) = 0.9522 | grad = 0.7693
step   3800 | loss = -2.0363 | g_L = +2.0363 | EMA = +2.3382 | std(g_L) = 1.3647 | grad = 0.6057
step   3820 | loss = -2.2868 | g_L = +2.2868 | EMA = +2.3130 | std(g_L) = 1.0826 | grad = 0.5485
step   3840 | loss = -2.3102 | g_L = +2.3102 | EMA = +2.3507 | std(g_L) = 0.9849 | grad = 0.9247
step   3860 | loss = -2.3715 | g_L = +2.3715 | EMA = +2.3494 | std(g_L) = 0.8011 | grad = 0.7817
step   3880 | loss = -2.3879 | g_L = +2.3879 | EMA = +2.3601 | std(g_L) = 0.8235 | grad = 0.8774
step   3900 | loss = -2.4259 | g_L = +2.4259 | EMA = +2.3600 | std(g_L) = 0.9226 | grad = 1.3511
step   3920 | loss = -2.4099 | g_L = +2.4099 | EMA = +2.3555 | std(g_L) = 0.9228 | grad = 0.8873
step   3940 | loss = -2.3928 | g_L = +2.3928 | EMA = +2.3423 | std(g_L) = 0.8158 | grad = 1.1417
step   3960 | loss = -2.4183 | g_L = +2.4183 | EMA = +2.3559 | std(g_L) = 0.8630 | grad = 1.2614
step   3980 | loss = -2.4063 | g_L = +2.4063 | EMA = +2.3428 | std(g_L) = 1.0044 | grad = 1.2820
step   4000 | loss = -2.3515 | g_L = +2.3515 | EMA = +2.3510 | std(g_L) = 0.8910 | grad = 0.5307
step   4020 | loss = -2.3630 | g_L = +2.3630 | EMA = +2.3612 | std(g_L) = 0.9883 | grad = 0.5836
step   4040 | loss = -2.2337 | g_L = +2.2337 | EMA = +2.3530 | std(g_L) = 1.0618 | grad = 1.4973
step   4060 | loss = -2.3131 | g_L = +2.3131 | EMA = +2.3539 | std(g_L) = 0.9440 | grad = 0.7159
step   4080 | loss = -2.5202 | g_L = +2.5202 | EMA = +2.3768 | std(g_L) = 0.9206 | grad = 0.3871
step   4100 | loss = -2.2556 | g_L = +2.2556 | EMA = +2.3728 | std(g_L) = 0.9574 | grad = 0.8104
step   4120 | loss = -2.2459 | g_L = +2.2459 | EMA = +2.3569 | std(g_L) = 1.0310 | grad = 1.0468
step   4140 | loss = -2.3990 | g_L = +2.3990 | EMA = +2.3526 | std(g_L) = 0.9543 | grad = 0.1929
step   4160 | loss = -2.2760 | g_L = +2.2760 | EMA = +2.3573 | std(g_L) = 0.9167 | grad = 0.4598
step   4180 | loss = -2.2671 | g_L = +2.2671 | EMA = +2.3610 | std(g_L) = 0.8037 | grad = 0.4530
step   4200 | loss = -2.5076 | g_L = +2.5076 | EMA = +2.3683 | std(g_L) = 0.6759 | grad = 0.7120
step   4220 | loss = -2.3973 | g_L = +2.3973 | EMA = +2.3834 | std(g_L) = 0.9022 | grad = 0.8191
step   4240 | loss = -2.2869 | g_L = +2.2869 | EMA = +2.3543 | std(g_L) = 0.8818 | grad = 0.7880
step   4260 | loss = -2.2878 | g_L = +2.2878 | EMA = +2.3689 | std(g_L) = 0.9340 | grad = 1.1667
step   4280 | loss = -2.4785 | g_L = +2.4785 | EMA = +2.3741 | std(g_L) = 0.8334 | grad = 1.1461
step   4300 | loss = -2.3831 | g_L = +2.3831 | EMA = +2.3690 | std(g_L) = 1.1175 | grad = 0.8607
step   4320 | loss = -2.2104 | g_L = +2.2104 | EMA = +2.3663 | std(g_L) = 1.0157 | grad = 0.9633
step   4340 | loss = -2.4148 | g_L = +2.4148 | EMA = +2.3461 | std(g_L) = 0.9131 | grad = 0.8156
step   4360 | loss = -2.3402 | g_L = +2.3402 | EMA = +2.3549 | std(g_L) = 0.9658 | grad = 1.0617
step   4380 | loss = -2.3761 | g_L = +2.3761 | EMA = +2.3787 | std(g_L) = 0.9405 | grad = 1.1678
step   4400 | loss = -2.5594 | g_L = +2.5594 | EMA = +2.3860 | std(g_L) = 0.8202 | grad = 0.5810
step   4420 | loss = -2.4031 | g_L = +2.4031 | EMA = +2.3649 | std(g_L) = 0.7777 | grad = 0.9122
step   4440 | loss = -2.2844 | g_L = +2.2844 | EMA = +2.3715 | std(g_L) = 0.8790 | grad = 0.4620
step   4460 | loss = -2.2637 | g_L = +2.2637 | EMA = +2.3735 | std(g_L) = 0.9904 | grad = 1.1782
step   4480 | loss = -2.3330 | g_L = +2.3330 | EMA = +2.3817 | std(g_L) = 0.9806 | grad = 1.1373
step   4500 | loss = -2.3509 | g_L = +2.3509 | EMA = +2.3659 | std(g_L) = 0.9016 | grad = 1.2868
step   4520 | loss = -2.2866 | g_L = +2.2866 | EMA = +2.3744 | std(g_L) = 1.1068 | grad = 0.4439
step   4540 | loss = -2.3380 | g_L = +2.3380 | EMA = +2.3762 | std(g_L) = 0.9058 | grad = 0.6516
step   4560 | loss = -2.3452 | g_L = +2.3452 | EMA = +2.3711 | std(g_L) = 1.0409 | grad = 1.0164
step   4580 | loss = -2.3490 | g_L = +2.3490 | EMA = +2.3617 | std(g_L) = 0.8563 | grad = 1.4509
step   4600 | loss = -2.4420 | g_L = +2.4420 | EMA = +2.3815 | std(g_L) = 0.7434 | grad = 0.3098
step   4620 | loss = -2.3746 | g_L = +2.3746 | EMA = +2.3723 | std(g_L) = 0.8923 | grad = 0.5680
step   4640 | loss = -2.3411 | g_L = +2.3411 | EMA = +2.3776 | std(g_L) = 0.9806 | grad = 0.5374
step   4660 | loss = -2.3006 | g_L = +2.3006 | EMA = +2.3529 | std(g_L) = 1.0299 | grad = 0.9466
step   4680 | loss = -2.2917 | g_L = +2.2917 | EMA = +2.3650 | std(g_L) = 0.9343 | grad = 0.7252
step   4700 | loss = -2.2672 | g_L = +2.2672 | EMA = +2.3664 | std(g_L) = 1.0348 | grad = 0.6803
step   4720 | loss = -2.4153 | g_L = +2.4153 | EMA = +2.3662 | std(g_L) = 0.9176 | grad = 1.2398
step   4740 | loss = -2.4153 | g_L = +2.4153 | EMA = +2.3812 | std(g_L) = 0.8563 | grad = 0.6911
step   4760 | loss = -2.3811 | g_L = +2.3811 | EMA = +2.3647 | std(g_L) = 0.8394 | grad = 0.4850
step   4780 | loss = -2.3814 | g_L = +2.3814 | EMA = +2.3670 | std(g_L) = 0.9618 | grad = 0.8355
step   4800 | loss = -2.3115 | g_L = +2.3115 | EMA = +2.3710 | std(g_L) = 1.0085 | grad = 0.5255
step   4820 | loss = -2.4535 | g_L = +2.4535 | EMA = +2.3859 | std(g_L) = 0.8287 | grad = 0.5569
step   4840 | loss = -2.4364 | g_L = +2.4364 | EMA = +2.3890 | std(g_L) = 0.9483 | grad = 0.8884
step   4860 | loss = -2.3869 | g_L = +2.3869 | EMA = +2.3821 | std(g_L) = 0.8931 | grad = 0.4480
step   4880 | loss = -2.2934 | g_L = +2.2934 | EMA = +2.3817 | std(g_L) = 0.9520 | grad = 0.8709
step   4900 | loss = -2.4723 | g_L = +2.4723 | EMA = +2.3823 | std(g_L) = 0.8242 | grad = 0.8293
step   4920 | loss = -2.3387 | g_L = +2.3387 | EMA = +2.3827 | std(g_L) = 0.9394 | grad = 0.4466
step   4940 | loss = -2.4381 | g_L = +2.4381 | EMA = +2.3868 | std(g_L) = 0.7245 | grad = 0.5300
step   4960 | loss = -2.4162 | g_L = +2.4162 | EMA = +2.3866 | std(g_L) = 1.0084 | grad = 0.6766
step   4980 | loss = -2.4156 | g_L = +2.4156 | EMA = +2.3905 | std(g_L) = 0.8903 | grad = 0.7352
step   5000 | loss = -2.2557 | g_L = +2.2557 | EMA = +2.3738 | std(g_L) = 0.9246 | grad = 0.5764
step   5020 | loss = -2.2825 | g_L = +2.2825 | EMA = +2.3382 | std(g_L) = 0.9656 | grad = 1.6664
step   5040 | loss = -2.4048 | g_L = +2.4048 | EMA = +2.3470 | std(g_L) = 0.9408 | grad = 0.2583
step   5060 | loss = -2.3007 | g_L = +2.3007 | EMA = +2.3904 | std(g_L) = 0.9664 | grad = 0.7149
step   5080 | loss = -2.3894 | g_L = +2.3894 | EMA = +2.3597 | std(g_L) = 0.8562 | grad = 1.1780
step   5100 | loss = -2.2665 | g_L = +2.2665 | EMA = +2.3480 | std(g_L) = 0.9893 | grad = 0.6412
step   5120 | loss = -2.3969 | g_L = +2.3969 | EMA = +2.3807 | std(g_L) = 0.9529 | grad = 0.6099
step   5140 | loss = -2.2988 | g_L = +2.2988 | EMA = +2.3812 | std(g_L) = 1.0600 | grad = 1.8196
step   5160 | loss = -2.3790 | g_L = +2.3790 | EMA = +2.3704 | std(g_L) = 0.8717 | grad = 1.3372
step   5180 | loss = -2.2749 | g_L = +2.2749 | EMA = +2.3772 | std(g_L) = 1.0278 | grad = 0.5251
step   5200 | loss = -2.3729 | g_L = +2.3729 | EMA = +2.3776 | std(g_L) = 0.9006 | grad = 1.0338
step   5220 | loss = -2.2523 | g_L = +2.2523 | EMA = +2.3717 | std(g_L) = 1.1482 | grad = 1.0251
step   5240 | loss = -2.2868 | g_L = +2.2868 | EMA = +2.3697 | std(g_L) = 1.0022 | grad = 0.2642
step   5260 | loss = -2.3733 | g_L = +2.3733 | EMA = +2.3803 | std(g_L) = 0.8307 | grad = 1.1706
step   5280 | loss = -2.4713 | g_L = +2.4713 | EMA = +2.3861 | std(g_L) = 0.7673 | grad = 0.3782
step   5300 | loss = -2.3860 | g_L = +2.3860 | EMA = +2.3716 | std(g_L) = 0.8809 | grad = 0.5399
step   5320 | loss = -2.3654 | g_L = +2.3654 | EMA = +2.3885 | std(g_L) = 0.9071 | grad = 0.7585
step   5340 | loss = -2.4102 | g_L = +2.4102 | EMA = +2.3957 | std(g_L) = 0.8727 | grad = 1.1374
step   5360 | loss = -2.3624 | g_L = +2.3624 | EMA = +2.3725 | std(g_L) = 0.9993 | grad = 0.7707
step   5380 | loss = -2.4488 | g_L = +2.4488 | EMA = +2.3824 | std(g_L) = 0.8790 | grad = 1.0885
step   5400 | loss = -2.4325 | g_L = +2.4325 | EMA = +2.3788 | std(g_L) = 0.8055 | grad = 0.4457
step   5420 | loss = -2.4730 | g_L = +2.4730 | EMA = +2.3892 | std(g_L) = 0.8360 | grad = 0.7762
step   5440 | loss = -2.3408 | g_L = +2.3408 | EMA = +2.3603 | std(g_L) = 0.8508 | grad = 1.0093
step   5460 | loss = -2.4384 | g_L = +2.4384 | EMA = +2.3611 | std(g_L) = 0.9032 | grad = 0.6535
step   5480 | loss = -2.3873 | g_L = +2.3873 | EMA = +2.3578 | std(g_L) = 0.8557 | grad = 0.8603
step   5500 | loss = -2.4656 | g_L = +2.4656 | EMA = +2.3772 | std(g_L) = 0.9596 | grad = 0.7063
step   5520 | loss = -2.3641 | g_L = +2.3641 | EMA = +2.3901 | std(g_L) = 0.9737 | grad = 1.0078
step   5540 | loss = -2.2318 | g_L = +2.2318 | EMA = +2.3727 | std(g_L) = 1.0779 | grad = 0.8921
step   5560 | loss = -2.4359 | g_L = +2.4359 | EMA = +2.3817 | std(g_L) = 0.9399 | grad = 0.5093
step   5580 | loss = -2.5787 | g_L = +2.5787 | EMA = +2.3754 | std(g_L) = 0.7651 | grad = 0.4933
step   5600 | loss = -2.4909 | g_L = +2.4909 | EMA = +2.3980 | std(g_L) = 0.9324 | grad = 0.6076
step   5620 | loss = -2.2419 | g_L = +2.2419 | EMA = +2.3816 | std(g_L) = 0.9693 | grad = 0.9533
step   5640 | loss = -2.3953 | g_L = +2.3953 | EMA = +2.3581 | std(g_L) = 0.8825 | grad = 0.5556
step   5660 | loss = -2.2961 | g_L = +2.2961 | EMA = +2.3768 | std(g_L) = 0.9246 | grad = 0.4276
step   5680 | loss = -2.4365 | g_L = +2.4365 | EMA = +2.3797 | std(g_L) = 0.8309 | grad = 0.6201
step   5700 | loss = -2.4612 | g_L = +2.4612 | EMA = +2.3784 | std(g_L) = 0.9890 | grad = 1.0147
step   5720 | loss = -2.4997 | g_L = +2.4997 | EMA = +2.3851 | std(g_L) = 0.9497 | grad = 0.5010
step   5740 | loss = -2.4359 | g_L = +2.4359 | EMA = +2.4081 | std(g_L) = 0.8286 | grad = 0.5652
step   5760 | loss = -2.2677 | g_L = +2.2677 | EMA = +2.3780 | std(g_L) = 1.0544 | grad = 0.8508
step   5780 | loss = -2.5301 | g_L = +2.5301 | EMA = +2.3742 | std(g_L) = 0.7878 | grad = 0.4576
step   5800 | loss = -2.3836 | g_L = +2.3836 | EMA = +2.3740 | std(g_L) = 0.9063 | grad = 0.4732
step   5820 | loss = -2.3371 | g_L = +2.3371 | EMA = +2.3754 | std(g_L) = 0.8496 | grad = 0.6668
step   5840 | loss = -2.5172 | g_L = +2.5172 | EMA = +2.3836 | std(g_L) = 0.7710 | grad = 0.3914
step   5860 | loss = -2.3673 | g_L = +2.3673 | EMA = +2.3922 | std(g_L) = 0.9127 | grad = 0.7018
step   5880 | loss = -2.1728 | g_L = +2.1728 | EMA = +2.3678 | std(g_L) = 1.0165 | grad = 0.8817
step   5900 | loss = -2.3672 | g_L = +2.3672 | EMA = +2.3823 | std(g_L) = 0.8604 | grad = 1.0320
step   5920 | loss = -2.2621 | g_L = +2.2621 | EMA = +2.3865 | std(g_L) = 0.9489 | grad = 0.7945
step   5940 | loss = -2.3473 | g_L = +2.3473 | EMA = +2.3775 | std(g_L) = 0.8562 | grad = 1.0468
step   5960 | loss = -2.3983 | g_L = +2.3983 | EMA = +2.3539 | std(g_L) = 0.8033 | grad = 1.4195
step   5980 | loss = -2.6387 | g_L = +2.6387 | EMA = +2.3757 | std(g_L) = 0.7935 | grad = 0.5638
step   6000 | loss = -2.2902 | g_L = +2.2902 | EMA = +2.3532 | std(g_L) = 0.9920 | grad = 0.6462
step   6020 | loss = -2.4993 | g_L = +2.4993 | EMA = +2.3829 | std(g_L) = 0.9133 | grad = 0.5873
step   6040 | loss = -2.2760 | g_L = +2.2760 | EMA = +2.3848 | std(g_L) = 1.0422 | grad = 0.8017
step   6060 | loss = -2.3216 | g_L = +2.3216 | EMA = +2.3526 | std(g_L) = 0.9423 | grad = 1.5279
step   6080 | loss = -2.4478 | g_L = +2.4478 | EMA = +2.3703 | std(g_L) = 0.9900 | grad = 0.8846
step   6100 | loss = -2.3546 | g_L = +2.3546 | EMA = +2.3851 | std(g_L) = 0.9201 | grad = 0.5464
step   6120 | loss = -2.2886 | g_L = +2.2886 | EMA = +2.3590 | std(g_L) = 0.9297 | grad = 0.4080
step   6140 | loss = -2.3898 | g_L = +2.3898 | EMA = +2.3937 | std(g_L) = 0.8523 | grad = 1.4338
step   6160 | loss = -2.4307 | g_L = +2.4307 | EMA = +2.4045 | std(g_L) = 0.9840 | grad = 1.0721
step   6180 | loss = -2.2454 | g_L = +2.2454 | EMA = +2.3729 | std(g_L) = 1.1591 | grad = 0.9327
step   6200 | loss = -2.3698 | g_L = +2.3698 | EMA = +2.3930 | std(g_L) = 0.9305 | grad = 0.5273
step   6220 | loss = -2.2816 | g_L = +2.2816 | EMA = +2.3995 | std(g_L) = 1.0512 | grad = 0.7816
step   6240 | loss = -2.4188 | g_L = +2.4188 | EMA = +2.4004 | std(g_L) = 0.8928 | grad = 0.1670
step   6260 | loss = -2.3242 | g_L = +2.3242 | EMA = +2.4013 | std(g_L) = 1.0507 | grad = 0.4321
step   6280 | loss = -2.3141 | g_L = +2.3141 | EMA = +2.3903 | std(g_L) = 0.8623 | grad = 0.3933
step   6300 | loss = -2.4499 | g_L = +2.4499 | EMA = +2.3912 | std(g_L) = 0.9423 | grad = 0.9506
step   6320 | loss = -2.3836 | g_L = +2.3836 | EMA = +2.3978 | std(g_L) = 0.8779 | grad = 0.4595
step   6340 | loss = -2.3464 | g_L = +2.3464 | EMA = +2.4091 | std(g_L) = 1.0147 | grad = 0.6094
step   6360 | loss = -2.3058 | g_L = +2.3058 | EMA = +2.3810 | std(g_L) = 0.9338 | grad = 0.5828
step   6380 | loss = -2.3734 | g_L = +2.3734 | EMA = +2.3989 | std(g_L) = 1.0719 | grad = 0.7737
step   6400 | loss = -2.4262 | g_L = +2.4262 | EMA = +2.4007 | std(g_L) = 0.8482 | grad = 1.0212
step   6420 | loss = -2.2594 | g_L = +2.2594 | EMA = +2.3718 | std(g_L) = 1.1946 | grad = 0.7302
step   6440 | loss = -2.4924 | g_L = +2.4924 | EMA = +2.3821 | std(g_L) = 0.8451 | grad = 0.4093
step   6460 | loss = -2.2590 | g_L = +2.2590 | EMA = +2.3734 | std(g_L) = 0.8985 | grad = 1.4444
step   6480 | loss = -2.3736 | g_L = +2.3736 | EMA = +2.3887 | std(g_L) = 0.9609 | grad = 0.4332
step   6500 | loss = -2.3894 | g_L = +2.3894 | EMA = +2.3786 | std(g_L) = 0.9868 | grad = 0.8549
step   6520 | loss = -2.4088 | g_L = +2.4088 | EMA = +2.3830 | std(g_L) = 0.8137 | grad = 1.2820
step   6540 | loss = -2.3734 | g_L = +2.3734 | EMA = +2.3859 | std(g_L) = 1.1627 | grad = 1.0536
step   6560 | loss = -2.4225 | g_L = +2.4225 | EMA = +2.3665 | std(g_L) = 0.8101 | grad = 0.2515
step   6580 | loss = -2.4500 | g_L = +2.4500 | EMA = +2.3977 | std(g_L) = 0.8402 | grad = 0.6982
step   6600 | loss = -2.2400 | g_L = +2.2400 | EMA = +2.3631 | std(g_L) = 1.0280 | grad = 1.0221
step   6620 | loss = -2.3314 | g_L = +2.3314 | EMA = +2.3800 | std(g_L) = 0.8786 | grad = 0.5387
step   6640 | loss = -2.3035 | g_L = +2.3035 | EMA = +2.3868 | std(g_L) = 1.0991 | grad = 0.7830
step   6660 | loss = -2.3276 | g_L = +2.3276 | EMA = +2.3636 | std(g_L) = 0.9640 | grad = 0.6253
step   6680 | loss = -2.2670 | g_L = +2.2670 | EMA = +2.3569 | std(g_L) = 0.8227 | grad = 0.8033
step   6700 | loss = -2.4711 | g_L = +2.4711 | EMA = +2.3958 | std(g_L) = 0.8653 | grad = 0.4950
step   6720 | loss = -2.2154 | g_L = +2.2154 | EMA = +2.3796 | std(g_L) = 1.1322 | grad = 0.4662
step   6740 | loss = -2.2020 | g_L = +2.2020 | EMA = +2.3755 | std(g_L) = 1.0989 | grad = 1.1614
step   6760 | loss = -2.5339 | g_L = +2.5339 | EMA = +2.4086 | std(g_L) = 0.7473 | grad = 0.6733
step   6780 | loss = -2.2474 | g_L = +2.2474 | EMA = +2.3925 | std(g_L) = 0.9384 | grad = 0.4320
step   6800 | loss = -2.5178 | g_L = +2.5178 | EMA = +2.3849 | std(g_L) = 0.7186 | grad = 0.4174
step   6820 | loss = -2.5944 | g_L = +2.5944 | EMA = +2.3788 | std(g_L) = 0.7544 | grad = 1.2854
step   6840 | loss = -2.4427 | g_L = +2.4427 | EMA = +2.3835 | std(g_L) = 0.8629 | grad = 0.3845
step   6860 | loss = -2.2933 | g_L = +2.2933 | EMA = +2.3656 | std(g_L) = 0.9153 | grad = 0.7427
step   6880 | loss = -2.4276 | g_L = +2.4276 | EMA = +2.3599 | std(g_L) = 0.9684 | grad = 0.9632
step   6900 | loss = -2.3611 | g_L = +2.3611 | EMA = +2.3648 | std(g_L) = 0.7985 | grad = 0.8397
step   6920 | loss = -2.3458 | g_L = +2.3458 | EMA = +2.3793 | std(g_L) = 0.7414 | grad = 0.8369
step   6940 | loss = -2.5454 | g_L = +2.5454 | EMA = +2.4080 | std(g_L) = 0.7480 | grad = 0.7586
step   6960 | loss = -2.3978 | g_L = +2.3978 | EMA = +2.3879 | std(g_L) = 0.8291 | grad = 0.4903
step   6980 | loss = -2.3533 | g_L = +2.3533 | EMA = +2.4049 | std(g_L) = 0.9182 | grad = 0.7739
step   7000 | loss = -2.4574 | g_L = +2.4574 | EMA = +2.3810 | std(g_L) = 0.8972 | grad = 0.5522
step   7020 | loss = -2.2917 | g_L = +2.2917 | EMA = +2.3879 | std(g_L) = 0.9088 | grad = 0.7164
step   7040 | loss = -2.3648 | g_L = +2.3648 | EMA = +2.3731 | std(g_L) = 1.0558 | grad = 0.2792
step   7060 | loss = -2.3669 | g_L = +2.3669 | EMA = +2.3726 | std(g_L) = 0.9189 | grad = 0.5921
step   7080 | loss = -2.3835 | g_L = +2.3835 | EMA = +2.3814 | std(g_L) = 0.9974 | grad = 0.5115
step   7100 | loss = -2.3053 | g_L = +2.3053 | EMA = +2.3649 | std(g_L) = 0.9937 | grad = 0.4756
step   7120 | loss = -2.4096 | g_L = +2.4096 | EMA = +2.3850 | std(g_L) = 0.9144 | grad = 0.8458
step   7140 | loss = -2.3440 | g_L = +2.3440 | EMA = +2.3804 | std(g_L) = 0.8908 | grad = 0.5860
step   7160 | loss = -2.3812 | g_L = +2.3812 | EMA = +2.3917 | std(g_L) = 0.9226 | grad = 0.5058
step   7180 | loss = -2.4134 | g_L = +2.4134 | EMA = +2.3994 | std(g_L) = 0.9029 | grad = 0.2890
step   7200 | loss = -2.3696 | g_L = +2.3696 | EMA = +2.3977 | std(g_L) = 0.9485 | grad = 0.9008
step   7220 | loss = -2.3033 | g_L = +2.3033 | EMA = +2.3981 | std(g_L) = 0.8058 | grad = 0.9616
step   7240 | loss = -2.3899 | g_L = +2.3899 | EMA = +2.3916 | std(g_L) = 0.8772 | grad = 1.6272
step   7260 | loss = -2.4541 | g_L = +2.4541 | EMA = +2.3917 | std(g_L) = 0.8339 | grad = 0.4622
step   7280 | loss = -2.4259 | g_L = +2.4259 | EMA = +2.3950 | std(g_L) = 0.8059 | grad = 0.7138
step   7300 | loss = -2.5154 | g_L = +2.5154 | EMA = +2.3730 | std(g_L) = 0.9763 | grad = 1.0375
step   7320 | loss = -2.4015 | g_L = +2.4015 | EMA = +2.3882 | std(g_L) = 0.9100 | grad = 0.9239
step   7340 | loss = -2.3927 | g_L = +2.3927 | EMA = +2.3926 | std(g_L) = 0.8715 | grad = 0.5406
step   7360 | loss = -2.3029 | g_L = +2.3029 | EMA = +2.3870 | std(g_L) = 0.8940 | grad = 0.8461
step   7380 | loss = -2.3255 | g_L = +2.3255 | EMA = +2.3814 | std(g_L) = 0.9480 | grad = 0.6459
step   7400 | loss = -2.4913 | g_L = +2.4913 | EMA = +2.3883 | std(g_L) = 0.9123 | grad = 0.6190
step   7420 | loss = -2.3373 | g_L = +2.3373 | EMA = +2.4120 | std(g_L) = 0.9674 | grad = 0.3340
step   7440 | loss = -2.5100 | g_L = +2.5100 | EMA = +2.3945 | std(g_L) = 0.8243 | grad = 0.4848
step   7460 | loss = -2.3534 | g_L = +2.3534 | EMA = +2.3874 | std(g_L) = 0.9934 | grad = 0.2862
step   7480 | loss = -2.2809 | g_L = +2.2809 | EMA = +2.3997 | std(g_L) = 0.9727 | grad = 0.4557
step   7500 | loss = -2.1498 | g_L = +2.1498 | EMA = +2.3670 | std(g_L) = 1.0546 | grad = 0.1577
step   7520 | loss = -2.3246 | g_L = +2.3246 | EMA = +2.3846 | std(g_L) = 0.8657 | grad = 1.3476
step   7540 | loss = -2.4807 | g_L = +2.4807 | EMA = +2.3818 | std(g_L) = 0.7944 | grad = 0.6360
step   7560 | loss = -2.2988 | g_L = +2.2988 | EMA = +2.3921 | std(g_L) = 0.9769 | grad = 1.1048
step   7580 | loss = -2.2827 | g_L = +2.2827 | EMA = +2.3760 | std(g_L) = 0.9937 | grad = 0.3550
step   7600 | loss = -2.5592 | g_L = +2.5592 | EMA = +2.3852 | std(g_L) = 0.7067 | grad = 0.4491
step   7620 | loss = -2.4399 | g_L = +2.4399 | EMA = +2.3850 | std(g_L) = 0.8100 | grad = 0.7028
step   7640 | loss = -2.3859 | g_L = +2.3859 | EMA = +2.4084 | std(g_L) = 0.9456 | grad = 0.6338
step   7660 | loss = -2.3917 | g_L = +2.3917 | EMA = +2.3946 | std(g_L) = 0.9806 | grad = 0.7456
step   7680 | loss = -2.3547 | g_L = +2.3547 | EMA = +2.3647 | std(g_L) = 0.9244 | grad = 0.4215
step   7700 | loss = -2.4474 | g_L = +2.4474 | EMA = +2.3769 | std(g_L) = 0.7724 | grad = 1.1194
step   7720 | loss = -2.5240 | g_L = +2.5240 | EMA = +2.3830 | std(g_L) = 0.7726 | grad = 0.6415
step   7740 | loss = -2.3911 | g_L = +2.3911 | EMA = +2.3825 | std(g_L) = 0.8385 | grad = 1.7407
step   7760 | loss = -2.3648 | g_L = +2.3648 | EMA = +2.4012 | std(g_L) = 0.9378 | grad = 1.0187
step   7780 | loss = -2.2779 | g_L = +2.2779 | EMA = +2.3812 | std(g_L) = 0.9738 | grad = 0.5514
step   7800 | loss = -2.3908 | g_L = +2.3908 | EMA = +2.3992 | std(g_L) = 0.8483 | grad = 0.8899
step   7820 | loss = -2.3243 | g_L = +2.3243 | EMA = +2.3966 | std(g_L) = 0.8334 | grad = 1.2806
step   7840 | loss = -2.4142 | g_L = +2.4142 | EMA = +2.3882 | std(g_L) = 0.7408 | grad = 0.7863
step   7860 | loss = -2.2724 | g_L = +2.2724 | EMA = +2.3879 | std(g_L) = 0.8655 | grad = 0.6006
step   7880 | loss = -2.3663 | g_L = +2.3663 | EMA = +2.3823 | std(g_L) = 1.1023 | grad = 0.9497
step   7900 | loss = -2.2937 | g_L = +2.2937 | EMA = +2.4044 | std(g_L) = 0.9622 | grad = 0.9528
step   7920 | loss = -2.3317 | g_L = +2.3317 | EMA = +2.4179 | std(g_L) = 1.3052 | grad = 0.7123
step   7940 | loss = -2.4836 | g_L = +2.4836 | EMA = +2.3973 | std(g_L) = 0.8738 | grad = 0.4898
step   7960 | loss = -2.3782 | g_L = +2.3782 | EMA = +2.3878 | std(g_L) = 1.0925 | grad = 0.3131
step   7980 | loss = -2.3558 | g_L = +2.3558 | EMA = +2.3867 | std(g_L) = 0.9678 | grad = 0.6843
step   8000 | loss = -2.3074 | g_L = +2.3074 | EMA = +2.3895 | std(g_L) = 0.9701 | grad = 1.3302
step   8020 | loss = -2.4547 | g_L = +2.4547 | EMA = +2.3940 | std(g_L) = 0.8190 | grad = 1.1875
step   8040 | loss = -2.3874 | g_L = +2.3874 | EMA = +2.3942 | std(g_L) = 0.9121 | grad = 0.3077
step   8060 | loss = -2.3821 | g_L = +2.3821 | EMA = +2.3916 | std(g_L) = 0.8260 | grad = 0.6032
step   8080 | loss = -2.3658 | g_L = +2.3658 | EMA = +2.3856 | std(g_L) = 1.0464 | grad = 0.6813
step   8100 | loss = -2.3546 | g_L = +2.3546 | EMA = +2.3694 | std(g_L) = 0.9830 | grad = 0.8177
step   8120 | loss = -2.4544 | g_L = +2.4544 | EMA = +2.3976 | std(g_L) = 0.9397 | grad = 0.3806
step   8140 | loss = -2.4590 | g_L = +2.4590 | EMA = +2.3997 | std(g_L) = 1.0192 | grad = 0.3949
step   8160 | loss = -2.5084 | g_L = +2.5084 | EMA = +2.3981 | std(g_L) = 0.7611 | grad = 0.7163
step   8180 | loss = -2.4298 | g_L = +2.4298 | EMA = +2.3841 | std(g_L) = 0.8877 | grad = 0.7465
step   8200 | loss = -2.4444 | g_L = +2.4444 | EMA = +2.3917 | std(g_L) = 0.7592 | grad = 0.4303
step   8220 | loss = -2.4011 | g_L = +2.4011 | EMA = +2.3767 | std(g_L) = 0.9617 | grad = 0.8642
step   8240 | loss = -2.3656 | g_L = +2.3656 | EMA = +2.3916 | std(g_L) = 0.9218 | grad = 0.3825
step   8260 | loss = -2.4786 | g_L = +2.4786 | EMA = +2.3901 | std(g_L) = 0.8384 | grad = 0.6208
step   8280 | loss = -2.1640 | g_L = +2.1640 | EMA = +2.3808 | std(g_L) = 1.1641 | grad = 0.6988
step   8300 | loss = -2.3728 | g_L = +2.3728 | EMA = +2.3838 | std(g_L) = 1.0248 | grad = 0.7579
step   8320 | loss = -2.3850 | g_L = +2.3850 | EMA = +2.4081 | std(g_L) = 0.9580 | grad = 0.4248
step   8340 | loss = -2.4176 | g_L = +2.4176 | EMA = +2.4032 | std(g_L) = 0.8240 | grad = 1.1418
step   8360 | loss = -2.2486 | g_L = +2.2486 | EMA = +2.3859 | std(g_L) = 1.1279 | grad = 2.0650
step   8380 | loss = -2.2935 | g_L = +2.2935 | EMA = +2.3919 | std(g_L) = 0.9413 | grad = 0.8349
step   8400 | loss = -2.3741 | g_L = +2.3741 | EMA = +2.3950 | std(g_L) = 0.9236 | grad = 0.5440
step   8420 | loss = -2.3972 | g_L = +2.3972 | EMA = +2.4008 | std(g_L) = 0.8716 | grad = 1.2606
step   8440 | loss = -2.3292 | g_L = +2.3292 | EMA = +2.3865 | std(g_L) = 0.9475 | grad = 0.4904
step   8460 | loss = -2.4530 | g_L = +2.4530 | EMA = +2.4095 | std(g_L) = 0.8276 | grad = 0.2009
step   8480 | loss = -2.2938 | g_L = +2.2938 | EMA = +2.3721 | std(g_L) = 0.9743 | grad = 0.5751
step   8500 | loss = -2.4647 | g_L = +2.4647 | EMA = +2.3978 | std(g_L) = 0.8774 | grad = 0.6898
step   8520 | loss = -2.4862 | g_L = +2.4862 | EMA = +2.3942 | std(g_L) = 0.8143 | grad = 1.2062
step   8540 | loss = -2.3611 | g_L = +2.3611 | EMA = +2.4026 | std(g_L) = 0.9991 | grad = 0.6748
step   8560 | loss = -2.1518 | g_L = +2.1518 | EMA = +2.3692 | std(g_L) = 1.1800 | grad = 1.3619
step   8580 | loss = -2.3795 | g_L = +2.3795 | EMA = +2.3864 | std(g_L) = 0.8712 | grad = 0.6859
step   8600 | loss = -2.5869 | g_L = +2.5869 | EMA = +2.3895 | std(g_L) = 0.7715 | grad = 0.9099
step   8620 | loss = -2.4425 | g_L = +2.4425 | EMA = +2.3977 | std(g_L) = 0.8444 | grad = 1.1165
step   8640 | loss = -2.4814 | g_L = +2.4814 | EMA = +2.4083 | std(g_L) = 0.8358 | grad = 0.7518
step   8660 | loss = -2.3031 | g_L = +2.3031 | EMA = +2.3986 | std(g_L) = 0.9708 | grad = 0.7520
step   8680 | loss = -2.3214 | g_L = +2.3214 | EMA = +2.3780 | std(g_L) = 0.9240 | grad = 0.8230
step   8700 | loss = -2.2225 | g_L = +2.2225 | EMA = +2.3721 | std(g_L) = 1.2031 | grad = 0.6663
step   8720 | loss = -2.4303 | g_L = +2.4303 | EMA = +2.3712 | std(g_L) = 0.9745 | grad = 0.8304
step   8740 | loss = -2.3986 | g_L = +2.3986 | EMA = +2.4020 | std(g_L) = 0.9175 | grad = 0.6115
step   8760 | loss = -2.3976 | g_L = +2.3976 | EMA = +2.4005 | std(g_L) = 0.9723 | grad = 0.7875
step   8780 | loss = -2.3218 | g_L = +2.3218 | EMA = +2.4115 | std(g_L) = 0.9813 | grad = 0.6552
step   8800 | loss = -2.4203 | g_L = +2.4203 | EMA = +2.3975 | std(g_L) = 0.8044 | grad = 0.3565
step   8820 | loss = -2.3883 | g_L = +2.3883 | EMA = +2.3734 | std(g_L) = 0.9666 | grad = 1.0110
step   8840 | loss = -2.3290 | g_L = +2.3290 | EMA = +2.3704 | std(g_L) = 0.9468 | grad = 0.3655
step   8860 | loss = -2.2478 | g_L = +2.2478 | EMA = +2.3840 | std(g_L) = 0.9410 | grad = 0.6366
step   8880 | loss = -2.3219 | g_L = +2.3219 | EMA = +2.3550 | std(g_L) = 1.0264 | grad = 0.6627
step   8900 | loss = -2.4646 | g_L = +2.4646 | EMA = +2.3842 | std(g_L) = 0.8168 | grad = 0.4696
step   8920 | loss = -2.3214 | g_L = +2.3214 | EMA = +2.3853 | std(g_L) = 0.8942 | grad = 0.4206
step   8940 | loss = -2.2878 | g_L = +2.2878 | EMA = +2.3924 | std(g_L) = 1.0739 | grad = 0.6769
step   8960 | loss = -2.3227 | g_L = +2.3227 | EMA = +2.4076 | std(g_L) = 1.0085 | grad = 0.6648
step   8980 | loss = -2.3087 | g_L = +2.3087 | EMA = +2.3914 | std(g_L) = 0.8872 | grad = 0.6854
step   9000 | loss = -2.2998 | g_L = +2.2998 | EMA = +2.3764 | std(g_L) = 0.9575 | grad = 0.6110
step   9020 | loss = -2.2891 | g_L = +2.2891 | EMA = +2.3949 | std(g_L) = 0.8818 | grad = 0.8544
step   9040 | loss = -2.4502 | g_L = +2.4502 | EMA = +2.4155 | std(g_L) = 0.9195 | grad = 0.6336
step   9060 | loss = -2.3017 | g_L = +2.3017 | EMA = +2.4177 | std(g_L) = 0.9282 | grad = 0.5314
step   9080 | loss = -2.4628 | g_L = +2.4628 | EMA = +2.4045 | std(g_L) = 0.7365 | grad = 0.3118
step   9100 | loss = -2.2919 | g_L = +2.2919 | EMA = +2.3917 | std(g_L) = 1.0182 | grad = 0.7957
step   9120 | loss = -2.4147 | g_L = +2.4147 | EMA = +2.3849 | std(g_L) = 0.8246 | grad = 0.6519
step   9140 | loss = -2.3185 | g_L = +2.3185 | EMA = +2.3944 | std(g_L) = 0.9340 | grad = 0.6370
step   9160 | loss = -2.2688 | g_L = +2.2688 | EMA = +2.4014 | std(g_L) = 0.9968 | grad = 0.8458
step   9180 | loss = -2.3421 | g_L = +2.3421 | EMA = +2.4052 | std(g_L) = 1.0599 | grad = 0.5455
step   9200 | loss = -2.3378 | g_L = +2.3378 | EMA = +2.3912 | std(g_L) = 0.8171 | grad = 0.6605
step   9220 | loss = -2.4855 | g_L = +2.4855 | EMA = +2.3906 | std(g_L) = 0.8565 | grad = 0.5870
step   9240 | loss = -2.4332 | g_L = +2.4332 | EMA = +2.4077 | std(g_L) = 0.9568 | grad = 0.7209
step   9260 | loss = -2.2979 | g_L = +2.2979 | EMA = +2.3836 | std(g_L) = 1.0249 | grad = 0.8362
step   9280 | loss = -2.4457 | g_L = +2.4457 | EMA = +2.4104 | std(g_L) = 0.9429 | grad = 1.0315
step   9300 | loss = -2.3059 | g_L = +2.3059 | EMA = +2.4056 | std(g_L) = 1.0478 | grad = 1.0208
step   9320 | loss = -2.5736 | g_L = +2.5736 | EMA = +2.4084 | std(g_L) = 0.6941 | grad = 0.3526
step   9340 | loss = -2.3757 | g_L = +2.3757 | EMA = +2.3900 | std(g_L) = 0.9067 | grad = 0.8570
step   9360 | loss = -2.2613 | g_L = +2.2613 | EMA = +2.3841 | std(g_L) = 0.9762 | grad = 0.8306
step   9380 | loss = -2.3771 | g_L = +2.3771 | EMA = +2.3933 | std(g_L) = 0.8236 | grad = 0.9135
step   9400 | loss = -2.3661 | g_L = +2.3661 | EMA = +2.4070 | std(g_L) = 0.9420 | grad = 0.8344
step   9420 | loss = -2.3837 | g_L = +2.3837 | EMA = +2.3938 | std(g_L) = 0.8597 | grad = 0.9638
step   9440 | loss = -2.3443 | g_L = +2.3443 | EMA = +2.3850 | std(g_L) = 1.1540 | grad = 0.3997
step   9460 | loss = -2.3706 | g_L = +2.3706 | EMA = +2.3865 | std(g_L) = 0.8106 | grad = 0.9741
step   9480 | loss = -2.4068 | g_L = +2.4068 | EMA = +2.3980 | std(g_L) = 0.9506 | grad = 0.9860
step   9500 | loss = -2.4598 | g_L = +2.4598 | EMA = +2.4024 | std(g_L) = 0.7916 | grad = 0.1472
step   9520 | loss = -2.4468 | g_L = +2.4468 | EMA = +2.3923 | std(g_L) = 0.8440 | grad = 0.6481
step   9540 | loss = -2.4546 | g_L = +2.4546 | EMA = +2.4049 | std(g_L) = 0.7385 | grad = 0.7365
step   9560 | loss = -2.4273 | g_L = +2.4273 | EMA = +2.3925 | std(g_L) = 0.9336 | grad = 0.9852
step   9580 | loss = -2.4031 | g_L = +2.4031 | EMA = +2.3902 | std(g_L) = 0.9600 | grad = 0.3244
step   9600 | loss = -2.3156 | g_L = +2.3156 | EMA = +2.4004 | std(g_L) = 1.1085 | grad = 0.8299
step   9620 | loss = -2.3681 | g_L = +2.3681 | EMA = +2.3950 | std(g_L) = 0.8735 | grad = 0.3006
step   9640 | loss = -2.5002 | g_L = +2.5002 | EMA = +2.3909 | std(g_L) = 0.8601 | grad = 0.4255
step   9660 | loss = -2.3633 | g_L = +2.3633 | EMA = +2.3718 | std(g_L) = 1.0303 | grad = 0.5955
step   9680 | loss = -2.3865 | g_L = +2.3865 | EMA = +2.3740 | std(g_L) = 0.9657 | grad = 1.3779
step   9700 | loss = -2.3082 | g_L = +2.3082 | EMA = +2.3785 | std(g_L) = 0.9382 | grad = 0.4930
step   9720 | loss = -2.4762 | g_L = +2.4762 | EMA = +2.3848 | std(g_L) = 1.0246 | grad = 0.8408
step   9740 | loss = -2.5279 | g_L = +2.5279 | EMA = +2.3946 | std(g_L) = 0.8402 | grad = 0.1596
step   9760 | loss = -2.2986 | g_L = +2.2986 | EMA = +2.3792 | std(g_L) = 0.8224 | grad = 1.1351
step   9780 | loss = -2.4122 | g_L = +2.4122 | EMA = +2.3878 | std(g_L) = 0.8438 | grad = 0.6087
step   9800 | loss = -2.3932 | g_L = +2.3932 | EMA = +2.3728 | std(g_L) = 0.9705 | grad = 0.5704
step   9820 | loss = -2.4196 | g_L = +2.4196 | EMA = +2.3712 | std(g_L) = 0.9910 | grad = 0.5676
step   9840 | loss = -2.3680 | g_L = +2.3680 | EMA = +2.3828 | std(g_L) = 0.8934 | grad = 0.8843
step   9860 | loss = -2.4807 | g_L = +2.4807 | EMA = +2.4144 | std(g_L) = 0.8104 | grad = 0.8500
step   9880 | loss = -2.3525 | g_L = +2.3525 | EMA = +2.4037 | std(g_L) = 1.0438 | grad = 0.3659
step   9900 | loss = -2.2197 | g_L = +2.2197 | EMA = +2.3746 | std(g_L) = 1.1761 | grad = 1.2136
step   9920 | loss = -2.4379 | g_L = +2.4379 | EMA = +2.4014 | std(g_L) = 0.8433 | grad = 0.5560
step   9940 | loss = -2.4252 | g_L = +2.4252 | EMA = +2.4004 | std(g_L) = 1.0333 | grad = 1.3942
step   9960 | loss = -2.6228 | g_L = +2.6228 | EMA = +2.4328 | std(g_L) = 0.7719 | grad = 0.8516
step   9980 | loss = -2.4112 | g_L = +2.4112 | EMA = +2.3907 | std(g_L) = 0.9602 | grad = 1.0154
step  10000 | loss = -2.4877 | g_L = +2.4877 | EMA = +2.4117 | std(g_L) = 1.0557 | grad = 0.3638
step  10020 | loss = -2.2997 | g_L = +2.2997 | EMA = +2.3877 | std(g_L) = 0.9733 | grad = 0.6525
step  10040 | loss = -2.4027 | g_L = +2.4027 | EMA = +2.3771 | std(g_L) = 0.9137 | grad = 0.8964
step  10060 | loss = -2.5038 | g_L = +2.5038 | EMA = +2.3993 | std(g_L) = 0.8767 | grad = 0.5062
step  10080 | loss = -2.2566 | g_L = +2.2566 | EMA = +2.3885 | std(g_L) = 1.0344 | grad = 0.6874
step  10100 | loss = -2.4281 | g_L = +2.4281 | EMA = +2.4005 | std(g_L) = 0.7844 | grad = 0.4729
step  10120 | loss = -2.3655 | g_L = +2.3655 | EMA = +2.4007 | std(g_L) = 0.8788 | grad = 0.6111
step  10140 | loss = -2.2703 | g_L = +2.2703 | EMA = +2.3856 | std(g_L) = 1.0654 | grad = 1.2041
step  10160 | loss = -2.5191 | g_L = +2.5191 | EMA = +2.3864 | std(g_L) = 0.8536 | grad = 0.3982
step  10180 | loss = -2.4915 | g_L = +2.4915 | EMA = +2.4089 | std(g_L) = 0.8863 | grad = 0.7115
step  10200 | loss = -2.4467 | g_L = +2.4467 | EMA = +2.3976 | std(g_L) = 0.8412 | grad = 0.4899
step  10220 | loss = -2.3354 | g_L = +2.3354 | EMA = +2.3990 | std(g_L) = 0.8807 | grad = 0.5492
step  10240 | loss = -2.4856 | g_L = +2.4856 | EMA = +2.3998 | std(g_L) = 0.8088 | grad = 0.6131
step  10260 | loss = -2.3870 | g_L = +2.3870 | EMA = +2.3976 | std(g_L) = 0.8534 | grad = 0.8249
step  10280 | loss = -2.3216 | g_L = +2.3216 | EMA = +2.3886 | std(g_L) = 0.8454 | grad = 0.5133
step  10300 | loss = -2.3902 | g_L = +2.3902 | EMA = +2.4035 | std(g_L) = 0.7777 | grad = 1.3277
step  10320 | loss = -2.3721 | g_L = +2.3721 | EMA = +2.3928 | std(g_L) = 0.9135 | grad = 0.3072
step  10340 | loss = -2.4178 | g_L = +2.4178 | EMA = +2.3750 | std(g_L) = 0.7471 | grad = 0.7642
step  10360 | loss = -2.2888 | g_L = +2.2888 | EMA = +2.3585 | std(g_L) = 0.9781 | grad = 0.4526
step  10380 | loss = -2.5847 | g_L = +2.5847 | EMA = +2.4010 | std(g_L) = 0.7091 | grad = 0.4513
step  10400 | loss = -2.2418 | g_L = +2.2418 | EMA = +2.3882 | std(g_L) = 0.9263 | grad = 0.8198
step  10420 | loss = -2.3182 | g_L = +2.3182 | EMA = +2.3742 | std(g_L) = 0.9601 | grad = 0.7989
step  10440 | loss = -2.2233 | g_L = +2.2233 | EMA = +2.3661 | std(g_L) = 1.2358 | grad = 1.1194
step  10460 | loss = -2.3907 | g_L = +2.3907 | EMA = +2.3948 | std(g_L) = 0.9412 | grad = 0.6084
step  10480 | loss = -2.3434 | g_L = +2.3434 | EMA = +2.3874 | std(g_L) = 0.8811 | grad = 0.3174
step  10500 | loss = -2.4001 | g_L = +2.4001 | EMA = +2.4018 | std(g_L) = 0.8355 | grad = 0.3611
step  10520 | loss = -2.3029 | g_L = +2.3029 | EMA = +2.4093 | std(g_L) = 1.0341 | grad = 0.5084
step  10540 | loss = -2.4307 | g_L = +2.4307 | EMA = +2.4103 | std(g_L) = 0.8232 | grad = 0.6140
step  10560 | loss = -2.3938 | g_L = +2.3938 | EMA = +2.3729 | std(g_L) = 0.9369 | grad = 0.7739
step  10580 | loss = -2.4667 | g_L = +2.4667 | EMA = +2.3906 | std(g_L) = 0.8709 | grad = 0.7564
step  10600 | loss = -2.3226 | g_L = +2.3226 | EMA = +2.3848 | std(g_L) = 0.8967 | grad = 0.5865
step  10620 | loss = -2.4799 | g_L = +2.4799 | EMA = +2.4065 | std(g_L) = 0.8719 | grad = 0.2829
step  10640 | loss = -2.3499 | g_L = +2.3499 | EMA = +2.3916 | std(g_L) = 1.0115 | grad = 0.5144
step  10660 | loss = -2.4512 | g_L = +2.4512 | EMA = +2.4024 | std(g_L) = 0.8959 | grad = 1.0168
step  10680 | loss = -2.4588 | g_L = +2.4588 | EMA = +2.4103 | std(g_L) = 0.9097 | grad = 0.8544
step  10700 | loss = -2.5170 | g_L = +2.5170 | EMA = +2.4189 | std(g_L) = 0.8270 | grad = 0.5219
step  10720 | loss = -2.3524 | g_L = +2.3524 | EMA = +2.4080 | std(g_L) = 0.7515 | grad = 0.3558
step  10740 | loss = -2.3504 | g_L = +2.3504 | EMA = +2.4032 | std(g_L) = 0.9407 | grad = 0.9789
step  10760 | loss = -2.4334 | g_L = +2.4334 | EMA = +2.4090 | std(g_L) = 0.8877 | grad = 1.1550
step  10780 | loss = -2.4347 | g_L = +2.4347 | EMA = +2.4178 | std(g_L) = 0.7662 | grad = 0.3872
step  10800 | loss = -2.5030 | g_L = +2.5030 | EMA = +2.4014 | std(g_L) = 0.7640 | grad = 0.3982
step  10820 | loss = -2.3716 | g_L = +2.3716 | EMA = +2.3913 | std(g_L) = 0.8760 | grad = 0.7919
step  10840 | loss = -2.5128 | g_L = +2.5128 | EMA = +2.3912 | std(g_L) = 0.8674 | grad = 0.4238
step  10860 | loss = -2.4548 | g_L = +2.4548 | EMA = +2.4094 | std(g_L) = 1.0604 | grad = 0.2531
step  10880 | loss = -2.4473 | g_L = +2.4473 | EMA = +2.4103 | std(g_L) = 0.8706 | grad = 0.7681
step  10900 | loss = -2.4282 | g_L = +2.4282 | EMA = +2.3939 | std(g_L) = 0.8546 | grad = 1.0497
step  10920 | loss = -2.3364 | g_L = +2.3364 | EMA = +2.3893 | std(g_L) = 0.7841 | grad = 0.9511
step  10940 | loss = -2.3308 | g_L = +2.3308 | EMA = +2.3865 | std(g_L) = 1.0334 | grad = 1.0239
step  10960 | loss = -2.5153 | g_L = +2.5153 | EMA = +2.3917 | std(g_L) = 0.8336 | grad = 0.9985
step  10980 | loss = -2.3414 | g_L = +2.3414 | EMA = +2.3828 | std(g_L) = 1.0356 | grad = 0.8934
step  11000 | loss = -2.4537 | g_L = +2.4537 | EMA = +2.4082 | std(g_L) = 0.8104 | grad = 0.6595
step  11020 | loss = -2.2917 | g_L = +2.2917 | EMA = +2.3852 | std(g_L) = 0.9479 | grad = 1.0511
step  11040 | loss = -2.4068 | g_L = +2.4068 | EMA = +2.4167 | std(g_L) = 0.9523 | grad = 0.6524
step  11060 | loss = -2.4663 | g_L = +2.4663 | EMA = +2.3850 | std(g_L) = 0.7888 | grad = 1.1043
step  11080 | loss = -2.2763 | g_L = +2.2763 | EMA = +2.3749 | std(g_L) = 1.0953 | grad = 0.5254
step  11100 | loss = -2.3795 | g_L = +2.3795 | EMA = +2.3778 | std(g_L) = 0.9053 | grad = 0.6132
step  11120 | loss = -2.4112 | g_L = +2.4112 | EMA = +2.3844 | std(g_L) = 0.9579 | grad = 0.8844
step  11140 | loss = -2.1997 | g_L = +2.1997 | EMA = +2.3683 | std(g_L) = 1.1033 | grad = 0.9853
step  11160 | loss = -2.3031 | g_L = +2.3031 | EMA = +2.3879 | std(g_L) = 0.9355 | grad = 0.9376
step  11180 | loss = -2.3153 | g_L = +2.3153 | EMA = +2.3771 | std(g_L) = 0.9709 | grad = 0.5682
step  11200 | loss = -2.4481 | g_L = +2.4481 | EMA = +2.3970 | std(g_L) = 0.7589 | grad = 0.3421
step  11220 | loss = -2.4809 | g_L = +2.4809 | EMA = +2.3932 | std(g_L) = 0.8946 | grad = 0.9890
step  11240 | loss = -2.5930 | g_L = +2.5930 | EMA = +2.4024 | std(g_L) = 0.8108 | grad = 0.6020
step  11260 | loss = -2.4127 | g_L = +2.4127 | EMA = +2.3863 | std(g_L) = 0.8513 | grad = 0.3444
step  11280 | loss = -2.3967 | g_L = +2.3967 | EMA = +2.3999 | std(g_L) = 1.0063 | grad = 0.3766
step  11300 | loss = -2.3016 | g_L = +2.3016 | EMA = +2.3953 | std(g_L) = 0.9960 | grad = 0.9880
step  11320 | loss = -2.3632 | g_L = +2.3632 | EMA = +2.3857 | std(g_L) = 0.7981 | grad = 0.5228
step  11340 | loss = -2.3127 | g_L = +2.3127 | EMA = +2.3993 | std(g_L) = 1.0571 | grad = 0.2369
step  11360 | loss = -2.3952 | g_L = +2.3952 | EMA = +2.3943 | std(g_L) = 0.9390 | grad = 0.2517
step  11380 | loss = -2.3653 | g_L = +2.3653 | EMA = +2.4088 | std(g_L) = 0.9865 | grad = 0.3764
step  11400 | loss = -2.3365 | g_L = +2.3365 | EMA = +2.3989 | std(g_L) = 0.9883 | grad = 0.6352
step  11420 | loss = -2.4268 | g_L = +2.4268 | EMA = +2.4057 | std(g_L) = 0.8297 | grad = 0.3370
step  11440 | loss = -2.4741 | g_L = +2.4741 | EMA = +2.3904 | std(g_L) = 0.8215 | grad = 0.8803
step  11460 | loss = -2.4184 | g_L = +2.4184 | EMA = +2.3854 | std(g_L) = 0.8835 | grad = 0.7554
step  11480 | loss = -2.4818 | g_L = +2.4818 | EMA = +2.3993 | std(g_L) = 0.8816 | grad = 0.7519
step  11500 | loss = -2.3432 | g_L = +2.3432 | EMA = +2.4149 | std(g_L) = 0.9344 | grad = 0.5296
step  11520 | loss = -2.4588 | g_L = +2.4588 | EMA = +2.4215 | std(g_L) = 0.8101 | grad = 0.7551
step  11540 | loss = -2.4997 | g_L = +2.4997 | EMA = +2.4155 | std(g_L) = 0.9159 | grad = 0.5243
step  11560 | loss = -2.3058 | g_L = +2.3058 | EMA = +2.3903 | std(g_L) = 0.8034 | grad = 0.8606
step  11580 | loss = -2.4197 | g_L = +2.4197 | EMA = +2.3998 | std(g_L) = 0.9218 | grad = 0.7659
step  11600 | loss = -2.4641 | g_L = +2.4641 | EMA = +2.4203 | std(g_L) = 0.9794 | grad = 0.7751
step  11620 | loss = -2.4913 | g_L = +2.4913 | EMA = +2.4045 | std(g_L) = 0.8683 | grad = 0.4939
step  11640 | loss = -2.2712 | g_L = +2.2712 | EMA = +2.3972 | std(g_L) = 1.0559 | grad = 0.7520
step  11660 | loss = -2.2390 | g_L = +2.2390 | EMA = +2.3886 | std(g_L) = 0.9629 | grad = 0.5064
step  11680 | loss = -2.4394 | g_L = +2.4394 | EMA = +2.3890 | std(g_L) = 0.9997 | grad = 1.2586
step  11700 | loss = -2.2358 | g_L = +2.2358 | EMA = +2.3805 | std(g_L) = 1.0055 | grad = 0.7884
step  11720 | loss = -2.2996 | g_L = +2.2996 | EMA = +2.3757 | std(g_L) = 0.9457 | grad = 0.5735
step  11740 | loss = -2.5713 | g_L = +2.5713 | EMA = +2.4029 | std(g_L) = 0.8421 | grad = 0.8442
step  11760 | loss = -2.4113 | g_L = +2.4113 | EMA = +2.4248 | std(g_L) = 0.7257 | grad = 0.6317
step  11780 | loss = -2.3242 | g_L = +2.3242 | EMA = +2.3961 | std(g_L) = 1.0601 | grad = 0.7509
step  11800 | loss = -2.4802 | g_L = +2.4802 | EMA = +2.4103 | std(g_L) = 0.9386 | grad = 0.7032
step  11820 | loss = -2.4673 | g_L = +2.4673 | EMA = +2.4112 | std(g_L) = 0.9492 | grad = 0.7663
step  11840 | loss = -2.3813 | g_L = +2.3813 | EMA = +2.4170 | std(g_L) = 0.9255 | grad = 0.7605
step  11860 | loss = -2.4534 | g_L = +2.4534 | EMA = +2.4111 | std(g_L) = 0.9039 | grad = 1.1290
step  11880 | loss = -2.4447 | g_L = +2.4447 | EMA = +2.4033 | std(g_L) = 0.7726 | grad = 1.3310
step  11900 | loss = -2.3884 | g_L = +2.3884 | EMA = +2.3852 | std(g_L) = 0.8295 | grad = 0.9261
step  11920 | loss = -2.4127 | g_L = +2.4127 | EMA = +2.3742 | std(g_L) = 0.7505 | grad = 0.5152
step  11940 | loss = -2.5338 | g_L = +2.5338 | EMA = +2.3763 | std(g_L) = 0.8040 | grad = 0.8825
step  11960 | loss = -2.2540 | g_L = +2.2540 | EMA = +2.3783 | std(g_L) = 1.0452 | grad = 0.6451
step  11980 | loss = -2.3753 | g_L = +2.3753 | EMA = +2.3627 | std(g_L) = 0.9794 | grad = 0.4174
step  12000 | loss = -2.2991 | g_L = +2.2991 | EMA = +2.3753 | std(g_L) = 0.9761 | grad = 0.4868
step  12020 | loss = -2.4935 | g_L = +2.4935 | EMA = +2.4015 | std(g_L) = 0.9324 | grad = 0.9377
step  12040 | loss = -2.3955 | g_L = +2.3955 | EMA = +2.4034 | std(g_L) = 0.9992 | grad = 0.9310
step  12060 | loss = -2.5065 | g_L = +2.5065 | EMA = +2.3947 | std(g_L) = 0.8251 | grad = 0.3176
step  12080 | loss = -2.4292 | g_L = +2.4292 | EMA = +2.3988 | std(g_L) = 0.8100 | grad = 1.1141
step  12100 | loss = -2.3574 | g_L = +2.3574 | EMA = +2.3885 | std(g_L) = 0.7959 | grad = 1.0829
step  12120 | loss = -2.4828 | g_L = +2.4828 | EMA = +2.4009 | std(g_L) = 0.9190 | grad = 1.0511
step  12140 | loss = -2.3828 | g_L = +2.3828 | EMA = +2.3912 | std(g_L) = 1.0444 | grad = 0.9890
step  12160 | loss = -2.4450 | g_L = +2.4450 | EMA = +2.4199 | std(g_L) = 0.9153 | grad = 0.5868
step  12180 | loss = -2.2919 | g_L = +2.2919 | EMA = +2.3656 | std(g_L) = 0.9914 | grad = 0.5665
step  12200 | loss = -2.4684 | g_L = +2.4684 | EMA = +2.3800 | std(g_L) = 0.8013 | grad = 0.2476
step  12220 | loss = -2.2945 | g_L = +2.2945 | EMA = +2.3642 | std(g_L) = 1.0565 | grad = 0.5792
step  12240 | loss = -2.4526 | g_L = +2.4526 | EMA = +2.3970 | std(g_L) = 0.8898 | grad = 0.5023
step  12260 | loss = -2.4494 | g_L = +2.4494 | EMA = +2.3830 | std(g_L) = 0.9976 | grad = 0.5034
step  12280 | loss = -2.4349 | g_L = +2.4349 | EMA = +2.4008 | std(g_L) = 0.7972 | grad = 0.7050
step  12300 | loss = -2.5410 | g_L = +2.5410 | EMA = +2.3930 | std(g_L) = 0.8527 | grad = 0.6131
step  12320 | loss = -2.4502 | g_L = +2.4502 | EMA = +2.4092 | std(g_L) = 1.0533 | grad = 0.6624
step  12340 | loss = -2.2842 | g_L = +2.2842 | EMA = +2.3903 | std(g_L) = 1.0487 | grad = 0.7400
step  12360 | loss = -2.3504 | g_L = +2.3504 | EMA = +2.3902 | std(g_L) = 1.0462 | grad = 0.6924
step  12380 | loss = -2.3652 | g_L = +2.3652 | EMA = +2.3973 | std(g_L) = 0.8099 | grad = 0.2745
step  12400 | loss = -2.3122 | g_L = +2.3122 | EMA = +2.3966 | std(g_L) = 0.9386 | grad = 0.6990
step  12420 | loss = -2.4616 | g_L = +2.4616 | EMA = +2.4024 | std(g_L) = 0.8616 | grad = 1.2219
step  12440 | loss = -2.3601 | g_L = +2.3601 | EMA = +2.3727 | std(g_L) = 1.0308 | grad = 0.4189
step  12460 | loss = -2.3687 | g_L = +2.3687 | EMA = +2.3724 | std(g_L) = 1.0643 | grad = 0.6521
step  12480 | loss = -2.4039 | g_L = +2.4039 | EMA = +2.3782 | std(g_L) = 0.9260 | grad = 0.5064
step  12500 | loss = -2.4353 | g_L = +2.4353 | EMA = +2.3689 | std(g_L) = 1.0492 | grad = 0.6234
step  12520 | loss = -2.3766 | g_L = +2.3766 | EMA = +2.3673 | std(g_L) = 0.9905 | grad = 0.5028
step  12540 | loss = -2.4626 | g_L = +2.4626 | EMA = +2.3998 | std(g_L) = 0.9144 | grad = 0.5608
step  12560 | loss = -2.4934 | g_L = +2.4934 | EMA = +2.3944 | std(g_L) = 0.7818 | grad = 0.4528
step  12580 | loss = -2.4655 | g_L = +2.4655 | EMA = +2.3995 | std(g_L) = 0.7834 | grad = 0.6454
step  12600 | loss = -2.3321 | g_L = +2.3321 | EMA = +2.4222 | std(g_L) = 0.9659 | grad = 1.0400
step  12620 | loss = -2.3982 | g_L = +2.3982 | EMA = +2.4009 | std(g_L) = 0.8469 | grad = 0.7005
step  12640 | loss = -2.3671 | g_L = +2.3671 | EMA = +2.4083 | std(g_L) = 0.8614 | grad = 0.6396
step  12660 | loss = -2.3568 | g_L = +2.3568 | EMA = +2.4057 | std(g_L) = 0.8284 | grad = 0.3508
step  12680 | loss = -2.2948 | g_L = +2.2948 | EMA = +2.4092 | std(g_L) = 1.1055 | grad = 0.5945
step  12700 | loss = -2.3377 | g_L = +2.3377 | EMA = +2.3804 | std(g_L) = 1.0506 | grad = 0.7480
step  12720 | loss = -2.3731 | g_L = +2.3731 | EMA = +2.4024 | std(g_L) = 0.8332 | grad = 1.3098
step  12740 | loss = -2.3202 | g_L = +2.3202 | EMA = +2.4082 | std(g_L) = 0.9468 | grad = 1.1987
step  12760 | loss = -2.3980 | g_L = +2.3980 | EMA = +2.3906 | std(g_L) = 0.9158 | grad = 0.6074
step  12780 | loss = -2.4808 | g_L = +2.4808 | EMA = +2.3845 | std(g_L) = 0.9584 | grad = 0.7318
step  12800 | loss = -2.5161 | g_L = +2.5161 | EMA = +2.4008 | std(g_L) = 0.8355 | grad = 0.7053
step  12820 | loss = -2.3818 | g_L = +2.3818 | EMA = +2.3882 | std(g_L) = 0.9147 | grad = 0.5178
step  12840 | loss = -2.4170 | g_L = +2.4170 | EMA = +2.3905 | std(g_L) = 0.9255 | grad = 0.7834
step  12860 | loss = -2.4043 | g_L = +2.4043 | EMA = +2.4157 | std(g_L) = 0.8888 | grad = 0.6021
step  12880 | loss = -2.3655 | g_L = +2.3655 | EMA = +2.3933 | std(g_L) = 0.8830 | grad = 0.2874
step  12900 | loss = -2.6412 | g_L = +2.6412 | EMA = +2.4075 | std(g_L) = 0.8535 | grad = 0.8280
step  12920 | loss = -2.5637 | g_L = +2.5637 | EMA = +2.3908 | std(g_L) = 0.8258 | grad = 0.5136
step  12940 | loss = -2.3944 | g_L = +2.3944 | EMA = +2.3860 | std(g_L) = 0.8868 | grad = 0.6421
step  12960 | loss = -2.3747 | g_L = +2.3747 | EMA = +2.3907 | std(g_L) = 0.7978 | grad = 1.2661
step  12980 | loss = -2.3531 | g_L = +2.3531 | EMA = +2.3922 | std(g_L) = 1.0852 | grad = 0.7129
step  13000 | loss = -2.4733 | g_L = +2.4733 | EMA = +2.3802 | std(g_L) = 0.9200 | grad = 0.7496
step  13020 | loss = -2.5241 | g_L = +2.5241 | EMA = +2.3952 | std(g_L) = 0.8356 | grad = 0.9361
step  13040 | loss = -2.4000 | g_L = +2.4000 | EMA = +2.3934 | std(g_L) = 0.8657 | grad = 1.1271
step  13060 | loss = -2.4168 | g_L = +2.4168 | EMA = +2.4021 | std(g_L) = 0.8307 | grad = 1.0098
step  13080 | loss = -2.4416 | g_L = +2.4416 | EMA = +2.4105 | std(g_L) = 0.9294 | grad = 0.9749
step  13100 | loss = -2.4763 | g_L = +2.4763 | EMA = +2.3951 | std(g_L) = 0.9485 | grad = 1.0413
step  13120 | loss = -2.3927 | g_L = +2.3927 | EMA = +2.3876 | std(g_L) = 0.9437 | grad = 0.7268
step  13140 | loss = -2.4046 | g_L = +2.4046 | EMA = +2.3730 | std(g_L) = 0.8102 | grad = 0.6884
step  13160 | loss = -2.3345 | g_L = +2.3345 | EMA = +2.3768 | std(g_L) = 0.8526 | grad = 0.7620
step  13180 | loss = -2.3550 | g_L = +2.3550 | EMA = +2.3877 | std(g_L) = 1.0967 | grad = 0.5611
step  13200 | loss = -2.3735 | g_L = +2.3735 | EMA = +2.3966 | std(g_L) = 1.0385 | grad = 1.2446
step  13220 | loss = -2.4941 | g_L = +2.4941 | EMA = +2.4090 | std(g_L) = 0.8658 | grad = 0.4757
step  13240 | loss = -2.3181 | g_L = +2.3181 | EMA = +2.3952 | std(g_L) = 0.9270 | grad = 0.8182
step  13260 | loss = -2.2874 | g_L = +2.2874 | EMA = +2.4018 | std(g_L) = 1.0250 | grad = 0.3158
step  13280 | loss = -2.5237 | g_L = +2.5237 | EMA = +2.3828 | std(g_L) = 0.7360 | grad = 0.3036
step  13300 | loss = -2.5036 | g_L = +2.5036 | EMA = +2.4145 | std(g_L) = 0.8417 | grad = 0.6238
step  13320 | loss = -2.3849 | g_L = +2.3849 | EMA = +2.4341 | std(g_L) = 0.9182 | grad = 0.6754
step  13340 | loss = -2.3740 | g_L = +2.3740 | EMA = +2.4034 | std(g_L) = 0.9017 | grad = 0.9359
step  13360 | loss = -2.5458 | g_L = +2.5458 | EMA = +2.4157 | std(g_L) = 0.9285 | grad = 0.2621
step  13380 | loss = -2.4908 | g_L = +2.4908 | EMA = +2.4149 | std(g_L) = 0.9655 | grad = 0.5805
step  13400 | loss = -2.4892 | g_L = +2.4892 | EMA = +2.4182 | std(g_L) = 0.7858 | grad = 0.7615
step  13420 | loss = -2.4153 | g_L = +2.4153 | EMA = +2.4034 | std(g_L) = 1.0317 | grad = 0.7315
step  13440 | loss = -2.4105 | g_L = +2.4105 | EMA = +2.4054 | std(g_L) = 0.8599 | grad = 0.5457
step  13460 | loss = -2.5058 | g_L = +2.5058 | EMA = +2.4059 | std(g_L) = 0.8573 | grad = 0.6122
step  13480 | loss = -2.3027 | g_L = +2.3027 | EMA = +2.3937 | std(g_L) = 1.0053 | grad = 0.8020
step  13500 | loss = -2.5064 | g_L = +2.5064 | EMA = +2.3954 | std(g_L) = 0.8587 | grad = 0.7300
step  13520 | loss = -2.3433 | g_L = +2.3433 | EMA = +2.3809 | std(g_L) = 0.8658 | grad = 0.7914
step  13540 | loss = -2.2854 | g_L = +2.2854 | EMA = +2.3783 | std(g_L) = 0.9150 | grad = 0.7808
step  13560 | loss = -2.4393 | g_L = +2.4393 | EMA = +2.3855 | std(g_L) = 0.8992 | grad = 0.7527
step  13580 | loss = -2.3117 | g_L = +2.3117 | EMA = +2.3842 | std(g_L) = 0.7868 | grad = 0.9711
step  13600 | loss = -2.4075 | g_L = +2.4075 | EMA = +2.3883 | std(g_L) = 0.8773 | grad = 0.6499
step  13620 | loss = -2.3959 | g_L = +2.3959 | EMA = +2.3849 | std(g_L) = 1.1531 | grad = 0.4712
step  13640 | loss = -2.4139 | g_L = +2.4139 | EMA = +2.3972 | std(g_L) = 0.9676 | grad = 0.8791
step  13660 | loss = -2.4157 | g_L = +2.4157 | EMA = +2.3899 | std(g_L) = 1.0153 | grad = 0.2957
step  13680 | loss = -2.4252 | g_L = +2.4252 | EMA = +2.4057 | std(g_L) = 0.9915 | grad = 0.9994
step  13700 | loss = -2.4055 | g_L = +2.4055 | EMA = +2.3893 | std(g_L) = 0.8210 | grad = 0.7563
step  13720 | loss = -2.3810 | g_L = +2.3810 | EMA = +2.3962 | std(g_L) = 0.9243 | grad = 0.9478
step  13740 | loss = -2.4925 | g_L = +2.4925 | EMA = +2.3881 | std(g_L) = 0.9418 | grad = 1.1045
step  13760 | loss = -2.2429 | g_L = +2.2429 | EMA = +2.3864 | std(g_L) = 0.9680 | grad = 1.1701
step  13780 | loss = -2.4084 | g_L = +2.4084 | EMA = +2.3883 | std(g_L) = 0.9733 | grad = 0.4148
step  13800 | loss = -2.5354 | g_L = +2.5354 | EMA = +2.3922 | std(g_L) = 0.7812 | grad = 1.0756
step  13820 | loss = -2.3994 | g_L = +2.3994 | EMA = +2.3897 | std(g_L) = 0.8162 | grad = 0.8978
step  13840 | loss = -2.3513 | g_L = +2.3513 | EMA = +2.3885 | std(g_L) = 0.8972 | grad = 0.6173
step  13860 | loss = -2.3405 | g_L = +2.3405 | EMA = +2.3871 | std(g_L) = 0.8803 | grad = 1.1099
step  13880 | loss = -2.3100 | g_L = +2.3100 | EMA = +2.3683 | std(g_L) = 0.8809 | grad = 0.6408
step  13900 | loss = -2.4478 | g_L = +2.4478 | EMA = +2.3674 | std(g_L) = 0.8745 | grad = 0.6095
step  13920 | loss = -2.3873 | g_L = +2.3873 | EMA = +2.3751 | std(g_L) = 0.9508 | grad = 1.4430
step  13940 | loss = -2.5943 | g_L = +2.5943 | EMA = +2.4000 | std(g_L) = 0.9283 | grad = 0.3811
step  13960 | loss = -2.4465 | g_L = +2.4465 | EMA = +2.4059 | std(g_L) = 0.7326 | grad = 1.1914
step  13980 | loss = -2.1732 | g_L = +2.1732 | EMA = +2.3935 | std(g_L) = 1.0754 | grad = 0.7108
step  14000 | loss = -2.4529 | g_L = +2.4529 | EMA = +2.4064 | std(g_L) = 0.8584 | grad = 1.0551
step  14020 | loss = -2.3202 | g_L = +2.3202 | EMA = +2.4090 | std(g_L) = 0.9358 | grad = 0.5850
step  14040 | loss = -2.4351 | g_L = +2.4351 | EMA = +2.4116 | std(g_L) = 0.8856 | grad = 0.2752
step  14060 | loss = -2.3824 | g_L = +2.3824 | EMA = +2.3821 | std(g_L) = 0.8599 | grad = 0.4141
step  14080 | loss = -2.5100 | g_L = +2.5100 | EMA = +2.3927 | std(g_L) = 0.7959 | grad = 0.6207
step  14100 | loss = -2.3663 | g_L = +2.3663 | EMA = +2.3982 | std(g_L) = 1.0496 | grad = 0.4667
step  14120 | loss = -2.4805 | g_L = +2.4805 | EMA = +2.3981 | std(g_L) = 0.8289 | grad = 0.7678
step  14140 | loss = -2.4612 | g_L = +2.4612 | EMA = +2.3906 | std(g_L) = 0.8794 | grad = 0.3184
step  14160 | loss = -2.3885 | g_L = +2.3885 | EMA = +2.4099 | std(g_L) = 1.1435 | grad = 0.6379
step  14180 | loss = -2.3518 | g_L = +2.3518 | EMA = +2.4044 | std(g_L) = 0.9850 | grad = 1.1087
step  14200 | loss = -2.4249 | g_L = +2.4249 | EMA = +2.4061 | std(g_L) = 0.8418 | grad = 1.3251
step  14220 | loss = -2.3625 | g_L = +2.3625 | EMA = +2.4001 | std(g_L) = 0.8617 | grad = 1.2084
step  14240 | loss = -2.3474 | g_L = +2.3474 | EMA = +2.3958 | std(g_L) = 0.7846 | grad = 0.3756
step  14260 | loss = -2.3794 | g_L = +2.3794 | EMA = +2.3984 | std(g_L) = 0.9547 | grad = 1.5255
step  14280 | loss = -2.4561 | g_L = +2.4561 | EMA = +2.4098 | std(g_L) = 0.9721 | grad = 1.4619
step  14300 | loss = -2.4465 | g_L = +2.4465 | EMA = +2.4127 | std(g_L) = 0.8994 | grad = 0.6517
step  14320 | loss = -2.5106 | g_L = +2.5106 | EMA = +2.4276 | std(g_L) = 0.7888 | grad = 0.5181
step  14340 | loss = -2.3476 | g_L = +2.3476 | EMA = +2.4171 | std(g_L) = 0.8987 | grad = 1.0362
step  14360 | loss = -2.3007 | g_L = +2.3007 | EMA = +2.3942 | std(g_L) = 1.0174 | grad = 0.6039
step  14380 | loss = -2.3280 | g_L = +2.3280 | EMA = +2.4083 | std(g_L) = 1.0903 | grad = 0.3839
step  14400 | loss = -2.6229 | g_L = +2.6229 | EMA = +2.3998 | std(g_L) = 0.7600 | grad = 1.0338
step  14420 | loss = -2.4035 | g_L = +2.4035 | EMA = +2.3977 | std(g_L) = 0.7301 | grad = 0.4588
step  14440 | loss = -2.4270 | g_L = +2.4270 | EMA = +2.3791 | std(g_L) = 0.9139 | grad = 1.0352
step  14460 | loss = -2.5379 | g_L = +2.5379 | EMA = +2.4010 | std(g_L) = 0.8818 | grad = 0.6590
step  14480 | loss = -2.4545 | g_L = +2.4545 | EMA = +2.3827 | std(g_L) = 0.7250 | grad = 0.9934
step  14500 | loss = -2.4325 | g_L = +2.4325 | EMA = +2.3940 | std(g_L) = 1.0128 | grad = 0.7006
step  14520 | loss = -2.5209 | g_L = +2.5209 | EMA = +2.4016 | std(g_L) = 0.8342 | grad = 1.5826
step  14540 | loss = -2.2603 | g_L = +2.2603 | EMA = +2.3987 | std(g_L) = 0.8916 | grad = 1.3995
step  14560 | loss = -2.3658 | g_L = +2.3658 | EMA = +2.3889 | std(g_L) = 0.9002 | grad = 0.9820
step  14580 | loss = -2.4448 | g_L = +2.4448 | EMA = +2.3936 | std(g_L) = 0.8653 | grad = 0.6281
step  14600 | loss = -2.2723 | g_L = +2.2723 | EMA = +2.4074 | std(g_L) = 1.0606 | grad = 0.6985
step  14620 | loss = -2.5906 | g_L = +2.5906 | EMA = +2.3994 | std(g_L) = 0.8218 | grad = 0.5932
step  14640 | loss = -2.5113 | g_L = +2.5113 | EMA = +2.3992 | std(g_L) = 0.8220 | grad = 0.3743
step  14660 | loss = -2.4204 | g_L = +2.4204 | EMA = +2.3924 | std(g_L) = 1.0126 | grad = 0.4907
step  14680 | loss = -2.4200 | g_L = +2.4200 | EMA = +2.3976 | std(g_L) = 0.8151 | grad = 0.9655
step  14700 | loss = -2.4797 | g_L = +2.4797 | EMA = +2.3871 | std(g_L) = 0.7619 | grad = 0.6393
step  14720 | loss = -2.5321 | g_L = +2.5321 | EMA = +2.3977 | std(g_L) = 0.8907 | grad = 0.4485
step  14740 | loss = -2.3959 | g_L = +2.3959 | EMA = +2.3837 | std(g_L) = 0.9609 | grad = 0.4753
step  14760 | loss = -2.3039 | g_L = +2.3039 | EMA = +2.3885 | std(g_L) = 0.9753 | grad = 0.9609
step  14780 | loss = -2.3360 | g_L = +2.3360 | EMA = +2.3758 | std(g_L) = 0.9496 | grad = 0.7065
step  14800 | loss = -2.3244 | g_L = +2.3244 | EMA = +2.3877 | std(g_L) = 0.9022 | grad = 1.2219
step  14820 | loss = -2.3397 | g_L = +2.3397 | EMA = +2.3774 | std(g_L) = 0.8981 | grad = 0.9449
step  14840 | loss = -2.3588 | g_L = +2.3588 | EMA = +2.3762 | std(g_L) = 1.0185 | grad = 0.6694
step  14860 | loss = -2.2564 | g_L = +2.2564 | EMA = +2.3882 | std(g_L) = 0.9694 | grad = 0.9184
step  14880 | loss = -2.3750 | g_L = +2.3750 | EMA = +2.3831 | std(g_L) = 0.9626 | grad = 0.7535
step  14900 | loss = -2.3143 | g_L = +2.3143 | EMA = +2.3801 | std(g_L) = 0.9550 | grad = 0.5161
step  14920 | loss = -2.3354 | g_L = +2.3354 | EMA = +2.4118 | std(g_L) = 1.1460 | grad = 1.4529
step  14940 | loss = -2.2923 | g_L = +2.2923 | EMA = +2.3982 | std(g_L) = 1.0841 | grad = 1.1350
step  14960 | loss = -2.2323 | g_L = +2.2323 | EMA = +2.3951 | std(g_L) = 1.0846 | grad = 0.9761
step  14980 | loss = -2.2452 | g_L = +2.2452 | EMA = +2.3869 | std(g_L) = 1.0096 | grad = 0.4205
step  15000 | loss = -2.4541 | g_L = +2.4541 | EMA = +2.3988 | std(g_L) = 0.8970 | grad = 0.5451
T=6 finished.

============================================================
T = 8
L = 128
Batch size = 128
Steps = 15000
Checkpoints = model_checkpoints/fixed_sigma_sweep/T8_L128_B128
============================================================
step      1 | loss = -0.3410 | g_L = +0.3410 | EMA = +0.3410 | std(g_L) = 0.7326 | grad = 0.1330
step     20 | loss = -0.4297 | g_L = +0.4297 | EMA = +0.3557 | std(g_L) = 0.7863 | grad = 0.1785
step     40 | loss = -0.6005 | g_L = +0.6005 | EMA = +0.4131 | std(g_L) = 0.8944 | grad = 0.2499
step     60 | loss = -0.5534 | g_L = +0.5534 | EMA = +0.4842 | std(g_L) = 1.1192 | grad = 0.1862
step     80 | loss = -0.8467 | g_L = +0.8467 | EMA = +0.5903 | std(g_L) = 1.1762 | grad = 0.3167
step    100 | loss = -0.7971 | g_L = +0.7971 | EMA = +0.6364 | std(g_L) = 1.2041 | grad = 0.2400
step    120 | loss = -0.8195 | g_L = +0.8195 | EMA = +0.7436 | std(g_L) = 1.2926 | grad = 0.7295
step    140 | loss = -1.0223 | g_L = +1.0223 | EMA = +0.8943 | std(g_L) = 1.2428 | grad = 0.4116
step    160 | loss = -1.1013 | g_L = +1.1013 | EMA = +1.0443 | std(g_L) = 1.1683 | grad = 0.3456
step    180 | loss = -1.3090 | g_L = +1.3090 | EMA = +1.1696 | std(g_L) = 1.2094 | grad = 0.4337
step    200 | loss = -1.3352 | g_L = +1.3352 | EMA = +1.3114 | std(g_L) = 1.2599 | grad = 0.5980
step    220 | loss = -1.3874 | g_L = +1.3874 | EMA = +1.3846 | std(g_L) = 1.1975 | grad = 0.5713
step    240 | loss = -1.6554 | g_L = +1.6554 | EMA = +1.4626 | std(g_L) = 1.2381 | grad = 0.2192
step    260 | loss = -1.8753 | g_L = +1.8753 | EMA = +1.5442 | std(g_L) = 1.3192 | grad = 0.6715
step    280 | loss = -1.6736 | g_L = +1.6736 | EMA = +1.6101 | std(g_L) = 1.1313 | grad = 0.9923
step    300 | loss = -1.8816 | g_L = +1.8816 | EMA = +1.7133 | std(g_L) = 1.1969 | grad = 0.6075
step    320 | loss = -2.0923 | g_L = +2.0923 | EMA = +1.8418 | std(g_L) = 1.0351 | grad = 0.7289
step    340 | loss = -2.2781 | g_L = +2.2781 | EMA = +2.0340 | std(g_L) = 0.9945 | grad = 0.7325
step    360 | loss = -2.1184 | g_L = +2.1184 | EMA = +2.1342 | std(g_L) = 1.1024 | grad = 0.8752
step    380 | loss = -2.2356 | g_L = +2.2356 | EMA = +2.1467 | std(g_L) = 1.0078 | grad = 0.4366
step    400 | loss = -2.1817 | g_L = +2.1817 | EMA = +2.1912 | std(g_L) = 0.9963 | grad = 1.2860
step    420 | loss = -2.1974 | g_L = +2.1974 | EMA = +2.2077 | std(g_L) = 0.9384 | grad = 1.0353
step    440 | loss = -2.1953 | g_L = +2.1953 | EMA = +2.2248 | std(g_L) = 0.9719 | grad = 0.7842
step    460 | loss = -2.4787 | g_L = +2.4787 | EMA = +2.2971 | std(g_L) = 0.8540 | grad = 0.5744
step    480 | loss = -2.3509 | g_L = +2.3509 | EMA = +2.3068 | std(g_L) = 0.9557 | grad = 0.6796
step    500 | loss = -2.3593 | g_L = +2.3593 | EMA = +2.3085 | std(g_L) = 0.8936 | grad = 0.7594
step    520 | loss = -2.2086 | g_L = +2.2086 | EMA = +2.3372 | std(g_L) = 1.0667 | grad = 1.4400
step    540 | loss = -2.3367 | g_L = +2.3367 | EMA = +2.3397 | std(g_L) = 0.9044 | grad = 1.0728
step    560 | loss = -2.4088 | g_L = +2.4088 | EMA = +2.3474 | std(g_L) = 0.8384 | grad = 1.0664
step    580 | loss = -2.1928 | g_L = +2.1928 | EMA = +2.3205 | std(g_L) = 0.9486 | grad = 1.3217
step    600 | loss = -2.2182 | g_L = +2.2182 | EMA = +2.3276 | std(g_L) = 1.4455 | grad = 0.9013
step    620 | loss = -2.5430 | g_L = +2.5430 | EMA = +2.3684 | std(g_L) = 0.7819 | grad = 0.7188
step    640 | loss = -2.4500 | g_L = +2.4500 | EMA = +2.3718 | std(g_L) = 0.8308 | grad = 1.1602
step    660 | loss = -2.3333 | g_L = +2.3333 | EMA = +2.3709 | std(g_L) = 1.0158 | grad = 1.3568
step    680 | loss = -2.4729 | g_L = +2.4729 | EMA = +2.3758 | std(g_L) = 0.7992 | grad = 0.8674
step    700 | loss = -2.3305 | g_L = +2.3305 | EMA = +2.3781 | std(g_L) = 0.9496 | grad = 0.6663
step    720 | loss = -2.3096 | g_L = +2.3096 | EMA = +2.3821 | std(g_L) = 1.0162 | grad = 0.6935
step    740 | loss = -2.3551 | g_L = +2.3551 | EMA = +2.3692 | std(g_L) = 0.8802 | grad = 0.7502
step    760 | loss = -2.4125 | g_L = +2.4125 | EMA = +2.3905 | std(g_L) = 0.9706 | grad = 0.8220
step    780 | loss = -2.3654 | g_L = +2.3654 | EMA = +2.3805 | std(g_L) = 0.8834 | grad = 0.6022
step    800 | loss = -2.4570 | g_L = +2.4570 | EMA = +2.3989 | std(g_L) = 0.9234 | grad = 1.7493
step    820 | loss = -2.5107 | g_L = +2.5107 | EMA = +2.4078 | std(g_L) = 0.7822 | grad = 0.7912
step    840 | loss = -2.5285 | g_L = +2.5285 | EMA = +2.4118 | std(g_L) = 0.7535 | grad = 1.9620
step    860 | loss = -2.4284 | g_L = +2.4284 | EMA = +2.4076 | std(g_L) = 0.9896 | grad = 2.1793
step    880 | loss = -2.3901 | g_L = +2.3901 | EMA = +2.4040 | std(g_L) = 0.9309 | grad = 0.8897
step    900 | loss = -2.5042 | g_L = +2.5042 | EMA = +2.4230 | std(g_L) = 0.8667 | grad = 0.7518
step    920 | loss = -2.3241 | g_L = +2.3241 | EMA = +2.4279 | std(g_L) = 0.8673 | grad = 1.3359
step    940 | loss = -2.5384 | g_L = +2.5384 | EMA = +2.4293 | std(g_L) = 0.8237 | grad = 0.9522
step    960 | loss = -2.2088 | g_L = +2.2088 | EMA = +2.4215 | std(g_L) = 1.0244 | grad = 1.2895
step    980 | loss = -2.5419 | g_L = +2.5419 | EMA = +2.4498 | std(g_L) = 0.8620 | grad = 0.6074
step   1000 | loss = -2.4450 | g_L = +2.4450 | EMA = +2.4284 | std(g_L) = 0.9141 | grad = 0.5414
step   1020 | loss = -2.4987 | g_L = +2.4987 | EMA = +2.4291 | std(g_L) = 0.7312 | grad = 0.5081
step   1040 | loss = -2.4655 | g_L = +2.4655 | EMA = +2.4553 | std(g_L) = 0.9357 | grad = 1.0303
step   1060 | loss = -2.6663 | g_L = +2.6663 | EMA = +2.4766 | std(g_L) = 0.8129 | grad = 1.6640
step   1080 | loss = -2.5315 | g_L = +2.5315 | EMA = +2.4888 | std(g_L) = 0.8514 | grad = 0.9584
step   1100 | loss = -2.4591 | g_L = +2.4591 | EMA = +2.4728 | std(g_L) = 0.8437 | grad = 1.2373
step   1120 | loss = -2.4642 | g_L = +2.4642 | EMA = +2.4929 | std(g_L) = 1.1264 | grad = 0.9079
step   1140 | loss = -2.5600 | g_L = +2.5600 | EMA = +2.5246 | std(g_L) = 0.8043 | grad = 0.7595
step   1160 | loss = -2.3997 | g_L = +2.3997 | EMA = +2.5240 | std(g_L) = 1.0489 | grad = 1.3960
step   1180 | loss = -2.4845 | g_L = +2.4845 | EMA = +2.5334 | std(g_L) = 1.0351 | grad = 0.5632
step   1200 | loss = -2.4299 | g_L = +2.4299 | EMA = +2.5296 | std(g_L) = 0.9685 | grad = 1.0040
step   1220 | loss = -2.6748 | g_L = +2.6748 | EMA = +2.5388 | std(g_L) = 0.7531 | grad = 0.8652
step   1240 | loss = -2.5224 | g_L = +2.5224 | EMA = +2.5450 | std(g_L) = 0.9661 | grad = 1.3659
step   1260 | loss = -2.6273 | g_L = +2.6273 | EMA = +2.5536 | std(g_L) = 0.8569 | grad = 0.2635
step   1280 | loss = -2.5632 | g_L = +2.5632 | EMA = +2.5536 | std(g_L) = 0.9404 | grad = 0.7755
step   1300 | loss = -2.4124 | g_L = +2.4124 | EMA = +2.5521 | std(g_L) = 1.0698 | grad = 1.5841
step   1320 | loss = -2.4234 | g_L = +2.4234 | EMA = +2.5365 | std(g_L) = 1.0639 | grad = 0.9930
step   1340 | loss = -2.4806 | g_L = +2.4806 | EMA = +2.5279 | std(g_L) = 0.9243 | grad = 0.8884
step   1360 | loss = -2.5844 | g_L = +2.5844 | EMA = +2.5542 | std(g_L) = 0.9398 | grad = 0.6711
step   1380 | loss = -2.7195 | g_L = +2.7195 | EMA = +2.5503 | std(g_L) = 0.6947 | grad = 0.3227
step   1400 | loss = -2.4463 | g_L = +2.4463 | EMA = +2.5301 | std(g_L) = 0.9851 | grad = 0.6737
step   1420 | loss = -2.5861 | g_L = +2.5861 | EMA = +2.5439 | std(g_L) = 0.7908 | grad = 0.5054
step   1440 | loss = -2.5778 | g_L = +2.5778 | EMA = +2.5582 | std(g_L) = 0.9503 | grad = 0.6046
step   1460 | loss = -2.6395 | g_L = +2.6395 | EMA = +2.5704 | std(g_L) = 0.7414 | grad = 0.4063
step   1480 | loss = -2.5211 | g_L = +2.5211 | EMA = +2.5786 | std(g_L) = 0.9803 | grad = 1.1025
step   1500 | loss = -2.5152 | g_L = +2.5152 | EMA = +2.5818 | std(g_L) = 0.9027 | grad = 0.6052
step   1520 | loss = -2.6340 | g_L = +2.6340 | EMA = +2.5899 | std(g_L) = 0.7619 | grad = 1.8544
step   1540 | loss = -2.5508 | g_L = +2.5508 | EMA = +2.5850 | std(g_L) = 0.8847 | grad = 1.3674
step   1560 | loss = -2.5287 | g_L = +2.5287 | EMA = +2.5607 | std(g_L) = 0.8925 | grad = 1.0195
step   1580 | loss = -2.5940 | g_L = +2.5940 | EMA = +2.5485 | std(g_L) = 0.9668 | grad = 1.1264
step   1600 | loss = -2.5942 | g_L = +2.5942 | EMA = +2.5601 | std(g_L) = 0.9002 | grad = 1.3746
step   1620 | loss = -2.6242 | g_L = +2.6242 | EMA = +2.5787 | std(g_L) = 0.9269 | grad = 0.9023
step   1640 | loss = -2.5567 | g_L = +2.5567 | EMA = +2.5690 | std(g_L) = 0.9094 | grad = 1.5525
step   1660 | loss = -2.4879 | g_L = +2.4879 | EMA = +2.5529 | std(g_L) = 0.9637 | grad = 1.6840
step   1680 | loss = -2.4935 | g_L = +2.4935 | EMA = +2.5719 | std(g_L) = 0.9396 | grad = 0.6596
step   1700 | loss = -2.4605 | g_L = +2.4605 | EMA = +2.5605 | std(g_L) = 1.0196 | grad = 1.8375
step   1720 | loss = -2.4838 | g_L = +2.4838 | EMA = +2.5762 | std(g_L) = 1.0010 | grad = 0.4844
step   1740 | loss = -2.5786 | g_L = +2.5786 | EMA = +2.5932 | std(g_L) = 0.8088 | grad = 1.1478
step   1760 | loss = -2.6528 | g_L = +2.6528 | EMA = +2.5834 | std(g_L) = 0.9597 | grad = 0.6311
step   1780 | loss = -2.6108 | g_L = +2.6108 | EMA = +2.5810 | std(g_L) = 0.7442 | grad = 0.9332
step   1800 | loss = -2.5658 | g_L = +2.5658 | EMA = +2.5977 | std(g_L) = 0.9668 | grad = 0.9037
step   1820 | loss = -2.7199 | g_L = +2.7199 | EMA = +2.5955 | std(g_L) = 0.8026 | grad = 1.1206
step   1840 | loss = -2.4438 | g_L = +2.4438 | EMA = +2.5839 | std(g_L) = 0.9681 | grad = 0.8616
step   1860 | loss = -2.6632 | g_L = +2.6632 | EMA = +2.5877 | std(g_L) = 0.7826 | grad = 1.2629
step   1880 | loss = -2.6528 | g_L = +2.6528 | EMA = +2.5866 | std(g_L) = 0.8269 | grad = 1.1905
step   1900 | loss = -2.4873 | g_L = +2.4873 | EMA = +2.5840 | std(g_L) = 0.8997 | grad = 0.8220
step   1920 | loss = -2.6299 | g_L = +2.6299 | EMA = +2.5966 | std(g_L) = 0.7450 | grad = 0.9954
step   1940 | loss = -2.5501 | g_L = +2.5501 | EMA = +2.5870 | std(g_L) = 0.9139 | grad = 0.3975
step   1960 | loss = -2.7325 | g_L = +2.7325 | EMA = +2.5892 | std(g_L) = 0.7701 | grad = 1.1116
step   1980 | loss = -2.5132 | g_L = +2.5132 | EMA = +2.5880 | std(g_L) = 0.8653 | grad = 0.7859
step   2000 | loss = -2.5348 | g_L = +2.5348 | EMA = +2.6040 | std(g_L) = 0.8894 | grad = 1.1074
step   2020 | loss = -2.5110 | g_L = +2.5110 | EMA = +2.5963 | std(g_L) = 1.0624 | grad = 0.6352
step   2040 | loss = -2.5045 | g_L = +2.5045 | EMA = +2.6002 | std(g_L) = 0.9393 | grad = 0.8951
step   2060 | loss = -2.5560 | g_L = +2.5560 | EMA = +2.5847 | std(g_L) = 1.0209 | grad = 0.9895
step   2080 | loss = -2.6561 | g_L = +2.6561 | EMA = +2.6077 | std(g_L) = 0.6930 | grad = 0.7585
step   2100 | loss = -2.7071 | g_L = +2.7071 | EMA = +2.6176 | std(g_L) = 0.7453 | grad = 0.5068
step   2120 | loss = -2.6276 | g_L = +2.6276 | EMA = +2.5972 | std(g_L) = 0.8146 | grad = 0.8244
step   2140 | loss = -2.7183 | g_L = +2.7183 | EMA = +2.6152 | std(g_L) = 0.8582 | grad = 1.1150
step   2160 | loss = -2.6234 | g_L = +2.6234 | EMA = +2.6122 | std(g_L) = 0.8492 | grad = 1.7322
step   2180 | loss = -2.6450 | g_L = +2.6450 | EMA = +2.6230 | std(g_L) = 0.6805 | grad = 1.5811
step   2200 | loss = -2.5020 | g_L = +2.5020 | EMA = +2.6073 | std(g_L) = 0.9283 | grad = 0.6797
step   2220 | loss = -2.5156 | g_L = +2.5156 | EMA = +2.6123 | std(g_L) = 0.9586 | grad = 0.6822
step   2240 | loss = -2.6562 | g_L = +2.6562 | EMA = +2.6084 | std(g_L) = 0.7322 | grad = 0.7547
step   2260 | loss = -2.5914 | g_L = +2.5914 | EMA = +2.5876 | std(g_L) = 0.9471 | grad = 2.0615
step   2280 | loss = -2.6146 | g_L = +2.6146 | EMA = +2.6198 | std(g_L) = 0.8207 | grad = 1.0670
step   2300 | loss = -2.6436 | g_L = +2.6436 | EMA = +2.6228 | std(g_L) = 0.6711 | grad = 1.4960
step   2320 | loss = -2.7685 | g_L = +2.7685 | EMA = +2.6123 | std(g_L) = 0.8041 | grad = 1.3177
step   2340 | loss = -2.6793 | g_L = +2.6793 | EMA = +2.6020 | std(g_L) = 0.7405 | grad = 1.0800
step   2360 | loss = -2.5326 | g_L = +2.5326 | EMA = +2.6067 | std(g_L) = 0.9324 | grad = 0.5609
step   2380 | loss = -2.6458 | g_L = +2.6458 | EMA = +2.6297 | std(g_L) = 0.7683 | grad = 0.9131
step   2400 | loss = -2.4947 | g_L = +2.4947 | EMA = +2.6550 | std(g_L) = 0.9347 | grad = 0.4208
step   2420 | loss = -2.7182 | g_L = +2.7182 | EMA = +2.6550 | std(g_L) = 0.7487 | grad = 0.4917
step   2440 | loss = -2.6311 | g_L = +2.6311 | EMA = +2.6328 | std(g_L) = 0.7735 | grad = 0.5744
step   2460 | loss = -2.6550 | g_L = +2.6550 | EMA = +2.6264 | std(g_L) = 0.7964 | grad = 0.6213
step   2480 | loss = -2.7768 | g_L = +2.7768 | EMA = +2.6161 | std(g_L) = 0.7885 | grad = 0.4534
step   2500 | loss = -2.6188 | g_L = +2.6188 | EMA = +2.6228 | std(g_L) = 0.8302 | grad = 1.4844
step   2520 | loss = -2.4870 | g_L = +2.4870 | EMA = +2.6237 | std(g_L) = 1.0775 | grad = 0.7376
step   2540 | loss = -2.5840 | g_L = +2.5840 | EMA = +2.6413 | std(g_L) = 0.8965 | grad = 1.2765
step   2560 | loss = -2.6825 | g_L = +2.6825 | EMA = +2.6361 | std(g_L) = 0.7476 | grad = 0.7988
step   2580 | loss = -2.5242 | g_L = +2.5242 | EMA = +2.6245 | std(g_L) = 0.9696 | grad = 0.5795
step   2600 | loss = -2.6172 | g_L = +2.6172 | EMA = +2.6390 | std(g_L) = 0.8147 | grad = 0.5645
step   2620 | loss = -2.6400 | g_L = +2.6400 | EMA = +2.6250 | std(g_L) = 0.8832 | grad = 0.6003
step   2640 | loss = -2.5955 | g_L = +2.5955 | EMA = +2.6067 | std(g_L) = 0.8171 | grad = 1.1448
step   2660 | loss = -2.6785 | g_L = +2.6785 | EMA = +2.6233 | std(g_L) = 0.8381 | grad = 0.4836
step   2680 | loss = -2.8194 | g_L = +2.8194 | EMA = +2.6505 | std(g_L) = 0.7003 | grad = 0.9583
step   2700 | loss = -2.5722 | g_L = +2.5722 | EMA = +2.6235 | std(g_L) = 0.8248 | grad = 0.7312
step   2720 | loss = -2.5854 | g_L = +2.5854 | EMA = +2.6263 | std(g_L) = 0.7393 | grad = 0.4812
step   2740 | loss = -2.5041 | g_L = +2.5041 | EMA = +2.6352 | std(g_L) = 0.9729 | grad = 1.6022
step   2760 | loss = -2.6367 | g_L = +2.6367 | EMA = +2.6309 | std(g_L) = 0.8528 | grad = 0.8837
step   2780 | loss = -2.6325 | g_L = +2.6325 | EMA = +2.6566 | std(g_L) = 0.6780 | grad = 0.7064
step   2800 | loss = -2.6706 | g_L = +2.6706 | EMA = +2.6485 | std(g_L) = 0.9432 | grad = 0.4706
step   2820 | loss = -2.5443 | g_L = +2.5443 | EMA = +2.6493 | std(g_L) = 0.8999 | grad = 0.7012
step   2840 | loss = -2.6049 | g_L = +2.6049 | EMA = +2.6598 | std(g_L) = 1.0067 | grad = 0.7867
step   2860 | loss = -2.5318 | g_L = +2.5318 | EMA = +2.6308 | std(g_L) = 0.9591 | grad = 2.0408
step   2880 | loss = -2.6298 | g_L = +2.6298 | EMA = +2.6599 | std(g_L) = 0.8537 | grad = 0.5284
step   2900 | loss = -2.7322 | g_L = +2.7322 | EMA = +2.6476 | std(g_L) = 0.8484 | grad = 0.7460
step   2920 | loss = -2.6204 | g_L = +2.6204 | EMA = +2.6483 | std(g_L) = 0.9381 | grad = 0.6932
step   2940 | loss = -2.6355 | g_L = +2.6355 | EMA = +2.6559 | std(g_L) = 0.7272 | grad = 0.7265
step   2960 | loss = -2.7273 | g_L = +2.7273 | EMA = +2.6512 | std(g_L) = 0.8189 | grad = 0.9991
step   2980 | loss = -2.6009 | g_L = +2.6009 | EMA = +2.6644 | std(g_L) = 0.8639 | grad = 0.5074
step   3000 | loss = -2.6218 | g_L = +2.6218 | EMA = +2.6414 | std(g_L) = 0.7880 | grad = 0.7148
step   3020 | loss = -2.7283 | g_L = +2.7283 | EMA = +2.6552 | std(g_L) = 0.8343 | grad = 0.9490
step   3040 | loss = -2.6965 | g_L = +2.6965 | EMA = +2.6482 | std(g_L) = 0.8529 | grad = 0.5224
step   3060 | loss = -2.5462 | g_L = +2.5462 | EMA = +2.6255 | std(g_L) = 0.8072 | grad = 1.0699
step   3080 | loss = -2.6862 | g_L = +2.6862 | EMA = +2.6404 | std(g_L) = 0.8142 | grad = 1.0069
step   3100 | loss = -2.7371 | g_L = +2.7371 | EMA = +2.6373 | std(g_L) = 0.9024 | grad = 0.9489
step   3120 | loss = -2.5621 | g_L = +2.5621 | EMA = +2.6437 | std(g_L) = 0.9980 | grad = 0.9040
step   3140 | loss = -2.6061 | g_L = +2.6061 | EMA = +2.6442 | std(g_L) = 0.7748 | grad = 1.0719
step   3160 | loss = -2.5619 | g_L = +2.5619 | EMA = +2.6699 | std(g_L) = 0.8399 | grad = 0.6579
step   3180 | loss = -2.6017 | g_L = +2.6017 | EMA = +2.6627 | std(g_L) = 1.0080 | grad = 0.9235
step   3200 | loss = -2.7314 | g_L = +2.7314 | EMA = +2.6709 | std(g_L) = 0.8422 | grad = 0.8505
step   3220 | loss = -2.7479 | g_L = +2.7479 | EMA = +2.6782 | std(g_L) = 0.7554 | grad = 0.8620
step   3240 | loss = -2.7661 | g_L = +2.7661 | EMA = +2.6714 | std(g_L) = 0.7068 | grad = 0.7937
step   3260 | loss = -2.6754 | g_L = +2.6754 | EMA = +2.6559 | std(g_L) = 0.8172 | grad = 0.8404
step   3280 | loss = -2.6543 | g_L = +2.6543 | EMA = +2.6761 | std(g_L) = 0.8379 | grad = 0.9893
step   3300 | loss = -2.6889 | g_L = +2.6889 | EMA = +2.6735 | std(g_L) = 0.8901 | grad = 1.0469
step   3320 | loss = -2.6616 | g_L = +2.6616 | EMA = +2.6794 | std(g_L) = 0.7764 | grad = 0.9052
step   3340 | loss = -2.7382 | g_L = +2.7382 | EMA = +2.6674 | std(g_L) = 0.7561 | grad = 1.1465
step   3360 | loss = -2.6114 | g_L = +2.6114 | EMA = +2.6478 | std(g_L) = 0.7958 | grad = 0.9221
step   3380 | loss = -2.5831 | g_L = +2.5831 | EMA = +2.6605 | std(g_L) = 0.8992 | grad = 1.8912
step   3400 | loss = -2.6808 | g_L = +2.6808 | EMA = +2.6729 | std(g_L) = 0.9747 | grad = 0.9558
step   3420 | loss = -2.6779 | g_L = +2.6779 | EMA = +2.6784 | std(g_L) = 0.8074 | grad = 0.6885
step   3440 | loss = -2.6205 | g_L = +2.6205 | EMA = +2.6769 | std(g_L) = 0.7190 | grad = 0.3352
step   3460 | loss = -2.5260 | g_L = +2.5260 | EMA = +2.6625 | std(g_L) = 0.9467 | grad = 0.8157
step   3480 | loss = -2.6979 | g_L = +2.6979 | EMA = +2.6861 | std(g_L) = 0.7701 | grad = 0.3128
step   3500 | loss = -2.6509 | g_L = +2.6509 | EMA = +2.6801 | std(g_L) = 0.8905 | grad = 2.0130
step   3520 | loss = -2.7451 | g_L = +2.7451 | EMA = +2.6936 | std(g_L) = 0.9808 | grad = 2.2635
step   3540 | loss = -2.6937 | g_L = +2.6937 | EMA = +2.6979 | std(g_L) = 0.8522 | grad = 0.3971
step   3560 | loss = -2.7345 | g_L = +2.7345 | EMA = +2.6880 | std(g_L) = 0.8521 | grad = 0.6610
step   3580 | loss = -2.6370 | g_L = +2.6370 | EMA = +2.6889 | std(g_L) = 0.7979 | grad = 0.9812
step   3600 | loss = -2.7588 | g_L = +2.7588 | EMA = +2.6830 | std(g_L) = 0.9568 | grad = 1.5516
step   3620 | loss = -2.8565 | g_L = +2.8565 | EMA = +2.6931 | std(g_L) = 0.7331 | grad = 0.8234
step   3640 | loss = -2.7589 | g_L = +2.7589 | EMA = +2.7101 | std(g_L) = 0.8404 | grad = 0.7144
step   3660 | loss = -2.6808 | g_L = +2.6808 | EMA = +2.6930 | std(g_L) = 0.7891 | grad = 1.0299
step   3680 | loss = -2.6615 | g_L = +2.6615 | EMA = +2.6783 | std(g_L) = 0.8197 | grad = 1.0121
step   3700 | loss = -2.5611 | g_L = +2.5611 | EMA = +2.7021 | std(g_L) = 1.0416 | grad = 1.0174
step   3720 | loss = -2.6889 | g_L = +2.6889 | EMA = +2.7008 | std(g_L) = 0.7658 | grad = 1.0581
step   3740 | loss = -2.7599 | g_L = +2.7599 | EMA = +2.7089 | std(g_L) = 0.7231 | grad = 0.7587
step   3760 | loss = -2.6460 | g_L = +2.6460 | EMA = +2.6984 | std(g_L) = 0.9530 | grad = 0.8586
step   3780 | loss = -2.8079 | g_L = +2.8079 | EMA = +2.7141 | std(g_L) = 0.7755 | grad = 0.7204
step   3800 | loss = -2.7731 | g_L = +2.7731 | EMA = +2.7198 | std(g_L) = 0.8037 | grad = 0.6488
step   3820 | loss = -2.7983 | g_L = +2.7983 | EMA = +2.7270 | std(g_L) = 0.7596 | grad = 0.6782
step   3840 | loss = -2.7890 | g_L = +2.7890 | EMA = +2.7460 | std(g_L) = 0.7953 | grad = 0.6803
step   3860 | loss = -2.7264 | g_L = +2.7264 | EMA = +2.7427 | std(g_L) = 0.8284 | grad = 0.3769
step   3880 | loss = -2.7740 | g_L = +2.7740 | EMA = +2.7468 | std(g_L) = 0.8514 | grad = 0.6563
step   3900 | loss = -2.7481 | g_L = +2.7481 | EMA = +2.7422 | std(g_L) = 0.8450 | grad = 0.7840
step   3920 | loss = -2.7339 | g_L = +2.7339 | EMA = +2.7614 | std(g_L) = 0.7564 | grad = 1.2765
step   3940 | loss = -2.8658 | g_L = +2.8658 | EMA = +2.7699 | std(g_L) = 0.6905 | grad = 0.6694
step   3960 | loss = -2.7993 | g_L = +2.7993 | EMA = +2.7602 | std(g_L) = 0.7960 | grad = 1.6837
step   3980 | loss = -2.7415 | g_L = +2.7415 | EMA = +2.7672 | std(g_L) = 0.9578 | grad = 0.8789
step   4000 | loss = -2.5795 | g_L = +2.5795 | EMA = +2.7654 | std(g_L) = 0.8872 | grad = 0.9760
step   4020 | loss = -2.6912 | g_L = +2.6912 | EMA = +2.7579 | std(g_L) = 0.8847 | grad = 1.8645
step   4040 | loss = -2.8464 | g_L = +2.8464 | EMA = +2.7596 | std(g_L) = 0.6723 | grad = 1.7492
step   4060 | loss = -2.7077 | g_L = +2.7077 | EMA = +2.7703 | std(g_L) = 0.8151 | grad = 1.0634
step   4080 | loss = -2.7355 | g_L = +2.7355 | EMA = +2.7585 | std(g_L) = 0.8497 | grad = 1.1989
step   4100 | loss = -2.8526 | g_L = +2.8526 | EMA = +2.7765 | std(g_L) = 0.8093 | grad = 0.6692
step   4120 | loss = -2.8014 | g_L = +2.8014 | EMA = +2.7851 | std(g_L) = 0.7600 | grad = 1.1854
step   4140 | loss = -2.7387 | g_L = +2.7387 | EMA = +2.7811 | std(g_L) = 0.7369 | grad = 0.6508
step   4160 | loss = -2.7116 | g_L = +2.7116 | EMA = +2.7833 | std(g_L) = 0.7776 | grad = 0.4093
step   4180 | loss = -2.7661 | g_L = +2.7661 | EMA = +2.7592 | std(g_L) = 0.8131 | grad = 1.0705
step   4200 | loss = -2.8597 | g_L = +2.8597 | EMA = +2.7681 | std(g_L) = 0.7921 | grad = 2.4264
step   4220 | loss = -2.8400 | g_L = +2.8400 | EMA = +2.7844 | std(g_L) = 0.8152 | grad = 0.2994
step   4240 | loss = -2.7690 | g_L = +2.7690 | EMA = +2.7788 | std(g_L) = 0.7505 | grad = 0.6802
step   4260 | loss = -2.8306 | g_L = +2.8306 | EMA = +2.7937 | std(g_L) = 0.8243 | grad = 1.0633
step   4280 | loss = -2.7986 | g_L = +2.7986 | EMA = +2.7921 | std(g_L) = 0.8194 | grad = 2.5093
step   4300 | loss = -2.7543 | g_L = +2.7543 | EMA = +2.7878 | std(g_L) = 0.8144 | grad = 0.3081
step   4320 | loss = -2.8210 | g_L = +2.8210 | EMA = +2.8073 | std(g_L) = 0.6669 | grad = 1.0967
step   4340 | loss = -2.7492 | g_L = +2.7492 | EMA = +2.8103 | std(g_L) = 0.7808 | grad = 2.2306
step   4360 | loss = -2.8249 | g_L = +2.8249 | EMA = +2.8068 | std(g_L) = 0.9876 | grad = 1.9750
step   4380 | loss = -2.7041 | g_L = +2.7041 | EMA = +2.7964 | std(g_L) = 0.8867 | grad = 0.6889
step   4400 | loss = -2.7989 | g_L = +2.7989 | EMA = +2.8115 | std(g_L) = 0.8051 | grad = 0.6021
step   4420 | loss = -2.7821 | g_L = +2.7821 | EMA = +2.8013 | std(g_L) = 0.7857 | grad = 1.1133
step   4440 | loss = -2.8519 | g_L = +2.8519 | EMA = +2.7852 | std(g_L) = 0.7725 | grad = 1.5410
step   4460 | loss = -2.8414 | g_L = +2.8414 | EMA = +2.8230 | std(g_L) = 0.7438 | grad = 1.8593
step   4480 | loss = -2.8878 | g_L = +2.8878 | EMA = +2.8189 | std(g_L) = 0.8324 | grad = 0.6260
step   4500 | loss = -2.8386 | g_L = +2.8386 | EMA = +2.8131 | std(g_L) = 0.7397 | grad = 0.5679
step   4520 | loss = -2.8908 | g_L = +2.8908 | EMA = +2.8025 | std(g_L) = 0.6335 | grad = 1.0771
step   4540 | loss = -2.7732 | g_L = +2.7732 | EMA = +2.7872 | std(g_L) = 1.0436 | grad = 0.8363
step   4560 | loss = -2.8072 | g_L = +2.8072 | EMA = +2.8020 | std(g_L) = 0.8582 | grad = 0.4031
step   4580 | loss = -2.8524 | g_L = +2.8524 | EMA = +2.8045 | std(g_L) = 0.8438 | grad = 1.0816
step   4600 | loss = -2.8760 | g_L = +2.8760 | EMA = +2.8107 | std(g_L) = 0.7400 | grad = 0.4268
step   4620 | loss = -2.8797 | g_L = +2.8797 | EMA = +2.8385 | std(g_L) = 0.7453 | grad = 1.0128
step   4640 | loss = -2.8813 | g_L = +2.8813 | EMA = +2.8389 | std(g_L) = 0.7568 | grad = 1.3718
step   4660 | loss = -2.8203 | g_L = +2.8203 | EMA = +2.8154 | std(g_L) = 0.8394 | grad = 1.1370
step   4680 | loss = -2.6872 | g_L = +2.6872 | EMA = +2.8061 | std(g_L) = 0.9567 | grad = 1.0045
step   4700 | loss = -2.7013 | g_L = +2.7013 | EMA = +2.8047 | std(g_L) = 0.8424 | grad = 0.7679
step   4720 | loss = -2.8240 | g_L = +2.8240 | EMA = +2.8090 | std(g_L) = 0.8153 | grad = 0.9625
step   4740 | loss = -2.9212 | g_L = +2.9212 | EMA = +2.8063 | std(g_L) = 0.8214 | grad = 1.6398
step   4760 | loss = -2.7864 | g_L = +2.7864 | EMA = +2.8044 | std(g_L) = 0.7148 | grad = 1.1361
step   4780 | loss = -2.8616 | g_L = +2.8616 | EMA = +2.8063 | std(g_L) = 0.8114 | grad = 0.5614
step   4800 | loss = -2.7487 | g_L = +2.7487 | EMA = +2.8130 | std(g_L) = 0.8778 | grad = 0.7392
step   4820 | loss = -2.9428 | g_L = +2.9428 | EMA = +2.8209 | std(g_L) = 0.7930 | grad = 2.2005
step   4840 | loss = -2.8063 | g_L = +2.8063 | EMA = +2.8036 | std(g_L) = 0.8655 | grad = 0.7179
step   4860 | loss = -2.7820 | g_L = +2.7820 | EMA = +2.8113 | std(g_L) = 0.9510 | grad = 1.9190
step   4880 | loss = -2.8996 | g_L = +2.8996 | EMA = +2.8181 | std(g_L) = 0.6858 | grad = 0.4372
step   4900 | loss = -2.8531 | g_L = +2.8531 | EMA = +2.8297 | std(g_L) = 0.7848 | grad = 1.6447
step   4920 | loss = -2.7667 | g_L = +2.7667 | EMA = +2.8214 | std(g_L) = 0.8378 | grad = 0.6574
step   4940 | loss = -2.8026 | g_L = +2.8026 | EMA = +2.8170 | std(g_L) = 0.8809 | grad = 2.1841
step   4960 | loss = -2.8382 | g_L = +2.8382 | EMA = +2.8204 | std(g_L) = 0.8767 | grad = 1.7670
step   4980 | loss = -2.7447 | g_L = +2.7447 | EMA = +2.8164 | std(g_L) = 0.7998 | grad = 2.1432
step   5000 | loss = -2.8147 | g_L = +2.8147 | EMA = +2.8029 | std(g_L) = 0.7089 | grad = 1.0764
step   5020 | loss = -2.7003 | g_L = +2.7003 | EMA = +2.8046 | std(g_L) = 0.8940 | grad = 0.2905
step   5040 | loss = -2.9353 | g_L = +2.9353 | EMA = +2.8219 | std(g_L) = 0.7421 | grad = 0.4785
step   5060 | loss = -2.8014 | g_L = +2.8014 | EMA = +2.8257 | std(g_L) = 0.8600 | grad = 0.6002
step   5080 | loss = -2.6960 | g_L = +2.6960 | EMA = +2.8055 | std(g_L) = 0.7735 | grad = 1.4188
step   5100 | loss = -2.8234 | g_L = +2.8234 | EMA = +2.8151 | std(g_L) = 0.8233 | grad = 0.4533
step   5120 | loss = -2.8224 | g_L = +2.8224 | EMA = +2.8015 | std(g_L) = 0.8437 | grad = 0.4096
step   5140 | loss = -2.8497 | g_L = +2.8497 | EMA = +2.8180 | std(g_L) = 0.7509 | grad = 0.7987
step   5160 | loss = -2.7373 | g_L = +2.7373 | EMA = +2.8246 | std(g_L) = 0.8591 | grad = 0.8191
step   5180 | loss = -2.6931 | g_L = +2.6931 | EMA = +2.7985 | std(g_L) = 0.9613 | grad = 1.4339
step   5200 | loss = -2.7451 | g_L = +2.7451 | EMA = +2.8054 | std(g_L) = 0.6809 | grad = 0.6593
step   5220 | loss = -2.7328 | g_L = +2.7328 | EMA = +2.8160 | std(g_L) = 0.8057 | grad = 1.8549
step   5240 | loss = -2.8864 | g_L = +2.8864 | EMA = +2.8213 | std(g_L) = 0.6990 | grad = 2.4006
step   5260 | loss = -2.7687 | g_L = +2.7687 | EMA = +2.8145 | std(g_L) = 0.7864 | grad = 1.4294
step   5280 | loss = -2.8880 | g_L = +2.8880 | EMA = +2.8278 | std(g_L) = 0.6595 | grad = 1.9624
step   5300 | loss = -2.9709 | g_L = +2.9709 | EMA = +2.8138 | std(g_L) = 0.7333 | grad = 2.3672
step   5320 | loss = -2.8590 | g_L = +2.8590 | EMA = +2.8257 | std(g_L) = 0.7003 | grad = 1.0881
step   5340 | loss = -2.6715 | g_L = +2.6715 | EMA = +2.8228 | std(g_L) = 0.8507 | grad = 0.5711
step   5360 | loss = -2.7963 | g_L = +2.7963 | EMA = +2.8015 | std(g_L) = 0.8206 | grad = 0.4916
step   5380 | loss = -2.7931 | g_L = +2.7931 | EMA = +2.8246 | std(g_L) = 0.8151 | grad = 1.7888
step   5400 | loss = -2.8507 | g_L = +2.8507 | EMA = +2.8106 | std(g_L) = 0.7627 | grad = 0.8660
step   5420 | loss = -2.8078 | g_L = +2.8078 | EMA = +2.8236 | std(g_L) = 0.8198 | grad = 2.1039
step   5440 | loss = -2.7795 | g_L = +2.7795 | EMA = +2.8211 | std(g_L) = 0.8019 | grad = 0.8661
step   5460 | loss = -2.9670 | g_L = +2.9670 | EMA = +2.8442 | std(g_L) = 0.7110 | grad = 0.8936
step   5480 | loss = -2.8829 | g_L = +2.8829 | EMA = +2.8187 | std(g_L) = 0.8083 | grad = 2.3130
step   5500 | loss = -2.7951 | g_L = +2.7951 | EMA = +2.8143 | std(g_L) = 0.8332 | grad = 0.9462
step   5520 | loss = -2.9420 | g_L = +2.9420 | EMA = +2.8097 | std(g_L) = 0.7873 | grad = 2.5302
step   5540 | loss = -2.8230 | g_L = +2.8230 | EMA = +2.8207 | std(g_L) = 0.8734 | grad = 0.4154
step   5560 | loss = -2.8304 | g_L = +2.8304 | EMA = +2.8338 | std(g_L) = 0.7508 | grad = 2.2653
step   5580 | loss = -2.7619 | g_L = +2.7619 | EMA = +2.8361 | std(g_L) = 0.9385 | grad = 0.9615
step   5600 | loss = -2.8672 | g_L = +2.8672 | EMA = +2.8312 | std(g_L) = 0.6703 | grad = 0.4318
step   5620 | loss = -2.7693 | g_L = +2.7693 | EMA = +2.8493 | std(g_L) = 0.7967 | grad = 0.9253
step   5640 | loss = -2.8699 | g_L = +2.8699 | EMA = +2.8278 | std(g_L) = 0.7732 | grad = 2.4847
step   5660 | loss = -2.8473 | g_L = +2.8473 | EMA = +2.8404 | std(g_L) = 0.8558 | grad = 2.7011
step   5680 | loss = -2.6497 | g_L = +2.6497 | EMA = +2.8115 | std(g_L) = 0.8929 | grad = 0.7510
step   5700 | loss = -2.8562 | g_L = +2.8562 | EMA = +2.8328 | std(g_L) = 0.8462 | grad = 0.7119
step   5720 | loss = -2.7989 | g_L = +2.7989 | EMA = +2.8327 | std(g_L) = 0.7338 | grad = 0.5514
step   5740 | loss = -2.8106 | g_L = +2.8106 | EMA = +2.8379 | std(g_L) = 0.7269 | grad = 0.7309
step   5760 | loss = -2.8115 | g_L = +2.8115 | EMA = +2.8265 | std(g_L) = 0.7798 | grad = 0.7042
step   5780 | loss = -2.8273 | g_L = +2.8273 | EMA = +2.8127 | std(g_L) = 0.7952 | grad = 0.4520
step   5800 | loss = -2.7138 | g_L = +2.7138 | EMA = +2.8134 | std(g_L) = 0.8406 | grad = 1.1756
step   5820 | loss = -2.8661 | g_L = +2.8661 | EMA = +2.8388 | std(g_L) = 0.6953 | grad = 1.1748
step   5840 | loss = -2.8999 | g_L = +2.8999 | EMA = +2.8161 | std(g_L) = 0.6469 | grad = 0.5714
step   5860 | loss = -2.8294 | g_L = +2.8294 | EMA = +2.8153 | std(g_L) = 0.7934 | grad = 1.2218
step   5880 | loss = -2.7741 | g_L = +2.7741 | EMA = +2.8181 | std(g_L) = 0.8635 | grad = 2.3405
step   5900 | loss = -2.8507 | g_L = +2.8507 | EMA = +2.8245 | std(g_L) = 0.9133 | grad = 2.6142
step   5920 | loss = -2.7743 | g_L = +2.7743 | EMA = +2.8373 | std(g_L) = 0.8193 | grad = 1.4685
step   5940 | loss = -2.8623 | g_L = +2.8623 | EMA = +2.8412 | std(g_L) = 0.6867 | grad = 1.3954
step   5960 | loss = -2.8171 | g_L = +2.8171 | EMA = +2.8247 | std(g_L) = 0.7195 | grad = 0.7142
step   5980 | loss = -2.9210 | g_L = +2.9210 | EMA = +2.8395 | std(g_L) = 0.7386 | grad = 0.5927
step   6000 | loss = -2.8107 | g_L = +2.8107 | EMA = +2.8240 | std(g_L) = 0.8462 | grad = 1.4380
step   6020 | loss = -2.8871 | g_L = +2.8871 | EMA = +2.8312 | std(g_L) = 0.9116 | grad = 1.3973
step   6040 | loss = -2.8608 | g_L = +2.8608 | EMA = +2.8395 | std(g_L) = 0.9234 | grad = 1.2596
step   6060 | loss = -2.9023 | g_L = +2.9023 | EMA = +2.8512 | std(g_L) = 0.7823 | grad = 0.8498
step   6080 | loss = -2.7865 | g_L = +2.7865 | EMA = +2.8138 | std(g_L) = 0.9234 | grad = 2.8830
step   6100 | loss = -2.8378 | g_L = +2.8378 | EMA = +2.8216 | std(g_L) = 0.7237 | grad = 0.7069
step   6120 | loss = -2.8886 | g_L = +2.8886 | EMA = +2.8388 | std(g_L) = 0.7109 | grad = 1.8025
step   6140 | loss = -2.8509 | g_L = +2.8509 | EMA = +2.8352 | std(g_L) = 0.7418 | grad = 0.7460
step   6160 | loss = -2.7581 | g_L = +2.7581 | EMA = +2.8442 | std(g_L) = 0.9177 | grad = 1.1423
step   6180 | loss = -2.7739 | g_L = +2.7739 | EMA = +2.8309 | std(g_L) = 0.6337 | grad = 1.0396
step   6200 | loss = -2.7980 | g_L = +2.7980 | EMA = +2.8304 | std(g_L) = 0.9192 | grad = 0.7183
step   6220 | loss = -2.8393 | g_L = +2.8393 | EMA = +2.8106 | std(g_L) = 0.8041 | grad = 0.8394
step   6240 | loss = -2.7515 | g_L = +2.7515 | EMA = +2.8174 | std(g_L) = 0.8439 | grad = 1.1975
step   6260 | loss = -2.8032 | g_L = +2.8032 | EMA = +2.8381 | std(g_L) = 0.8347 | grad = 1.8073
step   6280 | loss = -2.8162 | g_L = +2.8162 | EMA = +2.8363 | std(g_L) = 0.9371 | grad = 0.5395
step   6300 | loss = -2.8801 | g_L = +2.8801 | EMA = +2.8294 | std(g_L) = 0.8165 | grad = 0.6332
step   6320 | loss = -2.7168 | g_L = +2.7168 | EMA = +2.8245 | std(g_L) = 0.8094 | grad = 0.8449
step   6340 | loss = -2.8753 | g_L = +2.8753 | EMA = +2.8347 | std(g_L) = 0.8367 | grad = 0.5958
step   6360 | loss = -2.9648 | g_L = +2.9648 | EMA = +2.8461 | std(g_L) = 0.7938 | grad = 0.6279
step   6380 | loss = -2.8339 | g_L = +2.8339 | EMA = +2.8376 | std(g_L) = 0.7879 | grad = 0.5440
step   6400 | loss = -2.9379 | g_L = +2.9379 | EMA = +2.8351 | std(g_L) = 0.7401 | grad = 1.5665
step   6420 | loss = -2.7870 | g_L = +2.7870 | EMA = +2.8285 | std(g_L) = 0.7311 | grad = 1.3920
step   6440 | loss = -2.9113 | g_L = +2.9113 | EMA = +2.8526 | std(g_L) = 0.6533 | grad = 0.4070
step   6460 | loss = -2.8807 | g_L = +2.8807 | EMA = +2.8339 | std(g_L) = 0.7539 | grad = 0.6092
step   6480 | loss = -2.8883 | g_L = +2.8883 | EMA = +2.8334 | std(g_L) = 0.7699 | grad = 2.0152
step   6500 | loss = -2.7522 | g_L = +2.7522 | EMA = +2.8294 | std(g_L) = 0.8360 | grad = 2.1533
step   6520 | loss = -2.8691 | g_L = +2.8691 | EMA = +2.8391 | std(g_L) = 0.8351 | grad = 0.5253
step   6540 | loss = -2.8947 | g_L = +2.8947 | EMA = +2.8323 | std(g_L) = 0.8329 | grad = 1.2718
step   6560 | loss = -2.8759 | g_L = +2.8759 | EMA = +2.8469 | std(g_L) = 0.7857 | grad = 0.9791
step   6580 | loss = -2.8032 | g_L = +2.8032 | EMA = +2.8455 | std(g_L) = 0.7224 | grad = 0.8195
step   6600 | loss = -2.8194 | g_L = +2.8194 | EMA = +2.8430 | std(g_L) = 0.7512 | grad = 2.8277
step   6620 | loss = -2.8445 | g_L = +2.8445 | EMA = +2.8412 | std(g_L) = 0.8894 | grad = 0.7674
step   6640 | loss = -2.7937 | g_L = +2.7937 | EMA = +2.8231 | std(g_L) = 0.8183 | grad = 0.5461
step   6660 | loss = -2.8887 | g_L = +2.8887 | EMA = +2.8306 | std(g_L) = 0.6391 | grad = 1.0427
step   6680 | loss = -2.8042 | g_L = +2.8042 | EMA = +2.8465 | std(g_L) = 0.7465 | grad = 0.7119
step   6700 | loss = -2.7908 | g_L = +2.7908 | EMA = +2.8405 | std(g_L) = 0.9391 | grad = 1.4293
step   6720 | loss = -2.7401 | g_L = +2.7401 | EMA = +2.8132 | std(g_L) = 0.8400 | grad = 1.0501
step   6740 | loss = -2.9098 | g_L = +2.9098 | EMA = +2.8414 | std(g_L) = 0.6106 | grad = 1.3242
step   6760 | loss = -2.8549 | g_L = +2.8549 | EMA = +2.8463 | std(g_L) = 0.6531 | grad = 0.5652
step   6780 | loss = -2.7305 | g_L = +2.7305 | EMA = +2.8267 | std(g_L) = 0.7972 | grad = 1.3181
step   6800 | loss = -2.7920 | g_L = +2.7920 | EMA = +2.8264 | std(g_L) = 0.8883 | grad = 1.0833
step   6820 | loss = -2.8671 | g_L = +2.8671 | EMA = +2.8525 | std(g_L) = 0.7872 | grad = 0.4778
step   6840 | loss = -2.8122 | g_L = +2.8122 | EMA = +2.8390 | std(g_L) = 0.7613 | grad = 2.0299
step   6860 | loss = -2.8583 | g_L = +2.8583 | EMA = +2.8321 | std(g_L) = 0.7610 | grad = 0.6899
step   6880 | loss = -2.7300 | g_L = +2.7300 | EMA = +2.8136 | std(g_L) = 0.8101 | grad = 0.8817
step   6900 | loss = -2.8107 | g_L = +2.8107 | EMA = +2.8196 | std(g_L) = 0.7634 | grad = 0.4355
step   6920 | loss = -2.9236 | g_L = +2.9236 | EMA = +2.8197 | std(g_L) = 0.6919 | grad = 1.4791
step   6940 | loss = -2.8396 | g_L = +2.8396 | EMA = +2.8499 | std(g_L) = 0.9416 | grad = 2.4253
step   6960 | loss = -2.7494 | g_L = +2.7494 | EMA = +2.8273 | std(g_L) = 0.8167 | grad = 1.0522
step   6980 | loss = -2.7158 | g_L = +2.7158 | EMA = +2.8427 | std(g_L) = 0.7975 | grad = 0.7841
step   7000 | loss = -2.9446 | g_L = +2.9446 | EMA = +2.8395 | std(g_L) = 0.7240 | grad = 1.3249
step   7020 | loss = -2.7962 | g_L = +2.7962 | EMA = +2.8152 | std(g_L) = 0.6575 | grad = 0.9191
step   7040 | loss = -2.8065 | g_L = +2.8065 | EMA = +2.8365 | std(g_L) = 0.9496 | grad = 0.9593
step   7060 | loss = -2.7948 | g_L = +2.7948 | EMA = +2.8271 | std(g_L) = 0.8217 | grad = 2.2492
step   7080 | loss = -2.8029 | g_L = +2.8029 | EMA = +2.8349 | std(g_L) = 0.9065 | grad = 2.9985
step   7100 | loss = -2.8764 | g_L = +2.8764 | EMA = +2.8453 | std(g_L) = 0.7561 | grad = 2.3654
step   7120 | loss = -2.7971 | g_L = +2.7971 | EMA = +2.8299 | std(g_L) = 0.7702 | grad = 2.5449
step   7140 | loss = -2.8424 | g_L = +2.8424 | EMA = +2.8373 | std(g_L) = 0.6903 | grad = 0.6567
step   7160 | loss = -2.7318 | g_L = +2.7318 | EMA = +2.8196 | std(g_L) = 0.8236 | grad = 1.2667
step   7180 | loss = -2.8859 | g_L = +2.8859 | EMA = +2.8304 | std(g_L) = 0.7881 | grad = 1.7142
step   7200 | loss = -2.7063 | g_L = +2.7063 | EMA = +2.8204 | std(g_L) = 0.9288 | grad = 0.9824
step   7220 | loss = -2.8169 | g_L = +2.8169 | EMA = +2.8251 | std(g_L) = 0.6887 | grad = 0.5785
step   7240 | loss = -2.8361 | g_L = +2.8361 | EMA = +2.8512 | std(g_L) = 0.7665 | grad = 2.4870
step   7260 | loss = -2.8920 | g_L = +2.8920 | EMA = +2.8364 | std(g_L) = 0.7146 | grad = 1.0878
step   7280 | loss = -2.8572 | g_L = +2.8572 | EMA = +2.8332 | std(g_L) = 0.8346 | grad = 0.7744
step   7300 | loss = -3.0011 | g_L = +3.0011 | EMA = +2.8629 | std(g_L) = 0.7023 | grad = 0.3599
step   7320 | loss = -2.8236 | g_L = +2.8236 | EMA = +2.8435 | std(g_L) = 0.8326 | grad = 1.2401
step   7340 | loss = -2.8720 | g_L = +2.8720 | EMA = +2.8452 | std(g_L) = 0.8419 | grad = 0.8214
step   7360 | loss = -2.8974 | g_L = +2.8974 | EMA = +2.8421 | std(g_L) = 0.7201 | grad = 1.3721
step   7380 | loss = -2.8415 | g_L = +2.8415 | EMA = +2.8595 | std(g_L) = 0.8954 | grad = 0.3560
step   7400 | loss = -2.6596 | g_L = +2.6596 | EMA = +2.8271 | std(g_L) = 1.0532 | grad = 1.7747
step   7420 | loss = -2.7635 | g_L = +2.7635 | EMA = +2.8249 | std(g_L) = 0.6806 | grad = 1.2117
step   7440 | loss = -2.8357 | g_L = +2.8357 | EMA = +2.8368 | std(g_L) = 0.7086 | grad = 1.4162
step   7460 | loss = -2.7595 | g_L = +2.7595 | EMA = +2.8416 | std(g_L) = 0.7977 | grad = 1.2977
step   7480 | loss = -2.8808 | g_L = +2.8808 | EMA = +2.8561 | std(g_L) = 0.7144 | grad = 0.7834
step   7500 | loss = -2.8468 | g_L = +2.8468 | EMA = +2.8526 | std(g_L) = 0.7849 | grad = 0.6312
step   7520 | loss = -2.9151 | g_L = +2.9151 | EMA = +2.8443 | std(g_L) = 0.8465 | grad = 0.3919
step   7540 | loss = -2.7387 | g_L = +2.7387 | EMA = +2.8456 | std(g_L) = 0.9724 | grad = 0.3921
step   7560 | loss = -2.9370 | g_L = +2.9370 | EMA = +2.8341 | std(g_L) = 0.7383 | grad = 1.3146
step   7580 | loss = -2.6563 | g_L = +2.6563 | EMA = +2.8187 | std(g_L) = 1.0527 | grad = 1.1982
step   7600 | loss = -2.8839 | g_L = +2.8839 | EMA = +2.8333 | std(g_L) = 0.7904 | grad = 0.7371
step   7620 | loss = -2.8596 | g_L = +2.8596 | EMA = +2.8254 | std(g_L) = 1.0462 | grad = 0.7494
step   7640 | loss = -2.9061 | g_L = +2.9061 | EMA = +2.8333 | std(g_L) = 0.6964 | grad = 3.8944
step   7660 | loss = -2.8773 | g_L = +2.8773 | EMA = +2.8341 | std(g_L) = 0.9689 | grad = 1.4053
step   7680 | loss = -2.7756 | g_L = +2.7756 | EMA = +2.8410 | std(g_L) = 0.8684 | grad = 1.9668
step   7700 | loss = -2.7954 | g_L = +2.7954 | EMA = +2.8293 | std(g_L) = 0.7436 | grad = 1.5964
step   7720 | loss = -2.7857 | g_L = +2.7857 | EMA = +2.8388 | std(g_L) = 0.6883 | grad = 1.0463
step   7740 | loss = -2.7974 | g_L = +2.7974 | EMA = +2.8425 | std(g_L) = 0.7362 | grad = 1.3335
step   7760 | loss = -2.8203 | g_L = +2.8203 | EMA = +2.8449 | std(g_L) = 0.7355 | grad = 0.8870
step   7780 | loss = -2.8535 | g_L = +2.8535 | EMA = +2.8363 | std(g_L) = 0.7429 | grad = 1.0789
step   7800 | loss = -2.8376 | g_L = +2.8376 | EMA = +2.8568 | std(g_L) = 0.7949 | grad = 1.3662
step   7820 | loss = -2.8669 | g_L = +2.8669 | EMA = +2.8443 | std(g_L) = 1.1628 | grad = 1.6731
step   7840 | loss = -2.8120 | g_L = +2.8120 | EMA = +2.8615 | std(g_L) = 0.8658 | grad = 0.6741
step   7860 | loss = -2.8864 | g_L = +2.8864 | EMA = +2.8436 | std(g_L) = 0.6468 | grad = 0.5194
step   7880 | loss = -2.9466 | g_L = +2.9466 | EMA = +2.8218 | std(g_L) = 0.6749 | grad = 0.5541
step   7900 | loss = -2.9284 | g_L = +2.9284 | EMA = +2.8253 | std(g_L) = 0.6338 | grad = 0.8609
step   7920 | loss = -2.8420 | g_L = +2.8420 | EMA = +2.8219 | std(g_L) = 0.7226 | grad = 1.1354
step   7940 | loss = -2.8118 | g_L = +2.8118 | EMA = +2.8246 | std(g_L) = 0.8242 | grad = 0.9049
step   7960 | loss = -2.8804 | g_L = +2.8804 | EMA = +2.8325 | std(g_L) = 0.7799 | grad = 2.3415
step   7980 | loss = -2.9189 | g_L = +2.9189 | EMA = +2.8535 | std(g_L) = 0.6069 | grad = 0.4532
step   8000 | loss = -2.7120 | g_L = +2.7120 | EMA = +2.8408 | std(g_L) = 0.8675 | grad = 1.8887
step   8020 | loss = -2.8794 | g_L = +2.8794 | EMA = +2.8321 | std(g_L) = 0.7632 | grad = 0.4853
step   8040 | loss = -2.7781 | g_L = +2.7781 | EMA = +2.8422 | std(g_L) = 0.7693 | grad = 0.8511
step   8060 | loss = -2.9462 | g_L = +2.9462 | EMA = +2.8587 | std(g_L) = 0.5624 | grad = 1.3768
step   8080 | loss = -2.8084 | g_L = +2.8084 | EMA = +2.8190 | std(g_L) = 0.8920 | grad = 0.3926
step   8100 | loss = -2.9036 | g_L = +2.9036 | EMA = +2.8472 | std(g_L) = 0.7228 | grad = 0.8505
step   8120 | loss = -2.8048 | g_L = +2.8048 | EMA = +2.8466 | std(g_L) = 0.9312 | grad = 0.2881
step   8140 | loss = -2.8747 | g_L = +2.8747 | EMA = +2.8460 | std(g_L) = 0.8689 | grad = 1.7116
step   8160 | loss = -2.9116 | g_L = +2.9116 | EMA = +2.8407 | std(g_L) = 0.7583 | grad = 1.4142
step   8180 | loss = -2.9451 | g_L = +2.9451 | EMA = +2.8525 | std(g_L) = 0.6303 | grad = 1.3600
step   8200 | loss = -2.8184 | g_L = +2.8184 | EMA = +2.8389 | std(g_L) = 0.7231 | grad = 0.4767
step   8220 | loss = -2.7638 | g_L = +2.7638 | EMA = +2.8273 | std(g_L) = 0.8429 | grad = 0.3588
step   8240 | loss = -2.8264 | g_L = +2.8264 | EMA = +2.8341 | std(g_L) = 0.8728 | grad = 1.3946
step   8260 | loss = -2.7072 | g_L = +2.7072 | EMA = +2.8445 | std(g_L) = 0.9275 | grad = 0.9671
step   8280 | loss = -2.8220 | g_L = +2.8220 | EMA = +2.8439 | std(g_L) = 0.8574 | grad = 0.6745
step   8300 | loss = -2.8854 | g_L = +2.8854 | EMA = +2.8505 | std(g_L) = 0.7016 | grad = 1.2173
step   8320 | loss = -2.8757 | g_L = +2.8757 | EMA = +2.8548 | std(g_L) = 0.7973 | grad = 0.9006
step   8340 | loss = -2.8562 | g_L = +2.8562 | EMA = +2.8488 | std(g_L) = 0.7701 | grad = 0.4094
step   8360 | loss = -2.8996 | g_L = +2.8996 | EMA = +2.8621 | std(g_L) = 0.8591 | grad = 0.8149
step   8380 | loss = -2.7703 | g_L = +2.7703 | EMA = +2.8572 | std(g_L) = 0.8818 | grad = 0.4131
step   8400 | loss = -2.9201 | g_L = +2.9201 | EMA = +2.8545 | std(g_L) = 0.6905 | grad = 0.4435
step   8420 | loss = -2.8419 | g_L = +2.8419 | EMA = +2.8634 | std(g_L) = 0.7863 | grad = 0.4607
step   8440 | loss = -2.8874 | g_L = +2.8874 | EMA = +2.8664 | std(g_L) = 0.7468 | grad = 1.1587
step   8460 | loss = -2.8826 | g_L = +2.8826 | EMA = +2.8485 | std(g_L) = 0.7818 | grad = 0.9806
step   8480 | loss = -2.8351 | g_L = +2.8351 | EMA = +2.8516 | std(g_L) = 0.7443 | grad = 1.6966
step   8500 | loss = -2.7886 | g_L = +2.7886 | EMA = +2.8445 | std(g_L) = 0.8684 | grad = 2.5034
step   8520 | loss = -2.8970 | g_L = +2.8970 | EMA = +2.8434 | std(g_L) = 0.8217 | grad = 0.6782
step   8540 | loss = -2.9517 | g_L = +2.9517 | EMA = +2.8511 | std(g_L) = 0.7769 | grad = 0.4599
step   8560 | loss = -2.8430 | g_L = +2.8430 | EMA = +2.8601 | std(g_L) = 0.7930 | grad = 1.8237
step   8580 | loss = -2.7667 | g_L = +2.7667 | EMA = +2.8707 | std(g_L) = 0.7179 | grad = 0.4798
step   8600 | loss = -2.9196 | g_L = +2.9196 | EMA = +2.8494 | std(g_L) = 0.8303 | grad = 1.1848
step   8620 | loss = -2.8536 | g_L = +2.8536 | EMA = +2.8540 | std(g_L) = 0.7381 | grad = 0.8230
step   8640 | loss = -2.8466 | g_L = +2.8466 | EMA = +2.8449 | std(g_L) = 0.8110 | grad = 0.4468
step   8660 | loss = -2.8247 | g_L = +2.8247 | EMA = +2.8496 | std(g_L) = 0.8117 | grad = 1.3846
step   8680 | loss = -2.8297 | g_L = +2.8297 | EMA = +2.8503 | std(g_L) = 0.8564 | grad = 1.3393
step   8700 | loss = -2.8219 | g_L = +2.8219 | EMA = +2.8565 | std(g_L) = 0.7134 | grad = 0.5915
step   8720 | loss = -2.8412 | g_L = +2.8412 | EMA = +2.8404 | std(g_L) = 0.7818 | grad = 1.1888
step   8740 | loss = -2.8185 | g_L = +2.8185 | EMA = +2.8421 | std(g_L) = 0.8443 | grad = 1.5481
step   8760 | loss = -2.7924 | g_L = +2.7924 | EMA = +2.8465 | std(g_L) = 0.8555 | grad = 0.7439
step   8780 | loss = -2.7805 | g_L = +2.7805 | EMA = +2.8501 | std(g_L) = 0.9385 | grad = 0.5107
step   8800 | loss = -2.8983 | g_L = +2.8983 | EMA = +2.8443 | std(g_L) = 0.6969 | grad = 1.7193
step   8820 | loss = -2.7748 | g_L = +2.7748 | EMA = +2.8608 | std(g_L) = 0.8422 | grad = 1.0578
step   8840 | loss = -2.7565 | g_L = +2.7565 | EMA = +2.8339 | std(g_L) = 0.9096 | grad = 1.7010
step   8860 | loss = -2.8488 | g_L = +2.8488 | EMA = +2.8282 | std(g_L) = 0.9019 | grad = 0.9961
step   8880 | loss = -2.8951 | g_L = +2.8951 | EMA = +2.8564 | std(g_L) = 0.7636 | grad = 1.1529
step   8900 | loss = -2.8725 | g_L = +2.8725 | EMA = +2.8634 | std(g_L) = 0.7499 | grad = 0.8061
step   8920 | loss = -2.8094 | g_L = +2.8094 | EMA = +2.8474 | std(g_L) = 0.9117 | grad = 0.5279
step   8940 | loss = -2.9518 | g_L = +2.9518 | EMA = +2.8559 | std(g_L) = 0.7746 | grad = 1.8419
step   8960 | loss = -2.7973 | g_L = +2.7973 | EMA = +2.8370 | std(g_L) = 0.7384 | grad = 2.2454
step   8980 | loss = -2.9810 | g_L = +2.9810 | EMA = +2.8462 | std(g_L) = 0.7167 | grad = 1.3779
step   9000 | loss = -2.8929 | g_L = +2.8929 | EMA = +2.8430 | std(g_L) = 0.7012 | grad = 1.4861
step   9020 | loss = -2.8246 | g_L = +2.8246 | EMA = +2.8551 | std(g_L) = 0.8063 | grad = 1.0486
step   9040 | loss = -2.9595 | g_L = +2.9595 | EMA = +2.8546 | std(g_L) = 0.7035 | grad = 1.8317
step   9060 | loss = -2.8147 | g_L = +2.8147 | EMA = +2.8583 | std(g_L) = 0.8284 | grad = 0.6289
step   9080 | loss = -2.6927 | g_L = +2.6927 | EMA = +2.8386 | std(g_L) = 0.9784 | grad = 0.8099
step   9100 | loss = -2.8156 | g_L = +2.8156 | EMA = +2.8506 | std(g_L) = 0.8182 | grad = 0.6916
step   9120 | loss = -2.7534 | g_L = +2.7534 | EMA = +2.8399 | std(g_L) = 0.8725 | grad = 0.5459
step   9140 | loss = -2.8417 | g_L = +2.8417 | EMA = +2.8249 | std(g_L) = 0.8710 | grad = 0.8250
step   9160 | loss = -2.7702 | g_L = +2.7702 | EMA = +2.8204 | std(g_L) = 0.7857 | grad = 0.7898
step   9180 | loss = -2.7775 | g_L = +2.7775 | EMA = +2.8366 | std(g_L) = 0.7183 | grad = 0.7595
step   9200 | loss = -2.7962 | g_L = +2.7962 | EMA = +2.8291 | std(g_L) = 0.8240 | grad = 0.6457
step   9220 | loss = -2.7272 | g_L = +2.7272 | EMA = +2.8278 | std(g_L) = 0.8518 | grad = 0.9403
step   9240 | loss = -2.8323 | g_L = +2.8323 | EMA = +2.8394 | std(g_L) = 0.9051 | grad = 1.4144
step   9260 | loss = -2.8127 | g_L = +2.8127 | EMA = +2.8410 | std(g_L) = 0.6790 | grad = 0.6726
step   9280 | loss = -2.8188 | g_L = +2.8188 | EMA = +2.8397 | std(g_L) = 0.6881 | grad = 0.9657
step   9300 | loss = -2.8164 | g_L = +2.8164 | EMA = +2.8584 | std(g_L) = 0.8086 | grad = 1.0931
step   9320 | loss = -2.8948 | g_L = +2.8948 | EMA = +2.8615 | std(g_L) = 0.8362 | grad = 1.4874
step   9340 | loss = -2.8216 | g_L = +2.8216 | EMA = +2.8757 | std(g_L) = 0.8181 | grad = 0.6764
step   9360 | loss = -2.8265 | g_L = +2.8265 | EMA = +2.8632 | std(g_L) = 0.8270 | grad = 1.3023
step   9380 | loss = -2.8658 | g_L = +2.8658 | EMA = +2.8397 | std(g_L) = 0.6933 | grad = 1.2189
step   9400 | loss = -2.7665 | g_L = +2.7665 | EMA = +2.8327 | std(g_L) = 0.8324 | grad = 0.7650
step   9420 | loss = -2.9495 | g_L = +2.9495 | EMA = +2.8489 | std(g_L) = 0.9796 | grad = 1.7633
step   9440 | loss = -2.8643 | g_L = +2.8643 | EMA = +2.8574 | std(g_L) = 0.7642 | grad = 1.1818
step   9460 | loss = -2.7966 | g_L = +2.7966 | EMA = +2.8521 | std(g_L) = 0.7769 | grad = 1.0502
step   9480 | loss = -2.9419 | g_L = +2.9419 | EMA = +2.8565 | std(g_L) = 0.7892 | grad = 1.4781
step   9500 | loss = -2.9063 | g_L = +2.9063 | EMA = +2.8646 | std(g_L) = 0.8063 | grad = 0.4914
step   9520 | loss = -2.8163 | g_L = +2.8163 | EMA = +2.8413 | std(g_L) = 0.6828 | grad = 1.1285
step   9540 | loss = -2.7583 | g_L = +2.7583 | EMA = +2.8232 | std(g_L) = 0.6968 | grad = 1.0549
step   9560 | loss = -2.7174 | g_L = +2.7174 | EMA = +2.8458 | std(g_L) = 0.8795 | grad = 0.5160
step   9580 | loss = -2.7636 | g_L = +2.7636 | EMA = +2.8356 | std(g_L) = 0.7665 | grad = 0.9010
step   9600 | loss = -2.7644 | g_L = +2.7644 | EMA = +2.8318 | std(g_L) = 0.8802 | grad = 2.0151
step   9620 | loss = -2.9451 | g_L = +2.9451 | EMA = +2.8433 | std(g_L) = 0.6455 | grad = 1.1487
step   9640 | loss = -2.7826 | g_L = +2.7826 | EMA = +2.8502 | std(g_L) = 0.7750 | grad = 0.9791
step   9660 | loss = -2.9028 | g_L = +2.9028 | EMA = +2.8380 | std(g_L) = 0.7808 | grad = 1.0038
step   9680 | loss = -2.8627 | g_L = +2.8627 | EMA = +2.8458 | std(g_L) = 0.8759 | grad = 0.8985
step   9700 | loss = -2.9568 | g_L = +2.9568 | EMA = +2.8506 | std(g_L) = 0.6519 | grad = 1.9091
step   9720 | loss = -2.8102 | g_L = +2.8102 | EMA = +2.8399 | std(g_L) = 1.1279 | grad = 0.7074
step   9740 | loss = -2.7747 | g_L = +2.7747 | EMA = +2.8257 | std(g_L) = 0.9343 | grad = 0.3285
step   9760 | loss = -2.7654 | g_L = +2.7654 | EMA = +2.8143 | std(g_L) = 0.8777 | grad = 0.5232
step   9780 | loss = -2.7787 | g_L = +2.7787 | EMA = +2.8254 | std(g_L) = 0.7852 | grad = 0.4499
step   9800 | loss = -2.8291 | g_L = +2.8291 | EMA = +2.8329 | std(g_L) = 0.8191 | grad = 0.8757
step   9820 | loss = -2.9343 | g_L = +2.9343 | EMA = +2.8275 | std(g_L) = 0.7387 | grad = 0.4173
step   9840 | loss = -2.8625 | g_L = +2.8625 | EMA = +2.8480 | std(g_L) = 0.8677 | grad = 0.5526
step   9860 | loss = -2.9312 | g_L = +2.9312 | EMA = +2.8540 | std(g_L) = 0.6828 | grad = 0.4924
step   9880 | loss = -2.9447 | g_L = +2.9447 | EMA = +2.8676 | std(g_L) = 0.7871 | grad = 2.3544
step   9900 | loss = -2.9139 | g_L = +2.9139 | EMA = +2.8756 | std(g_L) = 0.7570 | grad = 1.4061
step   9920 | loss = -2.9349 | g_L = +2.9349 | EMA = +2.8446 | std(g_L) = 0.6818 | grad = 1.6091
step   9940 | loss = -2.8269 | g_L = +2.8269 | EMA = +2.8323 | std(g_L) = 0.8260 | grad = 1.5947
step   9960 | loss = -2.8386 | g_L = +2.8386 | EMA = +2.8484 | std(g_L) = 0.7676 | grad = 0.5076
step   9980 | loss = -2.9268 | g_L = +2.9268 | EMA = +2.8508 | std(g_L) = 0.7162 | grad = 0.3504
step  10000 | loss = -2.6691 | g_L = +2.6691 | EMA = +2.8483 | std(g_L) = 0.9299 | grad = 3.0097
step  10020 | loss = -2.8893 | g_L = +2.8893 | EMA = +2.8473 | std(g_L) = 0.7691 | grad = 0.2447
step  10040 | loss = -2.8647 | g_L = +2.8647 | EMA = +2.8366 | std(g_L) = 0.6908 | grad = 2.0366
step  10060 | loss = -2.8260 | g_L = +2.8260 | EMA = +2.8551 | std(g_L) = 0.8065 | grad = 2.1241
step  10080 | loss = -2.9037 | g_L = +2.9037 | EMA = +2.8591 | std(g_L) = 0.6552 | grad = 0.4944
step  10100 | loss = -2.8705 | g_L = +2.8705 | EMA = +2.8417 | std(g_L) = 0.9449 | grad = 0.8757
step  10120 | loss = -2.9326 | g_L = +2.9326 | EMA = +2.8425 | std(g_L) = 0.7677 | grad = 2.5255
step  10140 | loss = -2.8799 | g_L = +2.8799 | EMA = +2.8558 | std(g_L) = 0.6863 | grad = 0.6433
step  10160 | loss = -2.9702 | g_L = +2.9702 | EMA = +2.8589 | std(g_L) = 0.7246 | grad = 0.8210
step  10180 | loss = -2.7991 | g_L = +2.7991 | EMA = +2.8376 | std(g_L) = 0.8226 | grad = 0.5791
step  10200 | loss = -2.8120 | g_L = +2.8120 | EMA = +2.8499 | std(g_L) = 0.8868 | grad = 1.0011
step  10220 | loss = -2.9303 | g_L = +2.9303 | EMA = +2.8317 | std(g_L) = 0.7380 | grad = 2.2491
step  10240 | loss = -2.8649 | g_L = +2.8649 | EMA = +2.8512 | std(g_L) = 0.7723 | grad = 0.7544
step  10260 | loss = -2.9316 | g_L = +2.9316 | EMA = +2.8523 | std(g_L) = 0.7718 | grad = 0.5864
step  10280 | loss = -2.8212 | g_L = +2.8212 | EMA = +2.8602 | std(g_L) = 0.8130 | grad = 1.8045
step  10300 | loss = -2.9093 | g_L = +2.9093 | EMA = +2.8645 | std(g_L) = 0.7199 | grad = 0.8480
step  10320 | loss = -2.8397 | g_L = +2.8397 | EMA = +2.8549 | std(g_L) = 0.9444 | grad = 0.3379
step  10340 | loss = -2.8381 | g_L = +2.8381 | EMA = +2.8652 | std(g_L) = 0.8008 | grad = 2.0158
step  10360 | loss = -2.7590 | g_L = +2.7590 | EMA = +2.8345 | std(g_L) = 1.0660 | grad = 1.4438
step  10380 | loss = -2.8560 | g_L = +2.8560 | EMA = +2.8504 | std(g_L) = 0.8073 | grad = 0.5701
step  10400 | loss = -2.8377 | g_L = +2.8377 | EMA = +2.8630 | std(g_L) = 0.8834 | grad = 1.4748
step  10420 | loss = -2.8537 | g_L = +2.8537 | EMA = +2.8618 | std(g_L) = 0.7554 | grad = 1.6642
step  10440 | loss = -2.8740 | g_L = +2.8740 | EMA = +2.8623 | std(g_L) = 0.8099 | grad = 0.6165
step  10460 | loss = -2.8234 | g_L = +2.8234 | EMA = +2.8665 | std(g_L) = 0.8694 | grad = 1.3607
step  10480 | loss = -2.8687 | g_L = +2.8687 | EMA = +2.8579 | std(g_L) = 0.6801 | grad = 0.7395
step  10500 | loss = -2.9353 | g_L = +2.9353 | EMA = +2.8705 | std(g_L) = 0.6996 | grad = 2.0250
step  10520 | loss = -2.8025 | g_L = +2.8025 | EMA = +2.8586 | std(g_L) = 0.9270 | grad = 0.9135
step  10540 | loss = -2.8767 | g_L = +2.8767 | EMA = +2.8752 | std(g_L) = 0.6855 | grad = 0.5324
step  10560 | loss = -2.8759 | g_L = +2.8759 | EMA = +2.8660 | std(g_L) = 0.8786 | grad = 0.6600
step  10580 | loss = -2.8628 | g_L = +2.8628 | EMA = +2.8657 | std(g_L) = 0.7984 | grad = 1.5070
step  10600 | loss = -2.8703 | g_L = +2.8703 | EMA = +2.8597 | std(g_L) = 0.9205 | grad = 1.9175
step  10620 | loss = -2.8196 | g_L = +2.8196 | EMA = +2.8491 | std(g_L) = 0.6880 | grad = 1.3985
step  10640 | loss = -2.7598 | g_L = +2.7598 | EMA = +2.8530 | std(g_L) = 0.8236 | grad = 1.0212
step  10660 | loss = -3.0060 | g_L = +3.0060 | EMA = +2.8627 | std(g_L) = 0.6880 | grad = 1.2710
step  10680 | loss = -2.8380 | g_L = +2.8380 | EMA = +2.8782 | std(g_L) = 0.6120 | grad = 1.2904
step  10700 | loss = -2.8740 | g_L = +2.8740 | EMA = +2.8603 | std(g_L) = 0.7038 | grad = 0.6934
step  10720 | loss = -2.8494 | g_L = +2.8494 | EMA = +2.8539 | std(g_L) = 0.8392 | grad = 0.8742
step  10740 | loss = -2.7733 | g_L = +2.7733 | EMA = +2.8432 | std(g_L) = 0.8778 | grad = 1.8225
step  10760 | loss = -2.8734 | g_L = +2.8734 | EMA = +2.8639 | std(g_L) = 0.9273 | grad = 2.6008
step  10780 | loss = -3.0108 | g_L = +3.0108 | EMA = +2.8539 | std(g_L) = 0.5932 | grad = 0.5658
step  10800 | loss = -2.7796 | g_L = +2.7796 | EMA = +2.8523 | std(g_L) = 0.8770 | grad = 0.8386
step  10820 | loss = -2.9097 | g_L = +2.9097 | EMA = +2.8589 | std(g_L) = 0.7571 | grad = 1.1517
step  10840 | loss = -2.9313 | g_L = +2.9313 | EMA = +2.8490 | std(g_L) = 0.6578 | grad = 0.8973
step  10860 | loss = -2.8826 | g_L = +2.8826 | EMA = +2.8717 | std(g_L) = 0.7554 | grad = 0.6050
step  10880 | loss = -2.8913 | g_L = +2.8913 | EMA = +2.8694 | std(g_L) = 0.6730 | grad = 2.8741
step  10900 | loss = -2.9206 | g_L = +2.9206 | EMA = +2.8611 | std(g_L) = 0.6916 | grad = 0.6820
step  10920 | loss = -2.9176 | g_L = +2.9176 | EMA = +2.8763 | std(g_L) = 0.6905 | grad = 0.9352
step  10940 | loss = -2.8504 | g_L = +2.8504 | EMA = +2.8638 | std(g_L) = 0.6752 | grad = 1.7096
step  10960 | loss = -2.9539 | g_L = +2.9539 | EMA = +2.8433 | std(g_L) = 0.8139 | grad = 0.4578
step  10980 | loss = -2.7869 | g_L = +2.7869 | EMA = +2.8335 | std(g_L) = 0.9089 | grad = 1.8189
step  11000 | loss = -2.8761 | g_L = +2.8761 | EMA = +2.8508 | std(g_L) = 0.8278 | grad = 0.4072
step  11020 | loss = -2.9110 | g_L = +2.9110 | EMA = +2.8334 | std(g_L) = 0.8362 | grad = 0.3482
step  11040 | loss = -2.9221 | g_L = +2.9221 | EMA = +2.8406 | std(g_L) = 0.7157 | grad = 0.8378
step  11060 | loss = -2.9492 | g_L = +2.9492 | EMA = +2.8541 | std(g_L) = 0.6663 | grad = 1.9032
step  11080 | loss = -2.8777 | g_L = +2.8777 | EMA = +2.8576 | std(g_L) = 0.8440 | grad = 1.1517
step  11100 | loss = -2.7869 | g_L = +2.7869 | EMA = +2.8492 | std(g_L) = 0.8615 | grad = 1.2428
step  11120 | loss = -2.8552 | g_L = +2.8552 | EMA = +2.8581 | std(g_L) = 0.8112 | grad = 0.5974
step  11140 | loss = -2.8806 | g_L = +2.8806 | EMA = +2.8575 | std(g_L) = 0.8578 | grad = 3.6245
step  11160 | loss = -2.7877 | g_L = +2.7877 | EMA = +2.8524 | std(g_L) = 0.9072 | grad = 0.8001
step  11180 | loss = -2.8641 | g_L = +2.8641 | EMA = +2.8593 | std(g_L) = 0.6902 | grad = 1.1357
step  11200 | loss = -2.8603 | g_L = +2.8603 | EMA = +2.8603 | std(g_L) = 0.7924 | grad = 0.3938
step  11220 | loss = -2.8195 | g_L = +2.8195 | EMA = +2.8482 | std(g_L) = 0.6978 | grad = 1.3050
step  11240 | loss = -2.7590 | g_L = +2.7590 | EMA = +2.8535 | std(g_L) = 1.1464 | grad = 0.5368
step  11260 | loss = -2.9031 | g_L = +2.9031 | EMA = +2.8539 | std(g_L) = 0.6775 | grad = 0.7891
step  11280 | loss = -2.8438 | g_L = +2.8438 | EMA = +2.8565 | std(g_L) = 0.7403 | grad = 0.5441
step  11300 | loss = -2.8537 | g_L = +2.8537 | EMA = +2.8685 | std(g_L) = 0.9013 | grad = 0.7321
step  11320 | loss = -2.8630 | g_L = +2.8630 | EMA = +2.8700 | std(g_L) = 0.9985 | grad = 1.4999
step  11340 | loss = -2.8916 | g_L = +2.8916 | EMA = +2.8610 | std(g_L) = 0.6317 | grad = 0.6290
step  11360 | loss = -2.8494 | g_L = +2.8494 | EMA = +2.8538 | std(g_L) = 0.6840 | grad = 0.6568
step  11380 | loss = -2.8567 | g_L = +2.8567 | EMA = +2.8588 | std(g_L) = 0.8904 | grad = 1.3993
step  11400 | loss = -2.9062 | g_L = +2.9062 | EMA = +2.8826 | std(g_L) = 0.7556 | grad = 1.7315
step  11420 | loss = -2.8473 | g_L = +2.8473 | EMA = +2.8638 | std(g_L) = 0.8183 | grad = 0.6104
step  11440 | loss = -2.8163 | g_L = +2.8163 | EMA = +2.8410 | std(g_L) = 0.7891 | grad = 0.6253
step  11460 | loss = -2.9001 | g_L = +2.9001 | EMA = +2.8712 | std(g_L) = 0.7358 | grad = 0.4306
step  11480 | loss = -2.8418 | g_L = +2.8418 | EMA = +2.8865 | std(g_L) = 0.8153 | grad = 1.1344
step  11500 | loss = -2.8562 | g_L = +2.8562 | EMA = +2.8483 | std(g_L) = 0.9142 | grad = 0.6170
step  11520 | loss = -2.8554 | g_L = +2.8554 | EMA = +2.8478 | std(g_L) = 0.7494 | grad = 2.2287
step  11540 | loss = -2.8216 | g_L = +2.8216 | EMA = +2.8392 | std(g_L) = 0.8265 | grad = 0.8650
step  11560 | loss = -2.9609 | g_L = +2.9609 | EMA = +2.8308 | std(g_L) = 0.7459 | grad = 0.8116
step  11580 | loss = -2.8662 | g_L = +2.8662 | EMA = +2.8643 | std(g_L) = 0.8516 | grad = 0.9031
step  11600 | loss = -2.8107 | g_L = +2.8107 | EMA = +2.8722 | std(g_L) = 0.9251 | grad = 0.4682
step  11620 | loss = -2.8662 | g_L = +2.8662 | EMA = +2.8498 | std(g_L) = 0.9230 | grad = 1.3827
step  11640 | loss = -2.7625 | g_L = +2.7625 | EMA = +2.8561 | std(g_L) = 0.8421 | grad = 0.9727
step  11660 | loss = -2.7897 | g_L = +2.7897 | EMA = +2.8573 | std(g_L) = 0.9618 | grad = 2.6570
step  11680 | loss = -2.7792 | g_L = +2.7792 | EMA = +2.8532 | std(g_L) = 0.6979 | grad = 0.9920
step  11700 | loss = -2.9244 | g_L = +2.9244 | EMA = +2.8580 | std(g_L) = 0.7621 | grad = 1.4826
step  11720 | loss = -2.8153 | g_L = +2.8153 | EMA = +2.8406 | std(g_L) = 0.6938 | grad = 0.7115
step  11740 | loss = -2.9049 | g_L = +2.9049 | EMA = +2.8520 | std(g_L) = 0.8320 | grad = 1.1049
step  11760 | loss = -2.9415 | g_L = +2.9415 | EMA = +2.8712 | std(g_L) = 0.6879 | grad = 2.5956
step  11780 | loss = -2.8851 | g_L = +2.8851 | EMA = +2.8619 | std(g_L) = 0.7367 | grad = 0.7714
step  11800 | loss = -2.8781 | g_L = +2.8781 | EMA = +2.8445 | std(g_L) = 0.6566 | grad = 0.6671
step  11820 | loss = -3.0208 | g_L = +3.0208 | EMA = +2.8604 | std(g_L) = 0.6818 | grad = 0.6182
step  11840 | loss = -2.8496 | g_L = +2.8496 | EMA = +2.8602 | std(g_L) = 0.7817 | grad = 0.9528
step  11860 | loss = -2.8430 | g_L = +2.8430 | EMA = +2.8528 | std(g_L) = 1.0604 | grad = 0.3902
step  11880 | loss = -2.7861 | g_L = +2.7861 | EMA = +2.8435 | std(g_L) = 0.7302 | grad = 0.4776
step  11900 | loss = -2.8269 | g_L = +2.8269 | EMA = +2.8514 | std(g_L) = 0.8591 | grad = 0.7130
step  11920 | loss = -2.8517 | g_L = +2.8517 | EMA = +2.8575 | std(g_L) = 0.8654 | grad = 0.4305
step  11940 | loss = -2.8348 | g_L = +2.8348 | EMA = +2.8568 | std(g_L) = 0.7451 | grad = 0.8562
step  11960 | loss = -2.8819 | g_L = +2.8819 | EMA = +2.8481 | std(g_L) = 0.7536 | grad = 0.2076
step  11980 | loss = -2.7856 | g_L = +2.7856 | EMA = +2.8416 | std(g_L) = 0.8298 | grad = 0.5504
step  12000 | loss = -2.8271 | g_L = +2.8271 | EMA = +2.8445 | std(g_L) = 0.7022 | grad = 0.9806
step  12020 | loss = -2.8125 | g_L = +2.8125 | EMA = +2.8463 | std(g_L) = 0.7395 | grad = 0.9486
step  12040 | loss = -2.8521 | g_L = +2.8521 | EMA = +2.8553 | std(g_L) = 0.7162 | grad = 0.5398
step  12060 | loss = -2.7680 | g_L = +2.7680 | EMA = +2.8482 | std(g_L) = 1.1335 | grad = 1.4731
step  12080 | loss = -2.8919 | g_L = +2.8919 | EMA = +2.8541 | std(g_L) = 0.7341 | grad = 0.6418
step  12100 | loss = -2.9563 | g_L = +2.9563 | EMA = +2.8615 | std(g_L) = 0.8126 | grad = 0.4317
step  12120 | loss = -2.7594 | g_L = +2.7594 | EMA = +2.8559 | std(g_L) = 1.0769 | grad = 0.6833
step  12140 | loss = -3.0466 | g_L = +3.0466 | EMA = +2.8646 | std(g_L) = 0.7238 | grad = 0.5892
step  12160 | loss = -2.7913 | g_L = +2.7913 | EMA = +2.8695 | std(g_L) = 0.8718 | grad = 0.5741
step  12180 | loss = -2.8340 | g_L = +2.8340 | EMA = +2.8746 | std(g_L) = 0.6883 | grad = 1.4130
step  12200 | loss = -2.8347 | g_L = +2.8347 | EMA = +2.8688 | std(g_L) = 0.7059 | grad = 0.6404
step  12220 | loss = -2.8711 | g_L = +2.8711 | EMA = +2.8622 | std(g_L) = 0.8042 | grad = 1.1372
step  12240 | loss = -2.9636 | g_L = +2.9636 | EMA = +2.8599 | std(g_L) = 0.8320 | grad = 0.8967
step  12260 | loss = -2.8359 | g_L = +2.8359 | EMA = +2.8585 | std(g_L) = 0.7030 | grad = 0.5823
step  12280 | loss = -2.7446 | g_L = +2.7446 | EMA = +2.8654 | std(g_L) = 0.8821 | grad = 0.7821
step  12300 | loss = -2.8292 | g_L = +2.8292 | EMA = +2.8576 | std(g_L) = 0.8231 | grad = 0.8704
step  12320 | loss = -2.8287 | g_L = +2.8287 | EMA = +2.8543 | std(g_L) = 0.7728 | grad = 1.3689
step  12340 | loss = -2.8593 | g_L = +2.8593 | EMA = +2.8491 | std(g_L) = 0.7879 | grad = 0.4026
step  12360 | loss = -2.8019 | g_L = +2.8019 | EMA = +2.8587 | std(g_L) = 0.7657 | grad = 1.9402
step  12380 | loss = -2.8997 | g_L = +2.8997 | EMA = +2.8530 | std(g_L) = 0.6757 | grad = 1.2797
step  12400 | loss = -3.0194 | g_L = +3.0194 | EMA = +2.8743 | std(g_L) = 0.6535 | grad = 0.3987
step  12420 | loss = -2.8556 | g_L = +2.8556 | EMA = +2.8652 | std(g_L) = 0.9011 | grad = 0.7215
step  12440 | loss = -2.7888 | g_L = +2.7888 | EMA = +2.8542 | std(g_L) = 0.9237 | grad = 1.9539
step  12460 | loss = -2.8584 | g_L = +2.8584 | EMA = +2.8514 | std(g_L) = 0.8387 | grad = 0.7446
step  12480 | loss = -2.8811 | g_L = +2.8811 | EMA = +2.8425 | std(g_L) = 0.8078 | grad = 1.0065
step  12500 | loss = -2.8567 | g_L = +2.8567 | EMA = +2.8488 | std(g_L) = 0.9053 | grad = 1.2276
step  12520 | loss = -2.8640 | g_L = +2.8640 | EMA = +2.8447 | std(g_L) = 0.6079 | grad = 1.3933
step  12540 | loss = -2.9256 | g_L = +2.9256 | EMA = +2.8420 | std(g_L) = 0.7763 | grad = 0.6685
step  12560 | loss = -2.9068 | g_L = +2.9068 | EMA = +2.8616 | std(g_L) = 0.7053 | grad = 0.8824
step  12580 | loss = -2.7331 | g_L = +2.7331 | EMA = +2.8590 | std(g_L) = 0.9761 | grad = 0.5059
step  12600 | loss = -2.7778 | g_L = +2.7778 | EMA = +2.8434 | std(g_L) = 0.8523 | grad = 0.8224
step  12620 | loss = -2.8774 | g_L = +2.8774 | EMA = +2.8572 | std(g_L) = 0.7771 | grad = 1.3455
step  12640 | loss = -2.8577 | g_L = +2.8577 | EMA = +2.8583 | std(g_L) = 0.9470 | grad = 1.2307
step  12660 | loss = -2.7922 | g_L = +2.7922 | EMA = +2.8446 | std(g_L) = 0.8764 | grad = 1.6830
step  12680 | loss = -2.8719 | g_L = +2.8719 | EMA = +2.8516 | std(g_L) = 0.7051 | grad = 0.4839
step  12700 | loss = -2.8206 | g_L = +2.8206 | EMA = +2.8580 | std(g_L) = 0.7734 | grad = 0.9930
step  12720 | loss = -2.7685 | g_L = +2.7685 | EMA = +2.8595 | std(g_L) = 0.9189 | grad = 1.7359
step  12740 | loss = -2.8387 | g_L = +2.8387 | EMA = +2.8647 | std(g_L) = 0.7758 | grad = 1.4035
step  12760 | loss = -2.9374 | g_L = +2.9374 | EMA = +2.8582 | std(g_L) = 0.6496 | grad = 0.4663
step  12780 | loss = -3.0144 | g_L = +3.0144 | EMA = +2.8506 | std(g_L) = 0.6947 | grad = 1.4021
step  12800 | loss = -2.7388 | g_L = +2.7388 | EMA = +2.8499 | std(g_L) = 0.8604 | grad = 1.0468
step  12820 | loss = -2.9315 | g_L = +2.9315 | EMA = +2.8616 | std(g_L) = 0.6985 | grad = 0.6511
step  12840 | loss = -2.9241 | g_L = +2.9241 | EMA = +2.8638 | std(g_L) = 0.6700 | grad = 0.5576
step  12860 | loss = -2.7474 | g_L = +2.7474 | EMA = +2.8643 | std(g_L) = 0.8055 | grad = 0.9542
step  12880 | loss = -2.8166 | g_L = +2.8166 | EMA = +2.8624 | std(g_L) = 0.8402 | grad = 0.6376
step  12900 | loss = -2.9158 | g_L = +2.9158 | EMA = +2.8705 | std(g_L) = 0.7240 | grad = 0.4906
step  12920 | loss = -2.9146 | g_L = +2.9146 | EMA = +2.8858 | std(g_L) = 0.7624 | grad = 2.5841
step  12940 | loss = -2.8529 | g_L = +2.8529 | EMA = +2.8765 | std(g_L) = 0.8546 | grad = 0.8306
step  12960 | loss = -2.8535 | g_L = +2.8535 | EMA = +2.8697 | std(g_L) = 0.7930 | grad = 1.4655
step  12980 | loss = -2.8102 | g_L = +2.8102 | EMA = +2.8706 | std(g_L) = 0.9485 | grad = 0.8005
step  13000 | loss = -2.9635 | g_L = +2.9635 | EMA = +2.8518 | std(g_L) = 0.6699 | grad = 0.9230
step  13020 | loss = -2.8637 | g_L = +2.8637 | EMA = +2.8417 | std(g_L) = 0.7207 | grad = 0.8051
step  13040 | loss = -2.9444 | g_L = +2.9444 | EMA = +2.8482 | std(g_L) = 0.7351 | grad = 0.7342
step  13060 | loss = -2.8820 | g_L = +2.8820 | EMA = +2.8409 | std(g_L) = 0.8004 | grad = 0.6931
step  13080 | loss = -3.0338 | g_L = +3.0338 | EMA = +2.8530 | std(g_L) = 0.6782 | grad = 0.8336
step  13100 | loss = -2.8372 | g_L = +2.8372 | EMA = +2.8439 | std(g_L) = 0.8934 | grad = 1.1499
step  13120 | loss = -2.9885 | g_L = +2.9885 | EMA = +2.8570 | std(g_L) = 0.6795 | grad = 0.5862
step  13140 | loss = -2.9367 | g_L = +2.9367 | EMA = +2.8636 | std(g_L) = 0.8716 | grad = 0.3361
step  13160 | loss = -2.8728 | g_L = +2.8728 | EMA = +2.8532 | std(g_L) = 0.8736 | grad = 0.6334
step  13180 | loss = -2.8311 | g_L = +2.8311 | EMA = +2.8468 | std(g_L) = 0.7630 | grad = 0.4019
step  13200 | loss = -2.8288 | g_L = +2.8288 | EMA = +2.8366 | std(g_L) = 0.7105 | grad = 0.5690
step  13220 | loss = -2.9140 | g_L = +2.9140 | EMA = +2.8706 | std(g_L) = 0.8191 | grad = 0.4854
step  13240 | loss = -2.8284 | g_L = +2.8284 | EMA = +2.8559 | std(g_L) = 0.8871 | grad = 0.3204
step  13260 | loss = -2.7689 | g_L = +2.7689 | EMA = +2.8464 | std(g_L) = 0.7509 | grad = 2.0867
step  13280 | loss = -2.8674 | g_L = +2.8674 | EMA = +2.8515 | std(g_L) = 0.7681 | grad = 0.6225
step  13300 | loss = -2.8741 | g_L = +2.8741 | EMA = +2.8474 | std(g_L) = 0.7488 | grad = 0.7840
step  13320 | loss = -2.8393 | g_L = +2.8393 | EMA = +2.8650 | std(g_L) = 0.9395 | grad = 2.4506
step  13340 | loss = -2.7715 | g_L = +2.7715 | EMA = +2.8430 | std(g_L) = 0.8867 | grad = 1.4132
step  13360 | loss = -2.8433 | g_L = +2.8433 | EMA = +2.8521 | std(g_L) = 0.8924 | grad = 0.4703
step  13380 | loss = -2.8603 | g_L = +2.8603 | EMA = +2.8557 | std(g_L) = 0.8572 | grad = 0.6308
step  13400 | loss = -2.8441 | g_L = +2.8441 | EMA = +2.8579 | std(g_L) = 0.7865 | grad = 2.7278
step  13420 | loss = -2.9332 | g_L = +2.9332 | EMA = +2.8576 | std(g_L) = 0.6793 | grad = 0.8285
step  13440 | loss = -2.8761 | g_L = +2.8761 | EMA = +2.8414 | std(g_L) = 0.7608 | grad = 0.7016
step  13460 | loss = -2.8128 | g_L = +2.8128 | EMA = +2.8591 | std(g_L) = 0.8578 | grad = 1.2170
step  13480 | loss = -2.8440 | g_L = +2.8440 | EMA = +2.8574 | std(g_L) = 1.0046 | grad = 1.9649
step  13500 | loss = -2.8620 | g_L = +2.8620 | EMA = +2.8684 | std(g_L) = 0.7312 | grad = 0.7624
step  13520 | loss = -2.8737 | g_L = +2.8737 | EMA = +2.8673 | std(g_L) = 0.7354 | grad = 0.6213
step  13540 | loss = -2.8470 | g_L = +2.8470 | EMA = +2.8461 | std(g_L) = 0.9328 | grad = 1.2536
step  13560 | loss = -2.8451 | g_L = +2.8451 | EMA = +2.8413 | std(g_L) = 0.8312 | grad = 1.1438
step  13580 | loss = -2.7627 | g_L = +2.7627 | EMA = +2.8605 | std(g_L) = 0.8253 | grad = 1.7925
step  13600 | loss = -2.9117 | g_L = +2.9117 | EMA = +2.8540 | std(g_L) = 0.7904 | grad = 1.1813
step  13620 | loss = -2.8139 | g_L = +2.8139 | EMA = +2.8674 | std(g_L) = 0.7667 | grad = 0.4372
step  13640 | loss = -2.8756 | g_L = +2.8756 | EMA = +2.8571 | std(g_L) = 0.6432 | grad = 0.6549
step  13660 | loss = -2.8946 | g_L = +2.8946 | EMA = +2.8672 | std(g_L) = 0.7285 | grad = 0.6780
step  13680 | loss = -2.8592 | g_L = +2.8592 | EMA = +2.8587 | std(g_L) = 0.8741 | grad = 1.5885
step  13700 | loss = -2.8572 | g_L = +2.8572 | EMA = +2.8668 | std(g_L) = 0.8140 | grad = 0.3865
step  13720 | loss = -2.9337 | g_L = +2.9337 | EMA = +2.8647 | std(g_L) = 0.6677 | grad = 0.4581
step  13740 | loss = -2.9469 | g_L = +2.9469 | EMA = +2.8820 | std(g_L) = 0.7671 | grad = 1.3176
step  13760 | loss = -2.8325 | g_L = +2.8325 | EMA = +2.8673 | std(g_L) = 0.8877 | grad = 0.6869
step  13780 | loss = -2.7980 | g_L = +2.7980 | EMA = +2.8724 | std(g_L) = 0.7985 | grad = 0.8181
step  13800 | loss = -2.9894 | g_L = +2.9894 | EMA = +2.8651 | std(g_L) = 0.7502 | grad = 0.6912
step  13820 | loss = -2.6725 | g_L = +2.6725 | EMA = +2.8518 | std(g_L) = 1.1020 | grad = 0.5858
step  13840 | loss = -2.9052 | g_L = +2.9052 | EMA = +2.8461 | std(g_L) = 0.9952 | grad = 1.1297
step  13860 | loss = -2.7390 | g_L = +2.7390 | EMA = +2.8624 | std(g_L) = 0.8799 | grad = 0.5356
step  13880 | loss = -2.9087 | g_L = +2.9087 | EMA = +2.8639 | std(g_L) = 0.6826 | grad = 0.9166
step  13900 | loss = -2.9538 | g_L = +2.9538 | EMA = +2.8604 | std(g_L) = 0.7820 | grad = 0.3637
step  13920 | loss = -2.9726 | g_L = +2.9726 | EMA = +2.8688 | std(g_L) = 0.7697 | grad = 0.4619
step  13940 | loss = -2.7953 | g_L = +2.7953 | EMA = +2.8543 | std(g_L) = 0.7763 | grad = 0.7071
step  13960 | loss = -2.8359 | g_L = +2.8359 | EMA = +2.8482 | std(g_L) = 0.7136 | grad = 0.7079
step  13980 | loss = -2.8644 | g_L = +2.8644 | EMA = +2.8635 | std(g_L) = 0.7779 | grad = 1.9183
step  14000 | loss = -2.8489 | g_L = +2.8489 | EMA = +2.8723 | std(g_L) = 0.8333 | grad = 1.1029
step  14020 | loss = -2.7022 | g_L = +2.7022 | EMA = +2.8631 | std(g_L) = 0.8408 | grad = 1.8373
step  14040 | loss = -2.8965 | g_L = +2.8965 | EMA = +2.8572 | std(g_L) = 0.8152 | grad = 0.5636
step  14060 | loss = -2.9056 | g_L = +2.9056 | EMA = +2.8585 | std(g_L) = 0.7534 | grad = 0.5401
step  14080 | loss = -2.8390 | g_L = +2.8390 | EMA = +2.8466 | std(g_L) = 0.6999 | grad = 1.4851
step  14100 | loss = -2.9171 | g_L = +2.9171 | EMA = +2.8528 | std(g_L) = 0.6368 | grad = 1.9087
step  14120 | loss = -2.8737 | g_L = +2.8737 | EMA = +2.8432 | std(g_L) = 0.6162 | grad = 1.7043
step  14140 | loss = -2.8005 | g_L = +2.8005 | EMA = +2.8407 | std(g_L) = 0.7910 | grad = 1.3043
step  14160 | loss = -2.8970 | g_L = +2.8970 | EMA = +2.8581 | std(g_L) = 0.6764 | grad = 0.6616
step  14180 | loss = -2.8329 | g_L = +2.8329 | EMA = +2.8713 | std(g_L) = 0.7594 | grad = 0.6205
step  14200 | loss = -2.7824 | g_L = +2.7824 | EMA = +2.8700 | std(g_L) = 0.9230 | grad = 2.8943
step  14220 | loss = -2.7961 | g_L = +2.7961 | EMA = +2.8529 | std(g_L) = 0.9474 | grad = 0.5159
step  14240 | loss = -2.8878 | g_L = +2.8878 | EMA = +2.8658 | std(g_L) = 0.7650 | grad = 0.9912
step  14260 | loss = -2.8175 | g_L = +2.8175 | EMA = +2.8720 | std(g_L) = 0.7666 | grad = 0.7449
step  14280 | loss = -2.9013 | g_L = +2.9013 | EMA = +2.8764 | std(g_L) = 0.8420 | grad = 2.0701
step  14300 | loss = -2.8564 | g_L = +2.8564 | EMA = +2.8712 | std(g_L) = 0.9309 | grad = 1.2072
step  14320 | loss = -2.8785 | g_L = +2.8785 | EMA = +2.8867 | std(g_L) = 0.6937 | grad = 0.6607
step  14340 | loss = -2.7864 | g_L = +2.7864 | EMA = +2.8502 | std(g_L) = 0.9188 | grad = 1.4081
step  14360 | loss = -2.8791 | g_L = +2.8791 | EMA = +2.8423 | std(g_L) = 0.7544 | grad = 0.5933
step  14380 | loss = -2.8522 | g_L = +2.8522 | EMA = +2.8597 | std(g_L) = 1.2158 | grad = 0.7087
step  14400 | loss = -2.9382 | g_L = +2.9382 | EMA = +2.8453 | std(g_L) = 0.6865 | grad = 1.7052
step  14420 | loss = -2.8748 | g_L = +2.8748 | EMA = +2.8598 | std(g_L) = 0.8392 | grad = 0.7096
step  14440 | loss = -2.8348 | g_L = +2.8348 | EMA = +2.8644 | std(g_L) = 0.7982 | grad = 2.2618
step  14460 | loss = -2.8402 | g_L = +2.8402 | EMA = +2.8720 | std(g_L) = 0.7042 | grad = 0.5892
step  14480 | loss = -2.9168 | g_L = +2.9168 | EMA = +2.8728 | std(g_L) = 0.7235 | grad = 0.5345
step  14500 | loss = -2.9658 | g_L = +2.9658 | EMA = +2.8810 | std(g_L) = 0.7179 | grad = 1.1667
step  14520 | loss = -2.9752 | g_L = +2.9752 | EMA = +2.8824 | std(g_L) = 0.6139 | grad = 0.8734
step  14540 | loss = -2.7765 | g_L = +2.7765 | EMA = +2.8893 | std(g_L) = 0.8190 | grad = 0.3051
step  14560 | loss = -2.8980 | g_L = +2.8980 | EMA = +2.8868 | std(g_L) = 0.7667 | grad = 1.0533
step  14580 | loss = -2.9186 | g_L = +2.9186 | EMA = +2.8849 | std(g_L) = 0.6822 | grad = 0.6624
step  14600 | loss = -2.7874 | g_L = +2.7874 | EMA = +2.8598 | std(g_L) = 0.8542 | grad = 1.0071
step  14620 | loss = -2.8672 | g_L = +2.8672 | EMA = +2.8620 | std(g_L) = 0.7512 | grad = 0.6211
step  14640 | loss = -2.9512 | g_L = +2.9512 | EMA = +2.8554 | std(g_L) = 0.7760 | grad = 0.3860
step  14660 | loss = -2.8504 | g_L = +2.8504 | EMA = +2.8524 | std(g_L) = 1.0315 | grad = 0.8748
step  14680 | loss = -2.8231 | g_L = +2.8231 | EMA = +2.8540 | std(g_L) = 0.8013 | grad = 0.6259
step  14700 | loss = -2.9323 | g_L = +2.9323 | EMA = +2.8772 | std(g_L) = 0.6388 | grad = 0.3450
step  14720 | loss = -2.9372 | g_L = +2.9372 | EMA = +2.8690 | std(g_L) = 0.6045 | grad = 0.4321
step  14740 | loss = -2.8292 | g_L = +2.8292 | EMA = +2.8576 | std(g_L) = 0.9548 | grad = 0.6257
step  14760 | loss = -2.8943 | g_L = +2.8943 | EMA = +2.8649 | std(g_L) = 0.8288 | grad = 0.7012
step  14780 | loss = -2.8373 | g_L = +2.8373 | EMA = +2.8642 | std(g_L) = 0.9033 | grad = 1.0482
step  14800 | loss = -2.7473 | g_L = +2.7473 | EMA = +2.8537 | std(g_L) = 0.6898 | grad = 1.1023
step  14820 | loss = -2.8959 | g_L = +2.8959 | EMA = +2.8554 | std(g_L) = 0.7312 | grad = 0.9155
step  14840 | loss = -2.8666 | g_L = +2.8666 | EMA = +2.8576 | std(g_L) = 0.7268 | grad = 0.4419
step  14860 | loss = -2.8816 | g_L = +2.8816 | EMA = +2.8579 | std(g_L) = 0.7006 | grad = 0.2302
step  14880 | loss = -2.9833 | g_L = +2.9833 | EMA = +2.8675 | std(g_L) = 0.6806 | grad = 0.7387
step  14900 | loss = -2.8326 | g_L = +2.8326 | EMA = +2.8568 | std(g_L) = 0.7498 | grad = 0.7280
step  14920 | loss = -2.9155 | g_L = +2.9155 | EMA = +2.8696 | std(g_L) = 0.8358 | grad = 0.9523
step  14940 | loss = -2.7898 | g_L = +2.7898 | EMA = +2.8526 | std(g_L) = 0.9965 | grad = 0.4694
step  14960 | loss = -2.9271 | g_L = +2.9271 | EMA = +2.8680 | std(g_L) = 0.7349 | grad = 1.5451
step  14980 | loss = -2.8747 | g_L = +2.8747 | EMA = +2.8692 | std(g_L) = 0.7347 | grad = 2.0501
step  15000 | loss = -2.8339 | g_L = +2.8339 | EMA = +2.8649 | std(g_L) = 0.8208 | grad = 0.6859
T=8 finished.

============================================================
T = 9
L = 128
Batch size = 128
Steps = 15000
Checkpoints = model_checkpoints/fixed_sigma_sweep/T9_L128_B128
============================================================
step      1 | loss = -0.3460 | g_L = +0.3460 | EMA = +0.3460 | std(g_L) = 0.7039 | grad = 0.1601
step     20 | loss = -0.5306 | g_L = +0.5306 | EMA = +0.3642 | std(g_L) = 0.9058 | grad = 0.1694
step     40 | loss = -0.5308 | g_L = +0.5308 | EMA = +0.4252 | std(g_L) = 0.9919 | grad = 0.3386
step     60 | loss = -0.4970 | g_L = +0.4970 | EMA = +0.4904 | std(g_L) = 0.8488 | grad = 0.2594
step     80 | loss = -0.6909 | g_L = +0.6909 | EMA = +0.6112 | std(g_L) = 1.1451 | grad = 0.5788
step    100 | loss = -0.9296 | g_L = +0.9296 | EMA = +0.7268 | std(g_L) = 1.1680 | grad = 0.3576
step    120 | loss = -0.7839 | g_L = +0.7839 | EMA = +0.7886 | std(g_L) = 1.0226 | grad = 0.4424
step    140 | loss = -1.0338 | g_L = +1.0338 | EMA = +0.9608 | std(g_L) = 1.1102 | grad = 0.2588
step    160 | loss = -1.2798 | g_L = +1.2798 | EMA = +1.1450 | std(g_L) = 1.1127 | grad = 0.3389
step    180 | loss = -1.3295 | g_L = +1.3295 | EMA = +1.2505 | std(g_L) = 1.0533 | grad = 0.7525
step    200 | loss = -1.4385 | g_L = +1.4385 | EMA = +1.3449 | std(g_L) = 1.0552 | grad = 0.7107
step    220 | loss = -1.5245 | g_L = +1.5245 | EMA = +1.4348 | std(g_L) = 0.9750 | grad = 0.5724
step    240 | loss = -1.7188 | g_L = +1.7188 | EMA = +1.5499 | std(g_L) = 1.0806 | grad = 0.4583
step    260 | loss = -1.7865 | g_L = +1.7865 | EMA = +1.7286 | std(g_L) = 1.2557 | grad = 1.0113
step    280 | loss = -1.8520 | g_L = +1.8520 | EMA = +1.8311 | std(g_L) = 1.2523 | grad = 0.2169
step    300 | loss = -2.0482 | g_L = +2.0482 | EMA = +1.8951 | std(g_L) = 1.1398 | grad = 1.0526
step    320 | loss = -1.8342 | g_L = +1.8342 | EMA = +1.9285 | std(g_L) = 1.1052 | grad = 0.7944
step    340 | loss = -1.9420 | g_L = +1.9420 | EMA = +1.9540 | std(g_L) = 1.0666 | grad = 0.5261
step    360 | loss = -2.0601 | g_L = +2.0601 | EMA = +1.9902 | std(g_L) = 1.1532 | grad = 0.7250
step    380 | loss = -2.2089 | g_L = +2.2089 | EMA = +2.0367 | std(g_L) = 1.0324 | grad = 0.9673
step    400 | loss = -2.0450 | g_L = +2.0450 | EMA = +2.0723 | std(g_L) = 1.0816 | grad = 0.9487
step    420 | loss = -2.2352 | g_L = +2.2352 | EMA = +2.1576 | std(g_L) = 1.0676 | grad = 1.4426
step    440 | loss = -2.1556 | g_L = +2.1556 | EMA = +2.1800 | std(g_L) = 1.2267 | grad = 0.5180
step    460 | loss = -2.2644 | g_L = +2.2644 | EMA = +2.2000 | std(g_L) = 0.9036 | grad = 1.8671
step    480 | loss = -2.2269 | g_L = +2.2269 | EMA = +2.2173 | std(g_L) = 0.8689 | grad = 1.2276
step    500 | loss = -2.1957 | g_L = +2.1957 | EMA = +2.2106 | std(g_L) = 1.1081 | grad = 0.7452
step    520 | loss = -2.2411 | g_L = +2.2411 | EMA = +2.2318 | std(g_L) = 1.1369 | grad = 0.4430
step    540 | loss = -2.2382 | g_L = +2.2382 | EMA = +2.2592 | std(g_L) = 0.9445 | grad = 0.4631
step    560 | loss = -2.2380 | g_L = +2.2380 | EMA = +2.2720 | std(g_L) = 0.9761 | grad = 1.6468
step    580 | loss = -2.2679 | g_L = +2.2679 | EMA = +2.2655 | std(g_L) = 0.9093 | grad = 0.5776
step    600 | loss = -2.1932 | g_L = +2.1932 | EMA = +2.2914 | std(g_L) = 1.0499 | grad = 1.0749
step    620 | loss = -2.3109 | g_L = +2.3109 | EMA = +2.3336 | std(g_L) = 0.9050 | grad = 1.6659
step    640 | loss = -2.4703 | g_L = +2.4703 | EMA = +2.3495 | std(g_L) = 0.7561 | grad = 0.8433
step    660 | loss = -2.3741 | g_L = +2.3741 | EMA = +2.3976 | std(g_L) = 0.8522 | grad = 1.6114
step    680 | loss = -2.3493 | g_L = +2.3493 | EMA = +2.4069 | std(g_L) = 0.9634 | grad = 1.5244
step    700 | loss = -2.4025 | g_L = +2.4025 | EMA = +2.4263 | std(g_L) = 0.8006 | grad = 1.7193
step    720 | loss = -2.5399 | g_L = +2.5399 | EMA = +2.4330 | std(g_L) = 0.8020 | grad = 1.9149
step    740 | loss = -2.3832 | g_L = +2.3832 | EMA = +2.4361 | std(g_L) = 0.9911 | grad = 1.1281
step    760 | loss = -2.5373 | g_L = +2.5373 | EMA = +2.4307 | std(g_L) = 0.9420 | grad = 1.5898
step    780 | loss = -2.5189 | g_L = +2.5189 | EMA = +2.4658 | std(g_L) = 0.7667 | grad = 1.0332
step    800 | loss = -2.4896 | g_L = +2.4896 | EMA = +2.4618 | std(g_L) = 0.9016 | grad = 1.6541
step    820 | loss = -2.4147 | g_L = +2.4147 | EMA = +2.4469 | std(g_L) = 1.0145 | grad = 1.9457
step    840 | loss = -2.2720 | g_L = +2.2720 | EMA = +2.4686 | std(g_L) = 1.1279 | grad = 1.0777
step    860 | loss = -2.4941 | g_L = +2.4941 | EMA = +2.4715 | std(g_L) = 0.8486 | grad = 1.9485
step    880 | loss = -2.3392 | g_L = +2.3392 | EMA = +2.4796 | std(g_L) = 1.1628 | grad = 1.6451
step    900 | loss = -2.3755 | g_L = +2.3755 | EMA = +2.4702 | std(g_L) = 0.8898 | grad = 0.8637
step    920 | loss = -2.5259 | g_L = +2.5259 | EMA = +2.4827 | std(g_L) = 0.9076 | grad = 0.7588
step    940 | loss = -2.5091 | g_L = +2.5091 | EMA = +2.4788 | std(g_L) = 0.8836 | grad = 1.3836
step    960 | loss = -2.2886 | g_L = +2.2886 | EMA = +2.4953 | std(g_L) = 1.0389 | grad = 2.1184
step    980 | loss = -2.4672 | g_L = +2.4672 | EMA = +2.5137 | std(g_L) = 0.9242 | grad = 1.7325
step   1000 | loss = -2.5471 | g_L = +2.5471 | EMA = +2.5293 | std(g_L) = 1.0528 | grad = 0.7789
step   1020 | loss = -2.5683 | g_L = +2.5683 | EMA = +2.5269 | std(g_L) = 0.9883 | grad = 1.6804
step   1040 | loss = -2.5238 | g_L = +2.5238 | EMA = +2.5274 | std(g_L) = 0.9037 | grad = 2.3133
step   1060 | loss = -2.4203 | g_L = +2.4203 | EMA = +2.5112 | std(g_L) = 0.8397 | grad = 1.7790
step   1080 | loss = -2.4426 | g_L = +2.4426 | EMA = +2.5048 | std(g_L) = 0.9631 | grad = 1.6787
step   1100 | loss = -2.3954 | g_L = +2.3954 | EMA = +2.5050 | std(g_L) = 0.9709 | grad = 1.4453
step   1120 | loss = -2.5279 | g_L = +2.5279 | EMA = +2.5214 | std(g_L) = 0.8154 | grad = 1.0552
step   1140 | loss = -2.5009 | g_L = +2.5009 | EMA = +2.5227 | std(g_L) = 1.0265 | grad = 1.9819
step   1160 | loss = -2.5402 | g_L = +2.5402 | EMA = +2.5158 | std(g_L) = 0.8228 | grad = 1.5293
step   1180 | loss = -2.5298 | g_L = +2.5298 | EMA = +2.5145 | std(g_L) = 1.0678 | grad = 1.1220
step   1200 | loss = -2.5161 | g_L = +2.5161 | EMA = +2.5389 | std(g_L) = 0.8499 | grad = 1.8912
step   1220 | loss = -2.4423 | g_L = +2.4423 | EMA = +2.5236 | std(g_L) = 1.0649 | grad = 0.8519
step   1240 | loss = -2.4281 | g_L = +2.4281 | EMA = +2.5354 | std(g_L) = 0.9184 | grad = 1.4059
step   1260 | loss = -2.4990 | g_L = +2.4990 | EMA = +2.5442 | std(g_L) = 0.9169 | grad = 1.5102
step   1280 | loss = -2.4793 | g_L = +2.4793 | EMA = +2.5477 | std(g_L) = 0.8883 | grad = 1.1544
step   1300 | loss = -2.5589 | g_L = +2.5589 | EMA = +2.5430 | std(g_L) = 0.8088 | grad = 2.6030
step   1320 | loss = -2.4220 | g_L = +2.4220 | EMA = +2.5306 | std(g_L) = 0.9542 | grad = 1.4724
step   1340 | loss = -2.5581 | g_L = +2.5581 | EMA = +2.5361 | std(g_L) = 0.9209 | grad = 1.8710
step   1360 | loss = -2.6272 | g_L = +2.6272 | EMA = +2.5349 | std(g_L) = 0.8578 | grad = 1.6096
step   1380 | loss = -2.5550 | g_L = +2.5550 | EMA = +2.5283 | std(g_L) = 0.8783 | grad = 1.7686
step   1400 | loss = -2.5070 | g_L = +2.5070 | EMA = +2.5450 | std(g_L) = 0.8466 | grad = 2.0883
step   1420 | loss = -2.5786 | g_L = +2.5786 | EMA = +2.5311 | std(g_L) = 0.9742 | grad = 1.3689
step   1440 | loss = -2.6329 | g_L = +2.6329 | EMA = +2.5339 | std(g_L) = 0.8725 | grad = 1.3474
step   1460 | loss = -2.4904 | g_L = +2.4904 | EMA = +2.5444 | std(g_L) = 0.8817 | grad = 1.6021
step   1480 | loss = -2.5057 | g_L = +2.5057 | EMA = +2.5491 | std(g_L) = 0.9261 | grad = 2.7102
step   1500 | loss = -2.5099 | g_L = +2.5099 | EMA = +2.5526 | std(g_L) = 1.0104 | grad = 2.7878
step   1520 | loss = -2.5792 | g_L = +2.5792 | EMA = +2.5446 | std(g_L) = 0.7649 | grad = 1.4690
step   1540 | loss = -2.4728 | g_L = +2.4728 | EMA = +2.5462 | std(g_L) = 1.1080 | grad = 0.7646
step   1560 | loss = -2.6434 | g_L = +2.6434 | EMA = +2.5780 | std(g_L) = 0.7133 | grad = 0.9394
step   1580 | loss = -2.5465 | g_L = +2.5465 | EMA = +2.5798 | std(g_L) = 0.8487 | grad = 1.6461
step   1600 | loss = -2.6062 | g_L = +2.6062 | EMA = +2.5726 | std(g_L) = 0.6985 | grad = 2.1377
step   1620 | loss = -2.3954 | g_L = +2.3954 | EMA = +2.5437 | std(g_L) = 0.8924 | grad = 0.8422
step   1640 | loss = -2.5541 | g_L = +2.5541 | EMA = +2.5571 | std(g_L) = 0.9229 | grad = 1.1876
step   1660 | loss = -2.5938 | g_L = +2.5938 | EMA = +2.5718 | std(g_L) = 0.9534 | grad = 2.4808
step   1680 | loss = -2.5948 | g_L = +2.5948 | EMA = +2.5635 | std(g_L) = 0.9497 | grad = 0.7621
step   1700 | loss = -2.5554 | g_L = +2.5554 | EMA = +2.5851 | std(g_L) = 0.8548 | grad = 0.9196
step   1720 | loss = -2.5718 | g_L = +2.5718 | EMA = +2.5917 | std(g_L) = 0.7439 | grad = 2.5424
step   1740 | loss = -2.5874 | g_L = +2.5874 | EMA = +2.5733 | std(g_L) = 0.7980 | grad = 1.5489
step   1760 | loss = -2.6562 | g_L = +2.6562 | EMA = +2.5827 | std(g_L) = 0.5953 | grad = 3.1706
step   1780 | loss = -2.5848 | g_L = +2.5848 | EMA = +2.5921 | std(g_L) = 0.8185 | grad = 0.7405
step   1800 | loss = -2.6188 | g_L = +2.6188 | EMA = +2.5833 | std(g_L) = 0.7453 | grad = 1.5938
step   1820 | loss = -2.6713 | g_L = +2.6713 | EMA = +2.5802 | std(g_L) = 0.7901 | grad = 3.0910
step   1840 | loss = -2.6710 | g_L = +2.6710 | EMA = +2.5862 | std(g_L) = 0.8235 | grad = 1.9448
step   1860 | loss = -2.6353 | g_L = +2.6353 | EMA = +2.6074 | std(g_L) = 0.9148 | grad = 2.6752
step   1880 | loss = -2.4060 | g_L = +2.4060 | EMA = +2.5674 | std(g_L) = 1.0039 | grad = 0.8016
step   1900 | loss = -2.6065 | g_L = +2.6065 | EMA = +2.5966 | std(g_L) = 0.7651 | grad = 1.0951
step   1920 | loss = -2.6855 | g_L = +2.6855 | EMA = +2.6044 | std(g_L) = 0.8003 | grad = 1.2404
step   1940 | loss = -2.7192 | g_L = +2.7192 | EMA = +2.5992 | std(g_L) = 0.8085 | grad = 0.4981
step   1960 | loss = -2.7545 | g_L = +2.7545 | EMA = +2.5957 | std(g_L) = 0.7781 | grad = 0.7246
step   1980 | loss = -2.7009 | g_L = +2.7009 | EMA = +2.6184 | std(g_L) = 0.7058 | grad = 1.4838
step   2000 | loss = -2.7172 | g_L = +2.7172 | EMA = +2.6162 | std(g_L) = 1.0378 | grad = 1.9589
step   2020 | loss = -2.5923 | g_L = +2.5923 | EMA = +2.6050 | std(g_L) = 0.8713 | grad = 1.6107
step   2040 | loss = -2.4802 | g_L = +2.4802 | EMA = +2.5975 | std(g_L) = 0.8530 | grad = 4.6956
step   2060 | loss = -2.5031 | g_L = +2.5031 | EMA = +2.6080 | std(g_L) = 1.0523 | grad = 0.6101
step   2080 | loss = -2.6541 | g_L = +2.6541 | EMA = +2.6487 | std(g_L) = 0.8157 | grad = 1.8500
step   2100 | loss = -2.6209 | g_L = +2.6209 | EMA = +2.6365 | std(g_L) = 0.8459 | grad = 0.5770
step   2120 | loss = -2.5756 | g_L = +2.5756 | EMA = +2.6316 | std(g_L) = 0.9987 | grad = 1.8315
step   2140 | loss = -2.6282 | g_L = +2.6282 | EMA = +2.6089 | std(g_L) = 0.8917 | grad = 2.5665
step   2160 | loss = -2.7050 | g_L = +2.7050 | EMA = +2.6110 | std(g_L) = 0.6990 | grad = 1.0578
step   2180 | loss = -2.6575 | g_L = +2.6575 | EMA = +2.6156 | std(g_L) = 0.7365 | grad = 0.7230
step   2200 | loss = -2.5606 | g_L = +2.5606 | EMA = +2.6081 | std(g_L) = 0.9786 | grad = 1.0135
step   2220 | loss = -2.6137 | g_L = +2.6137 | EMA = +2.6230 | std(g_L) = 0.7905 | grad = 2.1502
step   2240 | loss = -2.5508 | g_L = +2.5508 | EMA = +2.6022 | std(g_L) = 0.8697 | grad = 0.8244
step   2260 | loss = -2.6262 | g_L = +2.6262 | EMA = +2.6028 | std(g_L) = 0.8914 | grad = 0.4514
step   2280 | loss = -2.6178 | g_L = +2.6178 | EMA = +2.6222 | std(g_L) = 0.8098 | grad = 1.4370
step   2300 | loss = -2.5286 | g_L = +2.5286 | EMA = +2.6296 | std(g_L) = 0.8616 | grad = 0.7680
step   2320 | loss = -2.5600 | g_L = +2.5600 | EMA = +2.6223 | std(g_L) = 0.8573 | grad = 0.9571
step   2340 | loss = -2.6164 | g_L = +2.6164 | EMA = +2.6386 | std(g_L) = 0.8043 | grad = 1.6232
step   2360 | loss = -2.4861 | g_L = +2.4861 | EMA = +2.6078 | std(g_L) = 0.9052 | grad = 1.7507
step   2380 | loss = -2.6133 | g_L = +2.6133 | EMA = +2.6318 | std(g_L) = 0.8356 | grad = 1.2249
step   2400 | loss = -2.4808 | g_L = +2.4808 | EMA = +2.6578 | std(g_L) = 0.9447 | grad = 0.5878
step   2420 | loss = -2.7101 | g_L = +2.7101 | EMA = +2.6471 | std(g_L) = 0.7594 | grad = 1.2692
step   2440 | loss = -2.6328 | g_L = +2.6328 | EMA = +2.6208 | std(g_L) = 0.6224 | grad = 1.3618
step   2460 | loss = -2.5704 | g_L = +2.5704 | EMA = +2.6329 | std(g_L) = 0.7902 | grad = 2.7985
step   2480 | loss = -2.5979 | g_L = +2.5979 | EMA = +2.6384 | std(g_L) = 0.8001 | grad = 1.9886
step   2500 | loss = -2.6487 | g_L = +2.6487 | EMA = +2.6442 | std(g_L) = 0.8303 | grad = 0.3802
step   2520 | loss = -2.6138 | g_L = +2.6138 | EMA = +2.6368 | std(g_L) = 0.8890 | grad = 1.8248
step   2540 | loss = -2.5793 | g_L = +2.5793 | EMA = +2.6278 | std(g_L) = 0.8378 | grad = 1.1299
step   2560 | loss = -2.6116 | g_L = +2.6116 | EMA = +2.6303 | std(g_L) = 0.7974 | grad = 0.8713
step   2580 | loss = -2.5465 | g_L = +2.5465 | EMA = +2.6381 | std(g_L) = 0.9366 | grad = 1.3643
step   2600 | loss = -2.6363 | g_L = +2.6363 | EMA = +2.6381 | std(g_L) = 0.7799 | grad = 2.0460
step   2620 | loss = -2.6476 | g_L = +2.6476 | EMA = +2.6453 | std(g_L) = 1.0254 | grad = 1.0783
step   2640 | loss = -2.7189 | g_L = +2.7189 | EMA = +2.6587 | std(g_L) = 0.8389 | grad = 1.4831
step   2660 | loss = -2.6514 | g_L = +2.6514 | EMA = +2.6638 | std(g_L) = 0.8587 | grad = 1.4682
step   2680 | loss = -2.7117 | g_L = +2.7117 | EMA = +2.6681 | std(g_L) = 0.7750 | grad = 2.3384
step   2700 | loss = -2.6435 | g_L = +2.6435 | EMA = +2.6406 | std(g_L) = 0.8569 | grad = 3.3298
step   2720 | loss = -2.7535 | g_L = +2.7535 | EMA = +2.6517 | std(g_L) = 0.8187 | grad = 1.0094
step   2740 | loss = -2.7300 | g_L = +2.7300 | EMA = +2.6684 | std(g_L) = 0.8354 | grad = 1.3759
step   2760 | loss = -2.5921 | g_L = +2.5921 | EMA = +2.6707 | std(g_L) = 0.8914 | grad = 1.1468
step   2780 | loss = -2.6014 | g_L = +2.6014 | EMA = +2.6595 | std(g_L) = 0.8875 | grad = 2.4526
step   2800 | loss = -2.4537 | g_L = +2.4537 | EMA = +2.6614 | std(g_L) = 1.2210 | grad = 2.2394
step   2820 | loss = -2.8347 | g_L = +2.8347 | EMA = +2.6671 | std(g_L) = 0.6825 | grad = 1.3375
step   2840 | loss = -2.5922 | g_L = +2.5922 | EMA = +2.6703 | std(g_L) = 1.0834 | grad = 0.4560
step   2860 | loss = -2.7495 | g_L = +2.7495 | EMA = +2.6763 | std(g_L) = 0.9863 | grad = 2.2418
step   2880 | loss = -2.6873 | g_L = +2.6873 | EMA = +2.6594 | std(g_L) = 0.7334 | grad = 1.4881
step   2900 | loss = -2.5234 | g_L = +2.5234 | EMA = +2.6448 | std(g_L) = 0.9899 | grad = 1.6976
step   2920 | loss = -2.7265 | g_L = +2.7265 | EMA = +2.6627 | std(g_L) = 0.7748 | grad = 2.1025
step   2940 | loss = -2.7397 | g_L = +2.7397 | EMA = +2.6925 | std(g_L) = 0.8307 | grad = 1.3914
step   2960 | loss = -2.7917 | g_L = +2.7917 | EMA = +2.6935 | std(g_L) = 0.7472 | grad = 0.2268
step   2980 | loss = -2.6994 | g_L = +2.6994 | EMA = +2.6674 | std(g_L) = 0.8624 | grad = 0.8995
step   3000 | loss = -2.7549 | g_L = +2.7549 | EMA = +2.7018 | std(g_L) = 0.7088 | grad = 0.9029
step   3020 | loss = -2.6375 | g_L = +2.6375 | EMA = +2.7014 | std(g_L) = 0.8841 | grad = 0.8396
step   3040 | loss = -2.5679 | g_L = +2.5679 | EMA = +2.6840 | std(g_L) = 0.9793 | grad = 1.1731
step   3060 | loss = -2.6142 | g_L = +2.6142 | EMA = +2.6904 | std(g_L) = 0.8791 | grad = 0.3470
step   3080 | loss = -2.6639 | g_L = +2.6639 | EMA = +2.7057 | std(g_L) = 0.9423 | grad = 1.8855
step   3100 | loss = -2.7920 | g_L = +2.7920 | EMA = +2.6906 | std(g_L) = 0.8278 | grad = 2.0180
step   3120 | loss = -2.5672 | g_L = +2.5672 | EMA = +2.6982 | std(g_L) = 0.8332 | grad = 1.2772
step   3140 | loss = -2.6695 | g_L = +2.6695 | EMA = +2.6920 | std(g_L) = 0.9249 | grad = 1.6696
step   3160 | loss = -2.7140 | g_L = +2.7140 | EMA = +2.6581 | std(g_L) = 0.8209 | grad = 2.1216
step   3180 | loss = -2.6933 | g_L = +2.6933 | EMA = +2.6708 | std(g_L) = 0.8134 | grad = 0.9420
step   3200 | loss = -2.7070 | g_L = +2.7070 | EMA = +2.6773 | std(g_L) = 0.8975 | grad = 0.5696
step   3220 | loss = -2.7305 | g_L = +2.7305 | EMA = +2.7064 | std(g_L) = 0.7544 | grad = 0.9299
step   3240 | loss = -2.7924 | g_L = +2.7924 | EMA = +2.6893 | std(g_L) = 0.8808 | grad = 0.5696
step   3260 | loss = -2.7132 | g_L = +2.7132 | EMA = +2.6883 | std(g_L) = 0.9345 | grad = 0.8344
step   3280 | loss = -2.6646 | g_L = +2.6646 | EMA = +2.6894 | std(g_L) = 0.7901 | grad = 1.1939
step   3300 | loss = -2.6041 | g_L = +2.6041 | EMA = +2.6891 | std(g_L) = 0.8854 | grad = 2.1905
step   3320 | loss = -2.5115 | g_L = +2.5115 | EMA = +2.6780 | std(g_L) = 1.1319 | grad = 1.2698
step   3340 | loss = -2.5700 | g_L = +2.5700 | EMA = +2.6974 | std(g_L) = 0.9663 | grad = 1.1870
step   3360 | loss = -2.7123 | g_L = +2.7123 | EMA = +2.7020 | std(g_L) = 0.7066 | grad = 1.0559
step   3380 | loss = -2.5952 | g_L = +2.5952 | EMA = +2.6837 | std(g_L) = 0.7982 | grad = 0.5907
step   3400 | loss = -2.6199 | g_L = +2.6199 | EMA = +2.6875 | std(g_L) = 0.9010 | grad = 1.0755
step   3420 | loss = -2.7004 | g_L = +2.7004 | EMA = +2.7088 | std(g_L) = 1.0820 | grad = 1.3382
step   3440 | loss = -2.6797 | g_L = +2.6797 | EMA = +2.7141 | std(g_L) = 0.8085 | grad = 1.4008
step   3460 | loss = -2.5917 | g_L = +2.5917 | EMA = +2.6850 | std(g_L) = 0.8983 | grad = 0.4457
step   3480 | loss = -2.6834 | g_L = +2.6834 | EMA = +2.7082 | std(g_L) = 0.8551 | grad = 1.5119
step   3500 | loss = -2.7291 | g_L = +2.7291 | EMA = +2.7185 | std(g_L) = 0.7888 | grad = 1.1657
step   3520 | loss = -2.7768 | g_L = +2.7768 | EMA = +2.7019 | std(g_L) = 0.7476 | grad = 1.3447
step   3540 | loss = -2.6884 | g_L = +2.6884 | EMA = +2.6941 | std(g_L) = 0.8318 | grad = 0.5108
step   3560 | loss = -2.6056 | g_L = +2.6056 | EMA = +2.6952 | std(g_L) = 1.2857 | grad = 1.0763
step   3580 | loss = -2.6938 | g_L = +2.6938 | EMA = +2.6961 | std(g_L) = 0.8665 | grad = 1.4630
step   3600 | loss = -2.7172 | g_L = +2.7172 | EMA = +2.6981 | std(g_L) = 0.6385 | grad = 1.6978
step   3620 | loss = -2.7561 | g_L = +2.7561 | EMA = +2.7125 | std(g_L) = 0.6663 | grad = 1.3307
step   3640 | loss = -2.5342 | g_L = +2.5342 | EMA = +2.7117 | std(g_L) = 1.1072 | grad = 0.5093
step   3660 | loss = -2.8183 | g_L = +2.8183 | EMA = +2.7118 | std(g_L) = 0.7629 | grad = 1.1565
step   3680 | loss = -2.7365 | g_L = +2.7365 | EMA = +2.7274 | std(g_L) = 0.7868 | grad = 1.4551
step   3700 | loss = -2.6024 | g_L = +2.6024 | EMA = +2.7106 | std(g_L) = 0.7231 | grad = 1.0170
step   3720 | loss = -2.7138 | g_L = +2.7138 | EMA = +2.7184 | std(g_L) = 0.7211 | grad = 1.0786
step   3740 | loss = -2.8291 | g_L = +2.8291 | EMA = +2.7190 | std(g_L) = 0.7491 | grad = 1.5616
step   3760 | loss = -2.7986 | g_L = +2.7986 | EMA = +2.7184 | std(g_L) = 0.7058 | grad = 2.0645
step   3780 | loss = -2.7074 | g_L = +2.7074 | EMA = +2.7103 | std(g_L) = 0.9485 | grad = 0.5215
step   3800 | loss = -2.8061 | g_L = +2.8061 | EMA = +2.7287 | std(g_L) = 0.8205 | grad = 0.8753
step   3820 | loss = -2.7707 | g_L = +2.7707 | EMA = +2.7363 | std(g_L) = 0.8446 | grad = 0.5208
step   3840 | loss = -2.7106 | g_L = +2.7106 | EMA = +2.7338 | std(g_L) = 0.8612 | grad = 1.5011
step   3860 | loss = -2.7670 | g_L = +2.7670 | EMA = +2.7073 | std(g_L) = 0.9357 | grad = 1.0822
step   3880 | loss = -2.7050 | g_L = +2.7050 | EMA = +2.7055 | std(g_L) = 0.7828 | grad = 2.1377
step   3900 | loss = -2.7011 | g_L = +2.7011 | EMA = +2.7250 | std(g_L) = 0.7954 | grad = 0.6837
step   3920 | loss = -2.8005 | g_L = +2.8005 | EMA = +2.7325 | std(g_L) = 0.7302 | grad = 1.1854
step   3940 | loss = -2.6598 | g_L = +2.6598 | EMA = +2.7135 | std(g_L) = 0.8670 | grad = 1.0245
step   3960 | loss = -2.7690 | g_L = +2.7690 | EMA = +2.7123 | std(g_L) = 0.7538 | grad = 0.7988
step   3980 | loss = -2.7479 | g_L = +2.7479 | EMA = +2.7006 | std(g_L) = 0.8280 | grad = 0.5638
step   4000 | loss = -2.8074 | g_L = +2.8074 | EMA = +2.7302 | std(g_L) = 0.8426 | grad = 0.7596
step   4020 | loss = -2.7419 | g_L = +2.7419 | EMA = +2.7286 | std(g_L) = 0.7790 | grad = 0.6314
step   4040 | loss = -2.7377 | g_L = +2.7377 | EMA = +2.7089 | std(g_L) = 0.6598 | grad = 0.7937
step   4060 | loss = -2.7853 | g_L = +2.7853 | EMA = +2.7250 | std(g_L) = 0.7273 | grad = 1.1950
step   4080 | loss = -2.6138 | g_L = +2.6138 | EMA = +2.7239 | std(g_L) = 1.1342 | grad = 0.6418
step   4100 | loss = -2.6240 | g_L = +2.6240 | EMA = +2.7171 | std(g_L) = 0.9446 | grad = 1.3666
step   4120 | loss = -2.6656 | g_L = +2.6656 | EMA = +2.7271 | std(g_L) = 0.8687 | grad = 0.5309
step   4140 | loss = -2.7329 | g_L = +2.7329 | EMA = +2.7403 | std(g_L) = 0.7575 | grad = 2.0476
step   4160 | loss = -2.7366 | g_L = +2.7366 | EMA = +2.7531 | std(g_L) = 0.7973 | grad = 0.6640
step   4180 | loss = -2.7436 | g_L = +2.7436 | EMA = +2.7430 | std(g_L) = 0.6888 | grad = 0.7461
step   4200 | loss = -2.7448 | g_L = +2.7448 | EMA = +2.7408 | std(g_L) = 0.7733 | grad = 1.0708
step   4220 | loss = -2.7746 | g_L = +2.7746 | EMA = +2.7579 | std(g_L) = 0.7304 | grad = 0.7802
step   4240 | loss = -2.7943 | g_L = +2.7943 | EMA = +2.7561 | std(g_L) = 0.7356 | grad = 0.7440
step   4260 | loss = -2.7958 | g_L = +2.7958 | EMA = +2.7406 | std(g_L) = 0.9181 | grad = 0.8824
step   4280 | loss = -2.6295 | g_L = +2.6295 | EMA = +2.7489 | std(g_L) = 0.7736 | grad = 0.4972
step   4300 | loss = -2.7164 | g_L = +2.7164 | EMA = +2.7584 | std(g_L) = 0.7314 | grad = 1.4786
step   4320 | loss = -2.7215 | g_L = +2.7215 | EMA = +2.7565 | std(g_L) = 0.7150 | grad = 0.9279
step   4340 | loss = -2.7828 | g_L = +2.7828 | EMA = +2.7312 | std(g_L) = 0.8560 | grad = 0.8119
step   4360 | loss = -2.6865 | g_L = +2.6865 | EMA = +2.7264 | std(g_L) = 0.8423 | grad = 1.4443
step   4380 | loss = -2.6374 | g_L = +2.6374 | EMA = +2.7374 | std(g_L) = 0.8483 | grad = 1.2946
step   4400 | loss = -2.7987 | g_L = +2.7987 | EMA = +2.7522 | std(g_L) = 0.9454 | grad = 0.9306
step   4420 | loss = -2.8086 | g_L = +2.8086 | EMA = +2.7498 | std(g_L) = 0.6312 | grad = 0.2889
step   4440 | loss = -2.8066 | g_L = +2.8066 | EMA = +2.7635 | std(g_L) = 0.7407 | grad = 0.5884
step   4460 | loss = -2.8805 | g_L = +2.8805 | EMA = +2.7801 | std(g_L) = 0.7502 | grad = 0.8841
step   4480 | loss = -2.7992 | g_L = +2.7992 | EMA = +2.7892 | std(g_L) = 0.8758 | grad = 0.6526
step   4500 | loss = -2.8546 | g_L = +2.8546 | EMA = +2.7785 | std(g_L) = 0.7109 | grad = 0.7329
step   4520 | loss = -2.8688 | g_L = +2.8688 | EMA = +2.7658 | std(g_L) = 0.7965 | grad = 1.4204
step   4540 | loss = -2.7748 | g_L = +2.7748 | EMA = +2.7826 | std(g_L) = 0.8252 | grad = 0.4993
step   4560 | loss = -2.7894 | g_L = +2.7894 | EMA = +2.7633 | std(g_L) = 0.7980 | grad = 0.3551
step   4580 | loss = -2.7632 | g_L = +2.7632 | EMA = +2.7784 | std(g_L) = 0.8025 | grad = 1.0416
step   4600 | loss = -2.8366 | g_L = +2.8366 | EMA = +2.7730 | std(g_L) = 0.7128 | grad = 0.8651
step   4620 | loss = -2.7450 | g_L = +2.7450 | EMA = +2.7684 | std(g_L) = 0.7550 | grad = 0.6623
step   4640 | loss = -2.7831 | g_L = +2.7831 | EMA = +2.7654 | std(g_L) = 0.9980 | grad = 1.1919
step   4660 | loss = -2.6815 | g_L = +2.6815 | EMA = +2.7658 | std(g_L) = 0.9633 | grad = 1.0674
step   4680 | loss = -2.7511 | g_L = +2.7511 | EMA = +2.7843 | std(g_L) = 0.8395 | grad = 1.1506
step   4700 | loss = -2.7933 | g_L = +2.7933 | EMA = +2.7771 | std(g_L) = 0.8824 | grad = 1.6664
step   4720 | loss = -2.8461 | g_L = +2.8461 | EMA = +2.7852 | std(g_L) = 0.7880 | grad = 0.9727
step   4740 | loss = -2.8278 | g_L = +2.8278 | EMA = +2.7952 | std(g_L) = 0.7035 | grad = 0.9239
step   4760 | loss = -2.7666 | g_L = +2.7666 | EMA = +2.7967 | std(g_L) = 0.8099 | grad = 1.4473
step   4780 | loss = -2.7829 | g_L = +2.7829 | EMA = +2.8113 | std(g_L) = 0.8303 | grad = 1.2606
step   4800 | loss = -2.7473 | g_L = +2.7473 | EMA = +2.8044 | std(g_L) = 0.7696 | grad = 0.8472
step   4820 | loss = -2.7725 | g_L = +2.7725 | EMA = +2.7938 | std(g_L) = 0.7369 | grad = 1.2921
step   4840 | loss = -2.8471 | g_L = +2.8471 | EMA = +2.7936 | std(g_L) = 0.6723 | grad = 0.2152
step   4860 | loss = -2.8869 | g_L = +2.8869 | EMA = +2.7964 | std(g_L) = 0.6937 | grad = 0.6452
step   4880 | loss = -2.9546 | g_L = +2.9546 | EMA = +2.8029 | std(g_L) = 0.6738 | grad = 1.0858
step   4900 | loss = -2.7694 | g_L = +2.7694 | EMA = +2.8020 | std(g_L) = 0.6879 | grad = 0.7988
step   4920 | loss = -2.7901 | g_L = +2.7901 | EMA = +2.8046 | std(g_L) = 0.8340 | grad = 0.7196
step   4940 | loss = -2.8080 | g_L = +2.8080 | EMA = +2.8000 | std(g_L) = 0.7876 | grad = 0.6416
step   4960 | loss = -2.8645 | g_L = +2.8645 | EMA = +2.8014 | std(g_L) = 0.6952 | grad = 1.3836
step   4980 | loss = -2.7468 | g_L = +2.7468 | EMA = +2.8074 | std(g_L) = 0.7866 | grad = 0.9745
step   5000 | loss = -2.9703 | g_L = +2.9703 | EMA = +2.7993 | std(g_L) = 0.6217 | grad = 0.7176
step   5020 | loss = -2.7702 | g_L = +2.7702 | EMA = +2.7917 | std(g_L) = 0.7759 | grad = 0.7055
step   5040 | loss = -2.7761 | g_L = +2.7761 | EMA = +2.8115 | std(g_L) = 0.7287 | grad = 1.4477
step   5060 | loss = -2.9517 | g_L = +2.9517 | EMA = +2.8094 | std(g_L) = 0.6549 | grad = 1.9962
step   5080 | loss = -2.8310 | g_L = +2.8310 | EMA = +2.8155 | std(g_L) = 0.7035 | grad = 1.0220
step   5100 | loss = -2.8123 | g_L = +2.8123 | EMA = +2.8040 | std(g_L) = 0.7621 | grad = 0.6007
step   5120 | loss = -2.7616 | g_L = +2.7616 | EMA = +2.8077 | std(g_L) = 0.9068 | grad = 2.0210
step   5140 | loss = -2.7359 | g_L = +2.7359 | EMA = +2.8138 | std(g_L) = 0.7451 | grad = 1.0605
step   5160 | loss = -2.7830 | g_L = +2.7830 | EMA = +2.8157 | std(g_L) = 0.8823 | grad = 1.7045
step   5180 | loss = -2.8900 | g_L = +2.8900 | EMA = +2.8287 | std(g_L) = 0.8581 | grad = 1.5673
step   5200 | loss = -2.8135 | g_L = +2.8135 | EMA = +2.8248 | std(g_L) = 0.7852 | grad = 1.0356
step   5220 | loss = -2.7339 | g_L = +2.7339 | EMA = +2.8169 | std(g_L) = 0.8809 | grad = 0.8255
step   5240 | loss = -2.8188 | g_L = +2.8188 | EMA = +2.8252 | std(g_L) = 0.8245 | grad = 2.4508
step   5260 | loss = -2.7472 | g_L = +2.7472 | EMA = +2.8368 | std(g_L) = 0.8693 | grad = 0.5960
step   5280 | loss = -3.0051 | g_L = +3.0051 | EMA = +2.8434 | std(g_L) = 0.6521 | grad = 1.0953
step   5300 | loss = -2.9182 | g_L = +2.9182 | EMA = +2.8399 | std(g_L) = 0.7783 | grad = 0.7973
step   5320 | loss = -2.8736 | g_L = +2.8736 | EMA = +2.8434 | std(g_L) = 0.7719 | grad = 1.0249
step   5340 | loss = -2.9831 | g_L = +2.9831 | EMA = +2.8410 | std(g_L) = 0.7185 | grad = 0.6174
step   5360 | loss = -2.7684 | g_L = +2.7684 | EMA = +2.8221 | std(g_L) = 0.8527 | grad = 1.2679
step   5380 | loss = -2.9453 | g_L = +2.9453 | EMA = +2.8361 | std(g_L) = 0.6594 | grad = 0.8899
step   5400 | loss = -2.8076 | g_L = +2.8076 | EMA = +2.8399 | std(g_L) = 0.8537 | grad = 0.7816
step   5420 | loss = -2.8848 | g_L = +2.8848 | EMA = +2.8509 | std(g_L) = 0.8810 | grad = 1.1214
step   5440 | loss = -2.7462 | g_L = +2.7462 | EMA = +2.8342 | std(g_L) = 0.8464 | grad = 0.5001
step   5460 | loss = -2.8391 | g_L = +2.8391 | EMA = +2.8619 | std(g_L) = 0.7765 | grad = 1.0757
step   5480 | loss = -2.8623 | g_L = +2.8623 | EMA = +2.8712 | std(g_L) = 0.7269 | grad = 1.1096
step   5500 | loss = -2.8412 | g_L = +2.8412 | EMA = +2.8514 | std(g_L) = 0.8688 | grad = 1.9308
step   5520 | loss = -2.8999 | g_L = +2.8999 | EMA = +2.8343 | std(g_L) = 0.9275 | grad = 1.0350
step   5540 | loss = -2.8576 | g_L = +2.8576 | EMA = +2.8522 | std(g_L) = 0.9126 | grad = 1.5604
step   5560 | loss = -2.8442 | g_L = +2.8442 | EMA = +2.8292 | std(g_L) = 0.8990 | grad = 1.3741
step   5580 | loss = -2.8535 | g_L = +2.8535 | EMA = +2.8403 | std(g_L) = 0.7414 | grad = 0.7366
step   5600 | loss = -2.7823 | g_L = +2.7823 | EMA = +2.8359 | std(g_L) = 0.8955 | grad = 0.9696
step   5620 | loss = -2.8523 | g_L = +2.8523 | EMA = +2.8456 | std(g_L) = 0.7650 | grad = 1.1324
step   5640 | loss = -2.8261 | g_L = +2.8261 | EMA = +2.8571 | std(g_L) = 0.7482 | grad = 0.8751
step   5660 | loss = -2.8789 | g_L = +2.8789 | EMA = +2.8726 | std(g_L) = 0.7843 | grad = 0.6218
step   5680 | loss = -2.8720 | g_L = +2.8720 | EMA = +2.8582 | std(g_L) = 0.7407 | grad = 1.2353
step   5700 | loss = -2.8224 | g_L = +2.8224 | EMA = +2.8516 | std(g_L) = 0.8635 | grad = 0.8357
step   5720 | loss = -2.8897 | g_L = +2.8897 | EMA = +2.8351 | std(g_L) = 0.9032 | grad = 0.6117
step   5740 | loss = -2.9469 | g_L = +2.9469 | EMA = +2.8439 | std(g_L) = 0.7368 | grad = 0.8360
step   5760 | loss = -2.8250 | g_L = +2.8250 | EMA = +2.8330 | std(g_L) = 0.8489 | grad = 1.2482
step   5780 | loss = -2.8627 | g_L = +2.8627 | EMA = +2.8672 | std(g_L) = 0.8191 | grad = 0.5698
step   5800 | loss = -2.8786 | g_L = +2.8786 | EMA = +2.8629 | std(g_L) = 0.7090 | grad = 1.3182
step   5820 | loss = -2.8995 | g_L = +2.8995 | EMA = +2.8743 | std(g_L) = 0.6995 | grad = 0.6865
step   5840 | loss = -2.9301 | g_L = +2.9301 | EMA = +2.8763 | std(g_L) = 0.6993 | grad = 0.8617
step   5860 | loss = -2.9287 | g_L = +2.9287 | EMA = +2.8707 | std(g_L) = 0.7822 | grad = 1.4870
step   5880 | loss = -2.9259 | g_L = +2.9259 | EMA = +2.8513 | std(g_L) = 0.6912 | grad = 1.0744
step   5900 | loss = -2.7854 | g_L = +2.7854 | EMA = +2.8623 | std(g_L) = 0.6886 | grad = 0.4860
step   5920 | loss = -2.9002 | g_L = +2.9002 | EMA = +2.8643 | std(g_L) = 0.8452 | grad = 0.9741
step   5940 | loss = -2.8671 | g_L = +2.8671 | EMA = +2.8694 | std(g_L) = 0.7768 | grad = 0.5716
step   5960 | loss = -2.8388 | g_L = +2.8388 | EMA = +2.8644 | std(g_L) = 0.9423 | grad = 0.7754
step   5980 | loss = -2.9134 | g_L = +2.9134 | EMA = +2.8561 | std(g_L) = 0.7648 | grad = 0.9434
step   6000 | loss = -2.8642 | g_L = +2.8642 | EMA = +2.8573 | std(g_L) = 0.6706 | grad = 1.1943
step   6020 | loss = -2.8733 | g_L = +2.8733 | EMA = +2.8767 | std(g_L) = 0.8230 | grad = 0.7653
step   6040 | loss = -2.8945 | g_L = +2.8945 | EMA = +2.8923 | std(g_L) = 0.7144 | grad = 1.1699
step   6060 | loss = -2.8399 | g_L = +2.8399 | EMA = +2.8886 | std(g_L) = 0.8024 | grad = 0.6197
step   6080 | loss = -2.7326 | g_L = +2.7326 | EMA = +2.8617 | std(g_L) = 0.8410 | grad = 1.0968
step   6100 | loss = -2.8377 | g_L = +2.8377 | EMA = +2.8601 | std(g_L) = 0.8203 | grad = 0.4820
step   6120 | loss = -2.8978 | g_L = +2.8978 | EMA = +2.8674 | std(g_L) = 0.8036 | grad = 1.1489
step   6140 | loss = -2.8121 | g_L = +2.8121 | EMA = +2.8692 | std(g_L) = 0.9243 | grad = 0.9502
step   6160 | loss = -2.8037 | g_L = +2.8037 | EMA = +2.8678 | std(g_L) = 0.8153 | grad = 1.0821
step   6180 | loss = -2.8757 | g_L = +2.8757 | EMA = +2.8689 | std(g_L) = 0.6610 | grad = 0.9795
step   6200 | loss = -2.8955 | g_L = +2.8955 | EMA = +2.8812 | std(g_L) = 0.7529 | grad = 1.4180
step   6220 | loss = -2.8282 | g_L = +2.8282 | EMA = +2.8811 | std(g_L) = 0.8927 | grad = 0.8358
step   6240 | loss = -3.0102 | g_L = +3.0102 | EMA = +2.8884 | std(g_L) = 0.8068 | grad = 0.3623
step   6260 | loss = -2.7872 | g_L = +2.7872 | EMA = +2.8609 | std(g_L) = 0.9337 | grad = 0.4517
step   6280 | loss = -2.8693 | g_L = +2.8693 | EMA = +2.8727 | std(g_L) = 0.7262 | grad = 0.3413
step   6300 | loss = -2.9179 | g_L = +2.9179 | EMA = +2.8824 | std(g_L) = 0.7939 | grad = 0.6117
step   6320 | loss = -2.8833 | g_L = +2.8833 | EMA = +2.8777 | std(g_L) = 0.7999 | grad = 1.3225
step   6340 | loss = -2.9183 | g_L = +2.9183 | EMA = +2.8722 | std(g_L) = 0.6926 | grad = 0.6435
step   6360 | loss = -2.8016 | g_L = +2.8016 | EMA = +2.8772 | std(g_L) = 0.7281 | grad = 1.5810
step   6380 | loss = -2.9918 | g_L = +2.9918 | EMA = +2.8948 | std(g_L) = 0.6708 | grad = 0.6826
step   6400 | loss = -2.8616 | g_L = +2.8616 | EMA = +2.8867 | std(g_L) = 0.7463 | grad = 0.6853
step   6420 | loss = -2.8617 | g_L = +2.8617 | EMA = +2.8839 | std(g_L) = 0.8584 | grad = 1.0106
step   6440 | loss = -2.9513 | g_L = +2.9513 | EMA = +2.9045 | std(g_L) = 0.6892 | grad = 0.9526
step   6460 | loss = -2.8714 | g_L = +2.8714 | EMA = +2.8915 | std(g_L) = 0.7748 | grad = 1.0454
step   6480 | loss = -2.8119 | g_L = +2.8119 | EMA = +2.8693 | std(g_L) = 0.7920 | grad = 1.0165
step   6500 | loss = -2.7999 | g_L = +2.7999 | EMA = +2.8766 | std(g_L) = 0.6704 | grad = 0.8249
step   6520 | loss = -2.8517 | g_L = +2.8517 | EMA = +2.8951 | std(g_L) = 0.9805 | grad = 0.5876
step   6540 | loss = -2.9071 | g_L = +2.9071 | EMA = +2.8758 | std(g_L) = 0.8802 | grad = 0.9499
step   6560 | loss = -2.9309 | g_L = +2.9309 | EMA = +2.8807 | std(g_L) = 0.6510 | grad = 0.5502
step   6580 | loss = -2.8895 | g_L = +2.8895 | EMA = +2.8801 | std(g_L) = 0.7291 | grad = 0.9410
step   6600 | loss = -2.8828 | g_L = +2.8828 | EMA = +2.8614 | std(g_L) = 0.8603 | grad = 0.7234
step   6620 | loss = -2.9676 | g_L = +2.9676 | EMA = +2.8739 | std(g_L) = 0.7546 | grad = 1.7840
step   6640 | loss = -2.9829 | g_L = +2.9829 | EMA = +2.8994 | std(g_L) = 0.7840 | grad = 0.5230
step   6660 | loss = -2.7548 | g_L = +2.7548 | EMA = +2.8879 | std(g_L) = 0.9304 | grad = 0.8033
step   6680 | loss = -2.9702 | g_L = +2.9702 | EMA = +2.9002 | std(g_L) = 0.6844 | grad = 0.5552
step   6700 | loss = -3.0398 | g_L = +3.0398 | EMA = +2.8817 | std(g_L) = 0.7255 | grad = 1.6450
step   6720 | loss = -2.9841 | g_L = +2.9841 | EMA = +2.8904 | std(g_L) = 0.6703 | grad = 0.4888
step   6740 | loss = -2.9315 | g_L = +2.9315 | EMA = +2.8883 | std(g_L) = 0.8388 | grad = 1.0316
step   6760 | loss = -2.8839 | g_L = +2.8839 | EMA = +2.8855 | std(g_L) = 0.8699 | grad = 1.7178
step   6780 | loss = -2.9682 | g_L = +2.9682 | EMA = +2.8836 | std(g_L) = 0.6770 | grad = 0.6206
step   6800 | loss = -2.8808 | g_L = +2.8808 | EMA = +2.8955 | std(g_L) = 0.7381 | grad = 0.6913
step   6820 | loss = -2.8852 | g_L = +2.8852 | EMA = +2.8922 | std(g_L) = 0.8432 | grad = 0.6780
step   6840 | loss = -2.9181 | g_L = +2.9181 | EMA = +2.8998 | std(g_L) = 0.8020 | grad = 0.9982
step   6860 | loss = -3.0108 | g_L = +3.0108 | EMA = +2.9055 | std(g_L) = 0.6235 | grad = 1.3136
step   6880 | loss = -2.8470 | g_L = +2.8470 | EMA = +2.9053 | std(g_L) = 0.6976 | grad = 0.5260
step   6900 | loss = -2.9660 | g_L = +2.9660 | EMA = +2.9018 | std(g_L) = 0.6690 | grad = 0.5266
step   6920 | loss = -2.8854 | g_L = +2.8854 | EMA = +2.8775 | std(g_L) = 0.8244 | grad = 1.0103
step   6940 | loss = -2.9726 | g_L = +2.9726 | EMA = +2.9024 | std(g_L) = 0.7862 | grad = 0.4850
step   6960 | loss = -2.8483 | g_L = +2.8483 | EMA = +2.9013 | std(g_L) = 0.8046 | grad = 0.8698
step   6980 | loss = -2.9098 | g_L = +2.9098 | EMA = +2.9016 | std(g_L) = 0.7984 | grad = 1.0645
step   7000 | loss = -2.9334 | g_L = +2.9334 | EMA = +2.8988 | std(g_L) = 0.7565 | grad = 0.9028
step   7020 | loss = -2.8864 | g_L = +2.8864 | EMA = +2.9100 | std(g_L) = 0.7766 | grad = 1.6254
step   7040 | loss = -2.8837 | g_L = +2.8837 | EMA = +2.9174 | std(g_L) = 0.8220 | grad = 1.2192
step   7060 | loss = -2.9907 | g_L = +2.9907 | EMA = +2.9170 | std(g_L) = 0.7623 | grad = 0.5705
step   7080 | loss = -2.9176 | g_L = +2.9176 | EMA = +2.8997 | std(g_L) = 0.7705 | grad = 1.2663
step   7100 | loss = -2.8847 | g_L = +2.8847 | EMA = +2.9031 | std(g_L) = 0.7015 | grad = 0.6845
step   7120 | loss = -2.8864 | g_L = +2.8864 | EMA = +2.8957 | std(g_L) = 0.7307 | grad = 1.4556
step   7140 | loss = -3.0474 | g_L = +3.0474 | EMA = +2.8951 | std(g_L) = 0.7359 | grad = 1.1184
step   7160 | loss = -2.8875 | g_L = +2.8875 | EMA = +2.8918 | std(g_L) = 0.7091 | grad = 0.2789
step   7180 | loss = -2.9119 | g_L = +2.9119 | EMA = +2.8798 | std(g_L) = 0.7501 | grad = 0.6311
step   7200 | loss = -2.8689 | g_L = +2.8689 | EMA = +2.9059 | std(g_L) = 0.7843 | grad = 0.7064
step   7220 | loss = -2.9032 | g_L = +2.9032 | EMA = +2.9192 | std(g_L) = 0.6935 | grad = 0.4352
step   7240 | loss = -2.9103 | g_L = +2.9103 | EMA = +2.9115 | std(g_L) = 0.7933 | grad = 0.4010
step   7260 | loss = -2.9499 | g_L = +2.9499 | EMA = +2.9016 | std(g_L) = 0.7029 | grad = 1.0921
step   7280 | loss = -2.8397 | g_L = +2.8397 | EMA = +2.8923 | std(g_L) = 0.8951 | grad = 1.2508
step   7300 | loss = -2.8899 | g_L = +2.8899 | EMA = +2.9107 | std(g_L) = 0.8442 | grad = 0.5695
step   7320 | loss = -2.8764 | g_L = +2.8764 | EMA = +2.9199 | std(g_L) = 0.8206 | grad = 0.6199
step   7340 | loss = -2.8998 | g_L = +2.8998 | EMA = +2.9133 | std(g_L) = 0.7707 | grad = 0.7897
step   7360 | loss = -2.8774 | g_L = +2.8774 | EMA = +2.8898 | std(g_L) = 0.7811 | grad = 0.7124
step   7380 | loss = -2.8491 | g_L = +2.8491 | EMA = +2.9010 | std(g_L) = 0.7543 | grad = 0.5506
step   7400 | loss = -2.8510 | g_L = +2.8510 | EMA = +2.9115 | std(g_L) = 0.8596 | grad = 0.3392
step   7420 | loss = -2.9494 | g_L = +2.9494 | EMA = +2.9150 | std(g_L) = 0.8455 | grad = 0.8299
step   7440 | loss = -2.9615 | g_L = +2.9615 | EMA = +2.9021 | std(g_L) = 0.7759 | grad = 1.3015
step   7460 | loss = -2.9125 | g_L = +2.9125 | EMA = +2.9082 | std(g_L) = 0.8718 | grad = 1.0852
step   7480 | loss = -2.8648 | g_L = +2.8648 | EMA = +2.9096 | std(g_L) = 0.9971 | grad = 0.8185
step   7500 | loss = -2.8872 | g_L = +2.8872 | EMA = +2.9011 | std(g_L) = 0.6681 | grad = 0.4083
step   7520 | loss = -2.8880 | g_L = +2.8880 | EMA = +2.9024 | std(g_L) = 0.7203 | grad = 1.0496
step   7540 | loss = -2.8746 | g_L = +2.8746 | EMA = +2.8956 | std(g_L) = 0.7573 | grad = 1.2794
step   7560 | loss = -2.9476 | g_L = +2.9476 | EMA = +2.9132 | std(g_L) = 0.7966 | grad = 0.5055
step   7580 | loss = -2.8807 | g_L = +2.8807 | EMA = +2.9012 | std(g_L) = 0.7821 | grad = 0.4648
step   7600 | loss = -2.8289 | g_L = +2.8289 | EMA = +2.8868 | std(g_L) = 0.9152 | grad = 1.8418
step   7620 | loss = -2.8931 | g_L = +2.8931 | EMA = +2.9016 | std(g_L) = 0.7607 | grad = 0.7379
step   7640 | loss = -2.9777 | g_L = +2.9777 | EMA = +2.9134 | std(g_L) = 0.7310 | grad = 0.6723
step   7660 | loss = -2.8884 | g_L = +2.8884 | EMA = +2.8990 | std(g_L) = 0.7507 | grad = 0.5085
step   7680 | loss = -2.9883 | g_L = +2.9883 | EMA = +2.9057 | std(g_L) = 0.6879 | grad = 0.8894
step   7700 | loss = -3.0315 | g_L = +3.0315 | EMA = +2.9150 | std(g_L) = 0.7851 | grad = 0.4748
step   7720 | loss = -2.8717 | g_L = +2.8717 | EMA = +2.8980 | std(g_L) = 0.9647 | grad = 1.1534
step   7740 | loss = -2.9246 | g_L = +2.9246 | EMA = +2.8965 | std(g_L) = 0.7454 | grad = 1.1220
step   7760 | loss = -2.8488 | g_L = +2.8488 | EMA = +2.8963 | std(g_L) = 0.7176 | grad = 0.5441
step   7780 | loss = -2.8646 | g_L = +2.8646 | EMA = +2.8921 | std(g_L) = 0.9573 | grad = 0.9236
step   7800 | loss = -2.8884 | g_L = +2.8884 | EMA = +2.9156 | std(g_L) = 0.7654 | grad = 0.8937
step   7820 | loss = -3.0051 | g_L = +3.0051 | EMA = +2.9102 | std(g_L) = 0.6327 | grad = 0.5329
step   7840 | loss = -2.7861 | g_L = +2.7861 | EMA = +2.8919 | std(g_L) = 0.8719 | grad = 2.6734
step   7860 | loss = -2.7814 | g_L = +2.7814 | EMA = +2.8832 | std(g_L) = 0.9127 | grad = 0.9759
step   7880 | loss = -2.7167 | g_L = +2.7167 | EMA = +2.9020 | std(g_L) = 0.9165 | grad = 0.7410
step   7900 | loss = -2.8595 | g_L = +2.8595 | EMA = +2.9059 | std(g_L) = 0.8883 | grad = 1.2854
step   7920 | loss = -2.9302 | g_L = +2.9302 | EMA = +2.9218 | std(g_L) = 0.8136 | grad = 0.7173
step   7940 | loss = -2.9977 | g_L = +2.9977 | EMA = +2.9186 | std(g_L) = 0.7731 | grad = 0.4083
step   7960 | loss = -3.0383 | g_L = +3.0383 | EMA = +2.9334 | std(g_L) = 0.6355 | grad = 0.8689
step   7980 | loss = -2.9659 | g_L = +2.9659 | EMA = +2.9145 | std(g_L) = 0.8054 | grad = 0.5158
step   8000 | loss = -2.8194 | g_L = +2.8194 | EMA = +2.9065 | std(g_L) = 0.8790 | grad = 0.9254
step   8020 | loss = -2.9728 | g_L = +2.9728 | EMA = +2.9160 | std(g_L) = 0.7854 | grad = 0.4225
step   8040 | loss = -2.9698 | g_L = +2.9698 | EMA = +2.9070 | std(g_L) = 0.8378 | grad = 0.7450
step   8060 | loss = -2.9466 | g_L = +2.9466 | EMA = +2.9044 | std(g_L) = 0.6343 | grad = 1.0125
step   8080 | loss = -3.0185 | g_L = +3.0185 | EMA = +2.9141 | std(g_L) = 0.7129 | grad = 1.3094
step   8100 | loss = -2.9276 | g_L = +2.9276 | EMA = +2.8964 | std(g_L) = 0.7769 | grad = 1.2571
step   8120 | loss = -3.0222 | g_L = +3.0222 | EMA = +2.9122 | std(g_L) = 0.7569 | grad = 1.3402
step   8140 | loss = -2.8009 | g_L = +2.8009 | EMA = +2.9140 | std(g_L) = 0.8768 | grad = 0.4968
step   8160 | loss = -3.0483 | g_L = +3.0483 | EMA = +2.9292 | std(g_L) = 0.7945 | grad = 1.1917
step   8180 | loss = -2.9719 | g_L = +2.9719 | EMA = +2.9225 | std(g_L) = 0.6346 | grad = 0.5564
step   8200 | loss = -2.8155 | g_L = +2.8155 | EMA = +2.9208 | std(g_L) = 0.8385 | grad = 0.3503
step   8220 | loss = -2.9137 | g_L = +2.9137 | EMA = +2.9099 | std(g_L) = 0.8713 | grad = 1.1053
step   8240 | loss = -2.9272 | g_L = +2.9272 | EMA = +2.9190 | std(g_L) = 0.8147 | grad = 1.0027
step   8260 | loss = -2.7825 | g_L = +2.7825 | EMA = +2.9044 | std(g_L) = 0.8725 | grad = 0.7433
step   8280 | loss = -3.0213 | g_L = +3.0213 | EMA = +2.9041 | std(g_L) = 0.7810 | grad = 0.7453
step   8300 | loss = -3.0255 | g_L = +3.0255 | EMA = +2.9332 | std(g_L) = 0.7324 | grad = 0.8918
step   8320 | loss = -3.0023 | g_L = +3.0023 | EMA = +2.9405 | std(g_L) = 0.6447 | grad = 0.8614
step   8340 | loss = -2.9275 | g_L = +2.9275 | EMA = +2.9265 | std(g_L) = 0.8516 | grad = 0.8878
step   8360 | loss = -2.9153 | g_L = +2.9153 | EMA = +2.9217 | std(g_L) = 0.8057 | grad = 1.0718
step   8380 | loss = -2.9497 | g_L = +2.9497 | EMA = +2.8973 | std(g_L) = 0.7326 | grad = 0.5685
step   8400 | loss = -2.9634 | g_L = +2.9634 | EMA = +2.9203 | std(g_L) = 0.7172 | grad = 0.3977
step   8420 | loss = -3.0083 | g_L = +3.0083 | EMA = +2.9301 | std(g_L) = 0.6490 | grad = 1.7313
step   8440 | loss = -2.9536 | g_L = +2.9536 | EMA = +2.9307 | std(g_L) = 0.7859 | grad = 1.9563
step   8460 | loss = -2.9132 | g_L = +2.9132 | EMA = +2.9232 | std(g_L) = 0.8099 | grad = 0.7689
step   8480 | loss = -2.9578 | g_L = +2.9578 | EMA = +2.9218 | std(g_L) = 0.8080 | grad = 0.5285
step   8500 | loss = -2.9604 | g_L = +2.9604 | EMA = +2.9382 | std(g_L) = 0.8655 | grad = 0.5932
step   8520 | loss = -2.7928 | g_L = +2.7928 | EMA = +2.9093 | std(g_L) = 0.6504 | grad = 0.4918
step   8540 | loss = -2.8638 | g_L = +2.8638 | EMA = +2.9213 | std(g_L) = 0.7958 | grad = 0.8026
step   8560 | loss = -3.0107 | g_L = +3.0107 | EMA = +2.9234 | std(g_L) = 0.7669 | grad = 0.4405
step   8580 | loss = -2.8119 | g_L = +2.8119 | EMA = +2.9185 | std(g_L) = 0.8076 | grad = 0.7768
step   8600 | loss = -2.9904 | g_L = +2.9904 | EMA = +2.9282 | std(g_L) = 0.7123 | grad = 0.6904
step   8620 | loss = -2.9542 | g_L = +2.9542 | EMA = +2.9305 | std(g_L) = 0.8094 | grad = 0.4867
step   8640 | loss = -2.9849 | g_L = +2.9849 | EMA = +2.9248 | std(g_L) = 0.7413 | grad = 1.0133
step   8660 | loss = -2.9026 | g_L = +2.9026 | EMA = +2.9214 | std(g_L) = 0.7381 | grad = 0.8205
step   8680 | loss = -2.9727 | g_L = +2.9727 | EMA = +2.9486 | std(g_L) = 0.6996 | grad = 0.4473
step   8700 | loss = -2.9128 | g_L = +2.9128 | EMA = +2.9299 | std(g_L) = 0.8851 | grad = 0.9618
step   8720 | loss = -2.8652 | g_L = +2.8652 | EMA = +2.9364 | std(g_L) = 1.0131 | grad = 0.5917
step   8740 | loss = -2.9126 | g_L = +2.9126 | EMA = +2.9383 | std(g_L) = 0.8746 | grad = 0.8455
step   8760 | loss = -2.8701 | g_L = +2.8701 | EMA = +2.9492 | std(g_L) = 0.9045 | grad = 0.4113
step   8780 | loss = -2.9510 | g_L = +2.9510 | EMA = +2.9147 | std(g_L) = 0.7682 | grad = 0.4536
step   8800 | loss = -2.8537 | g_L = +2.8537 | EMA = +2.9231 | std(g_L) = 0.7876 | grad = 0.6400
step   8820 | loss = -2.8710 | g_L = +2.8710 | EMA = +2.9180 | std(g_L) = 0.8523 | grad = 0.5161
step   8840 | loss = -2.9325 | g_L = +2.9325 | EMA = +2.9166 | std(g_L) = 0.6172 | grad = 0.9785
step   8860 | loss = -3.0245 | g_L = +3.0245 | EMA = +2.9133 | std(g_L) = 0.7645 | grad = 0.5527
step   8880 | loss = -2.7946 | g_L = +2.7946 | EMA = +2.9012 | std(g_L) = 0.9928 | grad = 1.3357
step   8900 | loss = -2.8646 | g_L = +2.8646 | EMA = +2.9093 | std(g_L) = 0.7160 | grad = 1.8689
step   8920 | loss = -2.8482 | g_L = +2.8482 | EMA = +2.9209 | std(g_L) = 0.7470 | grad = 0.8507
step   8940 | loss = -2.8460 | g_L = +2.8460 | EMA = +2.9192 | std(g_L) = 0.8222 | grad = 1.9547
step   8960 | loss = -2.9273 | g_L = +2.9273 | EMA = +2.9093 | std(g_L) = 0.7434 | grad = 0.7725
step   8980 | loss = -2.9913 | g_L = +2.9913 | EMA = +2.9105 | std(g_L) = 0.6934 | grad = 1.0635
step   9000 | loss = -2.8665 | g_L = +2.8665 | EMA = +2.9151 | std(g_L) = 0.8093 | grad = 0.4877
step   9020 | loss = -3.0284 | g_L = +3.0284 | EMA = +2.9093 | std(g_L) = 0.6879 | grad = 0.7043
step   9040 | loss = -2.8819 | g_L = +2.8819 | EMA = +2.9235 | std(g_L) = 0.9983 | grad = 0.7977
step   9060 | loss = -3.0252 | g_L = +3.0252 | EMA = +2.9384 | std(g_L) = 0.7553 | grad = 1.0542
step   9080 | loss = -2.8597 | g_L = +2.8597 | EMA = +2.9200 | std(g_L) = 0.8892 | grad = 1.0030
step   9100 | loss = -2.9838 | g_L = +2.9838 | EMA = +2.9217 | std(g_L) = 0.7372 | grad = 0.7657
step   9120 | loss = -2.9788 | g_L = +2.9788 | EMA = +2.9093 | std(g_L) = 0.7706 | grad = 0.5833
step   9140 | loss = -2.9680 | g_L = +2.9680 | EMA = +2.9127 | std(g_L) = 0.8599 | grad = 1.7498
step   9160 | loss = -3.0737 | g_L = +3.0737 | EMA = +2.9458 | std(g_L) = 0.7542 | grad = 0.9063
step   9180 | loss = -2.8517 | g_L = +2.8517 | EMA = +2.9405 | std(g_L) = 0.9340 | grad = 1.5243
step   9200 | loss = -2.8221 | g_L = +2.8221 | EMA = +2.9031 | std(g_L) = 0.8876 | grad = 0.8589
step   9220 | loss = -2.9401 | g_L = +2.9401 | EMA = +2.9365 | std(g_L) = 0.9621 | grad = 0.7365
step   9240 | loss = -2.8718 | g_L = +2.8718 | EMA = +2.9274 | std(g_L) = 0.8681 | grad = 0.6570
step   9260 | loss = -3.0028 | g_L = +3.0028 | EMA = +2.9272 | std(g_L) = 0.7019 | grad = 0.5524
step   9280 | loss = -2.9478 | g_L = +2.9478 | EMA = +2.9332 | std(g_L) = 0.8789 | grad = 1.0514
step   9300 | loss = -2.9335 | g_L = +2.9335 | EMA = +2.9272 | std(g_L) = 0.7072 | grad = 0.8230
step   9320 | loss = -2.9769 | g_L = +2.9769 | EMA = +2.9151 | std(g_L) = 0.9201 | grad = 0.4066
step   9340 | loss = -2.9598 | g_L = +2.9598 | EMA = +2.9324 | std(g_L) = 0.9575 | grad = 0.4443
step   9360 | loss = -2.9251 | g_L = +2.9251 | EMA = +2.9245 | std(g_L) = 0.7434 | grad = 0.6540
step   9380 | loss = -2.8587 | g_L = +2.8587 | EMA = +2.9239 | std(g_L) = 0.7959 | grad = 0.4610
step   9400 | loss = -2.8682 | g_L = +2.8682 | EMA = +2.9238 | std(g_L) = 0.8974 | grad = 0.8527
step   9420 | loss = -3.0137 | g_L = +3.0137 | EMA = +2.9391 | std(g_L) = 0.7105 | grad = 0.3390
step   9440 | loss = -2.9014 | g_L = +2.9014 | EMA = +2.9360 | std(g_L) = 1.0553 | grad = 0.3451
step   9460 | loss = -2.8973 | g_L = +2.8973 | EMA = +2.9369 | std(g_L) = 0.9558 | grad = 1.1379
step   9480 | loss = -2.9048 | g_L = +2.9048 | EMA = +2.9235 | std(g_L) = 0.8647 | grad = 1.0885
step   9500 | loss = -2.9396 | g_L = +2.9396 | EMA = +2.9246 | std(g_L) = 0.8176 | grad = 1.2980
step   9520 | loss = -2.8868 | g_L = +2.8868 | EMA = +2.9167 | std(g_L) = 0.8118 | grad = 0.4177
step   9540 | loss = -2.8835 | g_L = +2.8835 | EMA = +2.9177 | std(g_L) = 0.7319 | grad = 0.6165
step   9560 | loss = -2.9512 | g_L = +2.9512 | EMA = +2.9241 | std(g_L) = 0.6874 | grad = 0.5876
step   9580 | loss = -2.9176 | g_L = +2.9176 | EMA = +2.9351 | std(g_L) = 0.7655 | grad = 0.5185
step   9600 | loss = -2.7723 | g_L = +2.7723 | EMA = +2.9260 | std(g_L) = 0.8639 | grad = 0.5632
step   9620 | loss = -2.9182 | g_L = +2.9182 | EMA = +2.9074 | std(g_L) = 0.6955 | grad = 0.9013
step   9640 | loss = -2.8137 | g_L = +2.8137 | EMA = +2.8896 | std(g_L) = 0.9235 | grad = 2.1900
step   9660 | loss = -2.8207 | g_L = +2.8207 | EMA = +2.9061 | std(g_L) = 0.8262 | grad = 0.8123
step   9680 | loss = -2.9637 | g_L = +2.9637 | EMA = +2.9117 | std(g_L) = 0.8838 | grad = 0.8897
step   9700 | loss = -2.8858 | g_L = +2.8858 | EMA = +2.9266 | std(g_L) = 0.7876 | grad = 1.1139
step   9720 | loss = -2.8522 | g_L = +2.8522 | EMA = +2.9285 | std(g_L) = 0.7599 | grad = 0.6100
step   9740 | loss = -2.9419 | g_L = +2.9419 | EMA = +2.9420 | std(g_L) = 0.8747 | grad = 2.3888
step   9760 | loss = -2.9076 | g_L = +2.9076 | EMA = +2.9395 | std(g_L) = 0.7493 | grad = 1.2898
step   9780 | loss = -2.9778 | g_L = +2.9778 | EMA = +2.9226 | std(g_L) = 0.7039 | grad = 0.8515
step   9800 | loss = -2.9148 | g_L = +2.9148 | EMA = +2.9318 | std(g_L) = 0.8970 | grad = 0.5089
step   9820 | loss = -3.0223 | g_L = +3.0223 | EMA = +2.9493 | std(g_L) = 0.7421 | grad = 1.5541
step   9840 | loss = -3.0315 | g_L = +3.0315 | EMA = +2.9409 | std(g_L) = 0.7562 | grad = 0.6743
step   9860 | loss = -2.9756 | g_L = +2.9756 | EMA = +2.9524 | std(g_L) = 0.7205 | grad = 1.1187
step   9880 | loss = -2.8841 | g_L = +2.8841 | EMA = +2.9266 | std(g_L) = 0.7015 | grad = 0.5244
step   9900 | loss = -2.8927 | g_L = +2.8927 | EMA = +2.9264 | std(g_L) = 0.7460 | grad = 0.7156
step   9920 | loss = -2.8139 | g_L = +2.8139 | EMA = +2.9278 | std(g_L) = 0.8148 | grad = 0.8013
step   9940 | loss = -2.8166 | g_L = +2.8166 | EMA = +2.9214 | std(g_L) = 0.7677 | grad = 1.2266
step   9960 | loss = -2.8662 | g_L = +2.8662 | EMA = +2.9272 | std(g_L) = 0.8861 | grad = 0.8183
step   9980 | loss = -2.8463 | g_L = +2.8463 | EMA = +2.9316 | std(g_L) = 0.9378 | grad = 1.6806
step  10000 | loss = -2.9615 | g_L = +2.9615 | EMA = +2.9258 | std(g_L) = 0.7108 | grad = 1.0952
step  10020 | loss = -2.8369 | g_L = +2.8369 | EMA = +2.9221 | std(g_L) = 0.9421 | grad = 1.2365
step  10040 | loss = -2.8898 | g_L = +2.8898 | EMA = +2.9441 | std(g_L) = 0.9407 | grad = 0.8302
step  10060 | loss = -2.8957 | g_L = +2.8957 | EMA = +2.9487 | std(g_L) = 0.7734 | grad = 0.7702
step  10080 | loss = -2.9437 | g_L = +2.9437 | EMA = +2.9276 | std(g_L) = 0.7697 | grad = 0.7212
step  10100 | loss = -2.9866 | g_L = +2.9866 | EMA = +2.9379 | std(g_L) = 0.8703 | grad = 1.5924
step  10120 | loss = -2.9417 | g_L = +2.9417 | EMA = +2.9436 | std(g_L) = 0.7137 | grad = 0.4273
step  10140 | loss = -3.0447 | g_L = +3.0447 | EMA = +2.9292 | std(g_L) = 0.8291 | grad = 1.0524
step  10160 | loss = -2.8287 | g_L = +2.8287 | EMA = +2.9227 | std(g_L) = 0.9629 | grad = 1.4059
step  10180 | loss = -2.7830 | g_L = +2.7830 | EMA = +2.9168 | std(g_L) = 0.8522 | grad = 0.5225
step  10200 | loss = -2.8746 | g_L = +2.8746 | EMA = +2.9364 | std(g_L) = 0.7798 | grad = 0.4582
step  10220 | loss = -2.9434 | g_L = +2.9434 | EMA = +2.9344 | std(g_L) = 0.8515 | grad = 0.6078
step  10240 | loss = -3.0033 | g_L = +3.0033 | EMA = +2.9509 | std(g_L) = 0.7963 | grad = 0.8723
step  10260 | loss = -2.9690 | g_L = +2.9690 | EMA = +2.9473 | std(g_L) = 0.8563 | grad = 0.4223
step  10280 | loss = -2.9091 | g_L = +2.9091 | EMA = +2.9281 | std(g_L) = 0.8080 | grad = 0.7260
step  10300 | loss = -2.9167 | g_L = +2.9167 | EMA = +2.9393 | std(g_L) = 0.7310 | grad = 0.5381
step  10320 | loss = -3.0523 | g_L = +3.0523 | EMA = +2.9296 | std(g_L) = 0.7451 | grad = 0.6529
step  10340 | loss = -2.9801 | g_L = +2.9801 | EMA = +2.9205 | std(g_L) = 0.7351 | grad = 0.7101
step  10360 | loss = -2.9088 | g_L = +2.9088 | EMA = +2.9131 | std(g_L) = 0.8147 | grad = 0.4949
step  10380 | loss = -2.8294 | g_L = +2.8294 | EMA = +2.9259 | std(g_L) = 0.8926 | grad = 0.9530
step  10400 | loss = -3.0145 | g_L = +3.0145 | EMA = +2.9271 | std(g_L) = 0.6075 | grad = 0.5951
step  10420 | loss = -2.9366 | g_L = +2.9366 | EMA = +2.9247 | std(g_L) = 0.8385 | grad = 0.6698
step  10440 | loss = -2.8853 | g_L = +2.8853 | EMA = +2.9273 | std(g_L) = 0.6940 | grad = 0.5684
step  10460 | loss = -2.8359 | g_L = +2.8359 | EMA = +2.9128 | std(g_L) = 0.7511 | grad = 2.3929
step  10480 | loss = -2.9411 | g_L = +2.9411 | EMA = +2.9388 | std(g_L) = 0.8033 | grad = 0.9987
step  10500 | loss = -3.0366 | g_L = +3.0366 | EMA = +2.9337 | std(g_L) = 0.7206 | grad = 1.0330
step  10520 | loss = -2.9081 | g_L = +2.9081 | EMA = +2.9332 | std(g_L) = 0.6557 | grad = 0.8252
step  10540 | loss = -2.9459 | g_L = +2.9459 | EMA = +2.9377 | std(g_L) = 0.7009 | grad = 0.3638
step  10560 | loss = -2.9749 | g_L = +2.9749 | EMA = +2.9183 | std(g_L) = 0.7328 | grad = 0.5245
step  10580 | loss = -2.8879 | g_L = +2.8879 | EMA = +2.9270 | std(g_L) = 0.8948 | grad = 0.8028
step  10600 | loss = -2.8931 | g_L = +2.8931 | EMA = +2.9416 | std(g_L) = 0.8676 | grad = 0.7514
step  10620 | loss = -2.9249 | g_L = +2.9249 | EMA = +2.9533 | std(g_L) = 0.8123 | grad = 0.8014
step  10640 | loss = -3.0058 | g_L = +3.0058 | EMA = +2.9433 | std(g_L) = 0.6627 | grad = 0.6359
step  10660 | loss = -2.9115 | g_L = +2.9115 | EMA = +2.9399 | std(g_L) = 0.8241 | grad = 1.0578
step  10680 | loss = -2.8228 | g_L = +2.8228 | EMA = +2.9448 | std(g_L) = 0.6891 | grad = 0.8312
step  10700 | loss = -2.9576 | g_L = +2.9576 | EMA = +2.9300 | std(g_L) = 0.8298 | grad = 0.4578
step  10720 | loss = -2.9279 | g_L = +2.9279 | EMA = +2.9418 | std(g_L) = 0.8186 | grad = 0.6495
step  10740 | loss = -2.8058 | g_L = +2.8058 | EMA = +2.9482 | std(g_L) = 0.9449 | grad = 0.7964
step  10760 | loss = -3.0647 | g_L = +3.0647 | EMA = +2.9526 | std(g_L) = 0.8250 | grad = 0.5958
step  10780 | loss = -2.9115 | g_L = +2.9115 | EMA = +2.9352 | std(g_L) = 0.7490 | grad = 0.8618
step  10800 | loss = -2.8999 | g_L = +2.8999 | EMA = +2.9317 | std(g_L) = 1.0225 | grad = 1.2096
step  10820 | loss = -3.0121 | g_L = +3.0121 | EMA = +2.9387 | std(g_L) = 0.7774 | grad = 0.5796
step  10840 | loss = -2.9666 | g_L = +2.9666 | EMA = +2.9477 | std(g_L) = 0.7602 | grad = 0.6481
step  10860 | loss = -2.9485 | g_L = +2.9485 | EMA = +2.9416 | std(g_L) = 0.7954 | grad = 0.4711
step  10880 | loss = -3.0052 | g_L = +3.0052 | EMA = +2.9341 | std(g_L) = 0.7355 | grad = 0.6715
step  10900 | loss = -2.7441 | g_L = +2.7441 | EMA = +2.9350 | std(g_L) = 0.8964 | grad = 0.7819
step  10920 | loss = -3.0406 | g_L = +3.0406 | EMA = +2.9370 | std(g_L) = 0.8075 | grad = 0.9951
step  10940 | loss = -3.0096 | g_L = +3.0096 | EMA = +2.9493 | std(g_L) = 0.7535 | grad = 0.2207
step  10960 | loss = -2.9485 | g_L = +2.9485 | EMA = +2.9380 | std(g_L) = 0.7910 | grad = 0.9196
step  10980 | loss = -3.0210 | g_L = +3.0210 | EMA = +2.9407 | std(g_L) = 0.7117 | grad = 0.8161
step  11000 | loss = -2.8518 | g_L = +2.8518 | EMA = +2.9386 | std(g_L) = 0.9926 | grad = 1.0259
step  11020 | loss = -2.8246 | g_L = +2.8246 | EMA = +2.9380 | std(g_L) = 0.8564 | grad = 0.4230
step  11040 | loss = -2.9417 | g_L = +2.9417 | EMA = +2.9377 | std(g_L) = 0.6849 | grad = 0.9698
step  11060 | loss = -2.7892 | g_L = +2.7892 | EMA = +2.9625 | std(g_L) = 0.9609 | grad = 0.5620
step  11080 | loss = -3.0282 | g_L = +3.0282 | EMA = +2.9438 | std(g_L) = 0.8164 | grad = 1.5465
step  11100 | loss = -3.0024 | g_L = +3.0024 | EMA = +2.9437 | std(g_L) = 0.8149 | grad = 0.5014
step  11120 | loss = -2.9169 | g_L = +2.9169 | EMA = +2.9522 | std(g_L) = 0.9521 | grad = 1.7600
step  11140 | loss = -2.7905 | g_L = +2.7905 | EMA = +2.9387 | std(g_L) = 0.9560 | grad = 1.3083
step  11160 | loss = -2.8077 | g_L = +2.8077 | EMA = +2.9286 | std(g_L) = 0.8250 | grad = 0.6114
step  11180 | loss = -3.0059 | g_L = +3.0059 | EMA = +2.9325 | std(g_L) = 0.7563 | grad = 0.7204
step  11200 | loss = -2.9758 | g_L = +2.9758 | EMA = +2.9579 | std(g_L) = 0.6970 | grad = 0.5406
step  11220 | loss = -2.9902 | g_L = +2.9902 | EMA = +2.9569 | std(g_L) = 0.6701 | grad = 0.4605
step  11240 | loss = -2.8578 | g_L = +2.8578 | EMA = +2.9548 | std(g_L) = 0.7978 | grad = 0.6836
step  11260 | loss = -2.8766 | g_L = +2.8766 | EMA = +2.9444 | std(g_L) = 0.7105 | grad = 0.7438
step  11280 | loss = -2.8828 | g_L = +2.8828 | EMA = +2.9401 | std(g_L) = 0.8920 | grad = 1.0028
step  11300 | loss = -3.0230 | g_L = +3.0230 | EMA = +2.9552 | std(g_L) = 0.6988 | grad = 1.5468
step  11320 | loss = -2.9184 | g_L = +2.9184 | EMA = +2.9421 | std(g_L) = 0.7598 | grad = 0.4517
step  11340 | loss = -2.9004 | g_L = +2.9004 | EMA = +2.9352 | std(g_L) = 0.7857 | grad = 0.4245
step  11360 | loss = -2.9848 | g_L = +2.9848 | EMA = +2.9366 | std(g_L) = 0.6984 | grad = 0.5546
step  11380 | loss = -3.0544 | g_L = +3.0544 | EMA = +2.9622 | std(g_L) = 0.6526 | grad = 0.5796
step  11400 | loss = -2.8371 | g_L = +2.8371 | EMA = +2.9386 | std(g_L) = 1.0183 | grad = 0.6728
step  11420 | loss = -2.9526 | g_L = +2.9526 | EMA = +2.9427 | std(g_L) = 0.7117 | grad = 0.7185
step  11440 | loss = -2.9030 | g_L = +2.9030 | EMA = +2.9325 | std(g_L) = 0.8310 | grad = 1.1899
step  11460 | loss = -2.9673 | g_L = +2.9673 | EMA = +2.9229 | std(g_L) = 0.7896 | grad = 0.7951
step  11480 | loss = -2.9995 | g_L = +2.9995 | EMA = +2.9417 | std(g_L) = 0.7978 | grad = 0.3899
step  11500 | loss = -2.8031 | g_L = +2.8031 | EMA = +2.9270 | std(g_L) = 1.0217 | grad = 1.2885
step  11520 | loss = -2.8910 | g_L = +2.8910 | EMA = +2.9357 | std(g_L) = 1.0090 | grad = 0.7022
step  11540 | loss = -2.8233 | g_L = +2.8233 | EMA = +2.9316 | std(g_L) = 0.9222 | grad = 0.8342
step  11560 | loss = -3.0027 | g_L = +3.0027 | EMA = +2.9645 | std(g_L) = 0.6796 | grad = 0.6003
step  11580 | loss = -2.9727 | g_L = +2.9727 | EMA = +2.9665 | std(g_L) = 0.7738 | grad = 0.3173
step  11600 | loss = -3.0030 | g_L = +3.0030 | EMA = +2.9681 | std(g_L) = 0.8891 | grad = 0.5614
step  11620 | loss = -3.0136 | g_L = +3.0136 | EMA = +2.9591 | std(g_L) = 0.5481 | grad = 0.5363
step  11640 | loss = -2.9040 | g_L = +2.9040 | EMA = +2.9541 | std(g_L) = 0.8621 | grad = 0.9916
step  11660 | loss = -3.1014 | g_L = +3.1014 | EMA = +2.9347 | std(g_L) = 0.8358 | grad = 0.8675
step  11680 | loss = -2.9501 | g_L = +2.9501 | EMA = +2.9304 | std(g_L) = 0.8199 | grad = 0.5824
step  11700 | loss = -3.0152 | g_L = +3.0152 | EMA = +2.9533 | std(g_L) = 0.7758 | grad = 0.5276
step  11720 | loss = -3.0453 | g_L = +3.0453 | EMA = +2.9489 | std(g_L) = 0.6962 | grad = 0.5361
step  11740 | loss = -2.8311 | g_L = +2.8311 | EMA = +2.9478 | std(g_L) = 0.8749 | grad = 1.2416
step  11760 | loss = -3.0065 | g_L = +3.0065 | EMA = +2.9428 | std(g_L) = 0.7619 | grad = 0.7116
step  11780 | loss = -3.0577 | g_L = +3.0577 | EMA = +2.9436 | std(g_L) = 0.7201 | grad = 0.5268
step  11800 | loss = -2.9924 | g_L = +2.9924 | EMA = +2.9348 | std(g_L) = 0.6982 | grad = 0.7201
step  11820 | loss = -2.9868 | g_L = +2.9868 | EMA = +2.9320 | std(g_L) = 0.7828 | grad = 1.1231
step  11840 | loss = -2.7856 | g_L = +2.7856 | EMA = +2.9129 | std(g_L) = 0.8623 | grad = 1.2603
step  11860 | loss = -2.8988 | g_L = +2.8988 | EMA = +2.9296 | std(g_L) = 0.8410 | grad = 0.8875
step  11880 | loss = -2.9699 | g_L = +2.9699 | EMA = +2.9523 | std(g_L) = 0.8104 | grad = 0.6284
step  11900 | loss = -2.9327 | g_L = +2.9327 | EMA = +2.9390 | std(g_L) = 0.8269 | grad = 1.1833
step  11920 | loss = -2.9279 | g_L = +2.9279 | EMA = +2.9419 | std(g_L) = 0.8045 | grad = 0.3326
step  11940 | loss = -3.0706 | g_L = +3.0706 | EMA = +2.9493 | std(g_L) = 0.6030 | grad = 0.9292
step  11960 | loss = -3.0045 | g_L = +3.0045 | EMA = +2.9451 | std(g_L) = 0.7265 | grad = 0.8711
step  11980 | loss = -3.0056 | g_L = +3.0056 | EMA = +2.9611 | std(g_L) = 0.6125 | grad = 0.2940
step  12000 | loss = -3.0599 | g_L = +3.0599 | EMA = +2.9325 | std(g_L) = 0.6925 | grad = 0.8716
step  12020 | loss = -2.8845 | g_L = +2.8845 | EMA = +2.9462 | std(g_L) = 0.7666 | grad = 0.7157
step  12040 | loss = -2.9619 | g_L = +2.9619 | EMA = +2.9547 | std(g_L) = 0.8067 | grad = 0.8349
step  12060 | loss = -2.9524 | g_L = +2.9524 | EMA = +2.9252 | std(g_L) = 0.8092 | grad = 1.0327
step  12080 | loss = -2.8744 | g_L = +2.8744 | EMA = +2.9247 | std(g_L) = 0.9106 | grad = 1.1525
step  12100 | loss = -2.9240 | g_L = +2.9240 | EMA = +2.9320 | std(g_L) = 0.7405 | grad = 0.8152
step  12120 | loss = -2.9740 | g_L = +2.9740 | EMA = +2.9322 | std(g_L) = 0.7087 | grad = 0.6050
step  12140 | loss = -3.0733 | g_L = +3.0733 | EMA = +2.9329 | std(g_L) = 0.6915 | grad = 0.4754
step  12160 | loss = -2.9535 | g_L = +2.9535 | EMA = +2.9472 | std(g_L) = 0.8321 | grad = 0.5399
step  12180 | loss = -2.9431 | g_L = +2.9431 | EMA = +2.9557 | std(g_L) = 0.7804 | grad = 0.9339
step  12200 | loss = -2.9424 | g_L = +2.9424 | EMA = +2.9429 | std(g_L) = 0.7141 | grad = 0.4228
step  12220 | loss = -2.9471 | g_L = +2.9471 | EMA = +2.9456 | std(g_L) = 0.7560 | grad = 1.6386
step  12240 | loss = -3.0507 | g_L = +3.0507 | EMA = +2.9398 | std(g_L) = 0.7032 | grad = 0.4799
step  12260 | loss = -2.9878 | g_L = +2.9878 | EMA = +2.9519 | std(g_L) = 0.8101 | grad = 0.7875
step  12280 | loss = -2.9820 | g_L = +2.9820 | EMA = +2.9502 | std(g_L) = 0.6233 | grad = 0.8998
step  12300 | loss = -2.9408 | g_L = +2.9408 | EMA = +2.9600 | std(g_L) = 0.7579 | grad = 0.7266
step  12320 | loss = -2.9638 | g_L = +2.9638 | EMA = +2.9589 | std(g_L) = 0.7323 | grad = 0.6667
step  12340 | loss = -2.8350 | g_L = +2.8350 | EMA = +2.9204 | std(g_L) = 1.0608 | grad = 0.8596
step  12360 | loss = -3.0081 | g_L = +3.0081 | EMA = +2.9313 | std(g_L) = 0.7931 | grad = 0.8727
step  12380 | loss = -3.0397 | g_L = +3.0397 | EMA = +2.9408 | std(g_L) = 0.7134 | grad = 1.2002
step  12400 | loss = -2.9486 | g_L = +2.9486 | EMA = +2.9474 | std(g_L) = 0.9375 | grad = 0.6486
step  12420 | loss = -2.8475 | g_L = +2.8475 | EMA = +2.9489 | std(g_L) = 0.7557 | grad = 0.5928
step  12440 | loss = -3.0477 | g_L = +3.0477 | EMA = +2.9558 | std(g_L) = 0.7731 | grad = 0.8585
step  12460 | loss = -2.9290 | g_L = +2.9290 | EMA = +2.9423 | std(g_L) = 0.7160 | grad = 0.7668
step  12480 | loss = -3.0443 | g_L = +3.0443 | EMA = +2.9334 | std(g_L) = 0.7348 | grad = 0.8485
step  12500 | loss = -2.9991 | g_L = +2.9991 | EMA = +2.9334 | std(g_L) = 0.7018 | grad = 1.0569
step  12520 | loss = -2.9381 | g_L = +2.9381 | EMA = +2.9514 | std(g_L) = 0.7179 | grad = 0.9160
step  12540 | loss = -2.9465 | g_L = +2.9465 | EMA = +2.9483 | std(g_L) = 0.8737 | grad = 1.2713
step  12560 | loss = -3.0186 | g_L = +3.0186 | EMA = +2.9496 | std(g_L) = 0.6085 | grad = 0.5401
step  12580 | loss = -2.9068 | g_L = +2.9068 | EMA = +2.9363 | std(g_L) = 0.8925 | grad = 0.9818
step  12600 | loss = -2.8866 | g_L = +2.8866 | EMA = +2.9467 | std(g_L) = 0.8852 | grad = 0.9020
step  12620 | loss = -2.9463 | g_L = +2.9463 | EMA = +2.9400 | std(g_L) = 0.9972 | grad = 0.4939
step  12640 | loss = -3.0198 | g_L = +3.0198 | EMA = +2.9494 | std(g_L) = 0.7369 | grad = 0.8514
step  12660 | loss = -2.9301 | g_L = +2.9301 | EMA = +2.9563 | std(g_L) = 0.8015 | grad = 0.6471
step  12680 | loss = -2.8443 | g_L = +2.8443 | EMA = +2.9519 | std(g_L) = 0.9480 | grad = 0.9015
step  12700 | loss = -2.9645 | g_L = +2.9645 | EMA = +2.9484 | std(g_L) = 0.6565 | grad = 0.3054
step  12720 | loss = -2.9974 | g_L = +2.9974 | EMA = +2.9543 | std(g_L) = 0.6869 | grad = 0.9017
step  12740 | loss = -2.9672 | g_L = +2.9672 | EMA = +2.9557 | std(g_L) = 0.7239 | grad = 0.6985
step  12760 | loss = -2.8406 | g_L = +2.8406 | EMA = +2.9401 | std(g_L) = 0.8379 | grad = 0.5693
step  12780 | loss = -2.9077 | g_L = +2.9077 | EMA = +2.9362 | std(g_L) = 0.8514 | grad = 0.5089
step  12800 | loss = -2.8363 | g_L = +2.8363 | EMA = +2.9372 | std(g_L) = 0.7582 | grad = 0.9936
step  12820 | loss = -3.0089 | g_L = +3.0089 | EMA = +2.9436 | std(g_L) = 0.8897 | grad = 2.0120
step  12840 | loss = -2.9978 | g_L = +2.9978 | EMA = +2.9523 | std(g_L) = 0.6977 | grad = 0.1897
step  12860 | loss = -2.9585 | g_L = +2.9585 | EMA = +2.9438 | std(g_L) = 0.7151 | grad = 1.0448
step  12880 | loss = -2.8872 | g_L = +2.8872 | EMA = +2.9335 | std(g_L) = 0.7202 | grad = 0.5075
step  12900 | loss = -2.8977 | g_L = +2.8977 | EMA = +2.9430 | std(g_L) = 0.9505 | grad = 1.3160
step  12920 | loss = -2.9790 | g_L = +2.9790 | EMA = +2.9509 | std(g_L) = 0.7895 | grad = 0.9164
step  12940 | loss = -2.8468 | g_L = +2.8468 | EMA = +2.9436 | std(g_L) = 0.7924 | grad = 0.8858
step  12960 | loss = -2.9688 | g_L = +2.9688 | EMA = +2.9453 | std(g_L) = 0.7070 | grad = 0.4763
step  12980 | loss = -2.9249 | g_L = +2.9249 | EMA = +2.9306 | std(g_L) = 0.7018 | grad = 0.7859
step  13000 | loss = -3.0825 | g_L = +3.0825 | EMA = +2.9477 | std(g_L) = 0.6084 | grad = 0.3882
step  13020 | loss = -3.1044 | g_L = +3.1044 | EMA = +2.9693 | std(g_L) = 0.7938 | grad = 0.5257
step  13040 | loss = -2.9315 | g_L = +2.9315 | EMA = +2.9511 | std(g_L) = 0.7724 | grad = 0.8091
step  13060 | loss = -2.9150 | g_L = +2.9150 | EMA = +2.9544 | std(g_L) = 0.7281 | grad = 1.3419
step  13080 | loss = -2.9858 | g_L = +2.9858 | EMA = +2.9614 | std(g_L) = 0.8178 | grad = 0.7783
step  13100 | loss = -3.1253 | g_L = +3.1253 | EMA = +2.9618 | std(g_L) = 0.6821 | grad = 0.4090
step  13120 | loss = -2.9839 | g_L = +2.9839 | EMA = +2.9678 | std(g_L) = 0.7618 | grad = 0.5404
step  13140 | loss = -3.0458 | g_L = +3.0458 | EMA = +2.9583 | std(g_L) = 0.6807 | grad = 1.1873
step  13160 | loss = -2.9553 | g_L = +2.9553 | EMA = +2.9411 | std(g_L) = 0.7861 | grad = 0.6622
step  13180 | loss = -2.9557 | g_L = +2.9557 | EMA = +2.9522 | std(g_L) = 0.9885 | grad = 1.6431
step  13200 | loss = -2.9695 | g_L = +2.9695 | EMA = +2.9645 | std(g_L) = 0.8714 | grad = 0.5733
step  13220 | loss = -3.0084 | g_L = +3.0084 | EMA = +2.9472 | std(g_L) = 0.9136 | grad = 0.4258
step  13240 | loss = -2.9530 | g_L = +2.9530 | EMA = +2.9625 | std(g_L) = 0.8379 | grad = 0.8985
step  13260 | loss = -2.9213 | g_L = +2.9213 | EMA = +2.9554 | std(g_L) = 0.7552 | grad = 0.5788
step  13280 | loss = -2.8794 | g_L = +2.8794 | EMA = +2.9395 | std(g_L) = 0.9509 | grad = 0.6411
step  13300 | loss = -2.9072 | g_L = +2.9072 | EMA = +2.9408 | std(g_L) = 0.6763 | grad = 2.2123
step  13320 | loss = -2.9232 | g_L = +2.9232 | EMA = +2.9384 | std(g_L) = 0.6881 | grad = 0.2818
step  13340 | loss = -2.9111 | g_L = +2.9111 | EMA = +2.9397 | std(g_L) = 0.7814 | grad = 0.5934
step  13360 | loss = -2.9857 | g_L = +2.9857 | EMA = +2.9428 | std(g_L) = 0.8381 | grad = 0.3656
step  13380 | loss = -2.9476 | g_L = +2.9476 | EMA = +2.9302 | std(g_L) = 0.8204 | grad = 1.2410
step  13400 | loss = -3.0108 | g_L = +3.0108 | EMA = +2.9338 | std(g_L) = 0.7453 | grad = 0.3873
step  13420 | loss = -2.9446 | g_L = +2.9446 | EMA = +2.9589 | std(g_L) = 0.8163 | grad = 0.5571
step  13440 | loss = -2.9865 | g_L = +2.9865 | EMA = +2.9567 | std(g_L) = 0.8158 | grad = 0.5783
step  13460 | loss = -2.9073 | g_L = +2.9073 | EMA = +2.9490 | std(g_L) = 0.8216 | grad = 0.3254
step  13480 | loss = -3.0087 | g_L = +3.0087 | EMA = +2.9626 | std(g_L) = 0.7206 | grad = 0.9024
step  13500 | loss = -3.1198 | g_L = +3.1198 | EMA = +2.9540 | std(g_L) = 0.7614 | grad = 1.1148
step  13520 | loss = -2.9274 | g_L = +2.9274 | EMA = +2.9558 | std(g_L) = 0.7842 | grad = 0.5200
step  13540 | loss = -2.9715 | g_L = +2.9715 | EMA = +2.9700 | std(g_L) = 0.7075 | grad = 0.9632
step  13560 | loss = -2.9193 | g_L = +2.9193 | EMA = +2.9499 | std(g_L) = 0.8110 | grad = 0.6276
step  13580 | loss = -2.9052 | g_L = +2.9052 | EMA = +2.9330 | std(g_L) = 0.8759 | grad = 0.7383
step  13600 | loss = -2.9379 | g_L = +2.9379 | EMA = +2.9354 | std(g_L) = 0.6545 | grad = 0.8999
step  13620 | loss = -2.9491 | g_L = +2.9491 | EMA = +2.9547 | std(g_L) = 0.7692 | grad = 0.7119
step  13640 | loss = -2.9981 | g_L = +2.9981 | EMA = +2.9593 | std(g_L) = 0.8117 | grad = 0.8400
step  13660 | loss = -3.0170 | g_L = +3.0170 | EMA = +2.9480 | std(g_L) = 0.7033 | grad = 0.6117
step  13680 | loss = -2.9728 | g_L = +2.9728 | EMA = +2.9535 | std(g_L) = 0.9028 | grad = 0.5242
step  13700 | loss = -3.0512 | g_L = +3.0512 | EMA = +2.9588 | std(g_L) = 0.6396 | grad = 1.2978
step  13720 | loss = -2.9746 | g_L = +2.9746 | EMA = +2.9672 | std(g_L) = 0.8249 | grad = 1.9007
step  13740 | loss = -2.8180 | g_L = +2.8180 | EMA = +2.9552 | std(g_L) = 0.8743 | grad = 0.9975
step  13760 | loss = -2.9213 | g_L = +2.9213 | EMA = +2.9510 | std(g_L) = 1.0318 | grad = 0.7857
step  13780 | loss = -2.9910 | g_L = +2.9910 | EMA = +2.9655 | std(g_L) = 0.6772 | grad = 0.4906
step  13800 | loss = -2.8817 | g_L = +2.8817 | EMA = +2.9604 | std(g_L) = 0.7382 | grad = 0.6471
step  13820 | loss = -3.0948 | g_L = +3.0948 | EMA = +2.9586 | std(g_L) = 0.7690 | grad = 0.6414
step  13840 | loss = -2.9984 | g_L = +2.9984 | EMA = +2.9488 | std(g_L) = 0.8041 | grad = 1.5424
step  13860 | loss = -3.0117 | g_L = +3.0117 | EMA = +2.9627 | std(g_L) = 0.8350 | grad = 0.8012
step  13880 | loss = -2.8688 | g_L = +2.8688 | EMA = +2.9323 | std(g_L) = 0.9015 | grad = 0.5568
step  13900 | loss = -2.8737 | g_L = +2.8737 | EMA = +2.9496 | std(g_L) = 1.0467 | grad = 0.6879
step  13920 | loss = -2.8346 | g_L = +2.8346 | EMA = +2.9387 | std(g_L) = 1.0432 | grad = 1.1263
step  13940 | loss = -3.0762 | g_L = +3.0762 | EMA = +2.9523 | std(g_L) = 0.7071 | grad = 0.7367
step  13960 | loss = -2.9562 | g_L = +2.9562 | EMA = +2.9472 | std(g_L) = 0.7347 | grad = 0.4306
step  13980 | loss = -2.8881 | g_L = +2.8881 | EMA = +2.9392 | std(g_L) = 0.7884 | grad = 1.0478
step  14000 | loss = -2.7922 | g_L = +2.7922 | EMA = +2.9617 | std(g_L) = 0.9542 | grad = 0.5662
step  14020 | loss = -2.8715 | g_L = +2.8715 | EMA = +2.9512 | std(g_L) = 0.8434 | grad = 1.8436
step  14040 | loss = -3.1184 | g_L = +3.1184 | EMA = +2.9630 | std(g_L) = 0.7432 | grad = 0.4193
step  14060 | loss = -2.7320 | g_L = +2.7320 | EMA = +2.9462 | std(g_L) = 0.9985 | grad = 0.5887
step  14080 | loss = -2.8360 | g_L = +2.8360 | EMA = +2.9235 | std(g_L) = 0.7558 | grad = 1.1751
step  14100 | loss = -2.9394 | g_L = +2.9394 | EMA = +2.9376 | std(g_L) = 0.7999 | grad = 0.5631
step  14120 | loss = -2.9819 | g_L = +2.9819 | EMA = +2.9581 | std(g_L) = 0.7554 | grad = 0.9866
step  14140 | loss = -3.0543 | g_L = +3.0543 | EMA = +2.9449 | std(g_L) = 0.7393 | grad = 0.3898
step  14160 | loss = -2.9239 | g_L = +2.9239 | EMA = +2.9492 | std(g_L) = 0.7860 | grad = 0.4966
step  14180 | loss = -2.9652 | g_L = +2.9652 | EMA = +2.9403 | std(g_L) = 0.8590 | grad = 1.1726
step  14200 | loss = -2.8839 | g_L = +2.8839 | EMA = +2.9422 | std(g_L) = 0.9427 | grad = 0.5012
step  14220 | loss = -3.0573 | g_L = +3.0573 | EMA = +2.9619 | std(g_L) = 0.8893 | grad = 1.0534
step  14240 | loss = -3.0822 | g_L = +3.0822 | EMA = +2.9557 | std(g_L) = 0.8722 | grad = 0.9316
step  14260 | loss = -3.0907 | g_L = +3.0907 | EMA = +2.9743 | std(g_L) = 0.7086 | grad = 1.1009
step  14280 | loss = -2.9720 | g_L = +2.9720 | EMA = +2.9511 | std(g_L) = 0.8736 | grad = 0.5446
step  14300 | loss = -2.9161 | g_L = +2.9161 | EMA = +2.9561 | std(g_L) = 0.8417 | grad = 0.5647
step  14320 | loss = -2.9552 | g_L = +2.9552 | EMA = +2.9492 | std(g_L) = 0.7309 | grad = 0.7403
step  14340 | loss = -3.0121 | g_L = +3.0121 | EMA = +2.9323 | std(g_L) = 0.7586 | grad = 0.3446
step  14360 | loss = -3.0682 | g_L = +3.0682 | EMA = +2.9466 | std(g_L) = 0.8918 | grad = 0.4314
step  14380 | loss = -2.8838 | g_L = +2.8838 | EMA = +2.9630 | std(g_L) = 0.8252 | grad = 1.6547
step  14400 | loss = -2.8336 | g_L = +2.8336 | EMA = +2.9551 | std(g_L) = 1.0214 | grad = 0.8662
step  14420 | loss = -2.9405 | g_L = +2.9405 | EMA = +2.9702 | std(g_L) = 0.7320 | grad = 0.3752
step  14440 | loss = -2.9501 | g_L = +2.9501 | EMA = +2.9411 | std(g_L) = 0.7410 | grad = 0.6200
step  14460 | loss = -2.8814 | g_L = +2.8814 | EMA = +2.9700 | std(g_L) = 0.9389 | grad = 0.4563
step  14480 | loss = -2.9739 | g_L = +2.9739 | EMA = +2.9605 | std(g_L) = 0.8854 | grad = 0.6892
step  14500 | loss = -2.9333 | g_L = +2.9333 | EMA = +2.9557 | std(g_L) = 0.8955 | grad = 0.4696
step  14520 | loss = -2.9551 | g_L = +2.9551 | EMA = +2.9404 | std(g_L) = 0.8308 | grad = 0.7808
step  14540 | loss = -2.9699 | g_L = +2.9699 | EMA = +2.9669 | std(g_L) = 0.8151 | grad = 0.5646
step  14560 | loss = -2.9728 | g_L = +2.9728 | EMA = +2.9696 | std(g_L) = 0.6732 | grad = 0.5634
step  14580 | loss = -3.0517 | g_L = +3.0517 | EMA = +2.9751 | std(g_L) = 0.7924 | grad = 0.4512
step  14600 | loss = -3.0495 | g_L = +3.0495 | EMA = +2.9672 | std(g_L) = 0.6629 | grad = 0.7054
step  14620 | loss = -3.0087 | g_L = +3.0087 | EMA = +2.9610 | std(g_L) = 0.7881 | grad = 0.3617
step  14640 | loss = -2.8322 | g_L = +2.8322 | EMA = +2.9486 | std(g_L) = 0.7743 | grad = 0.7044
step  14660 | loss = -2.9354 | g_L = +2.9354 | EMA = +2.9375 | std(g_L) = 0.7770 | grad = 0.3667
step  14680 | loss = -2.8457 | g_L = +2.8457 | EMA = +2.9408 | std(g_L) = 0.9995 | grad = 0.7200
step  14700 | loss = -2.9637 | g_L = +2.9637 | EMA = +2.9380 | std(g_L) = 0.7540 | grad = 0.7322
step  14720 | loss = -3.0259 | g_L = +3.0259 | EMA = +2.9585 | std(g_L) = 0.7395 | grad = 0.8091
step  14740 | loss = -2.9780 | g_L = +2.9780 | EMA = +2.9423 | std(g_L) = 0.7495 | grad = 1.2636
step  14760 | loss = -2.9913 | g_L = +2.9913 | EMA = +2.9599 | std(g_L) = 0.7917 | grad = 0.2288
step  14780 | loss = -2.9737 | g_L = +2.9737 | EMA = +2.9494 | std(g_L) = 0.7620 | grad = 1.3538
step  14800 | loss = -3.0323 | g_L = +3.0323 | EMA = +2.9654 | std(g_L) = 0.7325 | grad = 0.3850
step  14820 | loss = -2.7913 | g_L = +2.7913 | EMA = +2.9526 | std(g_L) = 0.8907 | grad = 0.8231
step  14840 | loss = -3.0703 | g_L = +3.0703 | EMA = +2.9615 | std(g_L) = 0.6804 | grad = 0.5665
step  14860 | loss = -2.9795 | g_L = +2.9795 | EMA = +2.9558 | std(g_L) = 0.6719 | grad = 1.0446
step  14880 | loss = -2.9866 | g_L = +2.9866 | EMA = +2.9650 | std(g_L) = 0.7854 | grad = 1.0147
step  14900 | loss = -2.9475 | g_L = +2.9475 | EMA = +2.9515 | std(g_L) = 0.6663 | grad = 0.6463
step  14920 | loss = -2.8806 | g_L = +2.8806 | EMA = +2.9533 | std(g_L) = 0.8626 | grad = 0.4061
step  14940 | loss = -3.0209 | g_L = +3.0209 | EMA = +2.9635 | std(g_L) = 0.8090 | grad = 1.3224
step  14960 | loss = -2.9898 | g_L = +2.9898 | EMA = +2.9746 | std(g_L) = 0.7661 | grad = 0.8098
step  14980 | loss = -3.0413 | g_L = +3.0413 | EMA = +2.9804 | std(g_L) = 0.7049 | grad = 0.4684
step  15000 | loss = -2.9846 | g_L = +2.9846 | EMA = +2.9553 | std(g_L) = 0.6793 | grad = 0.6535
T=9 finished.
