
============================================================
T = 1
L = 128
Batch size = 128
Steps = 15000
Checkpoints = model_checkpoints/fixed_sigma_sweep/T1_L128_B128
============================================================
step      1 | loss = -0.2503 | g_L = +0.2503 | EMA = +0.2503 | std(g_L) = 0.5957 | grad = 0.0851
step     20 | loss = -0.2880 | g_L = +0.2880 | EMA = +0.2420 | std(g_L) = 0.6435 | grad = 0.0349
step     40 | loss = -0.3476 | g_L = +0.3476 | EMA = +0.2513 | std(g_L) = 0.8410 | grad = 0.0531
step     60 | loss = -0.2665 | g_L = +0.2665 | EMA = +0.2664 | std(g_L) = 0.7120 | grad = 0.0308
step     80 | loss = -0.2262 | g_L = +0.2262 | EMA = +0.2524 | std(g_L) = 0.6905 | grad = 0.1030
step    100 | loss = -0.2086 | g_L = +0.2086 | EMA = +0.2491 | std(g_L) = 0.5829 | grad = 0.1389
step    120 | loss = -0.3237 | g_L = +0.3237 | EMA = +0.2678 | std(g_L) = 0.8025 | grad = 0.0806
step    140 | loss = -0.2021 | g_L = +0.2021 | EMA = +0.2630 | std(g_L) = 0.6479 | grad = 0.0801
step    160 | loss = -0.2196 | g_L = +0.2196 | EMA = +0.2459 | std(g_L) = 0.5795 | grad = 0.0588
step    180 | loss = -0.3389 | g_L = +0.3389 | EMA = +0.2587 | std(g_L) = 0.7000 | grad = 0.0788
step    200 | loss = -0.3960 | g_L = +0.3960 | EMA = +0.2630 | std(g_L) = 0.7112 | grad = 0.0617
step    220 | loss = -0.2420 | g_L = +0.2420 | EMA = +0.2532 | std(g_L) = 0.7336 | grad = 0.0777
step    240 | loss = -0.1419 | g_L = +0.1419 | EMA = +0.2368 | std(g_L) = 0.6395 | grad = 0.0488
step    260 | loss = -0.3493 | g_L = +0.3493 | EMA = +0.2490 | std(g_L) = 0.7230 | grad = 0.0326
step    280 | loss = -0.1602 | g_L = +0.1602 | EMA = +0.2603 | std(g_L) = 0.5782 | grad = 0.0590
step    300 | loss = -0.2601 | g_L = +0.2601 | EMA = +0.2521 | std(g_L) = 0.6892 | grad = 0.0745
step    320 | loss = -0.2851 | g_L = +0.2851 | EMA = +0.2467 | std(g_L) = 0.7717 | grad = 0.0848
step    340 | loss = -0.1600 | g_L = +0.1600 | EMA = +0.2594 | std(g_L) = 0.6349 | grad = 0.0977
step    360 | loss = -0.2621 | g_L = +0.2621 | EMA = +0.2578 | std(g_L) = 0.6719 | grad = 0.0642
step    380 | loss = -0.3813 | g_L = +0.3813 | EMA = +0.2635 | std(g_L) = 0.7702 | grad = 0.0412
step    400 | loss = -0.1806 | g_L = +0.1806 | EMA = +0.2446 | std(g_L) = 0.6628 | grad = 0.0621
step    420 | loss = -0.2559 | g_L = +0.2559 | EMA = +0.2499 | std(g_L) = 0.7926 | grad = 0.0617
step    440 | loss = -0.2181 | g_L = +0.2181 | EMA = +0.2469 | std(g_L) = 0.5970 | grad = 0.0679
step    460 | loss = -0.1894 | g_L = +0.1894 | EMA = +0.2525 | std(g_L) = 0.6383 | grad = 0.0833
step    480 | loss = -0.0959 | g_L = +0.0959 | EMA = +0.2510 | std(g_L) = 0.5102 | grad = 0.0858
step    500 | loss = -0.2917 | g_L = +0.2917 | EMA = +0.2491 | std(g_L) = 0.6404 | grad = 0.0656
step    520 | loss = -0.2281 | g_L = +0.2281 | EMA = +0.2490 | std(g_L) = 0.5849 | grad = 0.0754
step    540 | loss = -0.2004 | g_L = +0.2004 | EMA = +0.2412 | std(g_L) = 0.5785 | grad = 0.0692
step    560 | loss = -0.2246 | g_L = +0.2246 | EMA = +0.2552 | std(g_L) = 0.6595 | grad = 0.0542
step    580 | loss = -0.3061 | g_L = +0.3061 | EMA = +0.2562 | std(g_L) = 0.6896 | grad = 0.0502
step    600 | loss = -0.2931 | g_L = +0.2931 | EMA = +0.2580 | std(g_L) = 0.6111 | grad = 0.0595
step    620 | loss = -0.3497 | g_L = +0.3497 | EMA = +0.2508 | std(g_L) = 0.7952 | grad = 0.0597
step    640 | loss = -0.3302 | g_L = +0.3302 | EMA = +0.2581 | std(g_L) = 0.7902 | grad = 0.0801
step    660 | loss = -0.3059 | g_L = +0.3059 | EMA = +0.2611 | std(g_L) = 0.5764 | grad = 0.0829
step    680 | loss = -0.2077 | g_L = +0.2077 | EMA = +0.2529 | std(g_L) = 0.7010 | grad = 0.0916
step    700 | loss = -0.2682 | g_L = +0.2682 | EMA = +0.2529 | std(g_L) = 0.6865 | grad = 0.0413
step    720 | loss = -0.3325 | g_L = +0.3325 | EMA = +0.2481 | std(g_L) = 0.6920 | grad = 0.0869
step    740 | loss = -0.2344 | g_L = +0.2344 | EMA = +0.2405 | std(g_L) = 0.6730 | grad = 0.0687
step    760 | loss = -0.3441 | g_L = +0.3441 | EMA = +0.2365 | std(g_L) = 0.6661 | grad = 0.0318
step    780 | loss = -0.1608 | g_L = +0.1608 | EMA = +0.2367 | std(g_L) = 0.6413 | grad = 0.0315
step    800 | loss = -0.2390 | g_L = +0.2390 | EMA = +0.2600 | std(g_L) = 0.6307 | grad = 0.0790
step    820 | loss = -0.2114 | g_L = +0.2114 | EMA = +0.2497 | std(g_L) = 0.5204 | grad = 0.0837
step    840 | loss = -0.2703 | g_L = +0.2703 | EMA = +0.2564 | std(g_L) = 0.5770 | grad = 0.0500
step    860 | loss = -0.3088 | g_L = +0.3088 | EMA = +0.2480 | std(g_L) = 0.7621 | grad = 0.0533
step    880 | loss = -0.2324 | g_L = +0.2324 | EMA = +0.2783 | std(g_L) = 0.6285 | grad = 0.0676
step    900 | loss = -0.2254 | g_L = +0.2254 | EMA = +0.2497 | std(g_L) = 0.5334 | grad = 0.0257
step    920 | loss = -0.3212 | g_L = +0.3212 | EMA = +0.2642 | std(g_L) = 0.7465 | grad = 0.0702
step    940 | loss = -0.2478 | g_L = +0.2478 | EMA = +0.2516 | std(g_L) = 0.5563 | grad = 0.0285
step    960 | loss = -0.3347 | g_L = +0.3347 | EMA = +0.2441 | std(g_L) = 0.6715 | grad = 0.0778
step    980 | loss = -0.2448 | g_L = +0.2448 | EMA = +0.2577 | std(g_L) = 0.6905 | grad = 0.0428
step   1000 | loss = -0.2645 | g_L = +0.2645 | EMA = +0.2729 | std(g_L) = 0.7627 | grad = 0.0939
step   1020 | loss = -0.2456 | g_L = +0.2456 | EMA = +0.2622 | std(g_L) = 0.6109 | grad = 0.0523
step   1040 | loss = -0.2216 | g_L = +0.2216 | EMA = +0.2666 | std(g_L) = 0.6607 | grad = 0.0834
step   1060 | loss = -0.1660 | g_L = +0.1660 | EMA = +0.2622 | std(g_L) = 0.5988 | grad = 0.0595
step   1080 | loss = -0.3737 | g_L = +0.3737 | EMA = +0.2669 | std(g_L) = 0.7859 | grad = 0.0757
step   1100 | loss = -0.3625 | g_L = +0.3625 | EMA = +0.2651 | std(g_L) = 0.8098 | grad = 0.0485
step   1120 | loss = -0.2306 | g_L = +0.2306 | EMA = +0.2583 | std(g_L) = 0.6406 | grad = 0.0790
step   1140 | loss = -0.3165 | g_L = +0.3165 | EMA = +0.2532 | std(g_L) = 0.6520 | grad = 0.0787
step   1160 | loss = -0.2526 | g_L = +0.2526 | EMA = +0.2533 | std(g_L) = 0.5853 | grad = 0.0615
step   1180 | loss = -0.2130 | g_L = +0.2130 | EMA = +0.2627 | std(g_L) = 0.5824 | grad = 0.0218
step   1200 | loss = -0.2681 | g_L = +0.2681 | EMA = +0.2580 | std(g_L) = 0.6808 | grad = 0.0543
step   1220 | loss = -0.2630 | g_L = +0.2630 | EMA = +0.2582 | std(g_L) = 0.7315 | grad = 0.0627
step   1240 | loss = -0.2188 | g_L = +0.2188 | EMA = +0.2562 | std(g_L) = 0.5793 | grad = 0.0670
step   1260 | loss = -0.3071 | g_L = +0.3071 | EMA = +0.2675 | std(g_L) = 0.7462 | grad = 0.0760
step   1280 | loss = -0.2935 | g_L = +0.2935 | EMA = +0.2609 | std(g_L) = 0.7956 | grad = 0.0629
step   1300 | loss = -0.2480 | g_L = +0.2480 | EMA = +0.2561 | std(g_L) = 0.7693 | grad = 0.0840
step   1320 | loss = -0.2449 | g_L = +0.2449 | EMA = +0.2773 | std(g_L) = 0.5956 | grad = 0.0941
step   1340 | loss = -0.1943 | g_L = +0.1943 | EMA = +0.2690 | std(g_L) = 0.6440 | grad = 0.1001
step   1360 | loss = -0.3118 | g_L = +0.3118 | EMA = +0.2561 | std(g_L) = 0.6737 | grad = 0.0744
step   1380 | loss = -0.2343 | g_L = +0.2343 | EMA = +0.2677 | std(g_L) = 0.5852 | grad = 0.0531
step   1400 | loss = -0.1891 | g_L = +0.1891 | EMA = +0.2562 | std(g_L) = 0.6907 | grad = 0.1103
step   1420 | loss = -0.2779 | g_L = +0.2779 | EMA = +0.2595 | std(g_L) = 0.6400 | grad = 0.0652
step   1440 | loss = -0.2838 | g_L = +0.2838 | EMA = +0.2717 | std(g_L) = 0.6515 | grad = 0.1195
step   1460 | loss = -0.2024 | g_L = +0.2024 | EMA = +0.2654 | std(g_L) = 0.5115 | grad = 0.0486
step   1480 | loss = -0.2906 | g_L = +0.2906 | EMA = +0.2572 | std(g_L) = 0.6993 | grad = 0.1372
step   1500 | loss = -0.1738 | g_L = +0.1738 | EMA = +0.2480 | std(g_L) = 0.5931 | grad = 0.0487
step   1520 | loss = -0.1848 | g_L = +0.1848 | EMA = +0.2509 | std(g_L) = 0.5700 | grad = 0.0624
step   1540 | loss = -0.3186 | g_L = +0.3186 | EMA = +0.2629 | std(g_L) = 0.5745 | grad = 0.0683
step   1560 | loss = -0.3809 | g_L = +0.3809 | EMA = +0.2688 | std(g_L) = 0.6850 | grad = 0.0456
step   1580 | loss = -0.2493 | g_L = +0.2493 | EMA = +0.2552 | std(g_L) = 0.7229 | grad = 0.0676
step   1600 | loss = -0.2647 | g_L = +0.2647 | EMA = +0.2562 | std(g_L) = 0.6758 | grad = 0.0923
step   1620 | loss = -0.3416 | g_L = +0.3416 | EMA = +0.2711 | std(g_L) = 0.7515 | grad = 0.0984
step   1640 | loss = -0.2195 | g_L = +0.2195 | EMA = +0.2587 | std(g_L) = 0.6633 | grad = 0.1081
step   1660 | loss = -0.2532 | g_L = +0.2532 | EMA = +0.2507 | std(g_L) = 0.5523 | grad = 0.0466
step   1680 | loss = -0.2576 | g_L = +0.2576 | EMA = +0.2465 | std(g_L) = 0.6663 | grad = 0.0486
step   1700 | loss = -0.1877 | g_L = +0.1877 | EMA = +0.2494 | std(g_L) = 0.7315 | grad = 0.0409
step   1720 | loss = -0.3734 | g_L = +0.3734 | EMA = +0.2574 | std(g_L) = 0.7365 | grad = 0.0366
step   1740 | loss = -0.1323 | g_L = +0.1323 | EMA = +0.2451 | std(g_L) = 0.6781 | grad = 0.0643
step   1760 | loss = -0.2864 | g_L = +0.2864 | EMA = +0.2516 | std(g_L) = 0.6286 | grad = 0.0617
step   1780 | loss = -0.2900 | g_L = +0.2900 | EMA = +0.2489 | std(g_L) = 0.5946 | grad = 0.0823
step   1800 | loss = -0.2185 | g_L = +0.2185 | EMA = +0.2586 | std(g_L) = 0.6386 | grad = 0.0618
step   1820 | loss = -0.1570 | g_L = +0.1570 | EMA = +0.2491 | std(g_L) = 0.5323 | grad = 0.0934
step   1840 | loss = -0.3579 | g_L = +0.3579 | EMA = +0.2456 | std(g_L) = 0.7064 | grad = 0.0777
step   1860 | loss = -0.1860 | g_L = +0.1860 | EMA = +0.2612 | std(g_L) = 0.6207 | grad = 0.0729
step   1880 | loss = -0.3137 | g_L = +0.3137 | EMA = +0.2506 | std(g_L) = 0.7100 | grad = 0.0997
step   1900 | loss = -0.2932 | g_L = +0.2932 | EMA = +0.2438 | std(g_L) = 0.7292 | grad = 0.1234
step   1920 | loss = -0.2882 | g_L = +0.2882 | EMA = +0.2599 | std(g_L) = 0.6977 | grad = 0.0435
step   1940 | loss = -0.3343 | g_L = +0.3343 | EMA = +0.2671 | std(g_L) = 0.7389 | grad = 0.0754
step   1960 | loss = -0.1760 | g_L = +0.1760 | EMA = +0.2753 | std(g_L) = 0.5709 | grad = 0.0842
step   1980 | loss = -0.1489 | g_L = +0.1489 | EMA = +0.2538 | std(g_L) = 0.5257 | grad = 0.0770
step   2000 | loss = -0.2249 | g_L = +0.2249 | EMA = +0.2524 | std(g_L) = 0.6299 | grad = 0.0538
step   2020 | loss = -0.2279 | g_L = +0.2279 | EMA = +0.2641 | std(g_L) = 0.5527 | grad = 0.0695
step   2040 | loss = -0.3227 | g_L = +0.3227 | EMA = +0.2656 | std(g_L) = 0.7107 | grad = 0.0767
step   2060 | loss = -0.2909 | g_L = +0.2909 | EMA = +0.2630 | std(g_L) = 0.7633 | grad = 0.0892
step   2080 | loss = -0.2673 | g_L = +0.2673 | EMA = +0.2440 | std(g_L) = 0.7527 | grad = 0.0871
step   2100 | loss = -0.3451 | g_L = +0.3451 | EMA = +0.2646 | std(g_L) = 0.6501 | grad = 0.0564
step   2120 | loss = -0.3822 | g_L = +0.3822 | EMA = +0.2537 | std(g_L) = 0.6996 | grad = 0.1076
step   2140 | loss = -0.1706 | g_L = +0.1706 | EMA = +0.2393 | std(g_L) = 0.5676 | grad = 0.0918
step   2160 | loss = -0.2600 | g_L = +0.2600 | EMA = +0.2403 | std(g_L) = 0.6878 | grad = 0.0879
step   2180 | loss = -0.2676 | g_L = +0.2676 | EMA = +0.2443 | std(g_L) = 0.6159 | grad = 0.0798
step   2200 | loss = -0.3400 | g_L = +0.3400 | EMA = +0.2558 | std(g_L) = 0.6404 | grad = 0.0816
step   2220 | loss = -0.2833 | g_L = +0.2833 | EMA = +0.2572 | std(g_L) = 0.6264 | grad = 0.0580
step   2240 | loss = -0.3010 | g_L = +0.3010 | EMA = +0.2541 | std(g_L) = 0.7010 | grad = 0.0484
step   2260 | loss = -0.1715 | g_L = +0.1715 | EMA = +0.2512 | std(g_L) = 0.6920 | grad = 0.0286
step   2280 | loss = -0.2119 | g_L = +0.2119 | EMA = +0.2458 | std(g_L) = 0.5778 | grad = 0.0887
step   2300 | loss = -0.3753 | g_L = +0.3753 | EMA = +0.2588 | std(g_L) = 0.7845 | grad = 0.0343
step   2320 | loss = -0.3216 | g_L = +0.3216 | EMA = +0.2465 | std(g_L) = 0.7756 | grad = 0.0630
step   2340 | loss = -0.2870 | g_L = +0.2870 | EMA = +0.2558 | std(g_L) = 0.6046 | grad = 0.0292
step   2360 | loss = -0.2695 | g_L = +0.2695 | EMA = +0.2667 | std(g_L) = 0.6585 | grad = 0.0841
step   2380 | loss = -0.1911 | g_L = +0.1911 | EMA = +0.2607 | std(g_L) = 0.5379 | grad = 0.0673
step   2400 | loss = -0.3291 | g_L = +0.3291 | EMA = +0.2819 | std(g_L) = 0.6668 | grad = 0.0843
step   2420 | loss = -0.1832 | g_L = +0.1832 | EMA = +0.2659 | std(g_L) = 0.7191 | grad = 0.0560
step   2440 | loss = -0.3625 | g_L = +0.3625 | EMA = +0.2684 | std(g_L) = 0.7211 | grad = 0.0364
step   2460 | loss = -0.3758 | g_L = +0.3758 | EMA = +0.2788 | std(g_L) = 0.7388 | grad = 0.0598
step   2480 | loss = -0.2313 | g_L = +0.2313 | EMA = +0.2619 | std(g_L) = 0.5653 | grad = 0.0537
step   2500 | loss = -0.2240 | g_L = +0.2240 | EMA = +0.2416 | std(g_L) = 0.5933 | grad = 0.0533
step   2520 | loss = -0.3300 | g_L = +0.3300 | EMA = +0.2457 | std(g_L) = 0.6512 | grad = 0.0712
step   2540 | loss = -0.3085 | g_L = +0.3085 | EMA = +0.2642 | std(g_L) = 0.7733 | grad = 0.1062
step   2560 | loss = -0.2394 | g_L = +0.2394 | EMA = +0.2570 | std(g_L) = 0.7009 | grad = 0.0578
step   2580 | loss = -0.1999 | g_L = +0.1999 | EMA = +0.2573 | std(g_L) = 0.5803 | grad = 0.0184
step   2600 | loss = -0.3086 | g_L = +0.3086 | EMA = +0.2553 | std(g_L) = 0.7037 | grad = 0.0678
step   2620 | loss = -0.2178 | g_L = +0.2178 | EMA = +0.2595 | std(g_L) = 0.6141 | grad = 0.0829
step   2640 | loss = -0.3883 | g_L = +0.3883 | EMA = +0.2556 | std(g_L) = 0.7333 | grad = 0.0313
step   2660 | loss = -0.3969 | g_L = +0.3969 | EMA = +0.2702 | std(g_L) = 0.7239 | grad = 0.0515
step   2680 | loss = -0.1925 | g_L = +0.1925 | EMA = +0.2608 | std(g_L) = 0.7182 | grad = 0.0939
step   2700 | loss = -0.2523 | g_L = +0.2523 | EMA = +0.2655 | std(g_L) = 0.5943 | grad = 0.0463
step   2720 | loss = -0.3102 | g_L = +0.3102 | EMA = +0.2772 | std(g_L) = 0.6749 | grad = 0.0443
step   2740 | loss = -0.2163 | g_L = +0.2163 | EMA = +0.2612 | std(g_L) = 0.5781 | grad = 0.0515
step   2760 | loss = -0.2494 | g_L = +0.2494 | EMA = +0.2419 | std(g_L) = 0.6799 | grad = 0.0460
step   2780 | loss = -0.3081 | g_L = +0.3081 | EMA = +0.2468 | std(g_L) = 0.7837 | grad = 0.0838
step   2800 | loss = -0.2568 | g_L = +0.2568 | EMA = +0.2329 | std(g_L) = 0.5920 | grad = 0.0717
step   2820 | loss = -0.2399 | g_L = +0.2399 | EMA = +0.2554 | std(g_L) = 0.7492 | grad = 0.0325
step   2840 | loss = -0.1971 | g_L = +0.1971 | EMA = +0.2513 | std(g_L) = 0.6466 | grad = 0.0247
step   2860 | loss = -0.2637 | g_L = +0.2637 | EMA = +0.2566 | std(g_L) = 0.7361 | grad = 0.0653
step   2880 | loss = -0.3111 | g_L = +0.3111 | EMA = +0.2450 | std(g_L) = 0.6691 | grad = 0.0690
step   2900 | loss = -0.1666 | g_L = +0.1666 | EMA = +0.2526 | std(g_L) = 0.6373 | grad = 0.1076
step   2920 | loss = -0.3032 | g_L = +0.3032 | EMA = +0.2523 | std(g_L) = 0.7443 | grad = 0.0233
step   2940 | loss = -0.3000 | g_L = +0.3000 | EMA = +0.2507 | std(g_L) = 0.6108 | grad = 0.0707
step   2960 | loss = -0.1977 | g_L = +0.1977 | EMA = +0.2503 | std(g_L) = 0.6513 | grad = 0.0531
step   2980 | loss = -0.3049 | g_L = +0.3049 | EMA = +0.2637 | std(g_L) = 0.8263 | grad = 0.0700
step   3000 | loss = -0.2667 | g_L = +0.2667 | EMA = +0.2528 | std(g_L) = 0.7530 | grad = 0.0457
step   3020 | loss = -0.3646 | g_L = +0.3646 | EMA = +0.2694 | std(g_L) = 0.7780 | grad = 0.0744
step   3040 | loss = -0.2634 | g_L = +0.2634 | EMA = +0.2478 | std(g_L) = 0.7159 | grad = 0.0741
step   3060 | loss = -0.2081 | g_L = +0.2081 | EMA = +0.2497 | std(g_L) = 0.6367 | grad = 0.0624
step   3080 | loss = -0.2161 | g_L = +0.2161 | EMA = +0.2475 | std(g_L) = 0.5914 | grad = 0.0655
step   3100 | loss = -0.2743 | g_L = +0.2743 | EMA = +0.2609 | std(g_L) = 0.6708 | grad = 0.1110
step   3120 | loss = -0.2761 | g_L = +0.2761 | EMA = +0.2652 | std(g_L) = 0.6470 | grad = 0.0715
step   3140 | loss = -0.2601 | g_L = +0.2601 | EMA = +0.2560 | std(g_L) = 0.6620 | grad = 0.0304
step   3160 | loss = -0.2578 | g_L = +0.2578 | EMA = +0.2460 | std(g_L) = 0.6502 | grad = 0.0290
step   3180 | loss = -0.2311 | g_L = +0.2311 | EMA = +0.2503 | std(g_L) = 0.7572 | grad = 0.0460
step   3200 | loss = -0.4002 | g_L = +0.4002 | EMA = +0.2623 | std(g_L) = 0.8081 | grad = 0.0742
step   3220 | loss = -0.2441 | g_L = +0.2441 | EMA = +0.2427 | std(g_L) = 0.5691 | grad = 0.1015
step   3240 | loss = -0.2448 | g_L = +0.2448 | EMA = +0.2555 | std(g_L) = 0.5939 | grad = 0.0652
step   3260 | loss = -0.1823 | g_L = +0.1823 | EMA = +0.2447 | std(g_L) = 0.6395 | grad = 0.0414
step   3280 | loss = -0.2242 | g_L = +0.2242 | EMA = +0.2481 | std(g_L) = 0.6548 | grad = 0.0610
step   3300 | loss = -0.3149 | g_L = +0.3149 | EMA = +0.2573 | std(g_L) = 0.6455 | grad = 0.0879
step   3320 | loss = -0.2617 | g_L = +0.2617 | EMA = +0.2535 | std(g_L) = 0.5559 | grad = 0.0523
step   3340 | loss = -0.2373 | g_L = +0.2373 | EMA = +0.2523 | std(g_L) = 0.5800 | grad = 0.0874
step   3360 | loss = -0.2497 | g_L = +0.2497 | EMA = +0.2625 | std(g_L) = 0.6985 | grad = 0.1316
step   3380 | loss = -0.1389 | g_L = +0.1389 | EMA = +0.2465 | std(g_L) = 0.6155 | grad = 0.1365
step   3400 | loss = -0.2141 | g_L = +0.2141 | EMA = +0.2545 | std(g_L) = 0.5749 | grad = 0.0725
step   3420 | loss = -0.2795 | g_L = +0.2795 | EMA = +0.2548 | std(g_L) = 0.6016 | grad = 0.0533
step   3440 | loss = -0.3052 | g_L = +0.3052 | EMA = +0.2568 | std(g_L) = 0.6535 | grad = 0.0418
step   3460 | loss = -0.2699 | g_L = +0.2699 | EMA = +0.2602 | std(g_L) = 0.7283 | grad = 0.1470
step   3480 | loss = -0.3653 | g_L = +0.3653 | EMA = +0.2500 | std(g_L) = 0.7275 | grad = 0.0468
step   3500 | loss = -0.2193 | g_L = +0.2193 | EMA = +0.2430 | std(g_L) = 0.7184 | grad = 0.0747
step   3520 | loss = -0.1950 | g_L = +0.1950 | EMA = +0.2507 | std(g_L) = 0.6981 | grad = 0.0297
step   3540 | loss = -0.2366 | g_L = +0.2366 | EMA = +0.2448 | std(g_L) = 0.6148 | grad = 0.0620
step   3560 | loss = -0.3181 | g_L = +0.3181 | EMA = +0.2500 | std(g_L) = 0.6554 | grad = 0.0977
step   3580 | loss = -0.2191 | g_L = +0.2191 | EMA = +0.2564 | std(g_L) = 0.7306 | grad = 0.0782
step   3600 | loss = -0.2309 | g_L = +0.2309 | EMA = +0.2565 | std(g_L) = 0.6970 | grad = 0.0542
step   3620 | loss = -0.2534 | g_L = +0.2534 | EMA = +0.2450 | std(g_L) = 0.6425 | grad = 0.0699
step   3640 | loss = -0.3326 | g_L = +0.3326 | EMA = +0.2448 | std(g_L) = 0.7170 | grad = 0.0633
step   3660 | loss = -0.2147 | g_L = +0.2147 | EMA = +0.2587 | std(g_L) = 0.5580 | grad = 0.0920
step   3680 | loss = -0.3046 | g_L = +0.3046 | EMA = +0.2633 | std(g_L) = 0.7464 | grad = 0.0897
step   3700 | loss = -0.2940 | g_L = +0.2940 | EMA = +0.2681 | std(g_L) = 0.6230 | grad = 0.0678
step   3720 | loss = -0.2544 | g_L = +0.2544 | EMA = +0.2545 | std(g_L) = 0.6904 | grad = 0.0365
step   3740 | loss = -0.3255 | g_L = +0.3255 | EMA = +0.2561 | std(g_L) = 0.6779 | grad = 0.0813
step   3760 | loss = -0.1779 | g_L = +0.1779 | EMA = +0.2472 | std(g_L) = 0.7033 | grad = 0.0942
step   3780 | loss = -0.2548 | g_L = +0.2548 | EMA = +0.2715 | std(g_L) = 0.8134 | grad = 0.0742
step   3800 | loss = -0.2750 | g_L = +0.2750 | EMA = +0.2584 | std(g_L) = 0.6179 | grad = 0.1173
step   3820 | loss = -0.3254 | g_L = +0.3254 | EMA = +0.2608 | std(g_L) = 0.7851 | grad = 0.0423
step   3840 | loss = -0.2200 | g_L = +0.2200 | EMA = +0.2589 | std(g_L) = 0.7262 | grad = 0.0497
step   3860 | loss = -0.2878 | g_L = +0.2878 | EMA = +0.2628 | std(g_L) = 0.7711 | grad = 0.0500
step   3880 | loss = -0.2557 | g_L = +0.2557 | EMA = +0.2541 | std(g_L) = 0.6034 | grad = 0.0387
step   3900 | loss = -0.2676 | g_L = +0.2676 | EMA = +0.2524 | std(g_L) = 0.6618 | grad = 0.0318
step   3920 | loss = -0.3303 | g_L = +0.3303 | EMA = +0.2488 | std(g_L) = 0.7723 | grad = 0.0596
step   3940 | loss = -0.2391 | g_L = +0.2391 | EMA = +0.2461 | std(g_L) = 0.6173 | grad = 0.0475
step   3960 | loss = -0.1672 | g_L = +0.1672 | EMA = +0.2489 | std(g_L) = 0.5563 | grad = 0.0526
step   3980 | loss = -0.2536 | g_L = +0.2536 | EMA = +0.2386 | std(g_L) = 0.6012 | grad = 0.0721
step   4000 | loss = -0.2591 | g_L = +0.2591 | EMA = +0.2445 | std(g_L) = 0.7085 | grad = 0.0405
step   4020 | loss = -0.2516 | g_L = +0.2516 | EMA = +0.2329 | std(g_L) = 0.7218 | grad = 0.0318
step   4040 | loss = -0.2053 | g_L = +0.2053 | EMA = +0.2503 | std(g_L) = 0.6571 | grad = 0.0844
step   4060 | loss = -0.2971 | g_L = +0.2971 | EMA = +0.2394 | std(g_L) = 0.6860 | grad = 0.0747
step   4080 | loss = -0.2308 | g_L = +0.2308 | EMA = +0.2319 | std(g_L) = 0.6644 | grad = 0.0571
step   4100 | loss = -0.2929 | g_L = +0.2929 | EMA = +0.2601 | std(g_L) = 0.7130 | grad = 0.0187
step   4120 | loss = -0.3217 | g_L = +0.3217 | EMA = +0.2510 | std(g_L) = 0.6603 | grad = 0.0583
step   4140 | loss = -0.3442 | g_L = +0.3442 | EMA = +0.2620 | std(g_L) = 0.6371 | grad = 0.0621
step   4160 | loss = -0.1739 | g_L = +0.1739 | EMA = +0.2463 | std(g_L) = 0.6531 | grad = 0.0645
step   4180 | loss = -0.2391 | g_L = +0.2391 | EMA = +0.2513 | std(g_L) = 0.6728 | grad = 0.1123
step   4200 | loss = -0.2804 | g_L = +0.2804 | EMA = +0.2629 | std(g_L) = 0.7339 | grad = 0.0407
step   4220 | loss = -0.3663 | g_L = +0.3663 | EMA = +0.2772 | std(g_L) = 0.7833 | grad = 0.0692
step   4240 | loss = -0.2376 | g_L = +0.2376 | EMA = +0.2683 | std(g_L) = 0.5428 | grad = 0.0610
step   4260 | loss = -0.3077 | g_L = +0.3077 | EMA = +0.2604 | std(g_L) = 0.6569 | grad = 0.0373
step   4280 | loss = -0.2259 | g_L = +0.2259 | EMA = +0.2658 | std(g_L) = 0.5908 | grad = 0.0576
step   4300 | loss = -0.2212 | g_L = +0.2212 | EMA = +0.2522 | std(g_L) = 0.6373 | grad = 0.1073
step   4320 | loss = -0.2774 | g_L = +0.2774 | EMA = +0.2535 | std(g_L) = 0.6051 | grad = 0.0714
step   4340 | loss = -0.3053 | g_L = +0.3053 | EMA = +0.2534 | std(g_L) = 0.7758 | grad = 0.0468
step   4360 | loss = -0.2374 | g_L = +0.2374 | EMA = +0.2574 | std(g_L) = 0.6895 | grad = 0.0521
step   4380 | loss = -0.2570 | g_L = +0.2570 | EMA = +0.2578 | std(g_L) = 0.6603 | grad = 0.0523
step   4400 | loss = -0.2544 | g_L = +0.2544 | EMA = +0.2497 | std(g_L) = 0.6415 | grad = 0.1000
step   4420 | loss = -0.1688 | g_L = +0.1688 | EMA = +0.2519 | std(g_L) = 0.6826 | grad = 0.0463
step   4440 | loss = -0.3136 | g_L = +0.3136 | EMA = +0.2506 | std(g_L) = 0.6998 | grad = 0.0673
step   4460 | loss = -0.2933 | g_L = +0.2933 | EMA = +0.2561 | std(g_L) = 0.6970 | grad = 0.0618
step   4480 | loss = -0.2502 | g_L = +0.2502 | EMA = +0.2722 | std(g_L) = 0.6111 | grad = 0.0638
step   4500 | loss = -0.2097 | g_L = +0.2097 | EMA = +0.2585 | std(g_L) = 0.5788 | grad = 0.0449
step   4520 | loss = -0.2975 | g_L = +0.2975 | EMA = +0.2602 | std(g_L) = 0.6564 | grad = 0.0567
step   4540 | loss = -0.3210 | g_L = +0.3210 | EMA = +0.2525 | std(g_L) = 0.7508 | grad = 0.0992
step   4560 | loss = -0.2514 | g_L = +0.2514 | EMA = +0.2610 | std(g_L) = 0.6966 | grad = 0.0447
step   4580 | loss = -0.3063 | g_L = +0.3063 | EMA = +0.2664 | std(g_L) = 0.6813 | grad = 0.0699
step   4600 | loss = -0.2711 | g_L = +0.2711 | EMA = +0.2622 | std(g_L) = 0.7815 | grad = 0.0850
step   4620 | loss = -0.2601 | g_L = +0.2601 | EMA = +0.2533 | std(g_L) = 0.6926 | grad = 0.1041
step   4640 | loss = -0.3748 | g_L = +0.3748 | EMA = +0.2523 | std(g_L) = 0.8179 | grad = 0.0680
step   4660 | loss = -0.3492 | g_L = +0.3492 | EMA = +0.2585 | std(g_L) = 0.7616 | grad = 0.0654
step   4680 | loss = -0.3314 | g_L = +0.3314 | EMA = +0.2479 | std(g_L) = 0.6534 | grad = 0.0465
step   4700 | loss = -0.3083 | g_L = +0.3083 | EMA = +0.2589 | std(g_L) = 0.6116 | grad = 0.0884
step   4720 | loss = -0.1751 | g_L = +0.1751 | EMA = +0.2549 | std(g_L) = 0.6828 | grad = 0.0517
step   4740 | loss = -0.2414 | g_L = +0.2414 | EMA = +0.2568 | std(g_L) = 0.5987 | grad = 0.0956
step   4760 | loss = -0.2736 | g_L = +0.2736 | EMA = +0.2606 | std(g_L) = 0.7327 | grad = 0.0327
step   4780 | loss = -0.2135 | g_L = +0.2135 | EMA = +0.2561 | std(g_L) = 0.5404 | grad = 0.0643
step   4800 | loss = -0.3476 | g_L = +0.3476 | EMA = +0.2648 | std(g_L) = 0.7036 | grad = 0.0817
step   4820 | loss = -0.1914 | g_L = +0.1914 | EMA = +0.2594 | std(g_L) = 0.6209 | grad = 0.1046
step   4840 | loss = -0.2901 | g_L = +0.2901 | EMA = +0.2614 | std(g_L) = 0.6667 | grad = 0.0561
step   4860 | loss = -0.2676 | g_L = +0.2676 | EMA = +0.2651 | std(g_L) = 0.7660 | grad = 0.0350
step   4880 | loss = -0.2345 | g_L = +0.2345 | EMA = +0.2580 | std(g_L) = 0.5462 | grad = 0.0725
step   4900 | loss = -0.2990 | g_L = +0.2990 | EMA = +0.2505 | std(g_L) = 0.6115 | grad = 0.0732
step   4920 | loss = -0.2334 | g_L = +0.2334 | EMA = +0.2430 | std(g_L) = 0.5936 | grad = 0.0768
step   4940 | loss = -0.2882 | g_L = +0.2882 | EMA = +0.2373 | std(g_L) = 0.6525 | grad = 0.0974
step   4960 | loss = -0.2553 | g_L = +0.2553 | EMA = +0.2375 | std(g_L) = 0.6543 | grad = 0.0278
step   4980 | loss = -0.1995 | g_L = +0.1995 | EMA = +0.2364 | std(g_L) = 0.6582 | grad = 0.0425
step   5000 | loss = -0.2757 | g_L = +0.2757 | EMA = +0.2498 | std(g_L) = 0.6156 | grad = 0.0988
step   5020 | loss = -0.2606 | g_L = +0.2606 | EMA = +0.2400 | std(g_L) = 0.6242 | grad = 0.0846
step   5040 | loss = -0.2261 | g_L = +0.2261 | EMA = +0.2590 | std(g_L) = 0.6043 | grad = 0.0524
step   5060 | loss = -0.1914 | g_L = +0.1914 | EMA = +0.2533 | std(g_L) = 0.5642 | grad = 0.0781
step   5080 | loss = -0.2375 | g_L = +0.2375 | EMA = +0.2494 | std(g_L) = 0.6016 | grad = 0.1061
step   5100 | loss = -0.2186 | g_L = +0.2186 | EMA = +0.2580 | std(g_L) = 0.7207 | grad = 0.1055
step   5120 | loss = -0.3049 | g_L = +0.3049 | EMA = +0.2686 | std(g_L) = 0.7329 | grad = 0.0449
step   5140 | loss = -0.3173 | g_L = +0.3173 | EMA = +0.2768 | std(g_L) = 0.7072 | grad = 0.0620
step   5160 | loss = -0.3044 | g_L = +0.3044 | EMA = +0.2627 | std(g_L) = 0.7349 | grad = 0.0354
step   5180 | loss = -0.2457 | g_L = +0.2457 | EMA = +0.2582 | std(g_L) = 0.6737 | grad = 0.0464
step   5200 | loss = -0.2290 | g_L = +0.2290 | EMA = +0.2447 | std(g_L) = 0.5485 | grad = 0.0469
step   5220 | loss = -0.3137 | g_L = +0.3137 | EMA = +0.2565 | std(g_L) = 0.6319 | grad = 0.0504
step   5240 | loss = -0.2197 | g_L = +0.2197 | EMA = +0.2526 | std(g_L) = 0.6726 | grad = 0.0732
step   5260 | loss = -0.2076 | g_L = +0.2076 | EMA = +0.2703 | std(g_L) = 0.5362 | grad = 0.1411
step   5280 | loss = -0.2440 | g_L = +0.2440 | EMA = +0.2703 | std(g_L) = 0.5781 | grad = 0.0809
step   5300 | loss = -0.3096 | g_L = +0.3096 | EMA = +0.2580 | std(g_L) = 0.6670 | grad = 0.0705
step   5320 | loss = -0.3733 | g_L = +0.3733 | EMA = +0.2718 | std(g_L) = 0.8691 | grad = 0.0637
step   5340 | loss = -0.2609 | g_L = +0.2609 | EMA = +0.2496 | std(g_L) = 0.6335 | grad = 0.0677
step   5360 | loss = -0.2397 | g_L = +0.2397 | EMA = +0.2523 | std(g_L) = 0.6476 | grad = 0.0424
step   5380 | loss = -0.1917 | g_L = +0.1917 | EMA = +0.2405 | std(g_L) = 0.5870 | grad = 0.0858
step   5400 | loss = -0.2499 | g_L = +0.2499 | EMA = +0.2469 | std(g_L) = 0.5507 | grad = 0.0643
step   5420 | loss = -0.2397 | g_L = +0.2397 | EMA = +0.2467 | std(g_L) = 0.7178 | grad = 0.1333
step   5440 | loss = -0.2060 | g_L = +0.2060 | EMA = +0.2535 | std(g_L) = 0.5466 | grad = 0.0630
step   5460 | loss = -0.1410 | g_L = +0.1410 | EMA = +0.2510 | std(g_L) = 0.6250 | grad = 0.0852
step   5480 | loss = -0.2408 | g_L = +0.2408 | EMA = +0.2382 | std(g_L) = 0.6557 | grad = 0.0490
step   5500 | loss = -0.2298 | g_L = +0.2298 | EMA = +0.2492 | std(g_L) = 0.6946 | grad = 0.0338
step   5520 | loss = -0.3255 | g_L = +0.3255 | EMA = +0.2429 | std(g_L) = 0.7743 | grad = 0.0693
step   5540 | loss = -0.2228 | g_L = +0.2228 | EMA = +0.2361 | std(g_L) = 0.5586 | grad = 0.0164
step   5560 | loss = -0.1282 | g_L = +0.1282 | EMA = +0.2440 | std(g_L) = 0.6778 | grad = 0.0951
step   5580 | loss = -0.2617 | g_L = +0.2617 | EMA = +0.2541 | std(g_L) = 0.6699 | grad = 0.0486
step   5600 | loss = -0.1676 | g_L = +0.1676 | EMA = +0.2538 | std(g_L) = 0.7385 | grad = 0.0675
step   5620 | loss = -0.3470 | g_L = +0.3470 | EMA = +0.2452 | std(g_L) = 0.6369 | grad = 0.0309
step   5640 | loss = -0.1193 | g_L = +0.1193 | EMA = +0.2608 | std(g_L) = 0.6856 | grad = 0.0423
step   5660 | loss = -0.2191 | g_L = +0.2191 | EMA = +0.2582 | std(g_L) = 0.5333 | grad = 0.0452
step   5680 | loss = -0.3507 | g_L = +0.3507 | EMA = +0.2610 | std(g_L) = 0.6881 | grad = 0.0367
step   5700 | loss = -0.2416 | g_L = +0.2416 | EMA = +0.2554 | std(g_L) = 0.6457 | grad = 0.0908
step   5720 | loss = -0.2845 | g_L = +0.2845 | EMA = +0.2526 | std(g_L) = 0.6898 | grad = 0.1465
step   5740 | loss = -0.1684 | g_L = +0.1684 | EMA = +0.2388 | std(g_L) = 0.5904 | grad = 0.0471
step   5760 | loss = -0.3106 | g_L = +0.3106 | EMA = +0.2432 | std(g_L) = 0.8368 | grad = 0.0366
step   5780 | loss = -0.2032 | g_L = +0.2032 | EMA = +0.2614 | std(g_L) = 0.5891 | grad = 0.0592
step   5800 | loss = -0.3243 | g_L = +0.3243 | EMA = +0.2661 | std(g_L) = 0.7080 | grad = 0.0621
step   5820 | loss = -0.2495 | g_L = +0.2495 | EMA = +0.2571 | std(g_L) = 0.6188 | grad = 0.0276
step   5840 | loss = -0.2367 | g_L = +0.2367 | EMA = +0.2468 | std(g_L) = 0.5858 | grad = 0.0750
step   5860 | loss = -0.2635 | g_L = +0.2635 | EMA = +0.2541 | std(g_L) = 0.7053 | grad = 0.0336
step   5880 | loss = -0.2618 | g_L = +0.2618 | EMA = +0.2461 | std(g_L) = 0.5994 | grad = 0.0448
step   5900 | loss = -0.3479 | g_L = +0.3479 | EMA = +0.2547 | std(g_L) = 0.7278 | grad = 0.0255
step   5920 | loss = -0.3143 | g_L = +0.3143 | EMA = +0.2622 | std(g_L) = 0.6474 | grad = 0.0684
step   5940 | loss = -0.2432 | g_L = +0.2432 | EMA = +0.2737 | std(g_L) = 0.6609 | grad = 0.0762
step   5960 | loss = -0.2331 | g_L = +0.2331 | EMA = +0.2667 | std(g_L) = 0.5604 | grad = 0.0784
step   5980 | loss = -0.2174 | g_L = +0.2174 | EMA = +0.2548 | std(g_L) = 0.8204 | grad = 0.0602
step   6000 | loss = -0.1273 | g_L = +0.1273 | EMA = +0.2549 | std(g_L) = 0.5061 | grad = 0.0822
step   6020 | loss = -0.2597 | g_L = +0.2597 | EMA = +0.2583 | std(g_L) = 0.7364 | grad = 0.0454
step   6040 | loss = -0.3507 | g_L = +0.3507 | EMA = +0.2620 | std(g_L) = 0.6770 | grad = 0.0530
step   6060 | loss = -0.3085 | g_L = +0.3085 | EMA = +0.2629 | std(g_L) = 0.7718 | grad = 0.0482
step   6080 | loss = -0.2590 | g_L = +0.2590 | EMA = +0.2495 | std(g_L) = 0.8125 | grad = 0.0733
step   6100 | loss = -0.2015 | g_L = +0.2015 | EMA = +0.2613 | std(g_L) = 0.6730 | grad = 0.0579
step   6120 | loss = -0.1572 | g_L = +0.1572 | EMA = +0.2355 | std(g_L) = 0.5521 | grad = 0.0752
step   6140 | loss = -0.2317 | g_L = +0.2317 | EMA = +0.2390 | std(g_L) = 0.6794 | grad = 0.0673
step   6160 | loss = -0.2493 | g_L = +0.2493 | EMA = +0.2422 | std(g_L) = 0.6863 | grad = 0.0520
step   6180 | loss = -0.3291 | g_L = +0.3291 | EMA = +0.2523 | std(g_L) = 0.7751 | grad = 0.0533
step   6200 | loss = -0.2426 | g_L = +0.2426 | EMA = +0.2481 | std(g_L) = 0.7421 | grad = 0.0298
step   6220 | loss = -0.3133 | g_L = +0.3133 | EMA = +0.2686 | std(g_L) = 0.7127 | grad = 0.0484
step   6240 | loss = -0.2298 | g_L = +0.2298 | EMA = +0.2670 | std(g_L) = 0.6221 | grad = 0.0679
step   6260 | loss = -0.2169 | g_L = +0.2169 | EMA = +0.2561 | std(g_L) = 0.7380 | grad = 0.1288
step   6280 | loss = -0.2064 | g_L = +0.2064 | EMA = +0.2614 | std(g_L) = 0.6950 | grad = 0.0835
step   6300 | loss = -0.2432 | g_L = +0.2432 | EMA = +0.2632 | std(g_L) = 0.6374 | grad = 0.0292
step   6320 | loss = -0.2371 | g_L = +0.2371 | EMA = +0.2629 | std(g_L) = 0.6533 | grad = 0.0749
step   6340 | loss = -0.1228 | g_L = +0.1228 | EMA = +0.2417 | std(g_L) = 0.5272 | grad = 0.0454
step   6360 | loss = -0.2011 | g_L = +0.2011 | EMA = +0.2447 | std(g_L) = 0.7247 | grad = 0.0398
step   6380 | loss = -0.3078 | g_L = +0.3078 | EMA = +0.2584 | std(g_L) = 0.6605 | grad = 0.0530
step   6400 | loss = -0.2520 | g_L = +0.2520 | EMA = +0.2595 | std(g_L) = 0.6456 | grad = 0.0515
step   6420 | loss = -0.3561 | g_L = +0.3561 | EMA = +0.2550 | std(g_L) = 0.6811 | grad = 0.0854
step   6440 | loss = -0.3412 | g_L = +0.3412 | EMA = +0.2480 | std(g_L) = 0.6143 | grad = 0.1051
step   6460 | loss = -0.3312 | g_L = +0.3312 | EMA = +0.2763 | std(g_L) = 0.7842 | grad = 0.0668
step   6480 | loss = -0.3291 | g_L = +0.3291 | EMA = +0.2780 | std(g_L) = 0.6546 | grad = 0.0899
step   6500 | loss = -0.3358 | g_L = +0.3358 | EMA = +0.2696 | std(g_L) = 0.7125 | grad = 0.0847
step   6520 | loss = -0.3412 | g_L = +0.3412 | EMA = +0.2730 | std(g_L) = 0.7480 | grad = 0.0582
step   6540 | loss = -0.2789 | g_L = +0.2789 | EMA = +0.2522 | std(g_L) = 0.5246 | grad = 0.1131
step   6560 | loss = -0.2064 | g_L = +0.2064 | EMA = +0.2555 | std(g_L) = 0.6005 | grad = 0.0620
step   6580 | loss = -0.2046 | g_L = +0.2046 | EMA = +0.2538 | std(g_L) = 0.6438 | grad = 0.0632
step   6600 | loss = -0.2434 | g_L = +0.2434 | EMA = +0.2497 | std(g_L) = 0.6301 | grad = 0.0668
step   6620 | loss = -0.1666 | g_L = +0.1666 | EMA = +0.2643 | std(g_L) = 0.6863 | grad = 0.0418
step   6640 | loss = -0.2815 | g_L = +0.2815 | EMA = +0.2586 | std(g_L) = 0.7317 | grad = 0.0807
step   6660 | loss = -0.2691 | g_L = +0.2691 | EMA = +0.2473 | std(g_L) = 0.7155 | grad = 0.1086
step   6680 | loss = -0.2903 | g_L = +0.2903 | EMA = +0.2483 | std(g_L) = 0.8007 | grad = 0.1003
step   6700 | loss = -0.2780 | g_L = +0.2780 | EMA = +0.2375 | std(g_L) = 0.8088 | grad = 0.0538
step   6720 | loss = -0.2115 | g_L = +0.2115 | EMA = +0.2516 | std(g_L) = 0.6316 | grad = 0.0516
step   6740 | loss = -0.2008 | g_L = +0.2008 | EMA = +0.2639 | std(g_L) = 0.6831 | grad = 0.0354
step   6760 | loss = -0.3460 | g_L = +0.3460 | EMA = +0.2462 | std(g_L) = 0.7490 | grad = 0.0758
step   6780 | loss = -0.2464 | g_L = +0.2464 | EMA = +0.2452 | std(g_L) = 0.5855 | grad = 0.0670
step   6800 | loss = -0.1755 | g_L = +0.1755 | EMA = +0.2529 | std(g_L) = 0.5852 | grad = 0.0355
step   6820 | loss = -0.2522 | g_L = +0.2522 | EMA = +0.2614 | std(g_L) = 0.5838 | grad = 0.0574
step   6840 | loss = -0.3959 | g_L = +0.3959 | EMA = +0.2556 | std(g_L) = 0.8726 | grad = 0.1072
step   6860 | loss = -0.2416 | g_L = +0.2416 | EMA = +0.2492 | std(g_L) = 0.6590 | grad = 0.0850
step   6880 | loss = -0.2172 | g_L = +0.2172 | EMA = +0.2564 | std(g_L) = 0.6360 | grad = 0.0715
step   6900 | loss = -0.2778 | g_L = +0.2778 | EMA = +0.2285 | std(g_L) = 0.6432 | grad = 0.0769
step   6920 | loss = -0.2323 | g_L = +0.2323 | EMA = +0.2517 | std(g_L) = 0.6585 | grad = 0.0573
step   6940 | loss = -0.2523 | g_L = +0.2523 | EMA = +0.2499 | std(g_L) = 0.6295 | grad = 0.0309
step   6960 | loss = -0.2142 | g_L = +0.2142 | EMA = +0.2539 | std(g_L) = 0.5771 | grad = 0.0972
step   6980 | loss = -0.3109 | g_L = +0.3109 | EMA = +0.2570 | std(g_L) = 0.6013 | grad = 0.0646
step   7000 | loss = -0.2553 | g_L = +0.2553 | EMA = +0.2738 | std(g_L) = 0.7529 | grad = 0.0716
step   7020 | loss = -0.1788 | g_L = +0.1788 | EMA = +0.2557 | std(g_L) = 0.6289 | grad = 0.1020
step   7040 | loss = -0.3089 | g_L = +0.3089 | EMA = +0.2635 | std(g_L) = 0.7028 | grad = 0.0633
step   7060 | loss = -0.3277 | g_L = +0.3277 | EMA = +0.2622 | std(g_L) = 0.7330 | grad = 0.0368
step   7080 | loss = -0.2189 | g_L = +0.2189 | EMA = +0.2645 | std(g_L) = 0.6271 | grad = 0.0533
step   7100 | loss = -0.2492 | g_L = +0.2492 | EMA = +0.2711 | std(g_L) = 0.7232 | grad = 0.0453
step   7120 | loss = -0.2593 | g_L = +0.2593 | EMA = +0.2573 | std(g_L) = 0.7041 | grad = 0.0581
step   7140 | loss = -0.3727 | g_L = +0.3727 | EMA = +0.2667 | std(g_L) = 0.7318 | grad = 0.0714
step   7160 | loss = -0.2729 | g_L = +0.2729 | EMA = +0.2614 | std(g_L) = 0.7670 | grad = 0.0665
step   7180 | loss = -0.2133 | g_L = +0.2133 | EMA = +0.2564 | std(g_L) = 0.6862 | grad = 0.0514
step   7200 | loss = -0.2355 | g_L = +0.2355 | EMA = +0.2647 | std(g_L) = 0.7400 | grad = 0.0839
step   7220 | loss = -0.2550 | g_L = +0.2550 | EMA = +0.2500 | std(g_L) = 0.6921 | grad = 0.0842
step   7240 | loss = -0.1609 | g_L = +0.1609 | EMA = +0.2522 | std(g_L) = 0.4923 | grad = 0.0518
step   7260 | loss = -0.2107 | g_L = +0.2107 | EMA = +0.2593 | std(g_L) = 0.6378 | grad = 0.0685
step   7280 | loss = -0.2428 | g_L = +0.2428 | EMA = +0.2508 | std(g_L) = 0.5584 | grad = 0.0888
step   7300 | loss = -0.2777 | g_L = +0.2777 | EMA = +0.2581 | std(g_L) = 0.6208 | grad = 0.0391
step   7320 | loss = -0.2116 | g_L = +0.2116 | EMA = +0.2562 | std(g_L) = 0.6340 | grad = 0.0563
step   7340 | loss = -0.1636 | g_L = +0.1636 | EMA = +0.2651 | std(g_L) = 0.6235 | grad = 0.0675
step   7360 | loss = -0.2193 | g_L = +0.2193 | EMA = +0.2570 | std(g_L) = 0.7618 | grad = 0.0514
step   7380 | loss = -0.2137 | g_L = +0.2137 | EMA = +0.2550 | std(g_L) = 0.6643 | grad = 0.0419
step   7400 | loss = -0.2587 | g_L = +0.2587 | EMA = +0.2623 | std(g_L) = 0.6098 | grad = 0.0650
step   7420 | loss = -0.2346 | g_L = +0.2346 | EMA = +0.2583 | std(g_L) = 0.7246 | grad = 0.1038
step   7440 | loss = -0.2125 | g_L = +0.2125 | EMA = +0.2651 | std(g_L) = 0.5994 | grad = 0.0703
step   7460 | loss = -0.2672 | g_L = +0.2672 | EMA = +0.2546 | std(g_L) = 0.6295 | grad = 0.0928
step   7480 | loss = -0.3295 | g_L = +0.3295 | EMA = +0.2751 | std(g_L) = 0.7095 | grad = 0.0512
step   7500 | loss = -0.2125 | g_L = +0.2125 | EMA = +0.2570 | std(g_L) = 0.6572 | grad = 0.0595
step   7520 | loss = -0.2876 | g_L = +0.2876 | EMA = +0.2789 | std(g_L) = 0.6284 | grad = 0.0986
step   7540 | loss = -0.2334 | g_L = +0.2334 | EMA = +0.2531 | std(g_L) = 0.5628 | grad = 0.0941
step   7560 | loss = -0.2610 | g_L = +0.2610 | EMA = +0.2633 | std(g_L) = 0.5962 | grad = 0.0384
step   7580 | loss = -0.2734 | g_L = +0.2734 | EMA = +0.2517 | std(g_L) = 0.6806 | grad = 0.1064
step   7600 | loss = -0.1737 | g_L = +0.1737 | EMA = +0.2441 | std(g_L) = 0.5556 | grad = 0.0953
step   7620 | loss = -0.4208 | g_L = +0.4208 | EMA = +0.2584 | std(g_L) = 0.7887 | grad = 0.0796
step   7640 | loss = -0.3260 | g_L = +0.3260 | EMA = +0.2776 | std(g_L) = 0.6839 | grad = 0.1026
step   7660 | loss = -0.2574 | g_L = +0.2574 | EMA = +0.2616 | std(g_L) = 0.5819 | grad = 0.1063
step   7680 | loss = -0.2317 | g_L = +0.2317 | EMA = +0.2635 | std(g_L) = 0.5167 | grad = 0.1071
step   7700 | loss = -0.1873 | g_L = +0.1873 | EMA = +0.2598 | std(g_L) = 0.5225 | grad = 0.0710
step   7720 | loss = -0.2305 | g_L = +0.2305 | EMA = +0.2705 | std(g_L) = 0.6048 | grad = 0.0840
step   7740 | loss = -0.3176 | g_L = +0.3176 | EMA = +0.2591 | std(g_L) = 0.6804 | grad = 0.0388
step   7760 | loss = -0.2913 | g_L = +0.2913 | EMA = +0.2681 | std(g_L) = 0.7595 | grad = 0.0812
step   7780 | loss = -0.2090 | g_L = +0.2090 | EMA = +0.2642 | std(g_L) = 0.6247 | grad = 0.0448
step   7800 | loss = -0.2449 | g_L = +0.2449 | EMA = +0.2586 | std(g_L) = 0.7516 | grad = 0.0851
step   7820 | loss = -0.2713 | g_L = +0.2713 | EMA = +0.2751 | std(g_L) = 0.7082 | grad = 0.0547
step   7840 | loss = -0.2726 | g_L = +0.2726 | EMA = +0.2653 | std(g_L) = 0.6789 | grad = 0.1023
step   7860 | loss = -0.2059 | g_L = +0.2059 | EMA = +0.2485 | std(g_L) = 0.6579 | grad = 0.1163
step   7880 | loss = -0.1664 | g_L = +0.1664 | EMA = +0.2653 | std(g_L) = 0.6129 | grad = 0.0821
step   7900 | loss = -0.2137 | g_L = +0.2137 | EMA = +0.2519 | std(g_L) = 0.6783 | grad = 0.0308
step   7920 | loss = -0.2674 | g_L = +0.2674 | EMA = +0.2566 | std(g_L) = 0.6500 | grad = 0.0400
step   7940 | loss = -0.3349 | g_L = +0.3349 | EMA = +0.2784 | std(g_L) = 0.6122 | grad = 0.0613
step   7960 | loss = -0.2696 | g_L = +0.2696 | EMA = +0.2680 | std(g_L) = 0.6130 | grad = 0.0680
step   7980 | loss = -0.1549 | g_L = +0.1549 | EMA = +0.2441 | std(g_L) = 0.6219 | grad = 0.0703
step   8000 | loss = -0.3597 | g_L = +0.3597 | EMA = +0.2616 | std(g_L) = 0.8044 | grad = 0.0313
step   8020 | loss = -0.3643 | g_L = +0.3643 | EMA = +0.2556 | std(g_L) = 0.7515 | grad = 0.0726
step   8040 | loss = -0.2719 | g_L = +0.2719 | EMA = +0.2502 | std(g_L) = 0.6780 | grad = 0.1225
step   8060 | loss = -0.2432 | g_L = +0.2432 | EMA = +0.2515 | std(g_L) = 0.6650 | grad = 0.0158
step   8080 | loss = -0.3371 | g_L = +0.3371 | EMA = +0.2758 | std(g_L) = 0.7267 | grad = 0.0726
step   8100 | loss = -0.2678 | g_L = +0.2678 | EMA = +0.2390 | std(g_L) = 0.7386 | grad = 0.0560
step   8120 | loss = -0.1954 | g_L = +0.1954 | EMA = +0.2620 | std(g_L) = 0.5470 | grad = 0.0529
step   8140 | loss = -0.2151 | g_L = +0.2151 | EMA = +0.2532 | std(g_L) = 0.6567 | grad = 0.0795
step   8160 | loss = -0.2477 | g_L = +0.2477 | EMA = +0.2551 | std(g_L) = 0.6295 | grad = 0.0515
step   8180 | loss = -0.2127 | g_L = +0.2127 | EMA = +0.2501 | std(g_L) = 0.7349 | grad = 0.0744
step   8200 | loss = -0.3070 | g_L = +0.3070 | EMA = +0.2553 | std(g_L) = 0.7316 | grad = 0.1172
step   8220 | loss = -0.2307 | g_L = +0.2307 | EMA = +0.2431 | std(g_L) = 0.5949 | grad = 0.0771
step   8240 | loss = -0.3060 | g_L = +0.3060 | EMA = +0.2610 | std(g_L) = 0.6252 | grad = 0.0810
step   8260 | loss = -0.2695 | g_L = +0.2695 | EMA = +0.2619 | std(g_L) = 0.8360 | grad = 0.0770
step   8280 | loss = -0.2266 | g_L = +0.2266 | EMA = +0.2593 | std(g_L) = 0.7712 | grad = 0.0734
step   8300 | loss = -0.3165 | g_L = +0.3165 | EMA = +0.2801 | std(g_L) = 0.6138 | grad = 0.0382
step   8320 | loss = -0.3123 | g_L = +0.3123 | EMA = +0.2560 | std(g_L) = 0.7084 | grad = 0.0667
step   8340 | loss = -0.2681 | g_L = +0.2681 | EMA = +0.2597 | std(g_L) = 0.6452 | grad = 0.0481
step   8360 | loss = -0.2401 | g_L = +0.2401 | EMA = +0.2739 | std(g_L) = 0.6733 | grad = 0.0933
step   8380 | loss = -0.2278 | g_L = +0.2278 | EMA = +0.2614 | std(g_L) = 0.6499 | grad = 0.0669
step   8400 | loss = -0.3065 | g_L = +0.3065 | EMA = +0.2617 | std(g_L) = 0.6865 | grad = 0.0414
step   8420 | loss = -0.2663 | g_L = +0.2663 | EMA = +0.2659 | std(g_L) = 0.8089 | grad = 0.0370
step   8440 | loss = -0.2684 | g_L = +0.2684 | EMA = +0.2497 | std(g_L) = 0.7297 | grad = 0.0650
step   8460 | loss = -0.3447 | g_L = +0.3447 | EMA = +0.2684 | std(g_L) = 0.6187 | grad = 0.0539
step   8480 | loss = -0.2376 | g_L = +0.2376 | EMA = +0.2369 | std(g_L) = 0.7952 | grad = 0.0441
step   8500 | loss = -0.2308 | g_L = +0.2308 | EMA = +0.2470 | std(g_L) = 0.5932 | grad = 0.0535
step   8520 | loss = -0.2126 | g_L = +0.2126 | EMA = +0.2454 | std(g_L) = 0.6656 | grad = 0.1195
step   8540 | loss = -0.1315 | g_L = +0.1315 | EMA = +0.2631 | std(g_L) = 0.7328 | grad = 0.0559
step   8560 | loss = -0.2500 | g_L = +0.2500 | EMA = +0.2509 | std(g_L) = 0.6887 | grad = 0.0903
step   8580 | loss = -0.1825 | g_L = +0.1825 | EMA = +0.2409 | std(g_L) = 0.7277 | grad = 0.0596
step   8600 | loss = -0.1961 | g_L = +0.1961 | EMA = +0.2506 | std(g_L) = 0.5829 | grad = 0.0836
step   8620 | loss = -0.2898 | g_L = +0.2898 | EMA = +0.2574 | std(g_L) = 0.6706 | grad = 0.0474
step   8640 | loss = -0.3425 | g_L = +0.3425 | EMA = +0.2600 | std(g_L) = 0.7418 | grad = 0.0528
step   8660 | loss = -0.2075 | g_L = +0.2075 | EMA = +0.2735 | std(g_L) = 0.6191 | grad = 0.0857
step   8680 | loss = -0.2906 | g_L = +0.2906 | EMA = +0.2750 | std(g_L) = 0.6766 | grad = 0.0614
step   8700 | loss = -0.1763 | g_L = +0.1763 | EMA = +0.2685 | std(g_L) = 0.6300 | grad = 0.0752
step   8720 | loss = -0.2279 | g_L = +0.2279 | EMA = +0.2551 | std(g_L) = 0.6369 | grad = 0.0567
step   8740 | loss = -0.2795 | g_L = +0.2795 | EMA = +0.2581 | std(g_L) = 0.6315 | grad = 0.0463
step   8760 | loss = -0.2001 | g_L = +0.2001 | EMA = +0.2601 | std(g_L) = 0.5618 | grad = 0.0795
step   8780 | loss = -0.2063 | g_L = +0.2063 | EMA = +0.2530 | std(g_L) = 0.6960 | grad = 0.0960
step   8800 | loss = -0.2725 | g_L = +0.2725 | EMA = +0.2461 | std(g_L) = 0.6806 | grad = 0.0952
step   8820 | loss = -0.2315 | g_L = +0.2315 | EMA = +0.2545 | std(g_L) = 0.7031 | grad = 0.0406
step   8840 | loss = -0.3703 | g_L = +0.3703 | EMA = +0.2583 | std(g_L) = 0.6682 | grad = 0.0458
step   8860 | loss = -0.2839 | g_L = +0.2839 | EMA = +0.2600 | std(g_L) = 0.7836 | grad = 0.0669
step   8880 | loss = -0.2222 | g_L = +0.2222 | EMA = +0.2450 | std(g_L) = 0.5999 | grad = 0.0751
step   8900 | loss = -0.2802 | g_L = +0.2802 | EMA = +0.2537 | std(g_L) = 0.7683 | grad = 0.0391
step   8920 | loss = -0.1999 | g_L = +0.1999 | EMA = +0.2548 | std(g_L) = 0.5989 | grad = 0.0536
step   8940 | loss = -0.2069 | g_L = +0.2069 | EMA = +0.2530 | std(g_L) = 0.5662 | grad = 0.0554
step   8960 | loss = -0.2157 | g_L = +0.2157 | EMA = +0.2454 | std(g_L) = 0.6723 | grad = 0.0716
step   8980 | loss = -0.3641 | g_L = +0.3641 | EMA = +0.2485 | std(g_L) = 0.7353 | grad = 0.0994
step   9000 | loss = -0.3707 | g_L = +0.3707 | EMA = +0.2578 | std(g_L) = 0.6641 | grad = 0.0571
step   9020 | loss = -0.2461 | g_L = +0.2461 | EMA = +0.2664 | std(g_L) = 0.7227 | grad = 0.0551
step   9040 | loss = -0.2461 | g_L = +0.2461 | EMA = +0.2578 | std(g_L) = 0.6142 | grad = 0.0557
step   9060 | loss = -0.3696 | g_L = +0.3696 | EMA = +0.2655 | std(g_L) = 0.7613 | grad = 0.0477
step   9080 | loss = -0.2001 | g_L = +0.2001 | EMA = +0.2674 | std(g_L) = 0.6827 | grad = 0.0471
step   9100 | loss = -0.2892 | g_L = +0.2892 | EMA = +0.2628 | std(g_L) = 0.6693 | grad = 0.0256
step   9120 | loss = -0.2224 | g_L = +0.2224 | EMA = +0.2605 | std(g_L) = 0.6090 | grad = 0.0349
step   9140 | loss = -0.1815 | g_L = +0.1815 | EMA = +0.2478 | std(g_L) = 0.6692 | grad = 0.0375
step   9160 | loss = -0.2110 | g_L = +0.2110 | EMA = +0.2439 | std(g_L) = 0.7484 | grad = 0.0476
step   9180 | loss = -0.3593 | g_L = +0.3593 | EMA = +0.2508 | std(g_L) = 0.6397 | grad = 0.0610
step   9200 | loss = -0.2935 | g_L = +0.2935 | EMA = +0.2496 | std(g_L) = 0.6650 | grad = 0.0978
step   9220 | loss = -0.3083 | g_L = +0.3083 | EMA = +0.2479 | std(g_L) = 0.6719 | grad = 0.0481
step   9240 | loss = -0.2518 | g_L = +0.2518 | EMA = +0.2385 | std(g_L) = 0.6771 | grad = 0.0474
step   9260 | loss = -0.2778 | g_L = +0.2778 | EMA = +0.2520 | std(g_L) = 0.7537 | grad = 0.0487
step   9280 | loss = -0.2548 | g_L = +0.2548 | EMA = +0.2547 | std(g_L) = 0.7250 | grad = 0.0504
step   9300 | loss = -0.1641 | g_L = +0.1641 | EMA = +0.2552 | std(g_L) = 0.5951 | grad = 0.0775
step   9320 | loss = -0.1916 | g_L = +0.1916 | EMA = +0.2434 | std(g_L) = 0.6007 | grad = 0.0519
step   9340 | loss = -0.4246 | g_L = +0.4246 | EMA = +0.2617 | std(g_L) = 0.7818 | grad = 0.0326
step   9360 | loss = -0.2496 | g_L = +0.2496 | EMA = +0.2620 | std(g_L) = 0.6037 | grad = 0.0299
step   9380 | loss = -0.3328 | g_L = +0.3328 | EMA = +0.2676 | std(g_L) = 0.7346 | grad = 0.0674
step   9400 | loss = -0.1897 | g_L = +0.1897 | EMA = +0.2633 | std(g_L) = 0.6222 | grad = 0.0831
step   9420 | loss = -0.2461 | g_L = +0.2461 | EMA = +0.2637 | std(g_L) = 0.7058 | grad = 0.0350
step   9440 | loss = -0.1793 | g_L = +0.1793 | EMA = +0.2748 | std(g_L) = 0.6715 | grad = 0.0555
step   9460 | loss = -0.4100 | g_L = +0.4100 | EMA = +0.2622 | std(g_L) = 0.8347 | grad = 0.0498
step   9480 | loss = -0.2120 | g_L = +0.2120 | EMA = +0.2492 | std(g_L) = 0.5951 | grad = 0.1161
step   9500 | loss = -0.3470 | g_L = +0.3470 | EMA = +0.2479 | std(g_L) = 0.7212 | grad = 0.0629
step   9520 | loss = -0.2418 | g_L = +0.2418 | EMA = +0.2478 | std(g_L) = 0.6562 | grad = 0.0658
step   9540 | loss = -0.2605 | g_L = +0.2605 | EMA = +0.2507 | std(g_L) = 0.7250 | grad = 0.1029
step   9560 | loss = -0.2665 | g_L = +0.2665 | EMA = +0.2576 | std(g_L) = 0.7123 | grad = 0.1143
step   9580 | loss = -0.3183 | g_L = +0.3183 | EMA = +0.2611 | std(g_L) = 0.7536 | grad = 0.0486
step   9600 | loss = -0.2594 | g_L = +0.2594 | EMA = +0.2849 | std(g_L) = 0.6940 | grad = 0.0514
step   9620 | loss = -0.2244 | g_L = +0.2244 | EMA = +0.2651 | std(g_L) = 0.6485 | grad = 0.0855
step   9640 | loss = -0.1623 | g_L = +0.1623 | EMA = +0.2591 | std(g_L) = 0.5829 | grad = 0.0487
step   9660 | loss = -0.2402 | g_L = +0.2402 | EMA = +0.2615 | std(g_L) = 0.5943 | grad = 0.0698
step   9680 | loss = -0.3075 | g_L = +0.3075 | EMA = +0.2633 | std(g_L) = 0.6424 | grad = 0.0878
step   9700 | loss = -0.2105 | g_L = +0.2105 | EMA = +0.2493 | std(g_L) = 0.6913 | grad = 0.0888
step   9720 | loss = -0.2507 | g_L = +0.2507 | EMA = +0.2611 | std(g_L) = 0.6058 | grad = 0.0741
step   9740 | loss = -0.2033 | g_L = +0.2033 | EMA = +0.2526 | std(g_L) = 0.5814 | grad = 0.0652
step   9760 | loss = -0.2438 | g_L = +0.2438 | EMA = +0.2479 | std(g_L) = 0.7317 | grad = 0.0692
step   9780 | loss = -0.2117 | g_L = +0.2117 | EMA = +0.2589 | std(g_L) = 0.5524 | grad = 0.0902
step   9800 | loss = -0.2925 | g_L = +0.2925 | EMA = +0.2605 | std(g_L) = 0.6816 | grad = 0.0500
step   9820 | loss = -0.2603 | g_L = +0.2603 | EMA = +0.2702 | std(g_L) = 0.5962 | grad = 0.0755
step   9840 | loss = -0.2713 | g_L = +0.2713 | EMA = +0.2530 | std(g_L) = 0.6681 | grad = 0.0425
step   9860 | loss = -0.2823 | g_L = +0.2823 | EMA = +0.2571 | std(g_L) = 0.7098 | grad = 0.0735
step   9880 | loss = -0.2965 | g_L = +0.2965 | EMA = +0.2679 | std(g_L) = 0.7208 | grad = 0.0477
step   9900 | loss = -0.3283 | g_L = +0.3283 | EMA = +0.2453 | std(g_L) = 0.7736 | grad = 0.0679
step   9920 | loss = -0.2348 | g_L = +0.2348 | EMA = +0.2518 | std(g_L) = 0.7557 | grad = 0.0744
step   9940 | loss = -0.2691 | g_L = +0.2691 | EMA = +0.2566 | std(g_L) = 0.7010 | grad = 0.0395
step   9960 | loss = -0.2651 | g_L = +0.2651 | EMA = +0.2624 | std(g_L) = 0.6023 | grad = 0.1057
step   9980 | loss = -0.2522 | g_L = +0.2522 | EMA = +0.2554 | std(g_L) = 0.7097 | grad = 0.0626
step  10000 | loss = -0.3101 | g_L = +0.3101 | EMA = +0.2513 | std(g_L) = 0.6683 | grad = 0.0439
step  10020 | loss = -0.3034 | g_L = +0.3034 | EMA = +0.2601 | std(g_L) = 0.6785 | grad = 0.0636
step  10040 | loss = -0.2919 | g_L = +0.2919 | EMA = +0.2643 | std(g_L) = 0.7438 | grad = 0.0809
step  10060 | loss = -0.3303 | g_L = +0.3303 | EMA = +0.2663 | std(g_L) = 0.7991 | grad = 0.1004
step  10080 | loss = -0.4147 | g_L = +0.4147 | EMA = +0.2701 | std(g_L) = 0.7318 | grad = 0.0871
step  10100 | loss = -0.2545 | g_L = +0.2545 | EMA = +0.2672 | std(g_L) = 0.7547 | grad = 0.0742
step  10120 | loss = -0.2458 | g_L = +0.2458 | EMA = +0.2601 | std(g_L) = 0.7484 | grad = 0.0836
step  10140 | loss = -0.2443 | g_L = +0.2443 | EMA = +0.2630 | std(g_L) = 0.5807 | grad = 0.0626
step  10160 | loss = -0.2871 | g_L = +0.2871 | EMA = +0.2523 | std(g_L) = 0.7200 | grad = 0.0446
step  10180 | loss = -0.2177 | g_L = +0.2177 | EMA = +0.2598 | std(g_L) = 0.7329 | grad = 0.0540
step  10200 | loss = -0.2490 | g_L = +0.2490 | EMA = +0.2685 | std(g_L) = 0.5965 | grad = 0.0606
step  10220 | loss = -0.2792 | g_L = +0.2792 | EMA = +0.2615 | std(g_L) = 0.6680 | grad = 0.1085
step  10240 | loss = -0.1891 | g_L = +0.1891 | EMA = +0.2455 | std(g_L) = 0.5988 | grad = 0.0699
step  10260 | loss = -0.2290 | g_L = +0.2290 | EMA = +0.2610 | std(g_L) = 0.6094 | grad = 0.0404
step  10280 | loss = -0.1589 | g_L = +0.1589 | EMA = +0.2496 | std(g_L) = 0.5852 | grad = 0.1516
step  10300 | loss = -0.2842 | g_L = +0.2842 | EMA = +0.2546 | std(g_L) = 0.7110 | grad = 0.0792
step  10320 | loss = -0.3494 | g_L = +0.3494 | EMA = +0.2562 | std(g_L) = 0.7751 | grad = 0.0539
step  10340 | loss = -0.1216 | g_L = +0.1216 | EMA = +0.2565 | std(g_L) = 0.6725 | grad = 0.1213
step  10360 | loss = -0.2105 | g_L = +0.2105 | EMA = +0.2625 | std(g_L) = 0.8150 | grad = 0.0728
step  10380 | loss = -0.1833 | g_L = +0.1833 | EMA = +0.2714 | std(g_L) = 0.6278 | grad = 0.0348
step  10400 | loss = -0.2817 | g_L = +0.2817 | EMA = +0.2649 | std(g_L) = 0.7258 | grad = 0.0811
step  10420 | loss = -0.3271 | g_L = +0.3271 | EMA = +0.2774 | std(g_L) = 0.6858 | grad = 0.0656
step  10440 | loss = -0.2075 | g_L = +0.2075 | EMA = +0.2561 | std(g_L) = 0.6046 | grad = 0.0503
step  10460 | loss = -0.2433 | g_L = +0.2433 | EMA = +0.2455 | std(g_L) = 0.6319 | grad = 0.0676
step  10480 | loss = -0.2353 | g_L = +0.2353 | EMA = +0.2492 | std(g_L) = 0.7565 | grad = 0.1175
step  10500 | loss = -0.2640 | g_L = +0.2640 | EMA = +0.2471 | std(g_L) = 0.6842 | grad = 0.0763
step  10520 | loss = -0.3673 | g_L = +0.3673 | EMA = +0.2601 | std(g_L) = 0.8057 | grad = 0.0949
step  10540 | loss = -0.2802 | g_L = +0.2802 | EMA = +0.2637 | std(g_L) = 0.7788 | grad = 0.0567
step  10560 | loss = -0.2306 | g_L = +0.2306 | EMA = +0.2520 | std(g_L) = 0.6358 | grad = 0.0558
step  10580 | loss = -0.2816 | g_L = +0.2816 | EMA = +0.2544 | std(g_L) = 0.6472 | grad = 0.0366
step  10600 | loss = -0.2340 | g_L = +0.2340 | EMA = +0.2497 | std(g_L) = 0.7741 | grad = 0.0363
step  10620 | loss = -0.2814 | g_L = +0.2814 | EMA = +0.2547 | std(g_L) = 0.6463 | grad = 0.0910
step  10640 | loss = -0.2762 | g_L = +0.2762 | EMA = +0.2553 | std(g_L) = 0.7104 | grad = 0.0597
step  10660 | loss = -0.2160 | g_L = +0.2160 | EMA = +0.2525 | std(g_L) = 0.7419 | grad = 0.0466
step  10680 | loss = -0.2241 | g_L = +0.2241 | EMA = +0.2556 | std(g_L) = 0.6110 | grad = 0.0884
step  10700 | loss = -0.3293 | g_L = +0.3293 | EMA = +0.2348 | std(g_L) = 0.6791 | grad = 0.0770
step  10720 | loss = -0.3153 | g_L = +0.3153 | EMA = +0.2577 | std(g_L) = 0.6514 | grad = 0.0826
step  10740 | loss = -0.2014 | g_L = +0.2014 | EMA = +0.2691 | std(g_L) = 0.7900 | grad = 0.0347
step  10760 | loss = -0.2887 | g_L = +0.2887 | EMA = +0.2701 | std(g_L) = 0.7117 | grad = 0.0690
step  10780 | loss = -0.1671 | g_L = +0.1671 | EMA = +0.2629 | std(g_L) = 0.6481 | grad = 0.0459
step  10800 | loss = -0.2609 | g_L = +0.2609 | EMA = +0.2456 | std(g_L) = 0.6243 | grad = 0.0539
step  10820 | loss = -0.3175 | g_L = +0.3175 | EMA = +0.2467 | std(g_L) = 0.6975 | grad = 0.1048
step  10840 | loss = -0.2416 | g_L = +0.2416 | EMA = +0.2317 | std(g_L) = 0.6357 | grad = 0.0407
step  10860 | loss = -0.3319 | g_L = +0.3319 | EMA = +0.2518 | std(g_L) = 0.7676 | grad = 0.0338
step  10880 | loss = -0.2988 | g_L = +0.2988 | EMA = +0.2606 | std(g_L) = 0.6275 | grad = 0.0533
step  10900 | loss = -0.2850 | g_L = +0.2850 | EMA = +0.2584 | std(g_L) = 0.6503 | grad = 0.0639
step  10920 | loss = -0.2050 | g_L = +0.2050 | EMA = +0.2517 | std(g_L) = 0.5966 | grad = 0.0944
step  10940 | loss = -0.3155 | g_L = +0.3155 | EMA = +0.2567 | std(g_L) = 0.6983 | grad = 0.0618
step  10960 | loss = -0.2539 | g_L = +0.2539 | EMA = +0.2688 | std(g_L) = 0.6010 | grad = 0.0562
step  10980 | loss = -0.3143 | g_L = +0.3143 | EMA = +0.2599 | std(g_L) = 0.7199 | grad = 0.0857
step  11000 | loss = -0.2931 | g_L = +0.2931 | EMA = +0.2631 | std(g_L) = 0.7169 | grad = 0.0355
step  11020 | loss = -0.2562 | g_L = +0.2562 | EMA = +0.2559 | std(g_L) = 0.6568 | grad = 0.0337
step  11040 | loss = -0.3203 | g_L = +0.3203 | EMA = +0.2589 | std(g_L) = 0.7956 | grad = 0.0494
step  11060 | loss = -0.2906 | g_L = +0.2906 | EMA = +0.2607 | std(g_L) = 0.6508 | grad = 0.0623
step  11080 | loss = -0.3726 | g_L = +0.3726 | EMA = +0.2647 | std(g_L) = 0.7194 | grad = 0.1075
step  11100 | loss = -0.3268 | g_L = +0.3268 | EMA = +0.2593 | std(g_L) = 0.7192 | grad = 0.0487
step  11120 | loss = -0.2330 | g_L = +0.2330 | EMA = +0.2568 | std(g_L) = 0.6390 | grad = 0.0527
step  11140 | loss = -0.2697 | g_L = +0.2697 | EMA = +0.2578 | std(g_L) = 0.6697 | grad = 0.1286
step  11160 | loss = -0.1914 | g_L = +0.1914 | EMA = +0.2716 | std(g_L) = 0.7434 | grad = 0.0633
step  11180 | loss = -0.2520 | g_L = +0.2520 | EMA = +0.2571 | std(g_L) = 0.6923 | grad = 0.0836
step  11200 | loss = -0.2069 | g_L = +0.2069 | EMA = +0.2611 | std(g_L) = 0.5199 | grad = 0.0971
step  11220 | loss = -0.2465 | g_L = +0.2465 | EMA = +0.2564 | std(g_L) = 0.6555 | grad = 0.0285
step  11240 | loss = -0.2921 | g_L = +0.2921 | EMA = +0.2439 | std(g_L) = 0.6727 | grad = 0.0631
step  11260 | loss = -0.2307 | g_L = +0.2307 | EMA = +0.2547 | std(g_L) = 0.7204 | grad = 0.0744
step  11280 | loss = -0.2750 | g_L = +0.2750 | EMA = +0.2574 | std(g_L) = 0.7043 | grad = 0.0656
step  11300 | loss = -0.2564 | g_L = +0.2564 | EMA = +0.2575 | std(g_L) = 0.6557 | grad = 0.0798
step  11320 | loss = -0.2894 | g_L = +0.2894 | EMA = +0.2551 | std(g_L) = 0.7852 | grad = 0.0784
step  11340 | loss = -0.2167 | g_L = +0.2167 | EMA = +0.2518 | std(g_L) = 0.7200 | grad = 0.0872
step  11360 | loss = -0.1800 | g_L = +0.1800 | EMA = +0.2426 | std(g_L) = 0.6489 | grad = 0.0955
step  11380 | loss = -0.1821 | g_L = +0.1821 | EMA = +0.2503 | std(g_L) = 0.5439 | grad = 0.0557
step  11400 | loss = -0.2002 | g_L = +0.2002 | EMA = +0.2473 | std(g_L) = 0.6091 | grad = 0.0561
step  11420 | loss = -0.2898 | g_L = +0.2898 | EMA = +0.2409 | std(g_L) = 0.7013 | grad = 0.1038
step  11440 | loss = -0.3453 | g_L = +0.3453 | EMA = +0.2490 | std(g_L) = 0.8727 | grad = 0.1024
step  11460 | loss = -0.2380 | g_L = +0.2380 | EMA = +0.2509 | std(g_L) = 0.7429 | grad = 0.0629
step  11480 | loss = -0.2213 | g_L = +0.2213 | EMA = +0.2580 | std(g_L) = 0.6414 | grad = 0.0385
step  11500 | loss = -0.2969 | g_L = +0.2969 | EMA = +0.2522 | std(g_L) = 0.6328 | grad = 0.0570
step  11520 | loss = -0.3513 | g_L = +0.3513 | EMA = +0.2605 | std(g_L) = 0.6637 | grad = 0.0741
step  11540 | loss = -0.2139 | g_L = +0.2139 | EMA = +0.2689 | std(g_L) = 0.6486 | grad = 0.1026
step  11560 | loss = -0.2902 | g_L = +0.2902 | EMA = +0.2537 | std(g_L) = 0.7193 | grad = 0.0678
step  11580 | loss = -0.2661 | g_L = +0.2661 | EMA = +0.2539 | std(g_L) = 0.6441 | grad = 0.0746
step  11600 | loss = -0.2259 | g_L = +0.2259 | EMA = +0.2542 | std(g_L) = 0.6506 | grad = 0.0284
step  11620 | loss = -0.1866 | g_L = +0.1866 | EMA = +0.2529 | std(g_L) = 0.5403 | grad = 0.0479
step  11640 | loss = -0.2363 | g_L = +0.2363 | EMA = +0.2531 | std(g_L) = 0.5653 | grad = 0.0977
step  11660 | loss = -0.2236 | g_L = +0.2236 | EMA = +0.2507 | std(g_L) = 0.6772 | grad = 0.0809
step  11680 | loss = -0.2426 | g_L = +0.2426 | EMA = +0.2550 | std(g_L) = 0.7272 | grad = 0.0731
step  11700 | loss = -0.2271 | g_L = +0.2271 | EMA = +0.2618 | std(g_L) = 0.6399 | grad = 0.0576
step  11720 | loss = -0.2942 | g_L = +0.2942 | EMA = +0.2620 | std(g_L) = 0.6193 | grad = 0.0160
step  11740 | loss = -0.2599 | g_L = +0.2599 | EMA = +0.2546 | std(g_L) = 0.5892 | grad = 0.0362
step  11760 | loss = -0.2486 | g_L = +0.2486 | EMA = +0.2550 | std(g_L) = 0.7717 | grad = 0.0816
step  11780 | loss = -0.2529 | g_L = +0.2529 | EMA = +0.2535 | std(g_L) = 0.7054 | grad = 0.0866
step  11800 | loss = -0.3300 | g_L = +0.3300 | EMA = +0.2531 | std(g_L) = 0.7425 | grad = 0.0612
step  11820 | loss = -0.2118 | g_L = +0.2118 | EMA = +0.2679 | std(g_L) = 0.5562 | grad = 0.0487
step  11840 | loss = -0.1857 | g_L = +0.1857 | EMA = +0.2487 | std(g_L) = 0.6179 | grad = 0.0676
step  11860 | loss = -0.2188 | g_L = +0.2188 | EMA = +0.2443 | std(g_L) = 0.6849 | grad = 0.0649
step  11880 | loss = -0.2854 | g_L = +0.2854 | EMA = +0.2482 | std(g_L) = 0.7571 | grad = 0.0653
step  11900 | loss = -0.1968 | g_L = +0.1968 | EMA = +0.2515 | std(g_L) = 0.6878 | grad = 0.0821
step  11920 | loss = -0.3569 | g_L = +0.3569 | EMA = +0.2564 | std(g_L) = 0.6907 | grad = 0.0499
step  11940 | loss = -0.3379 | g_L = +0.3379 | EMA = +0.2874 | std(g_L) = 0.6049 | grad = 0.0847
step  11960 | loss = -0.1844 | g_L = +0.1844 | EMA = +0.2706 | std(g_L) = 0.5047 | grad = 0.0565
step  11980 | loss = -0.2514 | g_L = +0.2514 | EMA = +0.2455 | std(g_L) = 0.6941 | grad = 0.0698
step  12000 | loss = -0.2816 | g_L = +0.2816 | EMA = +0.2524 | std(g_L) = 0.6554 | grad = 0.0458
step  12020 | loss = -0.2201 | g_L = +0.2201 | EMA = +0.2519 | std(g_L) = 0.6160 | grad = 0.0513
step  12040 | loss = -0.0980 | g_L = +0.0980 | EMA = +0.2478 | std(g_L) = 0.5646 | grad = 0.0759
step  12060 | loss = -0.2632 | g_L = +0.2632 | EMA = +0.2572 | std(g_L) = 0.6468 | grad = 0.0380
step  12080 | loss = -0.2711 | g_L = +0.2711 | EMA = +0.2451 | std(g_L) = 0.7029 | grad = 0.0709
step  12100 | loss = -0.3312 | g_L = +0.3312 | EMA = +0.2760 | std(g_L) = 0.7378 | grad = 0.0361
step  12120 | loss = -0.3631 | g_L = +0.3631 | EMA = +0.2731 | std(g_L) = 0.6808 | grad = 0.0459
step  12140 | loss = -0.3438 | g_L = +0.3438 | EMA = +0.2675 | std(g_L) = 0.7455 | grad = 0.0370
step  12160 | loss = -0.2359 | g_L = +0.2359 | EMA = +0.2453 | std(g_L) = 0.6621 | grad = 0.0702
step  12180 | loss = -0.2702 | g_L = +0.2702 | EMA = +0.2565 | std(g_L) = 0.6474 | grad = 0.0879
step  12200 | loss = -0.2361 | g_L = +0.2361 | EMA = +0.2597 | std(g_L) = 0.7020 | grad = 0.0445
step  12220 | loss = -0.2306 | g_L = +0.2306 | EMA = +0.2580 | std(g_L) = 0.7587 | grad = 0.1015
step  12240 | loss = -0.1993 | g_L = +0.1993 | EMA = +0.2471 | std(g_L) = 0.6911 | grad = 0.0447
step  12260 | loss = -0.2776 | g_L = +0.2776 | EMA = +0.2445 | std(g_L) = 0.7009 | grad = 0.1064
step  12280 | loss = -0.2752 | g_L = +0.2752 | EMA = +0.2457 | std(g_L) = 0.5933 | grad = 0.0920
step  12300 | loss = -0.2622 | g_L = +0.2622 | EMA = +0.2546 | std(g_L) = 0.6750 | grad = 0.0970
step  12320 | loss = -0.2844 | g_L = +0.2844 | EMA = +0.2679 | std(g_L) = 0.6166 | grad = 0.1075
step  12340 | loss = -0.3769 | g_L = +0.3769 | EMA = +0.2580 | std(g_L) = 0.7874 | grad = 0.0973
step  12360 | loss = -0.2988 | g_L = +0.2988 | EMA = +0.2750 | std(g_L) = 0.6861 | grad = 0.0644
step  12380 | loss = -0.2483 | g_L = +0.2483 | EMA = +0.2682 | std(g_L) = 0.6421 | grad = 0.1067
step  12400 | loss = -0.2974 | g_L = +0.2974 | EMA = +0.2558 | std(g_L) = 0.7637 | grad = 0.0593
step  12420 | loss = -0.1895 | g_L = +0.1895 | EMA = +0.2557 | std(g_L) = 0.6616 | grad = 0.0615
step  12440 | loss = -0.1694 | g_L = +0.1694 | EMA = +0.2541 | std(g_L) = 0.6928 | grad = 0.0247
step  12460 | loss = -0.2493 | g_L = +0.2493 | EMA = +0.2557 | std(g_L) = 0.5425 | grad = 0.0769
step  12480 | loss = -0.2825 | g_L = +0.2825 | EMA = +0.2604 | std(g_L) = 0.5547 | grad = 0.0761
step  12500 | loss = -0.2167 | g_L = +0.2167 | EMA = +0.2547 | std(g_L) = 0.6604 | grad = 0.0599
step  12520 | loss = -0.2678 | g_L = +0.2678 | EMA = +0.2680 | std(g_L) = 0.7680 | grad = 0.0762
step  12540 | loss = -0.2983 | g_L = +0.2983 | EMA = +0.2361 | std(g_L) = 0.7144 | grad = 0.0332
step  12560 | loss = -0.2587 | g_L = +0.2587 | EMA = +0.2576 | std(g_L) = 0.6517 | grad = 0.0678
step  12580 | loss = -0.1980 | g_L = +0.1980 | EMA = +0.2457 | std(g_L) = 0.6743 | grad = 0.0722
step  12600 | loss = -0.1913 | g_L = +0.1913 | EMA = +0.2486 | std(g_L) = 0.6079 | grad = 0.0997
step  12620 | loss = -0.3440 | g_L = +0.3440 | EMA = +0.2422 | std(g_L) = 0.7425 | grad = 0.1152
step  12640 | loss = -0.2910 | g_L = +0.2910 | EMA = +0.2470 | std(g_L) = 0.5564 | grad = 0.0700
step  12660 | loss = -0.1318 | g_L = +0.1318 | EMA = +0.2459 | std(g_L) = 0.4865 | grad = 0.0477
step  12680 | loss = -0.1813 | g_L = +0.1813 | EMA = +0.2457 | std(g_L) = 0.5790 | grad = 0.0522
step  12700 | loss = -0.2540 | g_L = +0.2540 | EMA = +0.2555 | std(g_L) = 0.7258 | grad = 0.0413
step  12720 | loss = -0.2315 | g_L = +0.2315 | EMA = +0.2644 | std(g_L) = 0.6319 | grad = 0.1001
step  12740 | loss = -0.1567 | g_L = +0.1567 | EMA = +0.2627 | std(g_L) = 0.6867 | grad = 0.0731
step  12760 | loss = -0.2297 | g_L = +0.2297 | EMA = +0.2635 | std(g_L) = 0.6706 | grad = 0.0699
step  12780 | loss = -0.2910 | g_L = +0.2910 | EMA = +0.2579 | std(g_L) = 0.6875 | grad = 0.0617
step  12800 | loss = -0.3023 | g_L = +0.3023 | EMA = +0.2564 | std(g_L) = 0.6171 | grad = 0.0386
step  12820 | loss = -0.3496 | g_L = +0.3496 | EMA = +0.2681 | std(g_L) = 0.7055 | grad = 0.0509
step  12840 | loss = -0.2962 | g_L = +0.2962 | EMA = +0.2557 | std(g_L) = 0.6234 | grad = 0.0779
step  12860 | loss = -0.1900 | g_L = +0.1900 | EMA = +0.2484 | std(g_L) = 0.6200 | grad = 0.0587
step  12880 | loss = -0.0977 | g_L = +0.0977 | EMA = +0.2389 | std(g_L) = 0.6607 | grad = 0.0829
step  12900 | loss = -0.2642 | g_L = +0.2642 | EMA = +0.2587 | std(g_L) = 0.7549 | grad = 0.0855
step  12920 | loss = -0.3382 | g_L = +0.3382 | EMA = +0.2638 | std(g_L) = 0.6938 | grad = 0.0367
step  12940 | loss = -0.2338 | g_L = +0.2338 | EMA = +0.2703 | std(g_L) = 0.6276 | grad = 0.0846
step  12960 | loss = -0.2214 | g_L = +0.2214 | EMA = +0.2537 | std(g_L) = 0.6281 | grad = 0.1002
step  12980 | loss = -0.3433 | g_L = +0.3433 | EMA = +0.2634 | std(g_L) = 0.7165 | grad = 0.0498
step  13000 | loss = -0.0860 | g_L = +0.0860 | EMA = +0.2453 | std(g_L) = 0.5818 | grad = 0.0799
step  13020 | loss = -0.2505 | g_L = +0.2505 | EMA = +0.2647 | std(g_L) = 0.7284 | grad = 0.0378
step  13040 | loss = -0.2819 | g_L = +0.2819 | EMA = +0.2667 | std(g_L) = 0.7506 | grad = 0.0854
step  13060 | loss = -0.2325 | g_L = +0.2325 | EMA = +0.2571 | std(g_L) = 0.6344 | grad = 0.0642
step  13080 | loss = -0.1773 | g_L = +0.1773 | EMA = +0.2355 | std(g_L) = 0.6603 | grad = 0.0318
step  13100 | loss = -0.1949 | g_L = +0.1949 | EMA = +0.2534 | std(g_L) = 0.6070 | grad = 0.0697
step  13120 | loss = -0.1762 | g_L = +0.1762 | EMA = +0.2664 | std(g_L) = 0.7552 | grad = 0.0420
step  13140 | loss = -0.2444 | g_L = +0.2444 | EMA = +0.2679 | std(g_L) = 0.4617 | grad = 0.0890
step  13160 | loss = -0.2893 | g_L = +0.2893 | EMA = +0.2738 | std(g_L) = 0.6527 | grad = 0.0526
step  13180 | loss = -0.2449 | g_L = +0.2449 | EMA = +0.2667 | std(g_L) = 0.5979 | grad = 0.1005
step  13200 | loss = -0.1988 | g_L = +0.1988 | EMA = +0.2709 | std(g_L) = 0.6056 | grad = 0.0628
step  13220 | loss = -0.2813 | g_L = +0.2813 | EMA = +0.2746 | std(g_L) = 0.6020 | grad = 0.0712
step  13240 | loss = -0.2204 | g_L = +0.2204 | EMA = +0.2621 | std(g_L) = 0.6716 | grad = 0.0338
step  13260 | loss = -0.2180 | g_L = +0.2180 | EMA = +0.2499 | std(g_L) = 0.6729 | grad = 0.0721
step  13280 | loss = -0.2183 | g_L = +0.2183 | EMA = +0.2570 | std(g_L) = 0.5816 | grad = 0.0731
step  13300 | loss = -0.1966 | g_L = +0.1966 | EMA = +0.2593 | std(g_L) = 0.7159 | grad = 0.0532
step  13320 | loss = -0.2312 | g_L = +0.2312 | EMA = +0.2540 | std(g_L) = 0.5940 | grad = 0.0263
step  13340 | loss = -0.2545 | g_L = +0.2545 | EMA = +0.2528 | std(g_L) = 0.7140 | grad = 0.0404
step  13360 | loss = -0.3023 | g_L = +0.3023 | EMA = +0.2569 | std(g_L) = 0.6580 | grad = 0.0277
step  13380 | loss = -0.2563 | g_L = +0.2563 | EMA = +0.2449 | std(g_L) = 0.6210 | grad = 0.0349
step  13400 | loss = -0.1993 | g_L = +0.1993 | EMA = +0.2307 | std(g_L) = 0.6494 | grad = 0.0580
step  13420 | loss = -0.1992 | g_L = +0.1992 | EMA = +0.2520 | std(g_L) = 0.8255 | grad = 0.0552
step  13440 | loss = -0.1959 | g_L = +0.1959 | EMA = +0.2529 | std(g_L) = 0.6974 | grad = 0.0596
step  13460 | loss = -0.2621 | g_L = +0.2621 | EMA = +0.2395 | std(g_L) = 0.6298 | grad = 0.0712
step  13480 | loss = -0.1945 | g_L = +0.1945 | EMA = +0.2510 | std(g_L) = 0.6893 | grad = 0.0496
step  13500 | loss = -0.2302 | g_L = +0.2302 | EMA = +0.2760 | std(g_L) = 0.6869 | grad = 0.0672
step  13520 | loss = -0.3610 | g_L = +0.3610 | EMA = +0.2765 | std(g_L) = 0.8180 | grad = 0.0562
step  13540 | loss = -0.3331 | g_L = +0.3331 | EMA = +0.2723 | std(g_L) = 0.7186 | grad = 0.0556
step  13560 | loss = -0.2688 | g_L = +0.2688 | EMA = +0.2619 | std(g_L) = 0.7512 | grad = 0.0540
step  13580 | loss = -0.3282 | g_L = +0.3282 | EMA = +0.2714 | std(g_L) = 0.6792 | grad = 0.0540
step  13600 | loss = -0.2258 | g_L = +0.2258 | EMA = +0.2568 | std(g_L) = 0.6256 | grad = 0.0781
step  13620 | loss = -0.2413 | g_L = +0.2413 | EMA = +0.2687 | std(g_L) = 0.5851 | grad = 0.0310
step  13640 | loss = -0.2638 | g_L = +0.2638 | EMA = +0.2623 | std(g_L) = 0.6982 | grad = 0.0752
step  13660 | loss = -0.2440 | g_L = +0.2440 | EMA = +0.2614 | std(g_L) = 0.7229 | grad = 0.0591
step  13680 | loss = -0.1951 | g_L = +0.1951 | EMA = +0.2586 | std(g_L) = 0.6568 | grad = 0.0453
step  13700 | loss = -0.2309 | g_L = +0.2309 | EMA = +0.2476 | std(g_L) = 0.6017 | grad = 0.1014
step  13720 | loss = -0.2408 | g_L = +0.2408 | EMA = +0.2552 | std(g_L) = 0.5782 | grad = 0.0647
step  13740 | loss = -0.2043 | g_L = +0.2043 | EMA = +0.2443 | std(g_L) = 0.6053 | grad = 0.0656
step  13760 | loss = -0.1667 | g_L = +0.1667 | EMA = +0.2499 | std(g_L) = 0.6771 | grad = 0.0703
step  13780 | loss = -0.1773 | g_L = +0.1773 | EMA = +0.2430 | std(g_L) = 0.4189 | grad = 0.0593
step  13800 | loss = -0.2219 | g_L = +0.2219 | EMA = +0.2452 | std(g_L) = 0.5361 | grad = 0.0204
step  13820 | loss = -0.3890 | g_L = +0.3890 | EMA = +0.2762 | std(g_L) = 0.6740 | grad = 0.0427
step  13840 | loss = -0.3035 | g_L = +0.3035 | EMA = +0.2724 | std(g_L) = 0.6636 | grad = 0.1126
step  13860 | loss = -0.2445 | g_L = +0.2445 | EMA = +0.2560 | std(g_L) = 0.5522 | grad = 0.0357
step  13880 | loss = -0.2509 | g_L = +0.2509 | EMA = +0.2549 | std(g_L) = 0.5435 | grad = 0.0385
step  13900 | loss = -0.1967 | g_L = +0.1967 | EMA = +0.2542 | std(g_L) = 0.7494 | grad = 0.1097
step  13920 | loss = -0.1551 | g_L = +0.1551 | EMA = +0.2329 | std(g_L) = 0.6298 | grad = 0.0967
step  13940 | loss = -0.1915 | g_L = +0.1915 | EMA = +0.2389 | std(g_L) = 0.5579 | grad = 0.0770
step  13960 | loss = -0.2347 | g_L = +0.2347 | EMA = +0.2650 | std(g_L) = 0.5583 | grad = 0.0814
step  13980 | loss = -0.1428 | g_L = +0.1428 | EMA = +0.2488 | std(g_L) = 0.5680 | grad = 0.0269
step  14000 | loss = -0.1759 | g_L = +0.1759 | EMA = +0.2497 | std(g_L) = 0.5502 | grad = 0.0411
step  14020 | loss = -0.3463 | g_L = +0.3463 | EMA = +0.2598 | std(g_L) = 0.7565 | grad = 0.0389
step  14040 | loss = -0.2016 | g_L = +0.2016 | EMA = +0.2485 | std(g_L) = 0.5605 | grad = 0.0308
step  14060 | loss = -0.2229 | g_L = +0.2229 | EMA = +0.2523 | std(g_L) = 0.6376 | grad = 0.0819
step  14080 | loss = -0.1951 | g_L = +0.1951 | EMA = +0.2553 | std(g_L) = 0.5408 | grad = 0.0225
step  14100 | loss = -0.2176 | g_L = +0.2176 | EMA = +0.2417 | std(g_L) = 0.6209 | grad = 0.0469
step  14120 | loss = -0.2649 | g_L = +0.2649 | EMA = +0.2607 | std(g_L) = 0.6579 | grad = 0.1067
step  14140 | loss = -0.1564 | g_L = +0.1564 | EMA = +0.2516 | std(g_L) = 0.6553 | grad = 0.0767
step  14160 | loss = -0.2670 | g_L = +0.2670 | EMA = +0.2648 | std(g_L) = 0.7774 | grad = 0.0860
step  14180 | loss = -0.2720 | g_L = +0.2720 | EMA = +0.2592 | std(g_L) = 0.5966 | grad = 0.0491
step  14200 | loss = -0.1958 | g_L = +0.1958 | EMA = +0.2569 | std(g_L) = 0.6866 | grad = 0.0587
step  14220 | loss = -0.2588 | g_L = +0.2588 | EMA = +0.2638 | std(g_L) = 0.5543 | grad = 0.0783
step  14240 | loss = -0.0710 | g_L = +0.0710 | EMA = +0.2487 | std(g_L) = 0.4910 | grad = 0.0346
step  14260 | loss = -0.2048 | g_L = +0.2048 | EMA = +0.2526 | std(g_L) = 0.5110 | grad = 0.0509
step  14280 | loss = -0.3074 | g_L = +0.3074 | EMA = +0.2751 | std(g_L) = 0.6696 | grad = 0.0541
step  14300 | loss = -0.2147 | g_L = +0.2147 | EMA = +0.2800 | std(g_L) = 0.5826 | grad = 0.0310
step  14320 | loss = -0.3041 | g_L = +0.3041 | EMA = +0.2709 | std(g_L) = 0.6724 | grad = 0.0502
step  14340 | loss = -0.2715 | g_L = +0.2715 | EMA = +0.2612 | std(g_L) = 0.6033 | grad = 0.0658
step  14360 | loss = -0.2712 | g_L = +0.2712 | EMA = +0.2568 | std(g_L) = 0.7191 | grad = 0.0635
step  14380 | loss = -0.1668 | g_L = +0.1668 | EMA = +0.2457 | std(g_L) = 0.5837 | grad = 0.1021
step  14400 | loss = -0.3167 | g_L = +0.3167 | EMA = +0.2437 | std(g_L) = 0.6654 | grad = 0.0561
step  14420 | loss = -0.3385 | g_L = +0.3385 | EMA = +0.2484 | std(g_L) = 0.6229 | grad = 0.0963
step  14440 | loss = -0.2398 | g_L = +0.2398 | EMA = +0.2616 | std(g_L) = 0.6402 | grad = 0.0329
step  14460 | loss = -0.2727 | g_L = +0.2727 | EMA = +0.2550 | std(g_L) = 0.5698 | grad = 0.0934
step  14480 | loss = -0.4267 | g_L = +0.4267 | EMA = +0.2578 | std(g_L) = 0.7791 | grad = 0.0419
step  14500 | loss = -0.2715 | g_L = +0.2715 | EMA = +0.2568 | std(g_L) = 0.7414 | grad = 0.0780
step  14520 | loss = -0.3149 | g_L = +0.3149 | EMA = +0.2561 | std(g_L) = 0.7489 | grad = 0.0638
step  14540 | loss = -0.2298 | g_L = +0.2298 | EMA = +0.2519 | std(g_L) = 0.6402 | grad = 0.0510
step  14560 | loss = -0.2775 | g_L = +0.2775 | EMA = +0.2464 | std(g_L) = 0.7029 | grad = 0.1113
step  14580 | loss = -0.1862 | g_L = +0.1862 | EMA = +0.2485 | std(g_L) = 0.6791 | grad = 0.0257
step  14600 | loss = -0.2054 | g_L = +0.2054 | EMA = +0.2707 | std(g_L) = 0.6983 | grad = 0.0567
step  14620 | loss = -0.2059 | g_L = +0.2059 | EMA = +0.2601 | std(g_L) = 0.6682 | grad = 0.0455
step  14640 | loss = -0.2150 | g_L = +0.2150 | EMA = +0.2583 | std(g_L) = 0.7482 | grad = 0.0761
step  14660 | loss = -0.3535 | g_L = +0.3535 | EMA = +0.2693 | std(g_L) = 0.7214 | grad = 0.0331
step  14680 | loss = -0.3973 | g_L = +0.3973 | EMA = +0.2609 | std(g_L) = 0.8016 | grad = 0.0296
step  14700 | loss = -0.4408 | g_L = +0.4408 | EMA = +0.2702 | std(g_L) = 0.8047 | grad = 0.0584
step  14720 | loss = -0.1397 | g_L = +0.1397 | EMA = +0.2506 | std(g_L) = 0.6037 | grad = 0.0514
step  14740 | loss = -0.3684 | g_L = +0.3684 | EMA = +0.2535 | std(g_L) = 0.8528 | grad = 0.0481
step  14760 | loss = -0.2549 | g_L = +0.2549 | EMA = +0.2634 | std(g_L) = 0.7393 | grad = 0.0491
step  14780 | loss = -0.2597 | g_L = +0.2597 | EMA = +0.2434 | std(g_L) = 0.6429 | grad = 0.0462
step  14800 | loss = -0.3442 | g_L = +0.3442 | EMA = +0.2606 | std(g_L) = 0.6949 | grad = 0.0595
step  14820 | loss = -0.2379 | g_L = +0.2379 | EMA = +0.2662 | std(g_L) = 0.5452 | grad = 0.0745
step  14840 | loss = -0.2843 | g_L = +0.2843 | EMA = +0.2614 | std(g_L) = 0.6271 | grad = 0.0448
step  14860 | loss = -0.1870 | g_L = +0.1870 | EMA = +0.2519 | std(g_L) = 0.5780 | grad = 0.0405
step  14880 | loss = -0.3346 | g_L = +0.3346 | EMA = +0.2779 | std(g_L) = 0.8292 | grad = 0.0336
step  14900 | loss = -0.3322 | g_L = +0.3322 | EMA = +0.2654 | std(g_L) = 0.7695 | grad = 0.0461
step  14920 | loss = -0.2045 | g_L = +0.2045 | EMA = +0.2642 | std(g_L) = 0.6795 | grad = 0.0686
step  14940 | loss = -0.2803 | g_L = +0.2803 | EMA = +0.2569 | std(g_L) = 0.6391 | grad = 0.0401
step  14960 | loss = -0.2456 | g_L = +0.2456 | EMA = +0.2398 | std(g_L) = 0.7320 | grad = 0.0863
step  14980 | loss = -0.3181 | g_L = +0.3181 | EMA = +0.2432 | std(g_L) = 0.6879 | grad = 0.0579
step  15000 | loss = -0.1903 | g_L = +0.1903 | EMA = +0.2542 | std(g_L) = 0.6821 | grad = 0.0593
T=1 finished.

============================================================
T = 5
L = 128
Batch size = 128
Steps = 15000
Checkpoints = model_checkpoints/fixed_sigma_sweep/T5_L128_B128
============================================================
step      1 | loss = -0.3324 | g_L = +0.3324 | EMA = +0.3324 | std(g_L) = 0.6601 | grad = 0.0901
step     20 | loss = -0.3876 | g_L = +0.3876 | EMA = +0.3356 | std(g_L) = 0.7369 | grad = 0.1108
step     40 | loss = -0.3276 | g_L = +0.3276 | EMA = +0.3306 | std(g_L) = 0.9043 | grad = 0.1405
step     60 | loss = -0.3466 | g_L = +0.3466 | EMA = +0.3835 | std(g_L) = 0.7409 | grad = 0.1408
step     80 | loss = -0.3560 | g_L = +0.3560 | EMA = +0.4259 | std(g_L) = 0.8480 | grad = 0.1068
step    100 | loss = -0.5911 | g_L = +0.5911 | EMA = +0.4980 | std(g_L) = 1.0522 | grad = 0.1292
step    120 | loss = -0.5474 | g_L = +0.5474 | EMA = +0.5975 | std(g_L) = 1.0924 | grad = 0.3422
step    140 | loss = -0.7879 | g_L = +0.7879 | EMA = +0.7085 | std(g_L) = 1.1763 | grad = 0.3055
step    160 | loss = -0.8277 | g_L = +0.8277 | EMA = +0.7479 | std(g_L) = 1.2307 | grad = 0.2629
step    180 | loss = -0.8927 | g_L = +0.8927 | EMA = +0.8063 | std(g_L) = 1.2506 | grad = 0.4743
step    200 | loss = -1.0217 | g_L = +1.0217 | EMA = +0.8383 | std(g_L) = 1.2622 | grad = 0.3229
step    220 | loss = -0.8249 | g_L = +0.8249 | EMA = +0.8811 | std(g_L) = 1.2635 | grad = 0.3030
step    240 | loss = -0.9933 | g_L = +0.9933 | EMA = +0.9120 | std(g_L) = 1.3135 | grad = 0.2290
step    260 | loss = -1.1423 | g_L = +1.1423 | EMA = +1.0012 | std(g_L) = 1.2714 | grad = 0.5862
step    280 | loss = -1.3428 | g_L = +1.3428 | EMA = +1.1047 | std(g_L) = 1.0928 | grad = 0.5078
step    300 | loss = -1.6177 | g_L = +1.6177 | EMA = +1.2562 | std(g_L) = 1.0316 | grad = 0.4008
step    320 | loss = -1.5405 | g_L = +1.5405 | EMA = +1.3998 | std(g_L) = 1.1322 | grad = 0.5099
step    340 | loss = -1.9011 | g_L = +1.9011 | EMA = +1.5292 | std(g_L) = 1.1951 | grad = 0.6880
step    360 | loss = -1.6640 | g_L = +1.6640 | EMA = +1.6122 | std(g_L) = 1.2084 | grad = 0.5495
step    380 | loss = -1.8236 | g_L = +1.8236 | EMA = +1.6657 | std(g_L) = 1.1663 | grad = 0.6289
step    400 | loss = -1.7107 | g_L = +1.7107 | EMA = +1.7211 | std(g_L) = 1.1670 | grad = 0.4751
step    420 | loss = -1.9277 | g_L = +1.9277 | EMA = +1.7291 | std(g_L) = 1.1070 | grad = 0.7766
step    440 | loss = -1.8780 | g_L = +1.8780 | EMA = +1.7410 | std(g_L) = 1.1416 | grad = 0.5141
step    460 | loss = -1.7566 | g_L = +1.7566 | EMA = +1.7433 | std(g_L) = 1.2518 | grad = 0.6686
step    480 | loss = -1.7225 | g_L = +1.7225 | EMA = +1.7599 | std(g_L) = 1.1905 | grad = 0.8128
step    500 | loss = -1.8813 | g_L = +1.8813 | EMA = +1.7373 | std(g_L) = 1.0643 | grad = 0.4324
step    520 | loss = -1.7403 | g_L = +1.7403 | EMA = +1.7377 | std(g_L) = 1.1488 | grad = 1.0088
step    540 | loss = -1.7305 | g_L = +1.7305 | EMA = +1.7061 | std(g_L) = 1.0931 | grad = 0.3198
step    560 | loss = -1.5869 | g_L = +1.5869 | EMA = +1.7079 | std(g_L) = 1.0497 | grad = 0.8028
step    580 | loss = -1.6330 | g_L = +1.6330 | EMA = +1.7464 | std(g_L) = 1.2119 | grad = 0.4200
step    600 | loss = -1.7129 | g_L = +1.7129 | EMA = +1.7962 | std(g_L) = 1.3195 | grad = 0.8606
step    620 | loss = -1.6420 | g_L = +1.6420 | EMA = +1.7626 | std(g_L) = 1.1754 | grad = 0.6061
step    640 | loss = -1.7942 | g_L = +1.7942 | EMA = +1.7550 | std(g_L) = 0.9982 | grad = 0.6657
step    660 | loss = -2.0323 | g_L = +2.0323 | EMA = +1.7831 | std(g_L) = 1.1192 | grad = 0.4408
step    680 | loss = -1.9659 | g_L = +1.9659 | EMA = +1.7853 | std(g_L) = 1.1059 | grad = 0.4722
step    700 | loss = -1.6092 | g_L = +1.6092 | EMA = +1.7725 | std(g_L) = 1.3888 | grad = 0.5544
step    720 | loss = -1.7198 | g_L = +1.7198 | EMA = +1.7672 | std(g_L) = 1.0426 | grad = 0.7463
step    740 | loss = -1.8289 | g_L = +1.8289 | EMA = +1.7739 | std(g_L) = 1.2776 | grad = 0.4453
step    760 | loss = -1.7721 | g_L = +1.7721 | EMA = +1.7869 | std(g_L) = 1.1098 | grad = 0.8846
step    780 | loss = -1.9862 | g_L = +1.9862 | EMA = +1.8166 | std(g_L) = 1.0331 | grad = 0.2418
step    800 | loss = -1.7711 | g_L = +1.7711 | EMA = +1.8127 | std(g_L) = 1.0416 | grad = 0.9724
step    820 | loss = -1.7798 | g_L = +1.7798 | EMA = +1.8229 | std(g_L) = 1.1219 | grad = 0.1848
step    840 | loss = -1.7285 | g_L = +1.7285 | EMA = +1.8121 | std(g_L) = 0.9955 | grad = 0.8964
step    860 | loss = -1.7376 | g_L = +1.7376 | EMA = +1.8324 | std(g_L) = 1.1469 | grad = 0.9408
step    880 | loss = -1.9231 | g_L = +1.9231 | EMA = +1.8642 | std(g_L) = 0.9184 | grad = 0.5653
step    900 | loss = -1.7965 | g_L = +1.7965 | EMA = +1.8739 | std(g_L) = 1.0895 | grad = 0.6597
step    920 | loss = -1.9264 | g_L = +1.9264 | EMA = +1.8716 | std(g_L) = 1.0809 | grad = 0.8520
step    940 | loss = -1.8646 | g_L = +1.8646 | EMA = +1.8693 | std(g_L) = 0.9540 | grad = 1.1452
step    960 | loss = -1.9405 | g_L = +1.9405 | EMA = +1.8799 | std(g_L) = 1.0655 | grad = 0.2366
step    980 | loss = -1.9080 | g_L = +1.9080 | EMA = +1.8572 | std(g_L) = 0.9438 | grad = 0.4001
step   1000 | loss = -1.8637 | g_L = +1.8637 | EMA = +1.8460 | std(g_L) = 1.0158 | grad = 0.6178
step   1020 | loss = -1.8222 | g_L = +1.8222 | EMA = +1.8958 | std(g_L) = 1.0638 | grad = 0.6702
step   1040 | loss = -2.0002 | g_L = +2.0002 | EMA = +1.8978 | std(g_L) = 0.9042 | grad = 0.5469
step   1060 | loss = -1.9926 | g_L = +1.9926 | EMA = +1.8895 | std(g_L) = 1.0519 | grad = 0.5034
step   1080 | loss = -1.9517 | g_L = +1.9517 | EMA = +1.8833 | std(g_L) = 1.0359 | grad = 0.8184
step   1100 | loss = -1.9662 | g_L = +1.9662 | EMA = +1.8703 | std(g_L) = 1.0161 | grad = 0.2748
step   1120 | loss = -1.8911 | g_L = +1.8911 | EMA = +1.8642 | std(g_L) = 1.0235 | grad = 0.4391
step   1140 | loss = -2.0178 | g_L = +2.0178 | EMA = +1.8843 | std(g_L) = 0.9715 | grad = 0.6193
step   1160 | loss = -1.9233 | g_L = +1.9233 | EMA = +1.8982 | std(g_L) = 1.2040 | grad = 0.3686
step   1180 | loss = -1.7848 | g_L = +1.7848 | EMA = +1.9040 | std(g_L) = 1.0781 | grad = 0.5384
step   1200 | loss = -1.7442 | g_L = +1.7442 | EMA = +1.8829 | std(g_L) = 1.0863 | grad = 0.4451
step   1220 | loss = -1.7596 | g_L = +1.7596 | EMA = +1.8889 | std(g_L) = 1.0148 | grad = 0.6900
step   1240 | loss = -1.8031 | g_L = +1.8031 | EMA = +1.8754 | std(g_L) = 1.1638 | grad = 0.5926
step   1260 | loss = -1.9071 | g_L = +1.9071 | EMA = +1.8980 | std(g_L) = 0.9819 | grad = 0.5144
step   1280 | loss = -1.8195 | g_L = +1.8195 | EMA = +1.8734 | std(g_L) = 1.0099 | grad = 0.5193
step   1300 | loss = -2.0124 | g_L = +2.0124 | EMA = +1.9007 | std(g_L) = 0.9776 | grad = 0.6249
step   1320 | loss = -1.9355 | g_L = +1.9355 | EMA = +1.8858 | std(g_L) = 0.9766 | grad = 0.5113
step   1340 | loss = -1.8262 | g_L = +1.8262 | EMA = +1.8904 | std(g_L) = 1.0758 | grad = 0.3292
step   1360 | loss = -1.9458 | g_L = +1.9458 | EMA = +1.8720 | std(g_L) = 0.9720 | grad = 0.7210
step   1380 | loss = -2.0494 | g_L = +2.0494 | EMA = +1.8974 | std(g_L) = 0.9789 | grad = 0.4068
step   1400 | loss = -1.8877 | g_L = +1.8877 | EMA = +1.8881 | std(g_L) = 0.9906 | grad = 0.7011
step   1420 | loss = -1.9021 | g_L = +1.9021 | EMA = +1.8777 | std(g_L) = 0.9784 | grad = 0.6681
step   1440 | loss = -1.9243 | g_L = +1.9243 | EMA = +1.8851 | std(g_L) = 1.0073 | grad = 0.4726
step   1460 | loss = -1.9620 | g_L = +1.9620 | EMA = +1.8838 | std(g_L) = 0.8392 | grad = 0.5976
step   1480 | loss = -1.7884 | g_L = +1.7884 | EMA = +1.9096 | std(g_L) = 1.0154 | grad = 0.5627
step   1500 | loss = -1.8031 | g_L = +1.8031 | EMA = +1.8968 | std(g_L) = 1.1367 | grad = 0.8406
step   1520 | loss = -1.8271 | g_L = +1.8271 | EMA = +1.8867 | std(g_L) = 0.8910 | grad = 0.3347
step   1540 | loss = -1.9079 | g_L = +1.9079 | EMA = +1.8721 | std(g_L) = 1.0491 | grad = 0.4575
step   1560 | loss = -1.8329 | g_L = +1.8329 | EMA = +1.8964 | std(g_L) = 1.1036 | grad = 0.5726
step   1580 | loss = -1.7159 | g_L = +1.7159 | EMA = +1.8865 | std(g_L) = 0.9784 | grad = 0.4660
step   1600 | loss = -2.0043 | g_L = +2.0043 | EMA = +1.9272 | std(g_L) = 1.0237 | grad = 0.7226
step   1620 | loss = -1.7288 | g_L = +1.7288 | EMA = +1.9028 | std(g_L) = 1.0165 | grad = 0.2531
step   1640 | loss = -1.8344 | g_L = +1.8344 | EMA = +1.8922 | std(g_L) = 0.8985 | grad = 0.5148
step   1660 | loss = -1.6995 | g_L = +1.6995 | EMA = +1.8870 | std(g_L) = 0.9692 | grad = 0.7871
step   1680 | loss = -2.0628 | g_L = +2.0628 | EMA = +1.9169 | std(g_L) = 1.0119 | grad = 0.4321
step   1700 | loss = -1.9275 | g_L = +1.9275 | EMA = +1.8823 | std(g_L) = 0.9878 | grad = 0.5598
step   1720 | loss = -1.8562 | g_L = +1.8562 | EMA = +1.8941 | std(g_L) = 0.9489 | grad = 0.5806
step   1740 | loss = -1.9026 | g_L = +1.9026 | EMA = +1.8968 | std(g_L) = 0.8754 | grad = 0.3877
step   1760 | loss = -1.9085 | g_L = +1.9085 | EMA = +1.8973 | std(g_L) = 0.9086 | grad = 1.4732
step   1780 | loss = -1.8774 | g_L = +1.8774 | EMA = +1.8791 | std(g_L) = 1.0450 | grad = 0.3400
step   1800 | loss = -1.9609 | g_L = +1.9609 | EMA = +1.8845 | std(g_L) = 0.9149 | grad = 0.8313
step   1820 | loss = -1.8737 | g_L = +1.8737 | EMA = +1.8764 | std(g_L) = 0.8905 | grad = 0.8734
step   1840 | loss = -2.0011 | g_L = +2.0011 | EMA = +1.9147 | std(g_L) = 0.9099 | grad = 0.6329
step   1860 | loss = -1.8277 | g_L = +1.8277 | EMA = +1.9118 | std(g_L) = 0.9335 | grad = 1.4972
step   1880 | loss = -1.8182 | g_L = +1.8182 | EMA = +1.9229 | std(g_L) = 0.9637 | grad = 0.3768
step   1900 | loss = -1.9244 | g_L = +1.9244 | EMA = +1.9107 | std(g_L) = 0.9981 | grad = 0.3772
step   1920 | loss = -1.9131 | g_L = +1.9131 | EMA = +1.9209 | std(g_L) = 0.9058 | grad = 0.9064
step   1940 | loss = -2.0381 | g_L = +2.0381 | EMA = +1.9146 | std(g_L) = 0.8790 | grad = 0.6964
step   1960 | loss = -1.8303 | g_L = +1.8303 | EMA = +1.9042 | std(g_L) = 1.1486 | grad = 0.2350
step   1980 | loss = -1.8745 | g_L = +1.8745 | EMA = +1.9084 | std(g_L) = 1.0001 | grad = 0.6246
step   2000 | loss = -1.8062 | g_L = +1.8062 | EMA = +1.9018 | std(g_L) = 0.8792 | grad = 0.5731
step   2020 | loss = -1.8934 | g_L = +1.8934 | EMA = +1.9006 | std(g_L) = 0.9786 | grad = 0.4298
step   2040 | loss = -2.0981 | g_L = +2.0981 | EMA = +1.9372 | std(g_L) = 0.8980 | grad = 0.5249
step   2060 | loss = -1.8779 | g_L = +1.8779 | EMA = +1.9275 | std(g_L) = 1.1592 | grad = 0.5416
step   2080 | loss = -1.7710 | g_L = +1.7710 | EMA = +1.9098 | std(g_L) = 0.9658 | grad = 0.2795
step   2100 | loss = -1.8457 | g_L = +1.8457 | EMA = +1.9397 | std(g_L) = 1.0069 | grad = 0.6234
step   2120 | loss = -2.0063 | g_L = +2.0063 | EMA = +1.9179 | std(g_L) = 0.9265 | grad = 0.5671
step   2140 | loss = -1.9042 | g_L = +1.9042 | EMA = +1.9187 | std(g_L) = 0.9896 | grad = 0.8166
step   2160 | loss = -1.7666 | g_L = +1.7666 | EMA = +1.9006 | std(g_L) = 1.2044 | grad = 0.3782
step   2180 | loss = -2.0197 | g_L = +2.0197 | EMA = +1.9293 | std(g_L) = 0.8933 | grad = 0.4067
step   2200 | loss = -1.8275 | g_L = +1.8275 | EMA = +1.8993 | std(g_L) = 1.1206 | grad = 1.0678
step   2220 | loss = -1.9420 | g_L = +1.9420 | EMA = +1.9126 | std(g_L) = 1.0430 | grad = 0.4326
step   2240 | loss = -1.9137 | g_L = +1.9137 | EMA = +1.9106 | std(g_L) = 1.0432 | grad = 1.3493
step   2260 | loss = -2.0618 | g_L = +2.0618 | EMA = +1.9275 | std(g_L) = 0.8740 | grad = 0.9822
step   2280 | loss = -1.9406 | g_L = +1.9406 | EMA = +1.9328 | std(g_L) = 1.1371 | grad = 0.4013
step   2300 | loss = -1.9665 | g_L = +1.9665 | EMA = +1.9480 | std(g_L) = 0.8696 | grad = 0.6995
step   2320 | loss = -2.0822 | g_L = +2.0822 | EMA = +1.9424 | std(g_L) = 0.8714 | grad = 0.3560
step   2340 | loss = -1.9858 | g_L = +1.9858 | EMA = +1.9575 | std(g_L) = 0.8642 | grad = 0.4421
step   2360 | loss = -2.0012 | g_L = +2.0012 | EMA = +1.9446 | std(g_L) = 0.8554 | grad = 1.1448
step   2380 | loss = -1.9229 | g_L = +1.9229 | EMA = +1.9158 | std(g_L) = 0.9922 | grad = 0.6232
step   2400 | loss = -2.0306 | g_L = +2.0306 | EMA = +1.9193 | std(g_L) = 0.9256 | grad = 0.6468
step   2420 | loss = -1.8757 | g_L = +1.8757 | EMA = +1.8980 | std(g_L) = 0.8747 | grad = 0.5488
step   2440 | loss = -1.8733 | g_L = +1.8733 | EMA = +1.8927 | std(g_L) = 1.0023 | grad = 0.6882
step   2460 | loss = -1.9833 | g_L = +1.9833 | EMA = +1.9143 | std(g_L) = 0.9836 | grad = 0.5904
step   2480 | loss = -1.9520 | g_L = +1.9520 | EMA = +1.9019 | std(g_L) = 0.9091 | grad = 0.5532
step   2500 | loss = -1.7015 | g_L = +1.7015 | EMA = +1.9057 | std(g_L) = 1.1151 | grad = 0.3947
step   2520 | loss = -1.9768 | g_L = +1.9768 | EMA = +1.9072 | std(g_L) = 0.9222 | grad = 1.2730
step   2540 | loss = -1.9860 | g_L = +1.9860 | EMA = +1.9205 | std(g_L) = 1.0354 | grad = 0.6429
step   2560 | loss = -1.8631 | g_L = +1.8631 | EMA = +1.9108 | std(g_L) = 0.9598 | grad = 0.4527
step   2580 | loss = -1.8674 | g_L = +1.8674 | EMA = +1.9398 | std(g_L) = 1.0259 | grad = 0.7591
step   2600 | loss = -1.9039 | g_L = +1.9039 | EMA = +1.9338 | std(g_L) = 0.9650 | grad = 0.5783
step   2620 | loss = -1.9528 | g_L = +1.9528 | EMA = +1.9508 | std(g_L) = 0.9559 | grad = 0.9102
step   2640 | loss = -1.9212 | g_L = +1.9212 | EMA = +1.9367 | std(g_L) = 0.9280 | grad = 0.5969
step   2660 | loss = -2.0276 | g_L = +2.0276 | EMA = +1.9238 | std(g_L) = 1.1027 | grad = 0.4198
step   2680 | loss = -1.9925 | g_L = +1.9925 | EMA = +1.9155 | std(g_L) = 0.8905 | grad = 0.3796
step   2700 | loss = -1.8912 | g_L = +1.8912 | EMA = +1.9188 | std(g_L) = 0.9977 | grad = 0.8551
step   2720 | loss = -1.9283 | g_L = +1.9283 | EMA = +1.9483 | std(g_L) = 0.8964 | grad = 0.5665
step   2740 | loss = -2.0483 | g_L = +2.0483 | EMA = +1.9458 | std(g_L) = 0.9625 | grad = 0.8810
step   2760 | loss = -1.9296 | g_L = +1.9296 | EMA = +1.9282 | std(g_L) = 1.0828 | grad = 0.7664
step   2780 | loss = -1.9052 | g_L = +1.9052 | EMA = +1.9274 | std(g_L) = 1.0050 | grad = 0.4566
step   2800 | loss = -1.8715 | g_L = +1.8715 | EMA = +1.9436 | std(g_L) = 1.0061 | grad = 0.6974
step   2820 | loss = -2.0335 | g_L = +2.0335 | EMA = +1.9483 | std(g_L) = 0.9627 | grad = 0.9682
step   2840 | loss = -1.9963 | g_L = +1.9963 | EMA = +1.9459 | std(g_L) = 0.8606 | grad = 0.5210
step   2860 | loss = -2.0520 | g_L = +2.0520 | EMA = +1.9529 | std(g_L) = 0.9660 | grad = 0.5184
step   2880 | loss = -1.9310 | g_L = +1.9310 | EMA = +1.9394 | std(g_L) = 1.1142 | grad = 0.5248
step   2900 | loss = -1.8728 | g_L = +1.8728 | EMA = +1.9313 | std(g_L) = 1.0649 | grad = 0.6049
step   2920 | loss = -1.8873 | g_L = +1.8873 | EMA = +1.9459 | std(g_L) = 0.9736 | grad = 0.8953
step   2940 | loss = -1.9621 | g_L = +1.9621 | EMA = +1.9682 | std(g_L) = 0.9440 | grad = 0.5118
step   2960 | loss = -2.0461 | g_L = +2.0461 | EMA = +1.9379 | std(g_L) = 0.8057 | grad = 0.5231
step   2980 | loss = -2.0257 | g_L = +2.0257 | EMA = +1.9479 | std(g_L) = 0.9900 | grad = 0.3717
step   3000 | loss = -1.8706 | g_L = +1.8706 | EMA = +1.9330 | std(g_L) = 1.0218 | grad = 0.4995
step   3020 | loss = -1.9852 | g_L = +1.9852 | EMA = +1.9383 | std(g_L) = 1.0261 | grad = 0.7183
step   3040 | loss = -1.8152 | g_L = +1.8152 | EMA = +1.9308 | std(g_L) = 0.9350 | grad = 0.8037
step   3060 | loss = -1.9097 | g_L = +1.9097 | EMA = +1.9367 | std(g_L) = 1.0198 | grad = 0.6710
step   3080 | loss = -1.9441 | g_L = +1.9441 | EMA = +1.9384 | std(g_L) = 1.0090 | grad = 0.6552
step   3100 | loss = -1.9060 | g_L = +1.9060 | EMA = +1.9373 | std(g_L) = 0.8828 | grad = 0.7007
step   3120 | loss = -2.0107 | g_L = +2.0107 | EMA = +1.9490 | std(g_L) = 1.0578 | grad = 0.3930
step   3140 | loss = -1.9873 | g_L = +1.9873 | EMA = +1.9444 | std(g_L) = 0.8273 | grad = 0.5643
step   3160 | loss = -1.8572 | g_L = +1.8572 | EMA = +1.9303 | std(g_L) = 0.9725 | grad = 0.4488
step   3180 | loss = -2.1470 | g_L = +2.1470 | EMA = +1.9230 | std(g_L) = 0.9568 | grad = 0.6094
step   3200 | loss = -1.9410 | g_L = +1.9410 | EMA = +1.9375 | std(g_L) = 0.9078 | grad = 1.1615
step   3220 | loss = -1.8996 | g_L = +1.8996 | EMA = +1.9478 | std(g_L) = 0.9629 | grad = 0.5983
step   3240 | loss = -2.0000 | g_L = +2.0000 | EMA = +1.9351 | std(g_L) = 0.9832 | grad = 1.6320
step   3260 | loss = -1.8194 | g_L = +1.8194 | EMA = +1.9533 | std(g_L) = 1.0479 | grad = 0.6825
step   3280 | loss = -1.9442 | g_L = +1.9442 | EMA = +1.9555 | std(g_L) = 0.9900 | grad = 0.4505
step   3300 | loss = -1.9695 | g_L = +1.9695 | EMA = +1.9483 | std(g_L) = 0.8493 | grad = 0.6811
step   3320 | loss = -2.0402 | g_L = +2.0402 | EMA = +1.9540 | std(g_L) = 1.0109 | grad = 0.5772
step   3340 | loss = -2.0755 | g_L = +2.0755 | EMA = +1.9649 | std(g_L) = 0.9883 | grad = 0.6606
step   3360 | loss = -2.0226 | g_L = +2.0226 | EMA = +1.9500 | std(g_L) = 0.9543 | grad = 0.3299
step   3380 | loss = -2.0315 | g_L = +2.0315 | EMA = +1.9612 | std(g_L) = 0.8603 | grad = 0.3612
step   3400 | loss = -2.0192 | g_L = +2.0192 | EMA = +1.9731 | std(g_L) = 0.9611 | grad = 0.7488
step   3420 | loss = -2.1974 | g_L = +2.1974 | EMA = +1.9570 | std(g_L) = 0.7937 | grad = 0.6549
step   3440 | loss = -2.0073 | g_L = +2.0073 | EMA = +1.9478 | std(g_L) = 0.9568 | grad = 0.5554
step   3460 | loss = -1.6697 | g_L = +1.6697 | EMA = +1.9020 | std(g_L) = 1.1188 | grad = 0.8492
step   3480 | loss = -2.0046 | g_L = +2.0046 | EMA = +1.9403 | std(g_L) = 0.9632 | grad = 0.7869
step   3500 | loss = -1.9305 | g_L = +1.9305 | EMA = +1.9479 | std(g_L) = 0.9523 | grad = 0.3872
step   3520 | loss = -1.8691 | g_L = +1.8691 | EMA = +1.9381 | std(g_L) = 1.0570 | grad = 0.7970
step   3540 | loss = -1.9209 | g_L = +1.9209 | EMA = +1.9487 | std(g_L) = 1.2249 | grad = 0.4302
step   3560 | loss = -1.9311 | g_L = +1.9311 | EMA = +1.9415 | std(g_L) = 0.9539 | grad = 0.8363
step   3580 | loss = -1.9777 | g_L = +1.9777 | EMA = +1.9521 | std(g_L) = 0.9476 | grad = 0.9188
step   3600 | loss = -1.9330 | g_L = +1.9330 | EMA = +1.9643 | std(g_L) = 0.7861 | grad = 0.3634
step   3620 | loss = -2.0044 | g_L = +2.0044 | EMA = +1.9458 | std(g_L) = 0.9218 | grad = 0.6177
step   3640 | loss = -1.8391 | g_L = +1.8391 | EMA = +1.9435 | std(g_L) = 1.1144 | grad = 0.5299
step   3660 | loss = -1.8766 | g_L = +1.8766 | EMA = +1.9285 | std(g_L) = 0.9356 | grad = 0.4341
step   3680 | loss = -1.8814 | g_L = +1.8814 | EMA = +1.9449 | std(g_L) = 1.0846 | grad = 0.5663
step   3700 | loss = -1.9959 | g_L = +1.9959 | EMA = +1.9491 | std(g_L) = 0.9742 | grad = 0.2697
step   3720 | loss = -2.0006 | g_L = +2.0006 | EMA = +1.9651 | std(g_L) = 0.8887 | grad = 0.5345
step   3740 | loss = -2.0584 | g_L = +2.0584 | EMA = +1.9689 | std(g_L) = 0.8790 | grad = 1.4265
step   3760 | loss = -1.9814 | g_L = +1.9814 | EMA = +1.9396 | std(g_L) = 0.9578 | grad = 0.2067
step   3780 | loss = -1.8127 | g_L = +1.8127 | EMA = +1.9245 | std(g_L) = 0.8956 | grad = 0.6231
step   3800 | loss = -1.9488 | g_L = +1.9488 | EMA = +1.9234 | std(g_L) = 0.9471 | grad = 0.5779
step   3820 | loss = -1.8988 | g_L = +1.8988 | EMA = +1.9256 | std(g_L) = 0.8908 | grad = 0.4003
step   3840 | loss = -1.7900 | g_L = +1.7900 | EMA = +1.9205 | std(g_L) = 1.1061 | grad = 0.7093
step   3860 | loss = -1.9115 | g_L = +1.9115 | EMA = +1.9472 | std(g_L) = 1.0572 | grad = 0.5974
step   3880 | loss = -2.1144 | g_L = +2.1144 | EMA = +1.9443 | std(g_L) = 0.8859 | grad = 0.5649
step   3900 | loss = -1.9758 | g_L = +1.9758 | EMA = +1.9401 | std(g_L) = 0.9321 | grad = 1.1365
step   3920 | loss = -1.9462 | g_L = +1.9462 | EMA = +1.9398 | std(g_L) = 1.0752 | grad = 0.8456
step   3940 | loss = -1.7725 | g_L = +1.7725 | EMA = +1.9447 | std(g_L) = 0.8443 | grad = 0.6473
step   3960 | loss = -1.9414 | g_L = +1.9414 | EMA = +1.9585 | std(g_L) = 1.0284 | grad = 0.5532
step   3980 | loss = -1.8629 | g_L = +1.8629 | EMA = +1.9608 | std(g_L) = 0.9863 | grad = 0.7019
step   4000 | loss = -1.9703 | g_L = +1.9703 | EMA = +1.9750 | std(g_L) = 0.8718 | grad = 0.4020
step   4020 | loss = -1.9328 | g_L = +1.9328 | EMA = +1.9451 | std(g_L) = 0.9548 | grad = 0.6797
step   4040 | loss = -1.9674 | g_L = +1.9674 | EMA = +1.9444 | std(g_L) = 0.8947 | grad = 0.6645
step   4060 | loss = -1.9103 | g_L = +1.9103 | EMA = +1.9482 | std(g_L) = 0.9232 | grad = 0.6246
step   4080 | loss = -2.0729 | g_L = +2.0729 | EMA = +1.9449 | std(g_L) = 0.8614 | grad = 0.4235
step   4100 | loss = -1.7446 | g_L = +1.7446 | EMA = +1.9550 | std(g_L) = 1.0091 | grad = 0.4183
step   4120 | loss = -1.8708 | g_L = +1.8708 | EMA = +1.9668 | std(g_L) = 0.9694 | grad = 0.8153
step   4140 | loss = -1.9333 | g_L = +1.9333 | EMA = +1.9500 | std(g_L) = 1.0264 | grad = 0.6268
step   4160 | loss = -1.7744 | g_L = +1.7744 | EMA = +1.9306 | std(g_L) = 1.1184 | grad = 0.5978
step   4180 | loss = -1.9308 | g_L = +1.9308 | EMA = +1.9392 | std(g_L) = 0.9380 | grad = 0.3874
step   4200 | loss = -2.0542 | g_L = +2.0542 | EMA = +1.9596 | std(g_L) = 0.8841 | grad = 0.2937
step   4220 | loss = -1.9746 | g_L = +1.9746 | EMA = +1.9502 | std(g_L) = 0.9730 | grad = 0.2131
step   4240 | loss = -1.9403 | g_L = +1.9403 | EMA = +1.9665 | std(g_L) = 1.1121 | grad = 1.1056
step   4260 | loss = -1.9674 | g_L = +1.9674 | EMA = +1.9589 | std(g_L) = 0.9159 | grad = 0.6239
step   4280 | loss = -2.1406 | g_L = +2.1406 | EMA = +1.9384 | std(g_L) = 0.9667 | grad = 0.4312
step   4300 | loss = -1.8838 | g_L = +1.8838 | EMA = +1.9322 | std(g_L) = 1.1743 | grad = 1.1922
step   4320 | loss = -1.9482 | g_L = +1.9482 | EMA = +1.9431 | std(g_L) = 0.9720 | grad = 0.8928
step   4340 | loss = -2.1335 | g_L = +2.1335 | EMA = +1.9659 | std(g_L) = 0.8345 | grad = 0.6823
step   4360 | loss = -1.9933 | g_L = +1.9933 | EMA = +1.9608 | std(g_L) = 0.9990 | grad = 1.1363
step   4380 | loss = -1.9819 | g_L = +1.9819 | EMA = +1.9543 | std(g_L) = 1.0081 | grad = 0.5920
step   4400 | loss = -1.9742 | g_L = +1.9742 | EMA = +1.9811 | std(g_L) = 1.0843 | grad = 0.3411
step   4420 | loss = -1.7173 | g_L = +1.7173 | EMA = +1.9637 | std(g_L) = 1.1080 | grad = 0.1554
step   4440 | loss = -2.0295 | g_L = +2.0295 | EMA = +1.9707 | std(g_L) = 0.9767 | grad = 0.5516
step   4460 | loss = -1.9490 | g_L = +1.9490 | EMA = +1.9467 | std(g_L) = 1.0811 | grad = 0.5091
step   4480 | loss = -1.8991 | g_L = +1.8991 | EMA = +1.9309 | std(g_L) = 1.1880 | grad = 0.5999
step   4500 | loss = -1.9881 | g_L = +1.9881 | EMA = +1.9209 | std(g_L) = 1.0628 | grad = 0.6080
step   4520 | loss = -1.9625 | g_L = +1.9625 | EMA = +1.9100 | std(g_L) = 1.1164 | grad = 0.5948
step   4540 | loss = -1.8187 | g_L = +1.8187 | EMA = +1.9489 | std(g_L) = 0.9417 | grad = 0.3266
step   4560 | loss = -1.9377 | g_L = +1.9377 | EMA = +1.9539 | std(g_L) = 0.9158 | grad = 0.5664
step   4580 | loss = -1.8813 | g_L = +1.8813 | EMA = +1.9583 | std(g_L) = 1.0517 | grad = 0.4942
step   4600 | loss = -1.8065 | g_L = +1.8065 | EMA = +1.9567 | std(g_L) = 0.8784 | grad = 0.8292
step   4620 | loss = -1.9745 | g_L = +1.9745 | EMA = +1.9314 | std(g_L) = 1.0516 | grad = 0.4010
step   4640 | loss = -2.0154 | g_L = +2.0154 | EMA = +1.9437 | std(g_L) = 0.9766 | grad = 0.5773
step   4660 | loss = -1.8969 | g_L = +1.8969 | EMA = +1.9288 | std(g_L) = 1.0077 | grad = 0.6889
step   4680 | loss = -1.8430 | g_L = +1.8430 | EMA = +1.9417 | std(g_L) = 1.1298 | grad = 1.0028
step   4700 | loss = -2.0026 | g_L = +2.0026 | EMA = +1.9609 | std(g_L) = 0.9144 | grad = 0.5936
step   4720 | loss = -1.9522 | g_L = +1.9522 | EMA = +1.9718 | std(g_L) = 1.0881 | grad = 0.3717
step   4740 | loss = -1.9804 | g_L = +1.9804 | EMA = +1.9674 | std(g_L) = 1.0234 | grad = 0.6397
step   4760 | loss = -1.9288 | g_L = +1.9288 | EMA = +1.9606 | std(g_L) = 0.9691 | grad = 0.2771
step   4780 | loss = -1.9021 | g_L = +1.9021 | EMA = +1.9597 | std(g_L) = 1.0249 | grad = 0.8256
step   4800 | loss = -2.0632 | g_L = +2.0632 | EMA = +1.9391 | std(g_L) = 1.0153 | grad = 1.0041
step   4820 | loss = -1.8970 | g_L = +1.8970 | EMA = +1.9736 | std(g_L) = 0.9694 | grad = 0.7760
step   4840 | loss = -1.9886 | g_L = +1.9886 | EMA = +1.9690 | std(g_L) = 0.9325 | grad = 0.8029
step   4860 | loss = -1.9479 | g_L = +1.9479 | EMA = +1.9588 | std(g_L) = 1.0100 | grad = 0.5536
step   4880 | loss = -2.1064 | g_L = +2.1064 | EMA = +1.9565 | std(g_L) = 0.9298 | grad = 0.6036
step   4900 | loss = -2.0114 | g_L = +2.0114 | EMA = +1.9448 | std(g_L) = 0.8734 | grad = 0.2273
step   4920 | loss = -1.9296 | g_L = +1.9296 | EMA = +1.9395 | std(g_L) = 1.0618 | grad = 0.6654
step   4940 | loss = -1.9677 | g_L = +1.9677 | EMA = +1.9449 | std(g_L) = 1.0697 | grad = 1.1851
step   4960 | loss = -1.9286 | g_L = +1.9286 | EMA = +1.9308 | std(g_L) = 1.0883 | grad = 1.0044
step   4980 | loss = -1.9737 | g_L = +1.9737 | EMA = +1.9505 | std(g_L) = 0.9413 | grad = 0.6988
step   5000 | loss = -1.7462 | g_L = +1.7462 | EMA = +1.9638 | std(g_L) = 1.0083 | grad = 0.4590
step   5020 | loss = -2.1319 | g_L = +2.1319 | EMA = +1.9808 | std(g_L) = 0.7854 | grad = 0.4544
step   5040 | loss = -1.9919 | g_L = +1.9919 | EMA = +1.9817 | std(g_L) = 0.9948 | grad = 0.6186
step   5060 | loss = -1.9613 | g_L = +1.9613 | EMA = +1.9581 | std(g_L) = 0.9802 | grad = 0.9442
step   5080 | loss = -1.9583 | g_L = +1.9583 | EMA = +1.9348 | std(g_L) = 0.9993 | grad = 0.8555
step   5100 | loss = -1.9530 | g_L = +1.9530 | EMA = +1.9508 | std(g_L) = 0.8951 | grad = 0.7849
step   5120 | loss = -1.9657 | g_L = +1.9657 | EMA = +1.9462 | std(g_L) = 0.9572 | grad = 0.4674
step   5140 | loss = -1.9466 | g_L = +1.9466 | EMA = +1.9496 | std(g_L) = 0.9594 | grad = 0.8783
step   5160 | loss = -2.0149 | g_L = +2.0149 | EMA = +1.9434 | std(g_L) = 0.7790 | grad = 0.8244
step   5180 | loss = -1.9980 | g_L = +1.9980 | EMA = +1.9420 | std(g_L) = 0.9252 | grad = 0.5187
step   5200 | loss = -1.9389 | g_L = +1.9389 | EMA = +1.9625 | std(g_L) = 0.9275 | grad = 0.6109
step   5220 | loss = -1.8714 | g_L = +1.8714 | EMA = +1.9746 | std(g_L) = 0.9495 | grad = 0.3240
step   5240 | loss = -2.0732 | g_L = +2.0732 | EMA = +1.9490 | std(g_L) = 0.9176 | grad = 0.6345
step   5260 | loss = -2.0063 | g_L = +2.0063 | EMA = +1.9429 | std(g_L) = 0.9866 | grad = 0.9815
step   5280 | loss = -1.9204 | g_L = +1.9204 | EMA = +1.9346 | std(g_L) = 1.1561 | grad = 0.8705
step   5300 | loss = -1.9572 | g_L = +1.9572 | EMA = +1.9336 | std(g_L) = 0.8073 | grad = 0.7427
step   5320 | loss = -2.0979 | g_L = +2.0979 | EMA = +1.9579 | std(g_L) = 0.9302 | grad = 0.5900
step   5340 | loss = -1.9433 | g_L = +1.9433 | EMA = +1.9486 | std(g_L) = 0.8673 | grad = 0.4163
step   5360 | loss = -1.9689 | g_L = +1.9689 | EMA = +1.9616 | std(g_L) = 1.0249 | grad = 0.3073
step   5380 | loss = -1.8928 | g_L = +1.8928 | EMA = +1.9435 | std(g_L) = 0.9341 | grad = 0.7051
step   5400 | loss = -1.7498 | g_L = +1.7498 | EMA = +1.9319 | std(g_L) = 1.0362 | grad = 0.4129
step   5420 | loss = -1.9473 | g_L = +1.9473 | EMA = +1.9784 | std(g_L) = 1.0716 | grad = 0.7124
step   5440 | loss = -2.0180 | g_L = +2.0180 | EMA = +1.9758 | std(g_L) = 0.9368 | grad = 0.5558
step   5460 | loss = -1.9318 | g_L = +1.9318 | EMA = +1.9612 | std(g_L) = 0.9549 | grad = 0.8008
step   5480 | loss = -1.7608 | g_L = +1.7608 | EMA = +1.9584 | std(g_L) = 1.0882 | grad = 0.9314
step   5500 | loss = -1.8127 | g_L = +1.8127 | EMA = +1.9612 | std(g_L) = 0.9654 | grad = 0.6581
step   5520 | loss = -1.9499 | g_L = +1.9499 | EMA = +1.9534 | std(g_L) = 0.8866 | grad = 0.7966
step   5540 | loss = -2.0557 | g_L = +2.0557 | EMA = +1.9640 | std(g_L) = 0.9605 | grad = 0.5477
step   5560 | loss = -1.9170 | g_L = +1.9170 | EMA = +1.9492 | std(g_L) = 0.8880 | grad = 0.5277
step   5580 | loss = -1.8749 | g_L = +1.8749 | EMA = +1.9541 | std(g_L) = 1.0365 | grad = 1.0085
step   5600 | loss = -1.8429 | g_L = +1.8429 | EMA = +1.9212 | std(g_L) = 1.0436 | grad = 1.0204
step   5620 | loss = -1.8532 | g_L = +1.8532 | EMA = +1.9439 | std(g_L) = 1.1761 | grad = 0.4256
step   5640 | loss = -2.0032 | g_L = +2.0032 | EMA = +1.9579 | std(g_L) = 1.0771 | grad = 0.6328
step   5660 | loss = -1.8870 | g_L = +1.8870 | EMA = +1.9735 | std(g_L) = 1.0078 | grad = 0.6335
step   5680 | loss = -1.9219 | g_L = +1.9219 | EMA = +1.9605 | std(g_L) = 0.8909 | grad = 0.9713
step   5700 | loss = -2.0492 | g_L = +2.0492 | EMA = +1.9734 | std(g_L) = 0.9006 | grad = 0.3358
step   5720 | loss = -1.8889 | g_L = +1.8889 | EMA = +1.9445 | std(g_L) = 1.0541 | grad = 0.5278
step   5740 | loss = -1.9424 | g_L = +1.9424 | EMA = +1.9523 | std(g_L) = 1.0410 | grad = 1.0233
step   5760 | loss = -1.8471 | g_L = +1.8471 | EMA = +1.9454 | std(g_L) = 0.9708 | grad = 0.5559
step   5780 | loss = -2.0093 | g_L = +2.0093 | EMA = +1.9485 | std(g_L) = 0.9518 | grad = 0.5471
step   5800 | loss = -2.0444 | g_L = +2.0444 | EMA = +1.9795 | std(g_L) = 0.9131 | grad = 0.5285
step   5820 | loss = -1.9519 | g_L = +1.9519 | EMA = +1.9506 | std(g_L) = 0.9344 | grad = 0.3949
step   5840 | loss = -1.9656 | g_L = +1.9656 | EMA = +1.9762 | std(g_L) = 0.9656 | grad = 0.2334
step   5860 | loss = -1.8908 | g_L = +1.8908 | EMA = +1.9588 | std(g_L) = 0.8502 | grad = 0.5092
step   5880 | loss = -1.7801 | g_L = +1.7801 | EMA = +1.9613 | std(g_L) = 1.1323 | grad = 0.5804
step   5900 | loss = -1.8898 | g_L = +1.8898 | EMA = +1.9641 | std(g_L) = 1.0327 | grad = 0.6433
step   5920 | loss = -2.0593 | g_L = +2.0593 | EMA = +1.9711 | std(g_L) = 0.7984 | grad = 0.6108
step   5940 | loss = -2.0654 | g_L = +2.0654 | EMA = +1.9626 | std(g_L) = 1.0798 | grad = 0.8612
step   5960 | loss = -2.0554 | g_L = +2.0554 | EMA = +1.9667 | std(g_L) = 0.8547 | grad = 0.4843
step   5980 | loss = -1.9338 | g_L = +1.9338 | EMA = +1.9609 | std(g_L) = 1.0267 | grad = 0.5225
step   6000 | loss = -1.9562 | g_L = +1.9562 | EMA = +1.9424 | std(g_L) = 0.8873 | grad = 0.9127
step   6020 | loss = -1.8336 | g_L = +1.8336 | EMA = +1.9470 | std(g_L) = 0.9869 | grad = 0.4887
step   6040 | loss = -1.9083 | g_L = +1.9083 | EMA = +1.9675 | std(g_L) = 1.0105 | grad = 0.5656
step   6060 | loss = -2.0086 | g_L = +2.0086 | EMA = +1.9812 | std(g_L) = 0.9511 | grad = 0.4440
step   6080 | loss = -1.9657 | g_L = +1.9657 | EMA = +1.9715 | std(g_L) = 0.9778 | grad = 0.5615
step   6100 | loss = -1.9225 | g_L = +1.9225 | EMA = +1.9196 | std(g_L) = 0.9978 | grad = 0.8187
step   6120 | loss = -2.0824 | g_L = +2.0824 | EMA = +1.9197 | std(g_L) = 0.9077 | grad = 0.6287
step   6140 | loss = -2.1115 | g_L = +2.1115 | EMA = +1.9659 | std(g_L) = 0.8193 | grad = 1.1614
step   6160 | loss = -1.9667 | g_L = +1.9667 | EMA = +1.9807 | std(g_L) = 0.9803 | grad = 0.4638
step   6180 | loss = -1.9662 | g_L = +1.9662 | EMA = +1.9586 | std(g_L) = 1.0994 | grad = 1.1193
step   6200 | loss = -2.0205 | g_L = +2.0205 | EMA = +1.9759 | std(g_L) = 0.9714 | grad = 0.2759
step   6220 | loss = -1.9220 | g_L = +1.9220 | EMA = +1.9462 | std(g_L) = 0.9418 | grad = 0.5727
step   6240 | loss = -2.0473 | g_L = +2.0473 | EMA = +1.9534 | std(g_L) = 0.8880 | grad = 0.6822
step   6260 | loss = -1.8957 | g_L = +1.8957 | EMA = +1.9801 | std(g_L) = 1.1257 | grad = 0.7616
step   6280 | loss = -2.0360 | g_L = +2.0360 | EMA = +1.9703 | std(g_L) = 0.9057 | grad = 0.8627
step   6300 | loss = -2.0282 | g_L = +2.0282 | EMA = +1.9670 | std(g_L) = 0.9428 | grad = 1.1846
step   6320 | loss = -2.0595 | g_L = +2.0595 | EMA = +1.9807 | std(g_L) = 0.9040 | grad = 0.6473
step   6340 | loss = -1.9284 | g_L = +1.9284 | EMA = +1.9601 | std(g_L) = 0.9842 | grad = 0.4509
step   6360 | loss = -1.9469 | g_L = +1.9469 | EMA = +1.9699 | std(g_L) = 1.0648 | grad = 0.5985
step   6380 | loss = -2.0379 | g_L = +2.0379 | EMA = +1.9788 | std(g_L) = 0.8743 | grad = 0.6901
step   6400 | loss = -1.9114 | g_L = +1.9114 | EMA = +1.9655 | std(g_L) = 0.9677 | grad = 1.0016
step   6420 | loss = -2.0140 | g_L = +2.0140 | EMA = +1.9440 | std(g_L) = 0.8770 | grad = 0.7139
step   6440 | loss = -1.8925 | g_L = +1.8925 | EMA = +1.9541 | std(g_L) = 0.9334 | grad = 0.6136
step   6460 | loss = -2.0637 | g_L = +2.0637 | EMA = +1.9449 | std(g_L) = 1.0236 | grad = 0.4129
step   6480 | loss = -2.1261 | g_L = +2.1261 | EMA = +1.9819 | std(g_L) = 0.9847 | grad = 0.4543
step   6500 | loss = -1.9968 | g_L = +1.9968 | EMA = +1.9844 | std(g_L) = 0.8683 | grad = 0.4554
step   6520 | loss = -1.8824 | g_L = +1.8824 | EMA = +1.9723 | std(g_L) = 1.0037 | grad = 0.2239
step   6540 | loss = -1.7614 | g_L = +1.7614 | EMA = +1.9484 | std(g_L) = 1.1148 | grad = 0.6446
step   6560 | loss = -1.8698 | g_L = +1.8698 | EMA = +1.9585 | std(g_L) = 1.0064 | grad = 0.6136
step   6580 | loss = -1.9625 | g_L = +1.9625 | EMA = +1.9605 | std(g_L) = 0.9614 | grad = 0.9532
step   6600 | loss = -1.9701 | g_L = +1.9701 | EMA = +1.9695 | std(g_L) = 1.0378 | grad = 0.4701
step   6620 | loss = -2.0059 | g_L = +2.0059 | EMA = +1.9532 | std(g_L) = 1.0137 | grad = 0.4641
step   6640 | loss = -1.9810 | g_L = +1.9810 | EMA = +1.9529 | std(g_L) = 0.9508 | grad = 0.5759
step   6660 | loss = -1.9156 | g_L = +1.9156 | EMA = +1.9381 | std(g_L) = 1.0523 | grad = 0.5390
step   6680 | loss = -1.8916 | g_L = +1.8916 | EMA = +1.9400 | std(g_L) = 1.0457 | grad = 0.7844
step   6700 | loss = -1.9145 | g_L = +1.9145 | EMA = +1.9516 | std(g_L) = 0.8576 | grad = 0.2839
step   6720 | loss = -1.9407 | g_L = +1.9407 | EMA = +1.9637 | std(g_L) = 1.0017 | grad = 1.0802
step   6740 | loss = -1.9645 | g_L = +1.9645 | EMA = +1.9548 | std(g_L) = 0.9407 | grad = 0.4739
step   6760 | loss = -1.9038 | g_L = +1.9038 | EMA = +1.9750 | std(g_L) = 0.9691 | grad = 0.4481
step   6780 | loss = -1.8540 | g_L = +1.8540 | EMA = +1.9608 | std(g_L) = 0.9440 | grad = 0.9362
step   6800 | loss = -1.9756 | g_L = +1.9756 | EMA = +1.9640 | std(g_L) = 0.8700 | grad = 0.1911
step   6820 | loss = -1.8174 | g_L = +1.8174 | EMA = +1.9696 | std(g_L) = 0.9358 | grad = 0.3958
step   6840 | loss = -2.0971 | g_L = +2.0971 | EMA = +1.9939 | std(g_L) = 0.9832 | grad = 1.3020
step   6860 | loss = -1.9518 | g_L = +1.9518 | EMA = +1.9681 | std(g_L) = 0.9981 | grad = 0.4410
step   6880 | loss = -2.0339 | g_L = +2.0339 | EMA = +1.9826 | std(g_L) = 0.8433 | grad = 0.8547
step   6900 | loss = -1.9366 | g_L = +1.9366 | EMA = +1.9620 | std(g_L) = 1.0501 | grad = 0.7686
step   6920 | loss = -2.0428 | g_L = +2.0428 | EMA = +1.9556 | std(g_L) = 0.9022 | grad = 0.5786
step   6940 | loss = -2.0681 | g_L = +2.0681 | EMA = +1.9661 | std(g_L) = 0.9810 | grad = 0.6795
step   6960 | loss = -2.0481 | g_L = +2.0481 | EMA = +1.9642 | std(g_L) = 0.9453 | grad = 0.7560
step   6980 | loss = -1.9574 | g_L = +1.9574 | EMA = +1.9550 | std(g_L) = 0.9700 | grad = 0.6562
step   7000 | loss = -2.0494 | g_L = +2.0494 | EMA = +1.9565 | std(g_L) = 0.8308 | grad = 0.7037
step   7020 | loss = -1.7676 | g_L = +1.7676 | EMA = +1.9664 | std(g_L) = 1.0579 | grad = 0.3227
step   7040 | loss = -1.9003 | g_L = +1.9003 | EMA = +1.9718 | std(g_L) = 0.8899 | grad = 0.4831
step   7060 | loss = -1.8757 | g_L = +1.8757 | EMA = +1.9543 | std(g_L) = 0.9107 | grad = 0.5933
step   7080 | loss = -1.9582 | g_L = +1.9582 | EMA = +1.9622 | std(g_L) = 0.9916 | grad = 0.7450
step   7100 | loss = -1.9808 | g_L = +1.9808 | EMA = +1.9545 | std(g_L) = 0.9584 | grad = 0.7747
step   7120 | loss = -1.9594 | g_L = +1.9594 | EMA = +1.9619 | std(g_L) = 0.9953 | grad = 0.3650
step   7140 | loss = -1.9019 | g_L = +1.9019 | EMA = +1.9581 | std(g_L) = 1.0261 | grad = 0.7479
step   7160 | loss = -1.9160 | g_L = +1.9160 | EMA = +1.9865 | std(g_L) = 0.9987 | grad = 0.3378
step   7180 | loss = -2.0522 | g_L = +2.0522 | EMA = +1.9781 | std(g_L) = 0.9798 | grad = 0.5943
step   7200 | loss = -1.9568 | g_L = +1.9568 | EMA = +1.9662 | std(g_L) = 0.9287 | grad = 0.6152
step   7220 | loss = -1.7560 | g_L = +1.7560 | EMA = +1.9437 | std(g_L) = 0.9274 | grad = 0.7970
step   7240 | loss = -2.0010 | g_L = +2.0010 | EMA = +1.9524 | std(g_L) = 0.8501 | grad = 0.6108
step   7260 | loss = -2.0145 | g_L = +2.0145 | EMA = +1.9535 | std(g_L) = 0.9806 | grad = 1.1679
step   7280 | loss = -2.0500 | g_L = +2.0500 | EMA = +1.9617 | std(g_L) = 1.0022 | grad = 0.5424
step   7300 | loss = -1.9320 | g_L = +1.9320 | EMA = +1.9394 | std(g_L) = 0.9578 | grad = 0.6118
step   7320 | loss = -1.9642 | g_L = +1.9642 | EMA = +1.9642 | std(g_L) = 1.0603 | grad = 0.5036
step   7340 | loss = -1.9754 | g_L = +1.9754 | EMA = +1.9445 | std(g_L) = 0.9112 | grad = 0.7832
step   7360 | loss = -2.0206 | g_L = +2.0206 | EMA = +1.9497 | std(g_L) = 0.8130 | grad = 0.4266
step   7380 | loss = -2.0417 | g_L = +2.0417 | EMA = +1.9801 | std(g_L) = 0.9397 | grad = 0.3063
step   7400 | loss = -1.8687 | g_L = +1.8687 | EMA = +1.9818 | std(g_L) = 0.9936 | grad = 0.4262
step   7420 | loss = -1.8921 | g_L = +1.8921 | EMA = +1.9558 | std(g_L) = 1.1632 | grad = 0.5876
step   7440 | loss = -1.8856 | g_L = +1.8856 | EMA = +1.9590 | std(g_L) = 0.9414 | grad = 0.5608
step   7460 | loss = -2.0641 | g_L = +2.0641 | EMA = +1.9535 | std(g_L) = 0.8752 | grad = 0.7145
step   7480 | loss = -2.0354 | g_L = +2.0354 | EMA = +1.9645 | std(g_L) = 0.8714 | grad = 0.5769
step   7500 | loss = -2.0271 | g_L = +2.0271 | EMA = +1.9751 | std(g_L) = 0.9777 | grad = 0.8404
step   7520 | loss = -2.0092 | g_L = +2.0092 | EMA = +1.9783 | std(g_L) = 0.9396 | grad = 0.3515
step   7540 | loss = -2.0954 | g_L = +2.0954 | EMA = +1.9626 | std(g_L) = 0.9106 | grad = 0.6331
step   7560 | loss = -1.9132 | g_L = +1.9132 | EMA = +1.9647 | std(g_L) = 1.0609 | grad = 0.7934
step   7580 | loss = -1.9845 | g_L = +1.9845 | EMA = +1.9738 | std(g_L) = 1.0313 | grad = 0.6371
step   7600 | loss = -2.0571 | g_L = +2.0571 | EMA = +1.9855 | std(g_L) = 0.9259 | grad = 0.4997
step   7620 | loss = -2.0436 | g_L = +2.0436 | EMA = +1.9748 | std(g_L) = 1.0067 | grad = 0.3320
step   7640 | loss = -1.9647 | g_L = +1.9647 | EMA = +1.9758 | std(g_L) = 0.9048 | grad = 1.1028
step   7660 | loss = -2.0057 | g_L = +2.0057 | EMA = +1.9818 | std(g_L) = 1.0305 | grad = 0.5810
step   7680 | loss = -2.0418 | g_L = +2.0418 | EMA = +1.9817 | std(g_L) = 0.9475 | grad = 0.7304
step   7700 | loss = -1.8982 | g_L = +1.8982 | EMA = +1.9441 | std(g_L) = 0.9635 | grad = 0.3696
step   7720 | loss = -2.0040 | g_L = +2.0040 | EMA = +1.9483 | std(g_L) = 0.8829 | grad = 0.5567
step   7740 | loss = -2.0037 | g_L = +2.0037 | EMA = +1.9537 | std(g_L) = 1.0535 | grad = 0.5495
step   7760 | loss = -2.0383 | g_L = +2.0383 | EMA = +1.9792 | std(g_L) = 0.8421 | grad = 0.4446
step   7780 | loss = -1.8657 | g_L = +1.8657 | EMA = +1.9803 | std(g_L) = 1.0261 | grad = 1.5878
step   7800 | loss = -1.9672 | g_L = +1.9672 | EMA = +1.9740 | std(g_L) = 0.9086 | grad = 0.7430
step   7820 | loss = -1.9379 | g_L = +1.9379 | EMA = +1.9670 | std(g_L) = 0.9041 | grad = 0.5557
step   7840 | loss = -1.9752 | g_L = +1.9752 | EMA = +1.9811 | std(g_L) = 0.8757 | grad = 0.8066
step   7860 | loss = -2.0605 | g_L = +2.0605 | EMA = +1.9649 | std(g_L) = 1.1015 | grad = 0.4091
step   7880 | loss = -2.0839 | g_L = +2.0839 | EMA = +1.9763 | std(g_L) = 0.9493 | grad = 0.8269
step   7900 | loss = -2.0553 | g_L = +2.0553 | EMA = +1.9707 | std(g_L) = 0.9507 | grad = 0.7131
step   7920 | loss = -1.8719 | g_L = +1.8719 | EMA = +1.9695 | std(g_L) = 1.0966 | grad = 0.6998
step   7940 | loss = -2.0731 | g_L = +2.0731 | EMA = +1.9669 | std(g_L) = 1.0612 | grad = 1.2799
step   7960 | loss = -1.8578 | g_L = +1.8578 | EMA = +1.9687 | std(g_L) = 0.9157 | grad = 0.3179
step   7980 | loss = -1.9429 | g_L = +1.9429 | EMA = +1.9712 | std(g_L) = 0.9926 | grad = 0.6108
step   8000 | loss = -1.9226 | g_L = +1.9226 | EMA = +1.9936 | std(g_L) = 0.8807 | grad = 0.6155
step   8020 | loss = -1.8248 | g_L = +1.8248 | EMA = +1.9700 | std(g_L) = 1.0273 | grad = 0.7239
step   8040 | loss = -1.9589 | g_L = +1.9589 | EMA = +1.9608 | std(g_L) = 1.0661 | grad = 0.9835
step   8060 | loss = -1.9609 | g_L = +1.9609 | EMA = +1.9763 | std(g_L) = 0.8940 | grad = 0.4876
step   8080 | loss = -1.9143 | g_L = +1.9143 | EMA = +1.9713 | std(g_L) = 0.9740 | grad = 0.6471
step   8100 | loss = -2.0416 | g_L = +2.0416 | EMA = +1.9748 | std(g_L) = 0.7686 | grad = 0.4165
step   8120 | loss = -2.1448 | g_L = +2.1448 | EMA = +1.9818 | std(g_L) = 0.9390 | grad = 0.9222
step   8140 | loss = -1.8382 | g_L = +1.8382 | EMA = +1.9327 | std(g_L) = 0.8691 | grad = 0.4589
step   8160 | loss = -2.0118 | g_L = +2.0118 | EMA = +1.9525 | std(g_L) = 0.8703 | grad = 0.3663
step   8180 | loss = -1.9740 | g_L = +1.9740 | EMA = +1.9588 | std(g_L) = 1.0187 | grad = 0.8348
step   8200 | loss = -1.9535 | g_L = +1.9535 | EMA = +1.9685 | std(g_L) = 0.9629 | grad = 0.6146
step   8220 | loss = -1.9976 | g_L = +1.9976 | EMA = +1.9598 | std(g_L) = 0.9541 | grad = 0.8849
step   8240 | loss = -2.0550 | g_L = +2.0550 | EMA = +1.9627 | std(g_L) = 0.8444 | grad = 0.2836
step   8260 | loss = -1.9135 | g_L = +1.9135 | EMA = +1.9750 | std(g_L) = 1.0733 | grad = 0.7375
step   8280 | loss = -2.0692 | g_L = +2.0692 | EMA = +1.9755 | std(g_L) = 0.9684 | grad = 0.6498
step   8300 | loss = -1.9991 | g_L = +1.9991 | EMA = +1.9882 | std(g_L) = 0.9549 | grad = 0.6240
step   8320 | loss = -1.9954 | g_L = +1.9954 | EMA = +1.9675 | std(g_L) = 0.9670 | grad = 0.7938
step   8340 | loss = -2.0526 | g_L = +2.0526 | EMA = +1.9627 | std(g_L) = 0.9178 | grad = 0.6893
step   8360 | loss = -1.9379 | g_L = +1.9379 | EMA = +1.9694 | std(g_L) = 0.9865 | grad = 0.7175
step   8380 | loss = -1.9291 | g_L = +1.9291 | EMA = +1.9565 | std(g_L) = 1.0139 | grad = 0.3345
step   8400 | loss = -2.1604 | g_L = +2.1604 | EMA = +1.9772 | std(g_L) = 0.8290 | grad = 0.5046
step   8420 | loss = -2.0921 | g_L = +2.0921 | EMA = +1.9909 | std(g_L) = 0.8769 | grad = 0.6901
step   8440 | loss = -1.9321 | g_L = +1.9321 | EMA = +1.9856 | std(g_L) = 0.9937 | grad = 0.9371
step   8460 | loss = -2.0667 | g_L = +2.0667 | EMA = +1.9844 | std(g_L) = 0.9457 | grad = 0.5045
step   8480 | loss = -2.0917 | g_L = +2.0917 | EMA = +1.9957 | std(g_L) = 0.9916 | grad = 0.3401
step   8500 | loss = -1.9015 | g_L = +1.9015 | EMA = +1.9513 | std(g_L) = 0.9113 | grad = 0.6607
step   8520 | loss = -2.0455 | g_L = +2.0455 | EMA = +1.9450 | std(g_L) = 0.8893 | grad = 0.6772
step   8540 | loss = -2.0452 | g_L = +2.0452 | EMA = +1.9639 | std(g_L) = 0.9061 | grad = 0.2894
step   8560 | loss = -2.0653 | g_L = +2.0653 | EMA = +1.9751 | std(g_L) = 0.9047 | grad = 0.3085
step   8580 | loss = -1.8957 | g_L = +1.8957 | EMA = +1.9485 | std(g_L) = 0.9003 | grad = 0.8437
step   8600 | loss = -1.9087 | g_L = +1.9087 | EMA = +1.9454 | std(g_L) = 0.9364 | grad = 0.4286
step   8620 | loss = -1.8609 | g_L = +1.8609 | EMA = +1.9698 | std(g_L) = 1.0761 | grad = 0.4315
step   8640 | loss = -2.0626 | g_L = +2.0626 | EMA = +1.9779 | std(g_L) = 1.0121 | grad = 0.4161
step   8660 | loss = -1.9218 | g_L = +1.9218 | EMA = +1.9695 | std(g_L) = 1.0073 | grad = 0.5195
step   8680 | loss = -1.9098 | g_L = +1.9098 | EMA = +1.9471 | std(g_L) = 1.0268 | grad = 0.9455
step   8700 | loss = -2.0171 | g_L = +2.0171 | EMA = +1.9300 | std(g_L) = 1.0105 | grad = 0.6840
step   8720 | loss = -1.9781 | g_L = +1.9781 | EMA = +1.9808 | std(g_L) = 0.9861 | grad = 0.4187
step   8740 | loss = -1.9014 | g_L = +1.9014 | EMA = +1.9644 | std(g_L) = 0.8995 | grad = 0.2663
step   8760 | loss = -1.9418 | g_L = +1.9418 | EMA = +1.9629 | std(g_L) = 0.9550 | grad = 0.5922
step   8780 | loss = -2.0687 | g_L = +2.0687 | EMA = +1.9801 | std(g_L) = 0.9771 | grad = 0.7286
step   8800 | loss = -1.9433 | g_L = +1.9433 | EMA = +1.9983 | std(g_L) = 0.9034 | grad = 0.4662
step   8820 | loss = -2.0009 | g_L = +2.0009 | EMA = +1.9669 | std(g_L) = 0.8255 | grad = 0.4661
step   8840 | loss = -1.9056 | g_L = +1.9056 | EMA = +1.9388 | std(g_L) = 1.0084 | grad = 0.4230
step   8860 | loss = -1.8766 | g_L = +1.8766 | EMA = +1.9782 | std(g_L) = 0.9276 | grad = 0.6123
step   8880 | loss = -1.9773 | g_L = +1.9773 | EMA = +1.9644 | std(g_L) = 1.0477 | grad = 0.4480
step   8900 | loss = -2.0809 | g_L = +2.0809 | EMA = +1.9791 | std(g_L) = 1.1101 | grad = 0.3732
step   8920 | loss = -1.9562 | g_L = +1.9562 | EMA = +1.9691 | std(g_L) = 0.9088 | grad = 0.5522
step   8940 | loss = -1.9431 | g_L = +1.9431 | EMA = +1.9706 | std(g_L) = 0.9788 | grad = 0.2234
step   8960 | loss = -1.9377 | g_L = +1.9377 | EMA = +1.9849 | std(g_L) = 0.9671 | grad = 0.7159
step   8980 | loss = -2.1522 | g_L = +2.1522 | EMA = +1.9919 | std(g_L) = 0.8870 | grad = 0.4298
step   9000 | loss = -1.9731 | g_L = +1.9731 | EMA = +1.9803 | std(g_L) = 1.0636 | grad = 0.6218
step   9020 | loss = -2.0291 | g_L = +2.0291 | EMA = +1.9745 | std(g_L) = 0.9548 | grad = 0.7371
step   9040 | loss = -1.9687 | g_L = +1.9687 | EMA = +1.9830 | std(g_L) = 1.0359 | grad = 0.5215
step   9060 | loss = -1.8642 | g_L = +1.8642 | EMA = +1.9627 | std(g_L) = 0.9316 | grad = 0.7299
step   9080 | loss = -1.8774 | g_L = +1.8774 | EMA = +1.9525 | std(g_L) = 0.8572 | grad = 0.4123
step   9100 | loss = -1.9204 | g_L = +1.9204 | EMA = +1.9562 | std(g_L) = 0.9912 | grad = 0.3714
step   9120 | loss = -1.9850 | g_L = +1.9850 | EMA = +1.9812 | std(g_L) = 1.0160 | grad = 0.6455
step   9140 | loss = -1.9325 | g_L = +1.9325 | EMA = +1.9898 | std(g_L) = 0.9441 | grad = 0.3453
step   9160 | loss = -1.7787 | g_L = +1.7787 | EMA = +1.9679 | std(g_L) = 1.1666 | grad = 0.4500
step   9180 | loss = -2.1297 | g_L = +2.1297 | EMA = +1.9789 | std(g_L) = 0.9946 | grad = 1.0485
step   9200 | loss = -2.1183 | g_L = +2.1183 | EMA = +1.9793 | std(g_L) = 0.7883 | grad = 0.4085
step   9220 | loss = -2.0913 | g_L = +2.0913 | EMA = +2.0031 | std(g_L) = 0.9326 | grad = 0.7346
step   9240 | loss = -2.0077 | g_L = +2.0077 | EMA = +1.9936 | std(g_L) = 0.9149 | grad = 0.8078
step   9260 | loss = -1.9309 | g_L = +1.9309 | EMA = +1.9775 | std(g_L) = 1.0533 | grad = 0.3985
step   9280 | loss = -1.9367 | g_L = +1.9367 | EMA = +1.9801 | std(g_L) = 0.9455 | grad = 0.4567
step   9300 | loss = -2.1346 | g_L = +2.1346 | EMA = +1.9779 | std(g_L) = 0.9084 | grad = 0.6488
step   9320 | loss = -2.1012 | g_L = +2.1012 | EMA = +1.9810 | std(g_L) = 1.0755 | grad = 0.6159
step   9340 | loss = -1.9070 | g_L = +1.9070 | EMA = +1.9791 | std(g_L) = 1.1310 | grad = 0.7055
step   9360 | loss = -1.9027 | g_L = +1.9027 | EMA = +1.9921 | std(g_L) = 0.9511 | grad = 0.6961
step   9380 | loss = -2.0652 | g_L = +2.0652 | EMA = +1.9920 | std(g_L) = 1.0454 | grad = 0.6084
step   9400 | loss = -1.8582 | g_L = +1.8582 | EMA = +1.9718 | std(g_L) = 0.9948 | grad = 1.2733
step   9420 | loss = -1.9693 | g_L = +1.9693 | EMA = +1.9608 | std(g_L) = 1.0459 | grad = 0.7797
step   9440 | loss = -1.9516 | g_L = +1.9516 | EMA = +1.9654 | std(g_L) = 0.9247 | grad = 0.8123
step   9460 | loss = -1.9160 | g_L = +1.9160 | EMA = +1.9897 | std(g_L) = 1.0524 | grad = 0.2816
step   9480 | loss = -2.1249 | g_L = +2.1249 | EMA = +1.9844 | std(g_L) = 0.9504 | grad = 0.6113
step   9500 | loss = -1.8496 | g_L = +1.8496 | EMA = +1.9674 | std(g_L) = 1.0099 | grad = 0.4121
step   9520 | loss = -1.9919 | g_L = +1.9919 | EMA = +1.9877 | std(g_L) = 0.9644 | grad = 0.6235
step   9540 | loss = -1.9911 | g_L = +1.9911 | EMA = +1.9952 | std(g_L) = 1.0164 | grad = 0.9018
step   9560 | loss = -1.9848 | g_L = +1.9848 | EMA = +1.9755 | std(g_L) = 0.9542 | grad = 0.7137
step   9580 | loss = -2.1157 | g_L = +2.1157 | EMA = +1.9860 | std(g_L) = 0.8525 | grad = 0.5268
step   9600 | loss = -1.8521 | g_L = +1.8521 | EMA = +1.9966 | std(g_L) = 0.9970 | grad = 1.1000
step   9620 | loss = -1.9644 | g_L = +1.9644 | EMA = +1.9642 | std(g_L) = 1.0312 | grad = 1.4484
step   9640 | loss = -1.9724 | g_L = +1.9724 | EMA = +1.9504 | std(g_L) = 0.9049 | grad = 0.8346
step   9660 | loss = -1.9707 | g_L = +1.9707 | EMA = +1.9600 | std(g_L) = 0.9123 | grad = 0.4383
step   9680 | loss = -1.9539 | g_L = +1.9539 | EMA = +1.9754 | std(g_L) = 1.0292 | grad = 0.2492
step   9700 | loss = -1.9038 | g_L = +1.9038 | EMA = +1.9683 | std(g_L) = 0.9607 | grad = 0.4178
step   9720 | loss = -1.8206 | g_L = +1.8206 | EMA = +1.9737 | std(g_L) = 1.1802 | grad = 0.8031
step   9740 | loss = -2.0778 | g_L = +2.0778 | EMA = +1.9625 | std(g_L) = 0.9821 | grad = 0.7795
step   9760 | loss = -2.0076 | g_L = +2.0076 | EMA = +1.9828 | std(g_L) = 0.9966 | grad = 0.3843
step   9780 | loss = -2.0884 | g_L = +2.0884 | EMA = +1.9758 | std(g_L) = 0.8624 | grad = 0.2849
step   9800 | loss = -2.0006 | g_L = +2.0006 | EMA = +1.9662 | std(g_L) = 1.0150 | grad = 0.7026
step   9820 | loss = -1.9196 | g_L = +1.9196 | EMA = +1.9543 | std(g_L) = 1.0342 | grad = 0.7356
step   9840 | loss = -2.0202 | g_L = +2.0202 | EMA = +1.9523 | std(g_L) = 0.9050 | grad = 0.4955
step   9860 | loss = -1.8261 | g_L = +1.8261 | EMA = +1.9705 | std(g_L) = 0.9486 | grad = 0.9957
step   9880 | loss = -1.9055 | g_L = +1.9055 | EMA = +1.9737 | std(g_L) = 1.0641 | grad = 0.5621
step   9900 | loss = -1.9992 | g_L = +1.9992 | EMA = +1.9880 | std(g_L) = 0.8898 | grad = 0.6852
step   9920 | loss = -1.8733 | g_L = +1.8733 | EMA = +1.9744 | std(g_L) = 0.9162 | grad = 0.4866
step   9940 | loss = -1.8536 | g_L = +1.8536 | EMA = +1.9557 | std(g_L) = 1.0666 | grad = 0.5111
step   9960 | loss = -2.0034 | g_L = +2.0034 | EMA = +1.9929 | std(g_L) = 0.8780 | grad = 0.5311
step   9980 | loss = -1.9462 | g_L = +1.9462 | EMA = +1.9928 | std(g_L) = 1.0564 | grad = 0.3705
step  10000 | loss = -1.8498 | g_L = +1.8498 | EMA = +1.9808 | std(g_L) = 1.0912 | grad = 0.5632
step  10020 | loss = -1.8484 | g_L = +1.8484 | EMA = +1.9548 | std(g_L) = 1.0190 | grad = 0.5359
step  10040 | loss = -1.8228 | g_L = +1.8228 | EMA = +1.9733 | std(g_L) = 1.1094 | grad = 0.3415
step  10060 | loss = -2.0956 | g_L = +2.0956 | EMA = +1.9850 | std(g_L) = 0.9174 | grad = 0.5896
step  10080 | loss = -1.8866 | g_L = +1.8866 | EMA = +1.9777 | std(g_L) = 1.1621 | grad = 0.5671
step  10100 | loss = -1.9190 | g_L = +1.9190 | EMA = +1.9405 | std(g_L) = 1.0355 | grad = 0.7719
step  10120 | loss = -1.9502 | g_L = +1.9502 | EMA = +1.9674 | std(g_L) = 0.9404 | grad = 0.3583
step  10140 | loss = -2.1143 | g_L = +2.1143 | EMA = +1.9802 | std(g_L) = 0.9164 | grad = 0.8553
step  10160 | loss = -2.1225 | g_L = +2.1225 | EMA = +1.9824 | std(g_L) = 0.7424 | grad = 0.5531
step  10180 | loss = -1.8951 | g_L = +1.8951 | EMA = +1.9920 | std(g_L) = 0.9537 | grad = 1.0288
step  10200 | loss = -1.9523 | g_L = +1.9523 | EMA = +1.9890 | std(g_L) = 0.9380 | grad = 0.5911
step  10220 | loss = -2.0946 | g_L = +2.0946 | EMA = +1.9745 | std(g_L) = 0.8328 | grad = 0.2675
step  10240 | loss = -1.9867 | g_L = +1.9867 | EMA = +1.9628 | std(g_L) = 1.0071 | grad = 0.3209
step  10260 | loss = -1.9489 | g_L = +1.9489 | EMA = +1.9565 | std(g_L) = 1.0163 | grad = 0.2942
step  10280 | loss = -1.9183 | g_L = +1.9183 | EMA = +1.9824 | std(g_L) = 1.0368 | grad = 0.9111
step  10300 | loss = -2.0653 | g_L = +2.0653 | EMA = +1.9912 | std(g_L) = 0.9306 | grad = 0.3467
step  10320 | loss = -1.9636 | g_L = +1.9636 | EMA = +1.9781 | std(g_L) = 0.9756 | grad = 0.5654
step  10340 | loss = -2.1127 | g_L = +2.1127 | EMA = +2.0056 | std(g_L) = 0.9802 | grad = 0.7003
step  10360 | loss = -1.8470 | g_L = +1.8470 | EMA = +1.9821 | std(g_L) = 0.9966 | grad = 0.3227
step  10380 | loss = -2.0656 | g_L = +2.0656 | EMA = +1.9840 | std(g_L) = 0.8487 | grad = 0.3135
step  10400 | loss = -1.9527 | g_L = +1.9527 | EMA = +1.9683 | std(g_L) = 1.0669 | grad = 0.6553
step  10420 | loss = -1.9598 | g_L = +1.9598 | EMA = +1.9971 | std(g_L) = 0.8947 | grad = 1.1755
step  10440 | loss = -2.0182 | g_L = +2.0182 | EMA = +1.9672 | std(g_L) = 0.9759 | grad = 0.5761
step  10460 | loss = -1.8572 | g_L = +1.8572 | EMA = +1.9577 | std(g_L) = 1.0703 | grad = 0.6182
step  10480 | loss = -1.9181 | g_L = +1.9181 | EMA = +1.9723 | std(g_L) = 1.1489 | grad = 0.6955
step  10500 | loss = -1.9492 | g_L = +1.9492 | EMA = +1.9557 | std(g_L) = 0.9082 | grad = 0.4468
step  10520 | loss = -1.9599 | g_L = +1.9599 | EMA = +1.9646 | std(g_L) = 0.9448 | grad = 0.3189
step  10540 | loss = -1.9159 | g_L = +1.9159 | EMA = +1.9593 | std(g_L) = 0.9260 | grad = 0.6499
step  10560 | loss = -1.9529 | g_L = +1.9529 | EMA = +1.9585 | std(g_L) = 0.8795 | grad = 0.7199
step  10580 | loss = -2.2150 | g_L = +2.2150 | EMA = +1.9659 | std(g_L) = 0.8661 | grad = 0.3611
step  10600 | loss = -2.0635 | g_L = +2.0635 | EMA = +1.9673 | std(g_L) = 1.0101 | grad = 0.7389
step  10620 | loss = -1.9467 | g_L = +1.9467 | EMA = +1.9630 | std(g_L) = 1.0943 | grad = 0.4805
step  10640 | loss = -1.9394 | g_L = +1.9394 | EMA = +1.9713 | std(g_L) = 0.9976 | grad = 0.6134
step  10660 | loss = -2.1493 | g_L = +2.1493 | EMA = +1.9915 | std(g_L) = 0.8692 | grad = 0.3247
step  10680 | loss = -1.8532 | g_L = +1.8532 | EMA = +1.9838 | std(g_L) = 1.2174 | grad = 0.8365
step  10700 | loss = -1.8986 | g_L = +1.8986 | EMA = +1.9806 | std(g_L) = 1.0395 | grad = 0.6889
step  10720 | loss = -1.9653 | g_L = +1.9653 | EMA = +1.9848 | std(g_L) = 0.8512 | grad = 0.5171
step  10740 | loss = -1.9439 | g_L = +1.9439 | EMA = +1.9505 | std(g_L) = 0.8652 | grad = 0.6905
step  10760 | loss = -1.9578 | g_L = +1.9578 | EMA = +1.9585 | std(g_L) = 1.0888 | grad = 0.3690
step  10780 | loss = -2.1390 | g_L = +2.1390 | EMA = +1.9872 | std(g_L) = 0.9859 | grad = 0.6351
step  10800 | loss = -1.9790 | g_L = +1.9790 | EMA = +1.9748 | std(g_L) = 1.1249 | grad = 0.4567
step  10820 | loss = -1.9954 | g_L = +1.9954 | EMA = +1.9966 | std(g_L) = 0.9232 | grad = 0.5417
step  10840 | loss = -1.9560 | g_L = +1.9560 | EMA = +1.9982 | std(g_L) = 1.0513 | grad = 0.6012
step  10860 | loss = -2.0367 | g_L = +2.0367 | EMA = +1.9754 | std(g_L) = 0.9179 | grad = 0.4633
step  10880 | loss = -1.9647 | g_L = +1.9647 | EMA = +1.9719 | std(g_L) = 0.9292 | grad = 0.5413
step  10900 | loss = -1.8089 | g_L = +1.8089 | EMA = +1.9767 | std(g_L) = 0.9025 | grad = 0.5580
step  10920 | loss = -1.8857 | g_L = +1.8857 | EMA = +1.9647 | std(g_L) = 1.0064 | grad = 0.9030
step  10940 | loss = -1.8724 | g_L = +1.8724 | EMA = +1.9888 | std(g_L) = 1.2121 | grad = 1.0643
step  10960 | loss = -1.8073 | g_L = +1.8073 | EMA = +1.9803 | std(g_L) = 1.1000 | grad = 0.5241
step  10980 | loss = -2.0527 | g_L = +2.0527 | EMA = +1.9834 | std(g_L) = 0.8849 | grad = 0.5208
step  11000 | loss = -1.9495 | g_L = +1.9495 | EMA = +1.9857 | std(g_L) = 1.0005 | grad = 0.6910
step  11020 | loss = -2.0162 | g_L = +2.0162 | EMA = +1.9848 | std(g_L) = 1.0461 | grad = 0.6405
step  11040 | loss = -1.9471 | g_L = +1.9471 | EMA = +1.9835 | std(g_L) = 0.9139 | grad = 0.3853
step  11060 | loss = -2.0651 | g_L = +2.0651 | EMA = +1.9754 | std(g_L) = 0.9191 | grad = 1.2306
step  11080 | loss = -2.0016 | g_L = +2.0016 | EMA = +1.9754 | std(g_L) = 0.8812 | grad = 0.3654
step  11100 | loss = -2.0848 | g_L = +2.0848 | EMA = +1.9865 | std(g_L) = 0.9198 | grad = 0.7796
step  11120 | loss = -1.9682 | g_L = +1.9682 | EMA = +1.9658 | std(g_L) = 0.8590 | grad = 0.2814
step  11140 | loss = -2.0086 | g_L = +2.0086 | EMA = +1.9590 | std(g_L) = 1.0181 | grad = 0.8167
step  11160 | loss = -2.0840 | g_L = +2.0840 | EMA = +1.9706 | std(g_L) = 0.9502 | grad = 0.3587
step  11180 | loss = -1.9536 | g_L = +1.9536 | EMA = +1.9568 | std(g_L) = 0.9364 | grad = 1.3179
step  11200 | loss = -1.9596 | g_L = +1.9596 | EMA = +1.9985 | std(g_L) = 0.9381 | grad = 1.0458
step  11220 | loss = -1.9882 | g_L = +1.9882 | EMA = +1.9972 | std(g_L) = 0.9388 | grad = 0.3670
step  11240 | loss = -1.8713 | g_L = +1.8713 | EMA = +1.9899 | std(g_L) = 1.0420 | grad = 0.5150
step  11260 | loss = -1.9555 | g_L = +1.9555 | EMA = +1.9858 | std(g_L) = 0.9546 | grad = 0.7958
step  11280 | loss = -1.9390 | g_L = +1.9390 | EMA = +1.9774 | std(g_L) = 0.9996 | grad = 0.5626
step  11300 | loss = -2.0653 | g_L = +2.0653 | EMA = +1.9923 | std(g_L) = 0.9086 | grad = 0.4998
step  11320 | loss = -1.6800 | g_L = +1.6800 | EMA = +1.9698 | std(g_L) = 1.1422 | grad = 1.0569
step  11340 | loss = -2.0280 | g_L = +2.0280 | EMA = +1.9738 | std(g_L) = 1.0367 | grad = 0.3747
step  11360 | loss = -2.0091 | g_L = +2.0091 | EMA = +2.0212 | std(g_L) = 0.9359 | grad = 0.3174
step  11380 | loss = -1.9309 | g_L = +1.9309 | EMA = +1.9958 | std(g_L) = 1.1080 | grad = 0.6922
step  11400 | loss = -1.8997 | g_L = +1.8997 | EMA = +1.9913 | std(g_L) = 0.9911 | grad = 0.4907
step  11420 | loss = -2.0796 | g_L = +2.0796 | EMA = +1.9915 | std(g_L) = 0.9023 | grad = 0.2996
step  11440 | loss = -1.9861 | g_L = +1.9861 | EMA = +1.9678 | std(g_L) = 1.0466 | grad = 0.3181
step  11460 | loss = -1.9894 | g_L = +1.9894 | EMA = +1.9916 | std(g_L) = 0.9468 | grad = 0.3902
step  11480 | loss = -1.9822 | g_L = +1.9822 | EMA = +1.9931 | std(g_L) = 1.0524 | grad = 0.6440
step  11500 | loss = -1.8913 | g_L = +1.8913 | EMA = +1.9717 | std(g_L) = 1.0038 | grad = 0.3011
step  11520 | loss = -2.2241 | g_L = +2.2241 | EMA = +1.9875 | std(g_L) = 0.8999 | grad = 0.7143
step  11540 | loss = -1.9802 | g_L = +1.9802 | EMA = +1.9739 | std(g_L) = 1.0500 | grad = 0.2256
step  11560 | loss = -2.0153 | g_L = +2.0153 | EMA = +1.9889 | std(g_L) = 0.8469 | grad = 0.3656
step  11580 | loss = -1.9224 | g_L = +1.9224 | EMA = +1.9572 | std(g_L) = 0.9970 | grad = 0.9636
step  11600 | loss = -2.0872 | g_L = +2.0872 | EMA = +1.9907 | std(g_L) = 0.8409 | grad = 0.4169
step  11620 | loss = -1.9414 | g_L = +1.9414 | EMA = +1.9733 | std(g_L) = 0.8944 | grad = 0.3935
step  11640 | loss = -2.0341 | g_L = +2.0341 | EMA = +1.9933 | std(g_L) = 1.0167 | grad = 0.6337
step  11660 | loss = -1.9218 | g_L = +1.9218 | EMA = +1.9859 | std(g_L) = 1.0508 | grad = 0.8844
step  11680 | loss = -1.9931 | g_L = +1.9931 | EMA = +1.9927 | std(g_L) = 1.1026 | grad = 0.8145
step  11700 | loss = -2.0095 | g_L = +2.0095 | EMA = +1.9891 | std(g_L) = 1.0647 | grad = 0.3709
step  11720 | loss = -1.9232 | g_L = +1.9232 | EMA = +1.9818 | std(g_L) = 1.2148 | grad = 0.8001
step  11740 | loss = -1.9961 | g_L = +1.9961 | EMA = +1.9983 | std(g_L) = 1.0410 | grad = 0.5129
step  11760 | loss = -2.0673 | g_L = +2.0673 | EMA = +1.9915 | std(g_L) = 0.8819 | grad = 0.8619
step  11780 | loss = -1.8014 | g_L = +1.8014 | EMA = +1.9855 | std(g_L) = 1.1901 | grad = 0.4879
step  11800 | loss = -2.0150 | g_L = +2.0150 | EMA = +1.9747 | std(g_L) = 0.9599 | grad = 0.3445
step  11820 | loss = -2.0276 | g_L = +2.0276 | EMA = +1.9844 | std(g_L) = 0.9542 | grad = 0.7741
step  11840 | loss = -1.9239 | g_L = +1.9239 | EMA = +1.9997 | std(g_L) = 1.0228 | grad = 0.5380
step  11860 | loss = -1.9094 | g_L = +1.9094 | EMA = +1.9867 | std(g_L) = 0.7998 | grad = 0.8297
step  11880 | loss = -1.8341 | g_L = +1.8341 | EMA = +1.9848 | std(g_L) = 1.0562 | grad = 0.5764
step  11900 | loss = -2.1317 | g_L = +2.1317 | EMA = +1.9932 | std(g_L) = 0.9599 | grad = 1.1702
step  11920 | loss = -1.9558 | g_L = +1.9558 | EMA = +1.9855 | std(g_L) = 0.8923 | grad = 0.2518
step  11940 | loss = -2.0072 | g_L = +2.0072 | EMA = +1.9727 | std(g_L) = 1.0420 | grad = 0.5331
step  11960 | loss = -2.0881 | g_L = +2.0881 | EMA = +1.9997 | std(g_L) = 0.8773 | grad = 0.2476
step  11980 | loss = -2.0064 | g_L = +2.0064 | EMA = +2.0135 | std(g_L) = 0.9689 | grad = 0.5148
step  12000 | loss = -1.9718 | g_L = +1.9718 | EMA = +2.0190 | std(g_L) = 0.9939 | grad = 0.6299
step  12020 | loss = -2.0450 | g_L = +2.0450 | EMA = +2.0095 | std(g_L) = 1.0059 | grad = 0.4088
step  12040 | loss = -2.0724 | g_L = +2.0724 | EMA = +2.0043 | std(g_L) = 0.8429 | grad = 0.5838
step  12060 | loss = -1.9815 | g_L = +1.9815 | EMA = +1.9892 | std(g_L) = 0.9986 | grad = 0.4387
step  12080 | loss = -2.0078 | g_L = +2.0078 | EMA = +2.0061 | std(g_L) = 0.9987 | grad = 0.3580
step  12100 | loss = -2.0450 | g_L = +2.0450 | EMA = +1.9830 | std(g_L) = 0.9017 | grad = 0.3609
step  12120 | loss = -1.9826 | g_L = +1.9826 | EMA = +1.9947 | std(g_L) = 1.0259 | grad = 0.4278
step  12140 | loss = -1.8766 | g_L = +1.8766 | EMA = +1.9859 | std(g_L) = 0.9439 | grad = 0.5005
step  12160 | loss = -1.9718 | g_L = +1.9718 | EMA = +1.9771 | std(g_L) = 0.8920 | grad = 0.1673
step  12180 | loss = -2.0815 | g_L = +2.0815 | EMA = +1.9896 | std(g_L) = 0.8656 | grad = 0.8857
step  12200 | loss = -2.1267 | g_L = +2.1267 | EMA = +2.0153 | std(g_L) = 0.8711 | grad = 0.8820
step  12220 | loss = -1.9846 | g_L = +1.9846 | EMA = +1.9968 | std(g_L) = 0.9961 | grad = 0.6787
step  12240 | loss = -2.0199 | g_L = +2.0199 | EMA = +1.9709 | std(g_L) = 0.9590 | grad = 0.5376
step  12260 | loss = -1.9576 | g_L = +1.9576 | EMA = +1.9748 | std(g_L) = 0.9797 | grad = 0.5024
step  12280 | loss = -2.0619 | g_L = +2.0619 | EMA = +1.9807 | std(g_L) = 0.9483 | grad = 0.4649
step  12300 | loss = -2.0044 | g_L = +2.0044 | EMA = +1.9842 | std(g_L) = 0.9993 | grad = 0.6899
step  12320 | loss = -1.8608 | g_L = +1.8608 | EMA = +1.9849 | std(g_L) = 0.9945 | grad = 0.4074
step  12340 | loss = -1.9556 | g_L = +1.9556 | EMA = +1.9618 | std(g_L) = 1.1083 | grad = 0.6894
step  12360 | loss = -2.0020 | g_L = +2.0020 | EMA = +1.9830 | std(g_L) = 0.9337 | grad = 0.4788
step  12380 | loss = -2.0320 | g_L = +2.0320 | EMA = +1.9952 | std(g_L) = 0.9710 | grad = 1.0687
step  12400 | loss = -1.9545 | g_L = +1.9545 | EMA = +1.9900 | std(g_L) = 0.9768 | grad = 0.3528
step  12420 | loss = -2.1218 | g_L = +2.1218 | EMA = +1.9931 | std(g_L) = 0.9554 | grad = 0.4436
step  12440 | loss = -1.9945 | g_L = +1.9945 | EMA = +1.9870 | std(g_L) = 1.1132 | grad = 0.9031
step  12460 | loss = -2.0026 | g_L = +2.0026 | EMA = +1.9819 | std(g_L) = 0.9556 | grad = 0.5966
step  12480 | loss = -1.9023 | g_L = +1.9023 | EMA = +1.9627 | std(g_L) = 1.1530 | grad = 0.5366
step  12500 | loss = -1.9699 | g_L = +1.9699 | EMA = +1.9801 | std(g_L) = 0.9236 | grad = 0.8145
step  12520 | loss = -1.9724 | g_L = +1.9724 | EMA = +1.9722 | std(g_L) = 1.0009 | grad = 0.5722
step  12540 | loss = -2.1282 | g_L = +2.1282 | EMA = +1.9855 | std(g_L) = 0.9652 | grad = 0.5143
step  12560 | loss = -1.9724 | g_L = +1.9724 | EMA = +1.9714 | std(g_L) = 0.9221 | grad = 0.5961
step  12580 | loss = -1.8148 | g_L = +1.8148 | EMA = +1.9664 | std(g_L) = 1.1821 | grad = 0.6842
step  12600 | loss = -1.8461 | g_L = +1.8461 | EMA = +1.9766 | std(g_L) = 1.0144 | grad = 0.3657
step  12620 | loss = -2.0658 | g_L = +2.0658 | EMA = +1.9733 | std(g_L) = 1.1412 | grad = 0.5457
step  12640 | loss = -2.0658 | g_L = +2.0658 | EMA = +1.9966 | std(g_L) = 0.8302 | grad = 0.3907
step  12660 | loss = -1.9639 | g_L = +1.9639 | EMA = +1.9900 | std(g_L) = 1.0052 | grad = 0.8489
step  12680 | loss = -2.0166 | g_L = +2.0166 | EMA = +1.9864 | std(g_L) = 1.0214 | grad = 0.7408
step  12700 | loss = -2.0641 | g_L = +2.0641 | EMA = +1.9928 | std(g_L) = 0.9506 | grad = 0.2954
step  12720 | loss = -1.9903 | g_L = +1.9903 | EMA = +1.9884 | std(g_L) = 0.9573 | grad = 0.3373
step  12740 | loss = -1.7865 | g_L = +1.7865 | EMA = +1.9830 | std(g_L) = 1.0596 | grad = 1.2013
step  12760 | loss = -2.0929 | g_L = +2.0929 | EMA = +2.0028 | std(g_L) = 0.9544 | grad = 0.2719
step  12780 | loss = -1.9223 | g_L = +1.9223 | EMA = +1.9864 | std(g_L) = 1.0235 | grad = 0.8263
step  12800 | loss = -2.0209 | g_L = +2.0209 | EMA = +1.9833 | std(g_L) = 0.9785 | grad = 0.5508
step  12820 | loss = -2.0273 | g_L = +2.0273 | EMA = +1.9999 | std(g_L) = 0.9740 | grad = 0.4907
step  12840 | loss = -1.9581 | g_L = +1.9581 | EMA = +1.9799 | std(g_L) = 0.9393 | grad = 0.8696
step  12860 | loss = -2.0676 | g_L = +2.0676 | EMA = +1.9557 | std(g_L) = 0.8533 | grad = 0.3712
step  12880 | loss = -2.0139 | g_L = +2.0139 | EMA = +1.9927 | std(g_L) = 1.0823 | grad = 0.8181
step  12900 | loss = -1.9081 | g_L = +1.9081 | EMA = +1.9864 | std(g_L) = 0.9958 | grad = 0.9774
step  12920 | loss = -1.9479 | g_L = +1.9479 | EMA = +1.9901 | std(g_L) = 0.9191 | grad = 0.4738
step  12940 | loss = -1.9965 | g_L = +1.9965 | EMA = +2.0000 | std(g_L) = 0.9828 | grad = 0.1920
step  12960 | loss = -2.0330 | g_L = +2.0330 | EMA = +1.9894 | std(g_L) = 0.9361 | grad = 0.5019
step  12980 | loss = -1.9873 | g_L = +1.9873 | EMA = +1.9937 | std(g_L) = 1.0389 | grad = 0.6056
step  13000 | loss = -1.8870 | g_L = +1.8870 | EMA = +1.9806 | std(g_L) = 0.9463 | grad = 0.8847
step  13020 | loss = -1.9377 | g_L = +1.9377 | EMA = +1.9834 | std(g_L) = 1.0569 | grad = 0.5041
step  13040 | loss = -1.8349 | g_L = +1.8349 | EMA = +1.9698 | std(g_L) = 1.0345 | grad = 0.5363
step  13060 | loss = -2.0001 | g_L = +2.0001 | EMA = +1.9912 | std(g_L) = 0.9233 | grad = 0.5177
step  13080 | loss = -1.9272 | g_L = +1.9272 | EMA = +2.0157 | std(g_L) = 1.0298 | grad = 0.4394
step  13100 | loss = -1.9814 | g_L = +1.9814 | EMA = +1.9769 | std(g_L) = 1.0751 | grad = 1.2416
step  13120 | loss = -1.9509 | g_L = +1.9509 | EMA = +1.9813 | std(g_L) = 0.9856 | grad = 0.4999
step  13140 | loss = -1.9375 | g_L = +1.9375 | EMA = +1.9894 | std(g_L) = 0.8407 | grad = 0.4149
step  13160 | loss = -2.0301 | g_L = +2.0301 | EMA = +1.9793 | std(g_L) = 0.8577 | grad = 0.3857
step  13180 | loss = -2.0064 | g_L = +2.0064 | EMA = +1.9754 | std(g_L) = 0.8509 | grad = 0.5852
step  13200 | loss = -1.8327 | g_L = +1.8327 | EMA = +1.9885 | std(g_L) = 1.2093 | grad = 0.4878
step  13220 | loss = -2.0034 | g_L = +2.0034 | EMA = +1.9849 | std(g_L) = 0.9272 | grad = 0.7678
step  13240 | loss = -1.9451 | g_L = +1.9451 | EMA = +1.9817 | std(g_L) = 0.9607 | grad = 0.5733
step  13260 | loss = -2.0212 | g_L = +2.0212 | EMA = +1.9937 | std(g_L) = 1.0100 | grad = 0.4130
step  13280 | loss = -1.7170 | g_L = +1.7170 | EMA = +1.9995 | std(g_L) = 1.1935 | grad = 0.3034
step  13300 | loss = -1.9957 | g_L = +1.9957 | EMA = +2.0070 | std(g_L) = 0.9043 | grad = 0.8847
step  13320 | loss = -1.8720 | g_L = +1.8720 | EMA = +2.0071 | std(g_L) = 0.9142 | grad = 0.7444
step  13340 | loss = -1.9626 | g_L = +1.9626 | EMA = +1.9949 | std(g_L) = 0.8727 | grad = 0.3766
step  13360 | loss = -1.9588 | g_L = +1.9588 | EMA = +2.0036 | std(g_L) = 1.0070 | grad = 0.4289
step  13380 | loss = -2.0327 | g_L = +2.0327 | EMA = +1.9882 | std(g_L) = 1.0087 | grad = 0.4912
step  13400 | loss = -2.1217 | g_L = +2.1217 | EMA = +1.9941 | std(g_L) = 0.8557 | grad = 0.6633
step  13420 | loss = -1.8585 | g_L = +1.8585 | EMA = +2.0014 | std(g_L) = 0.9502 | grad = 0.5357
step  13440 | loss = -1.9887 | g_L = +1.9887 | EMA = +2.0021 | std(g_L) = 1.0328 | grad = 0.6613
step  13460 | loss = -1.8730 | g_L = +1.8730 | EMA = +2.0020 | std(g_L) = 1.0569 | grad = 0.4155
step  13480 | loss = -1.8157 | g_L = +1.8157 | EMA = +1.9742 | std(g_L) = 1.0759 | grad = 0.4477
step  13500 | loss = -1.9549 | g_L = +1.9549 | EMA = +1.9817 | std(g_L) = 1.0298 | grad = 0.7796
step  13520 | loss = -2.0102 | g_L = +2.0102 | EMA = +1.9849 | std(g_L) = 0.9556 | grad = 0.6933
step  13540 | loss = -2.1435 | g_L = +2.1435 | EMA = +2.0078 | std(g_L) = 0.8868 | grad = 0.2366
step  13560 | loss = -1.8531 | g_L = +1.8531 | EMA = +1.9927 | std(g_L) = 0.9668 | grad = 0.6711
step  13580 | loss = -2.0129 | g_L = +2.0129 | EMA = +1.9919 | std(g_L) = 0.9434 | grad = 0.9394
step  13600 | loss = -1.9657 | g_L = +1.9657 | EMA = +2.0014 | std(g_L) = 0.8496 | grad = 0.6284
step  13620 | loss = -2.0103 | g_L = +2.0103 | EMA = +1.9936 | std(g_L) = 0.9656 | grad = 0.4713
step  13640 | loss = -2.1684 | g_L = +2.1684 | EMA = +1.9991 | std(g_L) = 0.8285 | grad = 0.9583
step  13660 | loss = -1.9580 | g_L = +1.9580 | EMA = +2.0155 | std(g_L) = 1.0537 | grad = 0.5647
step  13680 | loss = -1.9130 | g_L = +1.9130 | EMA = +1.9967 | std(g_L) = 1.0651 | grad = 0.4750
step  13700 | loss = -1.9767 | g_L = +1.9767 | EMA = +1.9916 | std(g_L) = 1.0039 | grad = 0.2531
step  13720 | loss = -2.0173 | g_L = +2.0173 | EMA = +2.0070 | std(g_L) = 1.0799 | grad = 0.7007
step  13740 | loss = -2.0816 | g_L = +2.0816 | EMA = +2.0008 | std(g_L) = 0.9459 | grad = 0.7395
step  13760 | loss = -1.9968 | g_L = +1.9968 | EMA = +2.0032 | std(g_L) = 0.9721 | grad = 0.3248
step  13780 | loss = -1.9803 | g_L = +1.9803 | EMA = +1.9872 | std(g_L) = 0.9679 | grad = 0.5818
step  13800 | loss = -2.0737 | g_L = +2.0737 | EMA = +2.0143 | std(g_L) = 0.9946 | grad = 0.6099
step  13820 | loss = -2.0583 | g_L = +2.0583 | EMA = +2.0094 | std(g_L) = 0.9585 | grad = 0.4230
step  13840 | loss = -2.0066 | g_L = +2.0066 | EMA = +1.9929 | std(g_L) = 0.9249 | grad = 0.5496
step  13860 | loss = -2.0789 | g_L = +2.0789 | EMA = +2.0039 | std(g_L) = 0.9099 | grad = 0.6389
step  13880 | loss = -2.0510 | g_L = +2.0510 | EMA = +2.0022 | std(g_L) = 0.9621 | grad = 0.9211
step  13900 | loss = -1.9908 | g_L = +1.9908 | EMA = +1.9989 | std(g_L) = 0.9696 | grad = 0.3795
step  13920 | loss = -1.9629 | g_L = +1.9629 | EMA = +1.9803 | std(g_L) = 0.9549 | grad = 0.3753
step  13940 | loss = -1.9748 | g_L = +1.9748 | EMA = +2.0009 | std(g_L) = 0.9799 | grad = 0.4990
step  13960 | loss = -1.9808 | g_L = +1.9808 | EMA = +1.9843 | std(g_L) = 1.0148 | grad = 0.6551
step  13980 | loss = -2.0533 | g_L = +2.0533 | EMA = +1.9932 | std(g_L) = 0.8939 | grad = 0.6027
step  14000 | loss = -1.9462 | g_L = +1.9462 | EMA = +1.9968 | std(g_L) = 1.0133 | grad = 0.5520
step  14020 | loss = -2.1161 | g_L = +2.1161 | EMA = +2.0120 | std(g_L) = 0.9419 | grad = 0.9466
step  14040 | loss = -1.9101 | g_L = +1.9101 | EMA = +1.9937 | std(g_L) = 1.0562 | grad = 0.7445
step  14060 | loss = -2.1662 | g_L = +2.1662 | EMA = +2.0076 | std(g_L) = 0.8605 | grad = 0.5033
step  14080 | loss = -2.0910 | g_L = +2.0910 | EMA = +2.0068 | std(g_L) = 0.8670 | grad = 0.9203
step  14100 | loss = -1.9149 | g_L = +1.9149 | EMA = +1.9971 | std(g_L) = 0.9554 | grad = 0.5834
step  14120 | loss = -1.9360 | g_L = +1.9360 | EMA = +2.0009 | std(g_L) = 1.0541 | grad = 0.6233
step  14140 | loss = -1.9632 | g_L = +1.9632 | EMA = +2.0083 | std(g_L) = 0.9727 | grad = 0.7420
step  14160 | loss = -1.9894 | g_L = +1.9894 | EMA = +2.0295 | std(g_L) = 0.9343 | grad = 1.0812
step  14180 | loss = -1.9578 | g_L = +1.9578 | EMA = +2.0194 | std(g_L) = 0.9362 | grad = 0.4714
step  14200 | loss = -2.0566 | g_L = +2.0566 | EMA = +1.9965 | std(g_L) = 1.1153 | grad = 0.5886
step  14220 | loss = -2.0485 | g_L = +2.0485 | EMA = +1.9990 | std(g_L) = 1.1143 | grad = 0.8596
step  14240 | loss = -1.9716 | g_L = +1.9716 | EMA = +1.9992 | std(g_L) = 0.8175 | grad = 0.5920
step  14260 | loss = -1.8947 | g_L = +1.8947 | EMA = +2.0164 | std(g_L) = 0.9993 | grad = 0.3303
step  14280 | loss = -2.0257 | g_L = +2.0257 | EMA = +2.0106 | std(g_L) = 0.9231 | grad = 0.8399
step  14300 | loss = -2.0641 | g_L = +2.0641 | EMA = +1.9990 | std(g_L) = 0.9381 | grad = 0.3236
step  14320 | loss = -1.9907 | g_L = +1.9907 | EMA = +2.0024 | std(g_L) = 0.8860 | grad = 0.5932
step  14340 | loss = -1.9560 | g_L = +1.9560 | EMA = +2.0024 | std(g_L) = 1.0570 | grad = 0.6046
step  14360 | loss = -2.0307 | g_L = +2.0307 | EMA = +1.9828 | std(g_L) = 0.9394 | grad = 0.8087
step  14380 | loss = -2.0657 | g_L = +2.0657 | EMA = +2.0014 | std(g_L) = 1.0087 | grad = 0.7066
step  14400 | loss = -2.1735 | g_L = +2.1735 | EMA = +2.0020 | std(g_L) = 0.8880 | grad = 0.8077
step  14420 | loss = -2.0557 | g_L = +2.0557 | EMA = +1.9952 | std(g_L) = 0.9862 | grad = 0.7231
step  14440 | loss = -1.9069 | g_L = +1.9069 | EMA = +1.9938 | std(g_L) = 1.2142 | grad = 0.5035
step  14460 | loss = -2.0262 | g_L = +2.0262 | EMA = +1.9961 | std(g_L) = 0.9984 | grad = 0.8352
step  14480 | loss = -1.8908 | g_L = +1.8908 | EMA = +1.9852 | std(g_L) = 0.9738 | grad = 0.7397
step  14500 | loss = -1.9570 | g_L = +1.9570 | EMA = +2.0132 | std(g_L) = 0.8707 | grad = 0.6296
step  14520 | loss = -2.0644 | g_L = +2.0644 | EMA = +2.0057 | std(g_L) = 0.9268 | grad = 0.2792
step  14540 | loss = -2.1098 | g_L = +2.1098 | EMA = +2.0062 | std(g_L) = 0.9928 | grad = 0.4763
step  14560 | loss = -1.9793 | g_L = +1.9793 | EMA = +1.9970 | std(g_L) = 0.9436 | grad = 0.3601
step  14580 | loss = -1.9500 | g_L = +1.9500 | EMA = +1.9911 | std(g_L) = 0.9565 | grad = 0.7691
step  14600 | loss = -1.8905 | g_L = +1.8905 | EMA = +1.9928 | std(g_L) = 1.1644 | grad = 0.7934
step  14620 | loss = -2.1531 | g_L = +2.1531 | EMA = +1.9973 | std(g_L) = 0.9283 | grad = 0.5420
step  14640 | loss = -1.9869 | g_L = +1.9869 | EMA = +2.0078 | std(g_L) = 1.0327 | grad = 0.7338
step  14660 | loss = -1.9901 | g_L = +1.9901 | EMA = +1.9945 | std(g_L) = 1.0276 | grad = 0.4636
step  14680 | loss = -2.1224 | g_L = +2.1224 | EMA = +2.0086 | std(g_L) = 0.9227 | grad = 0.3688
step  14700 | loss = -1.7131 | g_L = +1.7131 | EMA = +1.9909 | std(g_L) = 1.1115 | grad = 1.4601
step  14720 | loss = -1.9516 | g_L = +1.9516 | EMA = +2.0200 | std(g_L) = 0.8579 | grad = 0.7054
step  14740 | loss = -1.9629 | g_L = +1.9629 | EMA = +2.0042 | std(g_L) = 1.0176 | grad = 0.2854
step  14760 | loss = -1.9395 | g_L = +1.9395 | EMA = +1.9933 | std(g_L) = 0.9826 | grad = 0.8045
step  14780 | loss = -2.0879 | g_L = +2.0879 | EMA = +2.0207 | std(g_L) = 0.8824 | grad = 0.7264
step  14800 | loss = -2.0234 | g_L = +2.0234 | EMA = +2.0225 | std(g_L) = 1.0313 | grad = 0.6859
step  14820 | loss = -2.0364 | g_L = +2.0364 | EMA = +1.9972 | std(g_L) = 0.9610 | grad = 0.6803
step  14840 | loss = -2.0419 | g_L = +2.0419 | EMA = +1.9804 | std(g_L) = 0.8671 | grad = 0.5972
step  14860 | loss = -1.9466 | g_L = +1.9466 | EMA = +1.9645 | std(g_L) = 0.9298 | grad = 0.7211
step  14880 | loss = -1.9605 | g_L = +1.9605 | EMA = +1.9709 | std(g_L) = 0.9940 | grad = 0.7210
step  14900 | loss = -2.0341 | g_L = +2.0341 | EMA = +1.9738 | std(g_L) = 0.8510 | grad = 0.4780
step  14920 | loss = -2.0304 | g_L = +2.0304 | EMA = +1.9887 | std(g_L) = 0.9863 | grad = 0.7733
step  14940 | loss = -2.0633 | g_L = +2.0633 | EMA = +2.0124 | std(g_L) = 0.9711 | grad = 0.6981
step  14960 | loss = -2.1275 | g_L = +2.1275 | EMA = +2.0066 | std(g_L) = 0.8794 | grad = 0.4614
step  14980 | loss = -1.9265 | g_L = +1.9265 | EMA = +2.0206 | std(g_L) = 0.9355 | grad = 0.5369
step  15000 | loss = -2.0094 | g_L = +2.0094 | EMA = +2.0100 | std(g_L) = 1.0026 | grad = 0.4608
T=5 finished.

============================================================
T = 7
L = 128
Batch size = 128
Steps = 15000
Checkpoints = model_checkpoints/fixed_sigma_sweep/T7_L128_B128
============================================================
step      1 | loss = -0.3344 | g_L = +0.3344 | EMA = +0.3344 | std(g_L) = 0.7155 | grad = 0.1139
step     20 | loss = -0.2912 | g_L = +0.2912 | EMA = +0.3456 | std(g_L) = 0.5872 | grad = 0.1426
step     40 | loss = -0.4862 | g_L = +0.4862 | EMA = +0.3745 | std(g_L) = 0.7945 | grad = 0.1996
step     60 | loss = -0.5556 | g_L = +0.5556 | EMA = +0.4725 | std(g_L) = 1.0004 | grad = 0.4148
step     80 | loss = -0.5547 | g_L = +0.5547 | EMA = +0.5353 | std(g_L) = 1.0649 | grad = 0.2642
step    100 | loss = -0.8180 | g_L = +0.8180 | EMA = +0.6159 | std(g_L) = 1.2093 | grad = 0.2696
step    120 | loss = -0.7579 | g_L = +0.7579 | EMA = +0.7182 | std(g_L) = 1.1756 | grad = 0.3749
step    140 | loss = -0.8200 | g_L = +0.8200 | EMA = +0.8007 | std(g_L) = 1.1959 | grad = 0.3377
step    160 | loss = -1.1996 | g_L = +1.1996 | EMA = +0.9379 | std(g_L) = 1.3477 | grad = 0.1683
step    180 | loss = -0.9832 | g_L = +0.9832 | EMA = +1.0333 | std(g_L) = 1.2747 | grad = 0.2032
step    200 | loss = -1.1880 | g_L = +1.1880 | EMA = +1.0640 | std(g_L) = 1.3412 | grad = 0.3032
step    220 | loss = -1.1066 | g_L = +1.1066 | EMA = +1.0850 | std(g_L) = 1.3760 | grad = 0.3023
step    240 | loss = -1.2233 | g_L = +1.2233 | EMA = +1.1413 | std(g_L) = 1.3532 | grad = 0.6469
step    260 | loss = -1.4096 | g_L = +1.4096 | EMA = +1.2590 | std(g_L) = 1.2805 | grad = 0.5290
step    280 | loss = -1.6231 | g_L = +1.6231 | EMA = +1.3899 | std(g_L) = 1.3835 | grad = 0.4722
step    300 | loss = -1.5912 | g_L = +1.5912 | EMA = +1.5014 | std(g_L) = 1.2944 | grad = 0.2895
step    320 | loss = -1.7195 | g_L = +1.7195 | EMA = +1.5724 | std(g_L) = 1.2606 | grad = 1.3096
step    340 | loss = -2.0242 | g_L = +2.0242 | EMA = +1.7700 | std(g_L) = 1.2640 | grad = 1.0970
step    360 | loss = -2.0893 | g_L = +2.0893 | EMA = +1.9398 | std(g_L) = 1.2013 | grad = 0.6972
step    380 | loss = -2.4471 | g_L = +2.4471 | EMA = +2.0371 | std(g_L) = 1.2301 | grad = 0.3706
step    400 | loss = -2.1581 | g_L = +2.1581 | EMA = +2.0831 | std(g_L) = 1.2370 | grad = 0.6368
step    420 | loss = -2.0927 | g_L = +2.0927 | EMA = +2.1207 | std(g_L) = 1.1743 | grad = 0.2819
step    440 | loss = -2.2017 | g_L = +2.2017 | EMA = +2.1637 | std(g_L) = 1.0969 | grad = 0.5075
step    460 | loss = -2.1846 | g_L = +2.1846 | EMA = +2.1493 | std(g_L) = 1.1331 | grad = 0.4586
step    480 | loss = -2.2542 | g_L = +2.2542 | EMA = +2.1578 | std(g_L) = 1.1423 | grad = 0.9189
step    500 | loss = -2.0974 | g_L = +2.0974 | EMA = +2.1553 | std(g_L) = 1.2879 | grad = 0.7931
step    520 | loss = -2.1288 | g_L = +2.1288 | EMA = +2.1948 | std(g_L) = 1.2226 | grad = 0.6615
step    540 | loss = -2.0174 | g_L = +2.0174 | EMA = +2.1679 | std(g_L) = 1.2656 | grad = 0.7859
step    560 | loss = -2.2280 | g_L = +2.2280 | EMA = +2.1890 | std(g_L) = 1.1552 | grad = 0.4187
step    580 | loss = -2.1685 | g_L = +2.1685 | EMA = +2.2010 | std(g_L) = 1.0903 | grad = 1.1285
step    600 | loss = -2.1307 | g_L = +2.1307 | EMA = +2.2345 | std(g_L) = 1.2837 | grad = 0.5448
step    620 | loss = -2.4157 | g_L = +2.4157 | EMA = +2.2392 | std(g_L) = 1.1414 | grad = 0.4371
step    640 | loss = -2.2723 | g_L = +2.2723 | EMA = +2.2307 | std(g_L) = 1.1563 | grad = 0.9912
step    660 | loss = -2.1415 | g_L = +2.1415 | EMA = +2.2246 | std(g_L) = 1.0779 | grad = 1.0089
step    680 | loss = -2.3541 | g_L = +2.3541 | EMA = +2.2695 | std(g_L) = 1.0880 | grad = 0.8725
step    700 | loss = -2.3671 | g_L = +2.3671 | EMA = +2.2846 | std(g_L) = 1.1064 | grad = 0.3904
step    720 | loss = -2.2789 | g_L = +2.2789 | EMA = +2.3020 | std(g_L) = 1.1741 | grad = 0.8298
step    740 | loss = -2.4101 | g_L = +2.4101 | EMA = +2.3329 | std(g_L) = 1.0072 | grad = 1.0060
step    760 | loss = -2.4462 | g_L = +2.4462 | EMA = +2.3595 | std(g_L) = 1.0245 | grad = 0.7059
step    780 | loss = -2.2205 | g_L = +2.2205 | EMA = +2.3476 | std(g_L) = 1.0740 | grad = 0.8539
step    800 | loss = -2.5005 | g_L = +2.5005 | EMA = +2.3737 | std(g_L) = 0.9560 | grad = 0.7879
step    820 | loss = -2.3696 | g_L = +2.3696 | EMA = +2.3831 | std(g_L) = 0.9345 | grad = 0.9675
step    840 | loss = -2.3709 | g_L = +2.3709 | EMA = +2.4071 | std(g_L) = 0.9996 | grad = 0.3927
step    860 | loss = -2.4451 | g_L = +2.4451 | EMA = +2.4159 | std(g_L) = 1.0840 | grad = 0.2400
step    880 | loss = -2.5969 | g_L = +2.5969 | EMA = +2.4161 | std(g_L) = 0.8841 | grad = 0.3901
step    900 | loss = -2.3608 | g_L = +2.3608 | EMA = +2.4191 | std(g_L) = 0.9960 | grad = 0.9193
step    920 | loss = -2.3932 | g_L = +2.3932 | EMA = +2.4323 | std(g_L) = 0.8835 | grad = 0.3956
step    940 | loss = -2.3660 | g_L = +2.3660 | EMA = +2.4301 | std(g_L) = 1.0209 | grad = 1.4381
step    960 | loss = -2.4483 | g_L = +2.4483 | EMA = +2.4454 | std(g_L) = 1.0019 | grad = 0.3065
step    980 | loss = -2.4492 | g_L = +2.4492 | EMA = +2.4637 | std(g_L) = 0.9781 | grad = 0.9947
step   1000 | loss = -2.4932 | g_L = +2.4932 | EMA = +2.4770 | std(g_L) = 0.8117 | grad = 0.7181
step   1020 | loss = -2.4597 | g_L = +2.4597 | EMA = +2.4622 | std(g_L) = 1.1229 | grad = 1.3413
step   1040 | loss = -2.4852 | g_L = +2.4852 | EMA = +2.4697 | std(g_L) = 0.8335 | grad = 0.7041
step   1060 | loss = -2.5892 | g_L = +2.5892 | EMA = +2.4802 | std(g_L) = 0.8539 | grad = 0.4170
step   1080 | loss = -2.5802 | g_L = +2.5802 | EMA = +2.4914 | std(g_L) = 0.9046 | grad = 0.9071
step   1100 | loss = -2.5936 | g_L = +2.5936 | EMA = +2.4928 | std(g_L) = 0.6845 | grad = 0.5308
step   1120 | loss = -2.6173 | g_L = +2.6173 | EMA = +2.5008 | std(g_L) = 0.8562 | grad = 0.6316
step   1140 | loss = -2.5595 | g_L = +2.5595 | EMA = +2.5055 | std(g_L) = 0.8667 | grad = 0.5240
step   1160 | loss = -2.5510 | g_L = +2.5510 | EMA = +2.5121 | std(g_L) = 0.8312 | grad = 0.7827
step   1180 | loss = -2.5917 | g_L = +2.5917 | EMA = +2.5117 | std(g_L) = 0.7909 | grad = 0.7928
step   1200 | loss = -2.6212 | g_L = +2.6212 | EMA = +2.5262 | std(g_L) = 0.7791 | grad = 0.9302
step   1220 | loss = -2.5462 | g_L = +2.5462 | EMA = +2.5420 | std(g_L) = 0.8208 | grad = 0.7768
step   1240 | loss = -2.5368 | g_L = +2.5368 | EMA = +2.5241 | std(g_L) = 0.7832 | grad = 0.8479
step   1260 | loss = -2.6243 | g_L = +2.6243 | EMA = +2.5303 | std(g_L) = 0.8478 | grad = 0.6132
step   1280 | loss = -2.6096 | g_L = +2.6096 | EMA = +2.5417 | std(g_L) = 0.8515 | grad = 0.9378
step   1300 | loss = -2.4238 | g_L = +2.4238 | EMA = +2.5353 | std(g_L) = 1.0191 | grad = 0.7964
step   1320 | loss = -2.5664 | g_L = +2.5664 | EMA = +2.5399 | std(g_L) = 0.8150 | grad = 0.6489
step   1340 | loss = -2.4820 | g_L = +2.4820 | EMA = +2.5393 | std(g_L) = 0.9005 | grad = 0.6148
step   1360 | loss = -2.5840 | g_L = +2.5840 | EMA = +2.5561 | std(g_L) = 0.8835 | grad = 0.4465
step   1380 | loss = -2.6056 | g_L = +2.6056 | EMA = +2.5520 | std(g_L) = 0.7061 | grad = 0.8160
step   1400 | loss = -2.5796 | g_L = +2.5796 | EMA = +2.5346 | std(g_L) = 0.8112 | grad = 0.7351
step   1420 | loss = -2.5537 | g_L = +2.5537 | EMA = +2.5497 | std(g_L) = 0.8807 | grad = 1.3198
step   1440 | loss = -2.5477 | g_L = +2.5477 | EMA = +2.5600 | std(g_L) = 0.7762 | grad = 0.6598
step   1460 | loss = -2.5911 | g_L = +2.5911 | EMA = +2.5597 | std(g_L) = 0.6876 | grad = 0.5198
step   1480 | loss = -2.5298 | g_L = +2.5298 | EMA = +2.5709 | std(g_L) = 0.8502 | grad = 0.7572
step   1500 | loss = -2.5321 | g_L = +2.5321 | EMA = +2.5719 | std(g_L) = 0.9045 | grad = 0.8152
step   1520 | loss = -2.4771 | g_L = +2.4771 | EMA = +2.5754 | std(g_L) = 0.8462 | grad = 0.6403
step   1540 | loss = -2.6360 | g_L = +2.6360 | EMA = +2.5750 | std(g_L) = 0.8128 | grad = 0.8416
step   1560 | loss = -2.4031 | g_L = +2.4031 | EMA = +2.5605 | std(g_L) = 0.8577 | grad = 0.6343
step   1580 | loss = -2.5788 | g_L = +2.5788 | EMA = +2.5797 | std(g_L) = 0.7999 | grad = 0.8113
step   1600 | loss = -2.4730 | g_L = +2.4730 | EMA = +2.5649 | std(g_L) = 0.9928 | grad = 1.5350
step   1620 | loss = -2.6646 | g_L = +2.6646 | EMA = +2.5756 | std(g_L) = 0.8142 | grad = 0.7720
step   1640 | loss = -2.6851 | g_L = +2.6851 | EMA = +2.5633 | std(g_L) = 0.8688 | grad = 0.5635
step   1660 | loss = -2.5743 | g_L = +2.5743 | EMA = +2.5815 | std(g_L) = 0.7665 | grad = 0.6524
step   1680 | loss = -2.5791 | g_L = +2.5791 | EMA = +2.5909 | std(g_L) = 0.8165 | grad = 0.3196
step   1700 | loss = -2.6766 | g_L = +2.6766 | EMA = +2.5866 | std(g_L) = 0.7380 | grad = 0.8373
step   1720 | loss = -2.6458 | g_L = +2.6458 | EMA = +2.5926 | std(g_L) = 0.7429 | grad = 0.5291
step   1740 | loss = -2.5669 | g_L = +2.5669 | EMA = +2.5861 | std(g_L) = 0.8442 | grad = 0.8810
step   1760 | loss = -2.5201 | g_L = +2.5201 | EMA = +2.5787 | std(g_L) = 1.0111 | grad = 0.4339
step   1780 | loss = -2.4387 | g_L = +2.4387 | EMA = +2.5831 | std(g_L) = 0.8400 | grad = 0.5940
step   1800 | loss = -2.4895 | g_L = +2.4895 | EMA = +2.5815 | std(g_L) = 0.8503 | grad = 0.9879
step   1820 | loss = -2.6144 | g_L = +2.6144 | EMA = +2.6088 | std(g_L) = 0.7495 | grad = 0.6633
step   1840 | loss = -2.6313 | g_L = +2.6313 | EMA = +2.6030 | std(g_L) = 1.0016 | grad = 0.5746
step   1860 | loss = -2.6684 | g_L = +2.6684 | EMA = +2.5883 | std(g_L) = 0.7154 | grad = 0.8500
step   1880 | loss = -2.5949 | g_L = +2.5949 | EMA = +2.5796 | std(g_L) = 0.8321 | grad = 0.9207
step   1900 | loss = -2.5900 | g_L = +2.5900 | EMA = +2.5972 | std(g_L) = 0.9565 | grad = 0.6214
step   1920 | loss = -2.6522 | g_L = +2.6522 | EMA = +2.6008 | std(g_L) = 0.8039 | grad = 0.5418
step   1940 | loss = -2.6773 | g_L = +2.6773 | EMA = +2.6126 | std(g_L) = 0.7552 | grad = 0.3368
step   1960 | loss = -2.6179 | g_L = +2.6179 | EMA = +2.5977 | std(g_L) = 0.7204 | grad = 0.5416
step   1980 | loss = -2.7620 | g_L = +2.7620 | EMA = +2.6242 | std(g_L) = 0.7137 | grad = 0.6160
step   2000 | loss = -2.6622 | g_L = +2.6622 | EMA = +2.6208 | std(g_L) = 0.7668 | grad = 0.4591
step   2020 | loss = -2.6831 | g_L = +2.6831 | EMA = +2.6109 | std(g_L) = 0.8327 | grad = 0.6835
step   2040 | loss = -2.5495 | g_L = +2.5495 | EMA = +2.6031 | std(g_L) = 0.7565 | grad = 1.1550
step   2060 | loss = -2.4959 | g_L = +2.4959 | EMA = +2.6108 | std(g_L) = 1.2336 | grad = 0.7518
step   2080 | loss = -2.6350 | g_L = +2.6350 | EMA = +2.6155 | std(g_L) = 0.7325 | grad = 0.6984
step   2100 | loss = -2.6475 | g_L = +2.6475 | EMA = +2.6158 | std(g_L) = 0.7739 | grad = 1.1465
step   2120 | loss = -2.6316 | g_L = +2.6316 | EMA = +2.6081 | std(g_L) = 0.8245 | grad = 0.7293
step   2140 | loss = -2.6895 | g_L = +2.6895 | EMA = +2.6217 | std(g_L) = 0.7552 | grad = 0.6307
step   2160 | loss = -2.6976 | g_L = +2.6976 | EMA = +2.6212 | std(g_L) = 0.7493 | grad = 0.9397
step   2180 | loss = -2.5629 | g_L = +2.5629 | EMA = +2.6290 | std(g_L) = 0.8218 | grad = 0.3145
step   2200 | loss = -2.5853 | g_L = +2.5853 | EMA = +2.6105 | std(g_L) = 0.7867 | grad = 1.2728
step   2220 | loss = -2.5922 | g_L = +2.5922 | EMA = +2.6294 | std(g_L) = 0.8966 | grad = 0.7776
step   2240 | loss = -2.7144 | g_L = +2.7144 | EMA = +2.6103 | std(g_L) = 0.7584 | grad = 0.3931
step   2260 | loss = -2.6173 | g_L = +2.6173 | EMA = +2.6213 | std(g_L) = 0.7846 | grad = 0.7896
step   2280 | loss = -2.4752 | g_L = +2.4752 | EMA = +2.6175 | std(g_L) = 0.9058 | grad = 1.7418
step   2300 | loss = -2.7179 | g_L = +2.7179 | EMA = +2.6374 | std(g_L) = 0.7839 | grad = 0.4106
step   2320 | loss = -2.6794 | g_L = +2.6794 | EMA = +2.6326 | std(g_L) = 0.7718 | grad = 0.8716
step   2340 | loss = -2.5960 | g_L = +2.5960 | EMA = +2.6263 | std(g_L) = 0.7349 | grad = 1.1887
step   2360 | loss = -2.6672 | g_L = +2.6672 | EMA = +2.6237 | std(g_L) = 0.7266 | grad = 0.5254
step   2380 | loss = -2.5867 | g_L = +2.5867 | EMA = +2.6189 | std(g_L) = 0.9007 | grad = 1.1044
step   2400 | loss = -2.7312 | g_L = +2.7312 | EMA = +2.6212 | std(g_L) = 0.8144 | grad = 0.6229
step   2420 | loss = -2.6340 | g_L = +2.6340 | EMA = +2.6255 | std(g_L) = 0.7844 | grad = 0.6584
step   2440 | loss = -2.6212 | g_L = +2.6212 | EMA = +2.6486 | std(g_L) = 0.7773 | grad = 0.4808
step   2460 | loss = -2.6517 | g_L = +2.6517 | EMA = +2.6444 | std(g_L) = 0.9843 | grad = 0.3783
step   2480 | loss = -2.4547 | g_L = +2.4547 | EMA = +2.6379 | std(g_L) = 0.9501 | grad = 0.6991
step   2500 | loss = -2.5407 | g_L = +2.5407 | EMA = +2.6215 | std(g_L) = 0.9139 | grad = 1.0696
step   2520 | loss = -2.6020 | g_L = +2.6020 | EMA = +2.6099 | std(g_L) = 0.9117 | grad = 1.0282
step   2540 | loss = -2.6341 | g_L = +2.6341 | EMA = +2.6201 | std(g_L) = 0.7209 | grad = 0.3728
step   2560 | loss = -2.5196 | g_L = +2.5196 | EMA = +2.6353 | std(g_L) = 0.7862 | grad = 0.8135
step   2580 | loss = -2.7448 | g_L = +2.7448 | EMA = +2.6507 | std(g_L) = 0.8607 | grad = 0.6574
step   2600 | loss = -2.5732 | g_L = +2.5732 | EMA = +2.6342 | std(g_L) = 1.1048 | grad = 1.4250
step   2620 | loss = -2.5942 | g_L = +2.5942 | EMA = +2.6371 | std(g_L) = 0.7658 | grad = 0.8025
step   2640 | loss = -2.6815 | g_L = +2.6815 | EMA = +2.6266 | std(g_L) = 0.8634 | grad = 0.7475
step   2660 | loss = -2.6523 | g_L = +2.6523 | EMA = +2.6288 | std(g_L) = 0.7353 | grad = 1.6568
step   2680 | loss = -2.5311 | g_L = +2.5311 | EMA = +2.6411 | std(g_L) = 0.9319 | grad = 1.3569
step   2700 | loss = -2.5600 | g_L = +2.5600 | EMA = +2.6176 | std(g_L) = 0.9629 | grad = 0.6834
step   2720 | loss = -2.6786 | g_L = +2.6786 | EMA = +2.6354 | std(g_L) = 0.8808 | grad = 0.5640
step   2740 | loss = -2.5633 | g_L = +2.5633 | EMA = +2.6446 | std(g_L) = 0.8411 | grad = 1.5843
step   2760 | loss = -2.6652 | g_L = +2.6652 | EMA = +2.6547 | std(g_L) = 0.7348 | grad = 1.0239
step   2780 | loss = -2.6834 | g_L = +2.6834 | EMA = +2.6490 | std(g_L) = 0.8617 | grad = 0.6512
step   2800 | loss = -2.6343 | g_L = +2.6343 | EMA = +2.6401 | std(g_L) = 0.9669 | grad = 1.1919
step   2820 | loss = -2.6308 | g_L = +2.6308 | EMA = +2.6337 | std(g_L) = 0.8998 | grad = 0.6186
step   2840 | loss = -2.4895 | g_L = +2.4895 | EMA = +2.6360 | std(g_L) = 1.0338 | grad = 0.5758
step   2860 | loss = -2.6531 | g_L = +2.6531 | EMA = +2.6390 | std(g_L) = 0.8218 | grad = 1.0996
step   2880 | loss = -2.6071 | g_L = +2.6071 | EMA = +2.6302 | std(g_L) = 0.9342 | grad = 0.7674
step   2900 | loss = -2.6020 | g_L = +2.6020 | EMA = +2.6252 | std(g_L) = 0.7975 | grad = 0.8800
step   2920 | loss = -2.6253 | g_L = +2.6253 | EMA = +2.6318 | std(g_L) = 0.9548 | grad = 0.9283
step   2940 | loss = -2.7272 | g_L = +2.7272 | EMA = +2.6371 | std(g_L) = 0.7564 | grad = 0.4196
step   2960 | loss = -2.6882 | g_L = +2.6882 | EMA = +2.6365 | std(g_L) = 0.8162 | grad = 0.6794
step   2980 | loss = -2.5479 | g_L = +2.5479 | EMA = +2.6281 | std(g_L) = 0.9812 | grad = 0.8917
step   3000 | loss = -2.6816 | g_L = +2.6816 | EMA = +2.6375 | std(g_L) = 0.7357 | grad = 0.6806
step   3020 | loss = -2.7128 | g_L = +2.7128 | EMA = +2.6458 | std(g_L) = 0.6420 | grad = 1.0181
step   3040 | loss = -2.6697 | g_L = +2.6697 | EMA = +2.6367 | std(g_L) = 0.7852 | grad = 0.9601
step   3060 | loss = -2.6500 | g_L = +2.6500 | EMA = +2.6562 | std(g_L) = 0.9321 | grad = 1.6308
step   3080 | loss = -2.7350 | g_L = +2.7350 | EMA = +2.6440 | std(g_L) = 0.7292 | grad = 0.9585
step   3100 | loss = -2.7348 | g_L = +2.7348 | EMA = +2.6722 | std(g_L) = 0.8330 | grad = 0.6416
step   3120 | loss = -2.6000 | g_L = +2.6000 | EMA = +2.6402 | std(g_L) = 0.8744 | grad = 0.3690
step   3140 | loss = -2.6237 | g_L = +2.6237 | EMA = +2.6208 | std(g_L) = 1.0413 | grad = 0.7214
step   3160 | loss = -2.6384 | g_L = +2.6384 | EMA = +2.6324 | std(g_L) = 0.9341 | grad = 0.7979
step   3180 | loss = -2.5787 | g_L = +2.5787 | EMA = +2.6471 | std(g_L) = 0.8518 | grad = 1.6283
step   3200 | loss = -2.6060 | g_L = +2.6060 | EMA = +2.6177 | std(g_L) = 0.7865 | grad = 0.3106
step   3220 | loss = -2.6850 | g_L = +2.6850 | EMA = +2.6384 | std(g_L) = 0.8900 | grad = 0.7711
step   3240 | loss = -2.6384 | g_L = +2.6384 | EMA = +2.6450 | std(g_L) = 0.8479 | grad = 0.9365
step   3260 | loss = -2.6113 | g_L = +2.6113 | EMA = +2.6301 | std(g_L) = 0.8173 | grad = 0.5628
step   3280 | loss = -2.5332 | g_L = +2.5332 | EMA = +2.6329 | std(g_L) = 1.0137 | grad = 0.6543
step   3300 | loss = -2.6490 | g_L = +2.6490 | EMA = +2.6447 | std(g_L) = 0.8654 | grad = 0.5945
step   3320 | loss = -2.6875 | g_L = +2.6875 | EMA = +2.6534 | std(g_L) = 0.6687 | grad = 0.7245
step   3340 | loss = -2.7053 | g_L = +2.7053 | EMA = +2.6503 | std(g_L) = 0.7095 | grad = 0.7445
step   3360 | loss = -2.5161 | g_L = +2.5161 | EMA = +2.6551 | std(g_L) = 0.8747 | grad = 0.8794
step   3380 | loss = -2.6146 | g_L = +2.6146 | EMA = +2.6674 | std(g_L) = 0.8171 | grad = 0.5258
step   3400 | loss = -2.6574 | g_L = +2.6574 | EMA = +2.6437 | std(g_L) = 0.9443 | grad = 0.3730
step   3420 | loss = -2.5535 | g_L = +2.5535 | EMA = +2.6334 | std(g_L) = 0.8213 | grad = 0.6943
step   3440 | loss = -2.6116 | g_L = +2.6116 | EMA = +2.6340 | std(g_L) = 0.9228 | grad = 0.6101
step   3460 | loss = -2.7212 | g_L = +2.7212 | EMA = +2.6372 | std(g_L) = 0.6718 | grad = 0.6032
step   3480 | loss = -2.5804 | g_L = +2.5804 | EMA = +2.6220 | std(g_L) = 0.9524 | grad = 0.4348
step   3500 | loss = -2.5534 | g_L = +2.5534 | EMA = +2.6282 | std(g_L) = 1.0534 | grad = 0.5353
step   3520 | loss = -2.6600 | g_L = +2.6600 | EMA = +2.6448 | std(g_L) = 0.8427 | grad = 0.3097
step   3540 | loss = -2.6736 | g_L = +2.6736 | EMA = +2.6310 | std(g_L) = 0.7607 | grad = 1.0429
step   3560 | loss = -2.6681 | g_L = +2.6681 | EMA = +2.6355 | std(g_L) = 0.8043 | grad = 0.4754
step   3580 | loss = -2.6167 | g_L = +2.6167 | EMA = +2.6516 | std(g_L) = 0.9513 | grad = 0.5016
step   3600 | loss = -2.4917 | g_L = +2.4917 | EMA = +2.6444 | std(g_L) = 1.1144 | grad = 0.4695
step   3620 | loss = -2.6282 | g_L = +2.6282 | EMA = +2.6595 | std(g_L) = 0.9048 | grad = 0.7890
step   3640 | loss = -2.6050 | g_L = +2.6050 | EMA = +2.6406 | std(g_L) = 0.7272 | grad = 0.8583
step   3660 | loss = -2.4569 | g_L = +2.4569 | EMA = +2.6362 | std(g_L) = 1.0347 | grad = 0.9611
step   3680 | loss = -2.6900 | g_L = +2.6900 | EMA = +2.6402 | std(g_L) = 0.8190 | grad = 1.3392
step   3700 | loss = -2.6323 | g_L = +2.6323 | EMA = +2.6394 | std(g_L) = 0.9371 | grad = 0.6977
step   3720 | loss = -2.7146 | g_L = +2.7146 | EMA = +2.6684 | std(g_L) = 0.7637 | grad = 0.3213
step   3740 | loss = -2.6884 | g_L = +2.6884 | EMA = +2.6377 | std(g_L) = 0.8455 | grad = 0.1456
step   3760 | loss = -2.6724 | g_L = +2.6724 | EMA = +2.6585 | std(g_L) = 0.8491 | grad = 0.7882
step   3780 | loss = -2.6977 | g_L = +2.6977 | EMA = +2.6586 | std(g_L) = 0.7955 | grad = 0.8555
step   3800 | loss = -2.6584 | g_L = +2.6584 | EMA = +2.6535 | std(g_L) = 0.9172 | grad = 0.6056
step   3820 | loss = -2.6185 | g_L = +2.6185 | EMA = +2.6267 | std(g_L) = 0.9793 | grad = 0.7076
step   3840 | loss = -2.6651 | g_L = +2.6651 | EMA = +2.6317 | std(g_L) = 0.8863 | grad = 0.5486
step   3860 | loss = -2.6248 | g_L = +2.6248 | EMA = +2.6517 | std(g_L) = 0.7658 | grad = 0.7578
step   3880 | loss = -2.5540 | g_L = +2.5540 | EMA = +2.6589 | std(g_L) = 0.9823 | grad = 0.8079
step   3900 | loss = -2.7806 | g_L = +2.7806 | EMA = +2.6551 | std(g_L) = 0.7966 | grad = 1.4207
step   3920 | loss = -2.5887 | g_L = +2.5887 | EMA = +2.6445 | std(g_L) = 0.8147 | grad = 0.4171
step   3940 | loss = -2.5605 | g_L = +2.5605 | EMA = +2.6250 | std(g_L) = 0.8722 | grad = 0.8651
step   3960 | loss = -2.5534 | g_L = +2.5534 | EMA = +2.6360 | std(g_L) = 0.8983 | grad = 0.8614
step   3980 | loss = -2.7144 | g_L = +2.7144 | EMA = +2.6542 | std(g_L) = 0.7711 | grad = 0.7457
step   4000 | loss = -2.6959 | g_L = +2.6959 | EMA = +2.6557 | std(g_L) = 0.7525 | grad = 0.8927
step   4020 | loss = -2.6741 | g_L = +2.6741 | EMA = +2.6550 | std(g_L) = 0.8017 | grad = 0.7260
step   4040 | loss = -2.7266 | g_L = +2.7266 | EMA = +2.6560 | std(g_L) = 0.7409 | grad = 0.4785
step   4060 | loss = -2.5836 | g_L = +2.5836 | EMA = +2.6555 | std(g_L) = 0.8280 | grad = 1.1781
step   4080 | loss = -2.6710 | g_L = +2.6710 | EMA = +2.6523 | std(g_L) = 0.9791 | grad = 0.5499
step   4100 | loss = -2.6480 | g_L = +2.6480 | EMA = +2.6608 | std(g_L) = 0.8415 | grad = 0.4865
step   4120 | loss = -2.6048 | g_L = +2.6048 | EMA = +2.6543 | std(g_L) = 0.8703 | grad = 0.8586
step   4140 | loss = -2.6873 | g_L = +2.6873 | EMA = +2.6544 | std(g_L) = 0.8296 | grad = 0.2520
step   4160 | loss = -2.7056 | g_L = +2.7056 | EMA = +2.6407 | std(g_L) = 0.8126 | grad = 1.3385
step   4180 | loss = -2.6105 | g_L = +2.6105 | EMA = +2.6620 | std(g_L) = 0.7265 | grad = 1.2437
step   4200 | loss = -2.6550 | g_L = +2.6550 | EMA = +2.6543 | std(g_L) = 0.7481 | grad = 0.4272
step   4220 | loss = -2.7378 | g_L = +2.7378 | EMA = +2.6601 | std(g_L) = 0.7692 | grad = 0.7679
step   4240 | loss = -2.4191 | g_L = +2.4191 | EMA = +2.6320 | std(g_L) = 0.9546 | grad = 0.8644
step   4260 | loss = -2.6563 | g_L = +2.6563 | EMA = +2.6441 | std(g_L) = 0.9665 | grad = 0.3664
step   4280 | loss = -2.8289 | g_L = +2.8289 | EMA = +2.6685 | std(g_L) = 0.7672 | grad = 0.9985
step   4300 | loss = -2.6533 | g_L = +2.6533 | EMA = +2.6645 | std(g_L) = 0.7459 | grad = 0.7968
step   4320 | loss = -2.7124 | g_L = +2.7124 | EMA = +2.6545 | std(g_L) = 0.7479 | grad = 0.7430
step   4340 | loss = -2.6729 | g_L = +2.6729 | EMA = +2.6542 | std(g_L) = 0.8234 | grad = 0.8426
step   4360 | loss = -2.6492 | g_L = +2.6492 | EMA = +2.6422 | std(g_L) = 0.9970 | grad = 0.7904
step   4380 | loss = -2.6980 | g_L = +2.6980 | EMA = +2.6645 | std(g_L) = 0.8077 | grad = 0.6622
step   4400 | loss = -2.6591 | g_L = +2.6591 | EMA = +2.6544 | std(g_L) = 0.7562 | grad = 0.6848
step   4420 | loss = -2.6951 | g_L = +2.6951 | EMA = +2.6449 | std(g_L) = 0.7561 | grad = 0.6584
step   4440 | loss = -2.6600 | g_L = +2.6600 | EMA = +2.6541 | std(g_L) = 0.9820 | grad = 0.8711
step   4460 | loss = -2.5586 | g_L = +2.5586 | EMA = +2.6305 | std(g_L) = 0.8676 | grad = 0.3981
step   4480 | loss = -2.6753 | g_L = +2.6753 | EMA = +2.6516 | std(g_L) = 0.7726 | grad = 0.7682
step   4500 | loss = -2.5589 | g_L = +2.5589 | EMA = +2.6325 | std(g_L) = 0.7721 | grad = 0.9782
step   4520 | loss = -2.7502 | g_L = +2.7502 | EMA = +2.6371 | std(g_L) = 0.7703 | grad = 0.4648
step   4540 | loss = -2.5673 | g_L = +2.5673 | EMA = +2.6750 | std(g_L) = 0.9053 | grad = 0.9097
step   4560 | loss = -2.7671 | g_L = +2.7671 | EMA = +2.6685 | std(g_L) = 0.6892 | grad = 0.2613
step   4580 | loss = -2.5011 | g_L = +2.5011 | EMA = +2.6535 | std(g_L) = 0.9412 | grad = 0.6060
step   4600 | loss = -2.6533 | g_L = +2.6533 | EMA = +2.6426 | std(g_L) = 0.8208 | grad = 0.8660
step   4620 | loss = -2.6778 | g_L = +2.6778 | EMA = +2.6384 | std(g_L) = 0.7455 | grad = 0.7158
step   4640 | loss = -2.6457 | g_L = +2.6457 | EMA = +2.6500 | std(g_L) = 0.8308 | grad = 1.0424
step   4660 | loss = -2.6579 | g_L = +2.6579 | EMA = +2.6502 | std(g_L) = 0.7988 | grad = 0.7372
step   4680 | loss = -2.6170 | g_L = +2.6170 | EMA = +2.6599 | std(g_L) = 0.7982 | grad = 0.3868
step   4700 | loss = -2.5176 | g_L = +2.5176 | EMA = +2.6421 | std(g_L) = 0.8739 | grad = 1.0981
step   4720 | loss = -2.6485 | g_L = +2.6485 | EMA = +2.6329 | std(g_L) = 0.8863 | grad = 0.7493
step   4740 | loss = -2.6028 | g_L = +2.6028 | EMA = +2.6437 | std(g_L) = 0.8747 | grad = 1.0503
step   4760 | loss = -2.7163 | g_L = +2.7163 | EMA = +2.6441 | std(g_L) = 1.0441 | grad = 0.6082
step   4780 | loss = -2.4959 | g_L = +2.4959 | EMA = +2.6647 | std(g_L) = 1.1224 | grad = 0.4757
step   4800 | loss = -2.6295 | g_L = +2.6295 | EMA = +2.6584 | std(g_L) = 0.7755 | grad = 0.5339
step   4820 | loss = -2.5669 | g_L = +2.5669 | EMA = +2.6463 | std(g_L) = 1.2090 | grad = 0.9391
step   4840 | loss = -2.7751 | g_L = +2.7751 | EMA = +2.6515 | std(g_L) = 0.7591 | grad = 0.7979
step   4860 | loss = -2.7940 | g_L = +2.7940 | EMA = +2.6608 | std(g_L) = 0.7721 | grad = 0.9207
step   4880 | loss = -2.6022 | g_L = +2.6022 | EMA = +2.6427 | std(g_L) = 0.9756 | grad = 0.9916
step   4900 | loss = -2.7518 | g_L = +2.7518 | EMA = +2.6548 | std(g_L) = 0.6364 | grad = 0.7507
step   4920 | loss = -2.6677 | g_L = +2.6677 | EMA = +2.6620 | std(g_L) = 0.8334 | grad = 0.7103
step   4940 | loss = -2.6034 | g_L = +2.6034 | EMA = +2.6538 | std(g_L) = 0.8434 | grad = 0.5041
step   4960 | loss = -2.6893 | g_L = +2.6893 | EMA = +2.6321 | std(g_L) = 0.7504 | grad = 0.7731
step   4980 | loss = -2.5597 | g_L = +2.5597 | EMA = +2.6638 | std(g_L) = 0.8702 | grad = 0.5895
step   5000 | loss = -2.6351 | g_L = +2.6351 | EMA = +2.6570 | std(g_L) = 0.9231 | grad = 0.7067
step   5020 | loss = -2.6435 | g_L = +2.6435 | EMA = +2.6515 | std(g_L) = 0.8054 | grad = 1.1143
step   5040 | loss = -2.6611 | g_L = +2.6611 | EMA = +2.6592 | std(g_L) = 0.8398 | grad = 1.1250
step   5060 | loss = -2.6945 | g_L = +2.6945 | EMA = +2.6481 | std(g_L) = 0.8108 | grad = 0.8137
step   5080 | loss = -2.7026 | g_L = +2.7026 | EMA = +2.6590 | std(g_L) = 0.7386 | grad = 0.5214
step   5100 | loss = -2.7287 | g_L = +2.7287 | EMA = +2.6509 | std(g_L) = 0.6436 | grad = 1.5136
step   5120 | loss = -2.6953 | g_L = +2.6953 | EMA = +2.6614 | std(g_L) = 0.8816 | grad = 0.5567
step   5140 | loss = -2.6166 | g_L = +2.6166 | EMA = +2.6547 | std(g_L) = 0.6909 | grad = 0.7284
step   5160 | loss = -2.6266 | g_L = +2.6266 | EMA = +2.6504 | std(g_L) = 0.7784 | grad = 0.5281
step   5180 | loss = -2.7965 | g_L = +2.7965 | EMA = +2.6635 | std(g_L) = 0.6410 | grad = 0.7035
step   5200 | loss = -2.8175 | g_L = +2.8175 | EMA = +2.6817 | std(g_L) = 0.7472 | grad = 0.6227
step   5220 | loss = -2.7273 | g_L = +2.7273 | EMA = +2.6740 | std(g_L) = 0.7489 | grad = 1.1368
step   5240 | loss = -2.6574 | g_L = +2.6574 | EMA = +2.6667 | std(g_L) = 0.8840 | grad = 0.8217
step   5260 | loss = -2.6818 | g_L = +2.6818 | EMA = +2.6519 | std(g_L) = 0.9271 | grad = 0.8328
step   5280 | loss = -2.5779 | g_L = +2.5779 | EMA = +2.6333 | std(g_L) = 0.9874 | grad = 0.8671
step   5300 | loss = -2.5861 | g_L = +2.5861 | EMA = +2.6552 | std(g_L) = 0.8220 | grad = 0.6268
step   5320 | loss = -2.7496 | g_L = +2.7496 | EMA = +2.6471 | std(g_L) = 0.7833 | grad = 0.6249
step   5340 | loss = -2.6381 | g_L = +2.6381 | EMA = +2.6489 | std(g_L) = 1.0062 | grad = 0.7356
step   5360 | loss = -2.7077 | g_L = +2.7077 | EMA = +2.6580 | std(g_L) = 0.7088 | grad = 0.4985
step   5380 | loss = -2.4296 | g_L = +2.4296 | EMA = +2.6390 | std(g_L) = 0.9967 | grad = 0.7431
step   5400 | loss = -2.7780 | g_L = +2.7780 | EMA = +2.6536 | std(g_L) = 0.7450 | grad = 0.4209
step   5420 | loss = -2.5295 | g_L = +2.5295 | EMA = +2.6531 | std(g_L) = 0.7397 | grad = 1.3272
step   5440 | loss = -2.4245 | g_L = +2.4245 | EMA = +2.6276 | std(g_L) = 1.1418 | grad = 0.3834
step   5460 | loss = -2.7541 | g_L = +2.7541 | EMA = +2.6477 | std(g_L) = 0.7635 | grad = 0.4784
step   5480 | loss = -2.7377 | g_L = +2.7377 | EMA = +2.6568 | std(g_L) = 0.7354 | grad = 0.5068
step   5500 | loss = -2.6628 | g_L = +2.6628 | EMA = +2.6608 | std(g_L) = 0.7478 | grad = 0.8184
step   5520 | loss = -2.6878 | g_L = +2.6878 | EMA = +2.6591 | std(g_L) = 0.8005 | grad = 0.9371
step   5540 | loss = -2.7255 | g_L = +2.7255 | EMA = +2.6663 | std(g_L) = 0.8898 | grad = 1.0275
step   5560 | loss = -2.6323 | g_L = +2.6323 | EMA = +2.6807 | std(g_L) = 0.7793 | grad = 0.7300
step   5580 | loss = -2.7367 | g_L = +2.7367 | EMA = +2.6605 | std(g_L) = 0.7661 | grad = 0.4072
step   5600 | loss = -2.5991 | g_L = +2.5991 | EMA = +2.6536 | std(g_L) = 0.8330 | grad = 0.6630
step   5620 | loss = -2.7318 | g_L = +2.7318 | EMA = +2.6657 | std(g_L) = 0.7225 | grad = 1.2372
step   5640 | loss = -2.6941 | g_L = +2.6941 | EMA = +2.6646 | std(g_L) = 0.8208 | grad = 0.5525
step   5660 | loss = -2.6698 | g_L = +2.6698 | EMA = +2.6626 | std(g_L) = 0.8809 | grad = 0.6717
step   5680 | loss = -2.6487 | g_L = +2.6487 | EMA = +2.6585 | std(g_L) = 0.7722 | grad = 0.8642
step   5700 | loss = -2.6663 | g_L = +2.6663 | EMA = +2.6568 | std(g_L) = 0.8539 | grad = 1.0603
step   5720 | loss = -2.5228 | g_L = +2.5228 | EMA = +2.6313 | std(g_L) = 1.0215 | grad = 1.0748
step   5740 | loss = -2.6936 | g_L = +2.6936 | EMA = +2.6457 | std(g_L) = 0.8179 | grad = 0.9362
step   5760 | loss = -2.6941 | g_L = +2.6941 | EMA = +2.6360 | std(g_L) = 0.8282 | grad = 0.6607
step   5780 | loss = -2.7672 | g_L = +2.7672 | EMA = +2.6608 | std(g_L) = 0.7483 | grad = 0.7041
step   5800 | loss = -2.7495 | g_L = +2.7495 | EMA = +2.6627 | std(g_L) = 0.8131 | grad = 1.0925
step   5820 | loss = -2.6579 | g_L = +2.6579 | EMA = +2.6455 | std(g_L) = 0.8524 | grad = 1.1750
step   5840 | loss = -2.6131 | g_L = +2.6131 | EMA = +2.6392 | std(g_L) = 0.7462 | grad = 0.7871
step   5860 | loss = -2.6115 | g_L = +2.6115 | EMA = +2.6564 | std(g_L) = 0.9242 | grad = 0.4987
step   5880 | loss = -2.6238 | g_L = +2.6238 | EMA = +2.6729 | std(g_L) = 0.8619 | grad = 0.3303
step   5900 | loss = -2.7621 | g_L = +2.7621 | EMA = +2.6714 | std(g_L) = 0.7451 | grad = 1.5606
step   5920 | loss = -2.6456 | g_L = +2.6456 | EMA = +2.6583 | std(g_L) = 0.8369 | grad = 0.3772
step   5940 | loss = -2.6544 | g_L = +2.6544 | EMA = +2.6360 | std(g_L) = 0.7247 | grad = 0.5502
step   5960 | loss = -2.6607 | g_L = +2.6607 | EMA = +2.6642 | std(g_L) = 0.9030 | grad = 0.3697
step   5980 | loss = -2.6431 | g_L = +2.6431 | EMA = +2.6552 | std(g_L) = 0.7775 | grad = 0.3623
step   6000 | loss = -2.6765 | g_L = +2.6765 | EMA = +2.6546 | std(g_L) = 0.6637 | grad = 0.6019
step   6020 | loss = -2.6867 | g_L = +2.6867 | EMA = +2.6591 | std(g_L) = 0.8007 | grad = 0.6979
step   6040 | loss = -2.5615 | g_L = +2.5615 | EMA = +2.6434 | std(g_L) = 0.9274 | grad = 0.5709
step   6060 | loss = -2.8393 | g_L = +2.8393 | EMA = +2.6679 | std(g_L) = 0.7210 | grad = 0.2826
step   6080 | loss = -2.6396 | g_L = +2.6396 | EMA = +2.6525 | std(g_L) = 0.9951 | grad = 0.8131
step   6100 | loss = -2.7647 | g_L = +2.7647 | EMA = +2.6688 | std(g_L) = 0.6744 | grad = 0.5026
step   6120 | loss = -2.6143 | g_L = +2.6143 | EMA = +2.6654 | std(g_L) = 0.8759 | grad = 0.7837
step   6140 | loss = -2.5913 | g_L = +2.5913 | EMA = +2.6609 | std(g_L) = 0.8153 | grad = 0.4325
step   6160 | loss = -2.5689 | g_L = +2.5689 | EMA = +2.6720 | std(g_L) = 0.9424 | grad = 1.2076
step   6180 | loss = -2.7454 | g_L = +2.7454 | EMA = +2.6756 | std(g_L) = 0.7616 | grad = 0.9585
step   6200 | loss = -2.6458 | g_L = +2.6458 | EMA = +2.6762 | std(g_L) = 0.7532 | grad = 0.4877
step   6220 | loss = -2.7516 | g_L = +2.7516 | EMA = +2.6740 | std(g_L) = 0.7933 | grad = 0.7272
step   6240 | loss = -2.6659 | g_L = +2.6659 | EMA = +2.6729 | std(g_L) = 1.3148 | grad = 0.5426
step   6260 | loss = -2.7592 | g_L = +2.7592 | EMA = +2.6688 | std(g_L) = 0.8019 | grad = 0.8784
step   6280 | loss = -2.7529 | g_L = +2.7529 | EMA = +2.6712 | std(g_L) = 0.7135 | grad = 0.7089
step   6300 | loss = -2.6908 | g_L = +2.6908 | EMA = +2.6701 | std(g_L) = 0.6950 | grad = 0.9007
step   6320 | loss = -2.5984 | g_L = +2.5984 | EMA = +2.6683 | std(g_L) = 0.8332 | grad = 0.3297
step   6340 | loss = -2.5651 | g_L = +2.5651 | EMA = +2.6613 | std(g_L) = 0.8938 | grad = 0.7793
step   6360 | loss = -2.7158 | g_L = +2.7158 | EMA = +2.6520 | std(g_L) = 0.7312 | grad = 0.5669
step   6380 | loss = -2.6928 | g_L = +2.6928 | EMA = +2.6626 | std(g_L) = 0.7378 | grad = 0.3333
step   6400 | loss = -2.6849 | g_L = +2.6849 | EMA = +2.6724 | std(g_L) = 0.8098 | grad = 0.7687
step   6420 | loss = -2.6763 | g_L = +2.6763 | EMA = +2.6496 | std(g_L) = 0.7587 | grad = 0.7248
step   6440 | loss = -2.6643 | g_L = +2.6643 | EMA = +2.6457 | std(g_L) = 0.6817 | grad = 0.3201
step   6460 | loss = -2.6333 | g_L = +2.6333 | EMA = +2.6564 | std(g_L) = 0.8689 | grad = 0.7062
step   6480 | loss = -2.7030 | g_L = +2.7030 | EMA = +2.6572 | std(g_L) = 0.8153 | grad = 0.5911
step   6500 | loss = -2.6095 | g_L = +2.6095 | EMA = +2.6726 | std(g_L) = 0.7675 | grad = 0.4925
step   6520 | loss = -2.5661 | g_L = +2.5661 | EMA = +2.6565 | std(g_L) = 0.9854 | grad = 0.5311
step   6540 | loss = -2.6825 | g_L = +2.6825 | EMA = +2.6460 | std(g_L) = 0.8411 | grad = 0.8195
step   6560 | loss = -2.6193 | g_L = +2.6193 | EMA = +2.6516 | std(g_L) = 0.8494 | grad = 0.3971
step   6580 | loss = -2.6252 | g_L = +2.6252 | EMA = +2.6561 | std(g_L) = 0.8452 | grad = 0.3772
step   6600 | loss = -2.7400 | g_L = +2.7400 | EMA = +2.6546 | std(g_L) = 0.8378 | grad = 0.3085
step   6620 | loss = -2.7446 | g_L = +2.7446 | EMA = +2.6480 | std(g_L) = 0.8657 | grad = 0.9170
step   6640 | loss = -2.8085 | g_L = +2.8085 | EMA = +2.6625 | std(g_L) = 0.7140 | grad = 0.4941
step   6660 | loss = -2.6285 | g_L = +2.6285 | EMA = +2.6702 | std(g_L) = 0.8119 | grad = 0.6259
step   6680 | loss = -2.6537 | g_L = +2.6537 | EMA = +2.6569 | std(g_L) = 0.7473 | grad = 1.1287
step   6700 | loss = -2.6027 | g_L = +2.6027 | EMA = +2.6503 | std(g_L) = 0.9889 | grad = 1.2192
step   6720 | loss = -2.6734 | g_L = +2.6734 | EMA = +2.6704 | std(g_L) = 0.6974 | grad = 0.4680
step   6740 | loss = -2.6816 | g_L = +2.6816 | EMA = +2.6569 | std(g_L) = 0.8013 | grad = 0.7219
step   6760 | loss = -2.7206 | g_L = +2.7206 | EMA = +2.6600 | std(g_L) = 0.6512 | grad = 0.7299
step   6780 | loss = -2.7529 | g_L = +2.7529 | EMA = +2.6566 | std(g_L) = 0.8280 | grad = 0.4922
step   6800 | loss = -2.6976 | g_L = +2.6976 | EMA = +2.6386 | std(g_L) = 0.7655 | grad = 1.0709
step   6820 | loss = -2.5989 | g_L = +2.5989 | EMA = +2.6496 | std(g_L) = 0.9863 | grad = 0.4218
step   6840 | loss = -2.5778 | g_L = +2.5778 | EMA = +2.6701 | std(g_L) = 0.9005 | grad = 0.5539
step   6860 | loss = -2.7237 | g_L = +2.7237 | EMA = +2.6736 | std(g_L) = 0.8931 | grad = 0.5304
step   6880 | loss = -2.6022 | g_L = +2.6022 | EMA = +2.6550 | std(g_L) = 0.8130 | grad = 0.4845
step   6900 | loss = -2.6897 | g_L = +2.6897 | EMA = +2.6625 | std(g_L) = 0.8296 | grad = 1.1214
step   6920 | loss = -2.6137 | g_L = +2.6137 | EMA = +2.6549 | std(g_L) = 0.7243 | grad = 2.0479
step   6940 | loss = -2.6243 | g_L = +2.6243 | EMA = +2.6731 | std(g_L) = 0.7924 | grad = 0.8918
step   6960 | loss = -2.7237 | g_L = +2.7237 | EMA = +2.6703 | std(g_L) = 0.7488 | grad = 0.8432
step   6980 | loss = -2.5863 | g_L = +2.5863 | EMA = +2.6583 | std(g_L) = 0.9039 | grad = 0.4525
step   7000 | loss = -2.5945 | g_L = +2.5945 | EMA = +2.6633 | std(g_L) = 0.8009 | grad = 0.9532
step   7020 | loss = -2.6877 | g_L = +2.6877 | EMA = +2.6774 | std(g_L) = 0.8518 | grad = 0.8002
step   7040 | loss = -2.6445 | g_L = +2.6445 | EMA = +2.6739 | std(g_L) = 0.8176 | grad = 0.3992
step   7060 | loss = -2.6897 | g_L = +2.6897 | EMA = +2.6498 | std(g_L) = 0.7349 | grad = 0.8576
step   7080 | loss = -2.7395 | g_L = +2.7395 | EMA = +2.6529 | std(g_L) = 0.8096 | grad = 1.0344
step   7100 | loss = -2.7142 | g_L = +2.7142 | EMA = +2.6642 | std(g_L) = 0.8853 | grad = 0.8907
step   7120 | loss = -2.6747 | g_L = +2.6747 | EMA = +2.6671 | std(g_L) = 0.7153 | grad = 0.7630
step   7140 | loss = -2.6131 | g_L = +2.6131 | EMA = +2.6532 | std(g_L) = 0.9859 | grad = 0.8718
step   7160 | loss = -2.6558 | g_L = +2.6558 | EMA = +2.6708 | std(g_L) = 0.8289 | grad = 0.4820
step   7180 | loss = -2.6165 | g_L = +2.6165 | EMA = +2.6641 | std(g_L) = 0.7676 | grad = 0.6508
step   7200 | loss = -2.7003 | g_L = +2.7003 | EMA = +2.6571 | std(g_L) = 0.7577 | grad = 0.7345
step   7220 | loss = -2.6890 | g_L = +2.6890 | EMA = +2.6637 | std(g_L) = 0.7385 | grad = 1.2812
step   7240 | loss = -2.7376 | g_L = +2.7376 | EMA = +2.6726 | std(g_L) = 0.8674 | grad = 0.4735
step   7260 | loss = -2.7743 | g_L = +2.7743 | EMA = +2.6657 | std(g_L) = 0.7590 | grad = 0.5902
step   7280 | loss = -2.6801 | g_L = +2.6801 | EMA = +2.6744 | std(g_L) = 0.8142 | grad = 0.6102
step   7300 | loss = -2.4746 | g_L = +2.4746 | EMA = +2.6627 | std(g_L) = 1.0957 | grad = 0.7956
step   7320 | loss = -2.6830 | g_L = +2.6830 | EMA = +2.6564 | std(g_L) = 1.0724 | grad = 0.2977
step   7340 | loss = -2.4786 | g_L = +2.4786 | EMA = +2.6420 | std(g_L) = 1.0361 | grad = 0.6355
step   7360 | loss = -2.7016 | g_L = +2.7016 | EMA = +2.6566 | std(g_L) = 0.7875 | grad = 1.0214
step   7380 | loss = -2.6571 | g_L = +2.6571 | EMA = +2.6689 | std(g_L) = 0.8207 | grad = 0.7034
step   7400 | loss = -2.5626 | g_L = +2.5626 | EMA = +2.6729 | std(g_L) = 0.8526 | grad = 1.1491
step   7420 | loss = -2.5646 | g_L = +2.5646 | EMA = +2.6660 | std(g_L) = 0.9828 | grad = 0.4033
step   7440 | loss = -2.7933 | g_L = +2.7933 | EMA = +2.6664 | std(g_L) = 0.7223 | grad = 0.6725
step   7460 | loss = -2.6965 | g_L = +2.6965 | EMA = +2.6630 | std(g_L) = 0.7987 | grad = 0.2119
step   7480 | loss = -2.6584 | g_L = +2.6584 | EMA = +2.6585 | std(g_L) = 0.9312 | grad = 1.0733
step   7500 | loss = -2.7932 | g_L = +2.7932 | EMA = +2.6600 | std(g_L) = 0.8197 | grad = 0.8642
step   7520 | loss = -2.7559 | g_L = +2.7559 | EMA = +2.6582 | std(g_L) = 0.8416 | grad = 0.5666
step   7540 | loss = -2.7191 | g_L = +2.7191 | EMA = +2.6768 | std(g_L) = 0.7860 | grad = 0.5352
step   7560 | loss = -2.6757 | g_L = +2.6757 | EMA = +2.6751 | std(g_L) = 0.7841 | grad = 0.4103
step   7580 | loss = -2.7372 | g_L = +2.7372 | EMA = +2.6719 | std(g_L) = 0.7197 | grad = 0.4060
step   7600 | loss = -2.6406 | g_L = +2.6406 | EMA = +2.6505 | std(g_L) = 0.9710 | grad = 0.9417
step   7620 | loss = -2.6343 | g_L = +2.6343 | EMA = +2.6602 | std(g_L) = 0.9747 | grad = 0.3805
step   7640 | loss = -2.6061 | g_L = +2.6061 | EMA = +2.6637 | std(g_L) = 0.8405 | grad = 0.6526
step   7660 | loss = -2.6481 | g_L = +2.6481 | EMA = +2.6646 | std(g_L) = 0.7775 | grad = 1.1263
step   7680 | loss = -2.7876 | g_L = +2.7876 | EMA = +2.6645 | std(g_L) = 0.8284 | grad = 0.4489
step   7700 | loss = -2.6726 | g_L = +2.6726 | EMA = +2.6721 | std(g_L) = 0.7787 | grad = 0.6966
step   7720 | loss = -2.5652 | g_L = +2.5652 | EMA = +2.6506 | std(g_L) = 0.7888 | grad = 0.7662
step   7740 | loss = -2.7462 | g_L = +2.7462 | EMA = +2.6670 | std(g_L) = 0.7058 | grad = 0.4517
step   7760 | loss = -2.6077 | g_L = +2.6077 | EMA = +2.6568 | std(g_L) = 0.7152 | grad = 0.9418
step   7780 | loss = -2.6574 | g_L = +2.6574 | EMA = +2.6800 | std(g_L) = 0.8474 | grad = 0.8767
step   7800 | loss = -2.7016 | g_L = +2.7016 | EMA = +2.6688 | std(g_L) = 0.7623 | grad = 0.9396
step   7820 | loss = -2.6626 | g_L = +2.6626 | EMA = +2.6538 | std(g_L) = 0.7661 | grad = 0.5071
step   7840 | loss = -2.6942 | g_L = +2.6942 | EMA = +2.6572 | std(g_L) = 0.7916 | grad = 0.8700
step   7860 | loss = -2.7018 | g_L = +2.7018 | EMA = +2.6479 | std(g_L) = 0.7179 | grad = 0.8786
step   7880 | loss = -2.6920 | g_L = +2.6920 | EMA = +2.6764 | std(g_L) = 0.8009 | grad = 0.8119
step   7900 | loss = -2.7181 | g_L = +2.7181 | EMA = +2.6652 | std(g_L) = 0.7994 | grad = 0.9719
step   7920 | loss = -2.6185 | g_L = +2.6185 | EMA = +2.6514 | std(g_L) = 0.9285 | grad = 0.3834
step   7940 | loss = -2.5864 | g_L = +2.5864 | EMA = +2.6597 | std(g_L) = 0.9888 | grad = 1.3970
step   7960 | loss = -2.5664 | g_L = +2.5664 | EMA = +2.6687 | std(g_L) = 0.9068 | grad = 1.4886
step   7980 | loss = -2.5645 | g_L = +2.5645 | EMA = +2.6593 | std(g_L) = 0.9058 | grad = 0.6426
step   8000 | loss = -2.6287 | g_L = +2.6287 | EMA = +2.6520 | std(g_L) = 0.9486 | grad = 1.8964
step   8020 | loss = -2.8957 | g_L = +2.8957 | EMA = +2.6650 | std(g_L) = 0.8127 | grad = 0.6531
step   8040 | loss = -2.6535 | g_L = +2.6535 | EMA = +2.6504 | std(g_L) = 0.7536 | grad = 1.0445
step   8060 | loss = -2.7104 | g_L = +2.7104 | EMA = +2.6632 | std(g_L) = 0.8153 | grad = 0.8340
step   8080 | loss = -2.7221 | g_L = +2.7221 | EMA = +2.6638 | std(g_L) = 0.7488 | grad = 1.1702
step   8100 | loss = -2.6913 | g_L = +2.6913 | EMA = +2.6710 | std(g_L) = 0.7393 | grad = 0.5299
step   8120 | loss = -2.6113 | g_L = +2.6113 | EMA = +2.6718 | std(g_L) = 0.9831 | grad = 0.8332
step   8140 | loss = -2.6869 | g_L = +2.6869 | EMA = +2.6738 | std(g_L) = 0.8252 | grad = 0.5178
step   8160 | loss = -2.6570 | g_L = +2.6570 | EMA = +2.6621 | std(g_L) = 0.7803 | grad = 0.3390
step   8180 | loss = -2.6641 | g_L = +2.6641 | EMA = +2.6817 | std(g_L) = 0.9011 | grad = 0.9192
step   8200 | loss = -2.7203 | g_L = +2.7203 | EMA = +2.6664 | std(g_L) = 0.8870 | grad = 1.1951
step   8220 | loss = -2.5617 | g_L = +2.5617 | EMA = +2.6417 | std(g_L) = 1.0595 | grad = 1.2906
step   8240 | loss = -2.6238 | g_L = +2.6238 | EMA = +2.6534 | std(g_L) = 0.7432 | grad = 0.3846
step   8260 | loss = -2.6069 | g_L = +2.6069 | EMA = +2.6601 | std(g_L) = 0.9611 | grad = 0.5037
step   8280 | loss = -2.7087 | g_L = +2.7087 | EMA = +2.6647 | std(g_L) = 0.8338 | grad = 0.6541
step   8300 | loss = -2.6160 | g_L = +2.6160 | EMA = +2.6398 | std(g_L) = 0.9975 | grad = 0.4319
step   8320 | loss = -2.7026 | g_L = +2.7026 | EMA = +2.6603 | std(g_L) = 0.8183 | grad = 0.6877
step   8340 | loss = -2.8370 | g_L = +2.8370 | EMA = +2.6933 | std(g_L) = 0.6169 | grad = 0.5783
step   8360 | loss = -2.6913 | g_L = +2.6913 | EMA = +2.6820 | std(g_L) = 0.6427 | grad = 1.0503
step   8380 | loss = -2.7199 | g_L = +2.7199 | EMA = +2.6704 | std(g_L) = 0.7671 | grad = 1.1493
step   8400 | loss = -2.6277 | g_L = +2.6277 | EMA = +2.6751 | std(g_L) = 1.1094 | grad = 1.0806
step   8420 | loss = -2.7883 | g_L = +2.7883 | EMA = +2.6897 | std(g_L) = 0.7655 | grad = 0.7688
step   8440 | loss = -2.6130 | g_L = +2.6130 | EMA = +2.6810 | std(g_L) = 0.7940 | grad = 0.2797
step   8460 | loss = -2.6759 | g_L = +2.6759 | EMA = +2.6753 | std(g_L) = 0.7925 | grad = 0.4892
step   8480 | loss = -2.6050 | g_L = +2.6050 | EMA = +2.6850 | std(g_L) = 0.8299 | grad = 0.9306
step   8500 | loss = -2.6610 | g_L = +2.6610 | EMA = +2.6822 | std(g_L) = 0.8482 | grad = 1.2224
step   8520 | loss = -2.6674 | g_L = +2.6674 | EMA = +2.6773 | std(g_L) = 0.8323 | grad = 1.1323
step   8540 | loss = -2.7015 | g_L = +2.7015 | EMA = +2.6792 | std(g_L) = 0.8203 | grad = 0.9881
step   8560 | loss = -2.7244 | g_L = +2.7244 | EMA = +2.6787 | std(g_L) = 0.8264 | grad = 0.5092
step   8580 | loss = -2.6517 | g_L = +2.6517 | EMA = +2.6769 | std(g_L) = 0.7634 | grad = 1.1332
step   8600 | loss = -2.5589 | g_L = +2.5589 | EMA = +2.6742 | std(g_L) = 0.7853 | grad = 1.1374
step   8620 | loss = -2.6493 | g_L = +2.6493 | EMA = +2.6732 | std(g_L) = 0.8689 | grad = 1.1445
step   8640 | loss = -2.6076 | g_L = +2.6076 | EMA = +2.6817 | std(g_L) = 0.9083 | grad = 1.4386
step   8660 | loss = -2.7008 | g_L = +2.7008 | EMA = +2.6654 | std(g_L) = 0.6190 | grad = 0.6045
step   8680 | loss = -2.7841 | g_L = +2.7841 | EMA = +2.6521 | std(g_L) = 0.6965 | grad = 1.0088
step   8700 | loss = -2.6101 | g_L = +2.6101 | EMA = +2.6783 | std(g_L) = 1.0020 | grad = 1.5260
step   8720 | loss = -2.6973 | g_L = +2.6973 | EMA = +2.6679 | std(g_L) = 1.0162 | grad = 0.5288
step   8740 | loss = -2.6376 | g_L = +2.6376 | EMA = +2.6789 | std(g_L) = 0.8809 | grad = 0.9522
step   8760 | loss = -2.8148 | g_L = +2.8148 | EMA = +2.6891 | std(g_L) = 0.6401 | grad = 0.8707
step   8780 | loss = -2.7600 | g_L = +2.7600 | EMA = +2.6818 | std(g_L) = 0.7047 | grad = 0.3289
step   8800 | loss = -2.7854 | g_L = +2.7854 | EMA = +2.6738 | std(g_L) = 0.7337 | grad = 0.8037
step   8820 | loss = -2.8061 | g_L = +2.8061 | EMA = +2.6731 | std(g_L) = 0.7379 | grad = 0.9737
step   8840 | loss = -2.7261 | g_L = +2.7261 | EMA = +2.6886 | std(g_L) = 0.7165 | grad = 0.8432
step   8860 | loss = -2.5551 | g_L = +2.5551 | EMA = +2.6689 | std(g_L) = 0.8178 | grad = 1.8712
step   8880 | loss = -2.6447 | g_L = +2.6447 | EMA = +2.6685 | std(g_L) = 0.7609 | grad = 0.4879
step   8900 | loss = -2.5615 | g_L = +2.5615 | EMA = +2.6645 | std(g_L) = 0.9667 | grad = 1.0051
step   8920 | loss = -2.4994 | g_L = +2.4994 | EMA = +2.6413 | std(g_L) = 0.8888 | grad = 1.1774
step   8940 | loss = -2.6721 | g_L = +2.6721 | EMA = +2.6552 | std(g_L) = 0.8903 | grad = 0.7383
step   8960 | loss = -2.7004 | g_L = +2.7004 | EMA = +2.6648 | std(g_L) = 0.7371 | grad = 0.6387
step   8980 | loss = -2.7708 | g_L = +2.7708 | EMA = +2.6781 | std(g_L) = 0.7959 | grad = 0.6295
step   9000 | loss = -2.7265 | g_L = +2.7265 | EMA = +2.6693 | std(g_L) = 0.7925 | grad = 0.6212
step   9020 | loss = -2.7174 | g_L = +2.7174 | EMA = +2.6601 | std(g_L) = 0.7761 | grad = 0.9591
step   9040 | loss = -2.7149 | g_L = +2.7149 | EMA = +2.6495 | std(g_L) = 0.9014 | grad = 0.7397
step   9060 | loss = -2.6462 | g_L = +2.6462 | EMA = +2.6639 | std(g_L) = 1.0011 | grad = 0.7895
step   9080 | loss = -2.5619 | g_L = +2.5619 | EMA = +2.6572 | std(g_L) = 0.9076 | grad = 1.5641
step   9100 | loss = -2.7360 | g_L = +2.7360 | EMA = +2.6753 | std(g_L) = 0.7335 | grad = 0.9533
step   9120 | loss = -2.6363 | g_L = +2.6363 | EMA = +2.6856 | std(g_L) = 0.9173 | grad = 0.8027
step   9140 | loss = -2.7338 | g_L = +2.7338 | EMA = +2.6667 | std(g_L) = 0.6998 | grad = 0.5182
step   9160 | loss = -2.6944 | g_L = +2.6944 | EMA = +2.6709 | std(g_L) = 0.7875 | grad = 1.1371
step   9180 | loss = -2.7208 | g_L = +2.7208 | EMA = +2.6707 | std(g_L) = 0.7644 | grad = 0.5302
step   9200 | loss = -2.7712 | g_L = +2.7712 | EMA = +2.6793 | std(g_L) = 0.8109 | grad = 0.7391
step   9220 | loss = -2.6508 | g_L = +2.6508 | EMA = +2.6615 | std(g_L) = 0.8439 | grad = 0.3780
step   9240 | loss = -2.6454 | g_L = +2.6454 | EMA = +2.6751 | std(g_L) = 0.8175 | grad = 0.5399
step   9260 | loss = -2.7296 | g_L = +2.7296 | EMA = +2.6646 | std(g_L) = 0.8235 | grad = 0.8093
step   9280 | loss = -2.6766 | g_L = +2.6766 | EMA = +2.6714 | std(g_L) = 0.8610 | grad = 0.4153
step   9300 | loss = -2.6594 | g_L = +2.6594 | EMA = +2.6759 | std(g_L) = 0.8798 | grad = 0.9370
step   9320 | loss = -2.7642 | g_L = +2.7642 | EMA = +2.6664 | std(g_L) = 0.9219 | grad = 0.6459
step   9340 | loss = -2.6180 | g_L = +2.6180 | EMA = +2.6718 | std(g_L) = 0.7579 | grad = 0.7018
step   9360 | loss = -2.7091 | g_L = +2.7091 | EMA = +2.6544 | std(g_L) = 0.8282 | grad = 1.1647
step   9380 | loss = -2.6159 | g_L = +2.6159 | EMA = +2.6701 | std(g_L) = 0.9207 | grad = 1.0593
step   9400 | loss = -2.6916 | g_L = +2.6916 | EMA = +2.6882 | std(g_L) = 0.7587 | grad = 0.4866
step   9420 | loss = -2.6394 | g_L = +2.6394 | EMA = +2.6842 | std(g_L) = 0.7858 | grad = 0.4884
step   9440 | loss = -2.6864 | g_L = +2.6864 | EMA = +2.6825 | std(g_L) = 0.8278 | grad = 0.7012
step   9460 | loss = -2.6676 | g_L = +2.6676 | EMA = +2.6864 | std(g_L) = 0.8703 | grad = 0.9223
step   9480 | loss = -2.5961 | g_L = +2.5961 | EMA = +2.6912 | std(g_L) = 0.8822 | grad = 0.3669
step   9500 | loss = -2.8323 | g_L = +2.8323 | EMA = +2.6977 | std(g_L) = 0.8593 | grad = 0.2829
step   9520 | loss = -2.6859 | g_L = +2.6859 | EMA = +2.6927 | std(g_L) = 0.7119 | grad = 0.5559
step   9540 | loss = -2.7355 | g_L = +2.7355 | EMA = +2.6858 | std(g_L) = 0.8400 | grad = 0.9694
step   9560 | loss = -2.6257 | g_L = +2.6257 | EMA = +2.6465 | std(g_L) = 0.8915 | grad = 1.2449
step   9580 | loss = -2.5766 | g_L = +2.5766 | EMA = +2.6608 | std(g_L) = 0.9253 | grad = 0.6051
step   9600 | loss = -2.7241 | g_L = +2.7241 | EMA = +2.6726 | std(g_L) = 0.8458 | grad = 1.5832
step   9620 | loss = -2.7477 | g_L = +2.7477 | EMA = +2.6790 | std(g_L) = 0.8243 | grad = 0.8632
step   9640 | loss = -2.7229 | g_L = +2.7229 | EMA = +2.6754 | std(g_L) = 0.8167 | grad = 0.6226
step   9660 | loss = -2.6715 | g_L = +2.6715 | EMA = +2.6579 | std(g_L) = 0.7341 | grad = 0.7208
step   9680 | loss = -2.6641 | g_L = +2.6641 | EMA = +2.6704 | std(g_L) = 0.8800 | grad = 0.4607
step   9700 | loss = -2.7085 | g_L = +2.7085 | EMA = +2.6635 | std(g_L) = 0.7479 | grad = 0.3831
step   9720 | loss = -2.5328 | g_L = +2.5328 | EMA = +2.6653 | std(g_L) = 0.8623 | grad = 0.8661
step   9740 | loss = -2.7467 | g_L = +2.7467 | EMA = +2.6746 | std(g_L) = 0.6663 | grad = 1.0202
step   9760 | loss = -2.4636 | g_L = +2.4636 | EMA = +2.6610 | std(g_L) = 0.9547 | grad = 0.6205
step   9780 | loss = -2.7163 | g_L = +2.7163 | EMA = +2.6595 | std(g_L) = 0.6833 | grad = 1.0065
step   9800 | loss = -2.7240 | g_L = +2.7240 | EMA = +2.6723 | std(g_L) = 0.7517 | grad = 0.7697
step   9820 | loss = -2.7052 | g_L = +2.7052 | EMA = +2.6662 | std(g_L) = 1.0232 | grad = 0.4168
step   9840 | loss = -2.6312 | g_L = +2.6312 | EMA = +2.6809 | std(g_L) = 0.8500 | grad = 0.3785
step   9860 | loss = -2.6186 | g_L = +2.6186 | EMA = +2.6610 | std(g_L) = 0.8495 | grad = 0.9942
step   9880 | loss = -2.6507 | g_L = +2.6507 | EMA = +2.6575 | std(g_L) = 0.7835 | grad = 0.8519
step   9900 | loss = -2.6080 | g_L = +2.6080 | EMA = +2.6683 | std(g_L) = 0.8342 | grad = 1.0984
step   9920 | loss = -2.6158 | g_L = +2.6158 | EMA = +2.6663 | std(g_L) = 1.0499 | grad = 0.7973
step   9940 | loss = -2.6253 | g_L = +2.6253 | EMA = +2.6581 | std(g_L) = 0.9500 | grad = 0.8176
step   9960 | loss = -2.7901 | g_L = +2.7901 | EMA = +2.6648 | std(g_L) = 0.8739 | grad = 0.8458
step   9980 | loss = -2.6819 | g_L = +2.6819 | EMA = +2.6710 | std(g_L) = 0.9448 | grad = 0.6195
step  10000 | loss = -2.6311 | g_L = +2.6311 | EMA = +2.6530 | std(g_L) = 0.8645 | grad = 0.6969
step  10020 | loss = -2.5681 | g_L = +2.5681 | EMA = +2.6301 | std(g_L) = 1.1849 | grad = 0.5870
step  10040 | loss = -2.6504 | g_L = +2.6504 | EMA = +2.6641 | std(g_L) = 0.8795 | grad = 0.7428
step  10060 | loss = -2.6104 | g_L = +2.6104 | EMA = +2.6684 | std(g_L) = 0.8147 | grad = 0.2828
step  10080 | loss = -2.7071 | g_L = +2.7071 | EMA = +2.6656 | std(g_L) = 0.7099 | grad = 1.0579
step  10100 | loss = -2.5193 | g_L = +2.5193 | EMA = +2.6654 | std(g_L) = 0.9478 | grad = 1.7919
step  10120 | loss = -2.6295 | g_L = +2.6295 | EMA = +2.6561 | std(g_L) = 0.7407 | grad = 0.4366
step  10140 | loss = -2.7739 | g_L = +2.7739 | EMA = +2.6672 | std(g_L) = 0.6806 | grad = 0.6567
step  10160 | loss = -2.5350 | g_L = +2.5350 | EMA = +2.6589 | std(g_L) = 1.2126 | grad = 0.6785
step  10180 | loss = -2.8351 | g_L = +2.8351 | EMA = +2.6733 | std(g_L) = 0.7387 | grad = 1.1956
step  10200 | loss = -2.6646 | g_L = +2.6646 | EMA = +2.6751 | std(g_L) = 0.8474 | grad = 0.5206
step  10220 | loss = -2.6780 | g_L = +2.6780 | EMA = +2.6682 | std(g_L) = 0.8241 | grad = 1.1246
step  10240 | loss = -2.5680 | g_L = +2.5680 | EMA = +2.6611 | std(g_L) = 0.7924 | grad = 0.9964
step  10260 | loss = -2.8184 | g_L = +2.8184 | EMA = +2.6837 | std(g_L) = 0.8524 | grad = 0.5618
step  10280 | loss = -2.7115 | g_L = +2.7115 | EMA = +2.6773 | std(g_L) = 0.7563 | grad = 0.4444
step  10300 | loss = -2.6824 | g_L = +2.6824 | EMA = +2.6719 | std(g_L) = 0.8521 | grad = 0.8062
step  10320 | loss = -2.6304 | g_L = +2.6304 | EMA = +2.6612 | std(g_L) = 0.8933 | grad = 1.1676
step  10340 | loss = -2.7223 | g_L = +2.7223 | EMA = +2.6631 | std(g_L) = 0.8694 | grad = 0.3464
step  10360 | loss = -2.6365 | g_L = +2.6365 | EMA = +2.6736 | std(g_L) = 0.7998 | grad = 0.8262
step  10380 | loss = -2.5711 | g_L = +2.5711 | EMA = +2.6779 | std(g_L) = 0.9280 | grad = 0.3531
step  10400 | loss = -2.6266 | g_L = +2.6266 | EMA = +2.6806 | std(g_L) = 0.7861 | grad = 0.4529
step  10420 | loss = -2.6237 | g_L = +2.6237 | EMA = +2.6810 | std(g_L) = 0.8055 | grad = 0.6649
step  10440 | loss = -2.7276 | g_L = +2.7276 | EMA = +2.6624 | std(g_L) = 0.8053 | grad = 0.9347
step  10460 | loss = -2.7486 | g_L = +2.7486 | EMA = +2.6651 | std(g_L) = 0.7128 | grad = 0.5980
step  10480 | loss = -2.6511 | g_L = +2.6511 | EMA = +2.6443 | std(g_L) = 0.9408 | grad = 1.1841
step  10500 | loss = -2.6118 | g_L = +2.6118 | EMA = +2.6727 | std(g_L) = 0.9705 | grad = 0.8035
step  10520 | loss = -2.7009 | g_L = +2.7009 | EMA = +2.6581 | std(g_L) = 0.8055 | grad = 0.9669
step  10540 | loss = -2.6550 | g_L = +2.6550 | EMA = +2.6621 | std(g_L) = 0.8837 | grad = 0.7020
step  10560 | loss = -2.5737 | g_L = +2.5737 | EMA = +2.6578 | std(g_L) = 1.0723 | grad = 0.8127
step  10580 | loss = -2.6176 | g_L = +2.6176 | EMA = +2.6721 | std(g_L) = 0.9084 | grad = 1.2072
step  10600 | loss = -2.7940 | g_L = +2.7940 | EMA = +2.6705 | std(g_L) = 0.6791 | grad = 0.6092
step  10620 | loss = -2.5781 | g_L = +2.5781 | EMA = +2.6848 | std(g_L) = 0.8769 | grad = 0.9575
step  10640 | loss = -2.7441 | g_L = +2.7441 | EMA = +2.6956 | std(g_L) = 0.8902 | grad = 1.5418
step  10660 | loss = -2.5618 | g_L = +2.5618 | EMA = +2.6712 | std(g_L) = 0.7371 | grad = 0.4491
step  10680 | loss = -2.6296 | g_L = +2.6296 | EMA = +2.6674 | std(g_L) = 0.8609 | grad = 0.8691
step  10700 | loss = -2.6877 | g_L = +2.6877 | EMA = +2.6772 | std(g_L) = 0.9124 | grad = 0.9163
step  10720 | loss = -2.7334 | g_L = +2.7334 | EMA = +2.6874 | std(g_L) = 0.8452 | grad = 0.6025
step  10740 | loss = -2.5543 | g_L = +2.5543 | EMA = +2.6797 | std(g_L) = 0.9696 | grad = 1.4936
step  10760 | loss = -2.7169 | g_L = +2.7169 | EMA = +2.6793 | std(g_L) = 0.7600 | grad = 0.7843
step  10780 | loss = -2.6720 | g_L = +2.6720 | EMA = +2.6650 | std(g_L) = 0.8149 | grad = 0.8436
step  10800 | loss = -2.6506 | g_L = +2.6506 | EMA = +2.6719 | std(g_L) = 0.7534 | grad = 0.3561
step  10820 | loss = -2.6568 | g_L = +2.6568 | EMA = +2.6566 | std(g_L) = 0.7833 | grad = 1.2957
step  10840 | loss = -2.6083 | g_L = +2.6083 | EMA = +2.6759 | std(g_L) = 0.8718 | grad = 0.9375
step  10860 | loss = -2.6379 | g_L = +2.6379 | EMA = +2.6545 | std(g_L) = 0.7753 | grad = 1.0174
step  10880 | loss = -2.7987 | g_L = +2.7987 | EMA = +2.6700 | std(g_L) = 0.6090 | grad = 0.6545
step  10900 | loss = -2.6700 | g_L = +2.6700 | EMA = +2.6583 | std(g_L) = 0.8235 | grad = 0.5423
step  10920 | loss = -2.6611 | g_L = +2.6611 | EMA = +2.6833 | std(g_L) = 0.8064 | grad = 0.8733
step  10940 | loss = -2.6686 | g_L = +2.6686 | EMA = +2.6780 | std(g_L) = 0.8293 | grad = 0.4489
step  10960 | loss = -2.6069 | g_L = +2.6069 | EMA = +2.6722 | std(g_L) = 0.8298 | grad = 0.4168
step  10980 | loss = -2.8179 | g_L = +2.8179 | EMA = +2.6512 | std(g_L) = 0.6760 | grad = 0.2306
step  11000 | loss = -2.6756 | g_L = +2.6756 | EMA = +2.6659 | std(g_L) = 0.9320 | grad = 1.4491
step  11020 | loss = -2.7697 | g_L = +2.7697 | EMA = +2.6624 | std(g_L) = 0.7436 | grad = 0.5096
step  11040 | loss = -2.6849 | g_L = +2.6849 | EMA = +2.6747 | std(g_L) = 0.7251 | grad = 0.3617
step  11060 | loss = -2.5729 | g_L = +2.5729 | EMA = +2.6777 | std(g_L) = 0.8464 | grad = 1.1622
step  11080 | loss = -2.7522 | g_L = +2.7522 | EMA = +2.6703 | std(g_L) = 0.6972 | grad = 0.4216
step  11100 | loss = -2.7087 | g_L = +2.7087 | EMA = +2.6630 | std(g_L) = 0.8328 | grad = 0.8921
step  11120 | loss = -2.6288 | g_L = +2.6288 | EMA = +2.6773 | std(g_L) = 0.9269 | grad = 0.6684
step  11140 | loss = -2.6691 | g_L = +2.6691 | EMA = +2.6686 | std(g_L) = 0.8151 | grad = 0.8838
step  11160 | loss = -2.6977 | g_L = +2.6977 | EMA = +2.6656 | std(g_L) = 0.8294 | grad = 0.5520
step  11180 | loss = -2.7342 | g_L = +2.7342 | EMA = +2.6736 | std(g_L) = 0.8097 | grad = 0.4868
step  11200 | loss = -2.7150 | g_L = +2.7150 | EMA = +2.6813 | std(g_L) = 0.7493 | grad = 0.5197
step  11220 | loss = -2.6678 | g_L = +2.6678 | EMA = +2.6799 | std(g_L) = 0.7982 | grad = 0.6816
step  11240 | loss = -2.6826 | g_L = +2.6826 | EMA = +2.6705 | std(g_L) = 0.9387 | grad = 0.7524
step  11260 | loss = -2.6224 | g_L = +2.6224 | EMA = +2.6798 | std(g_L) = 0.8365 | grad = 1.2218
step  11280 | loss = -2.6520 | g_L = +2.6520 | EMA = +2.6930 | std(g_L) = 0.9207 | grad = 0.5993
step  11300 | loss = -2.7231 | g_L = +2.7231 | EMA = +2.6797 | std(g_L) = 0.8024 | grad = 0.6840
step  11320 | loss = -2.7690 | g_L = +2.7690 | EMA = +2.6848 | std(g_L) = 0.6203 | grad = 0.5493
step  11340 | loss = -2.6418 | g_L = +2.6418 | EMA = +2.6621 | std(g_L) = 0.7548 | grad = 0.8452
step  11360 | loss = -2.7782 | g_L = +2.7782 | EMA = +2.6748 | std(g_L) = 0.7530 | grad = 0.4861
step  11380 | loss = -2.6434 | g_L = +2.6434 | EMA = +2.6533 | std(g_L) = 0.7532 | grad = 1.4970
step  11400 | loss = -2.6220 | g_L = +2.6220 | EMA = +2.6697 | std(g_L) = 0.8529 | grad = 0.9280
step  11420 | loss = -2.7959 | g_L = +2.7959 | EMA = +2.6871 | std(g_L) = 0.7849 | grad = 0.7566
step  11440 | loss = -2.7324 | g_L = +2.7324 | EMA = +2.6719 | std(g_L) = 0.6552 | grad = 1.4064
step  11460 | loss = -2.7319 | g_L = +2.7319 | EMA = +2.6611 | std(g_L) = 0.9094 | grad = 0.6943
step  11480 | loss = -2.7986 | g_L = +2.7986 | EMA = +2.6830 | std(g_L) = 0.6998 | grad = 0.8249
step  11500 | loss = -2.6201 | g_L = +2.6201 | EMA = +2.6669 | std(g_L) = 0.9044 | grad = 0.6565
step  11520 | loss = -2.7776 | g_L = +2.7776 | EMA = +2.6691 | std(g_L) = 0.7643 | grad = 0.8890
step  11540 | loss = -2.6630 | g_L = +2.6630 | EMA = +2.6679 | std(g_L) = 0.8113 | grad = 0.5716
step  11560 | loss = -2.6837 | g_L = +2.6837 | EMA = +2.6532 | std(g_L) = 0.8076 | grad = 0.6579
step  11580 | loss = -2.6750 | g_L = +2.6750 | EMA = +2.6510 | std(g_L) = 0.9548 | grad = 0.4148
step  11600 | loss = -2.7104 | g_L = +2.7104 | EMA = +2.6674 | std(g_L) = 0.7742 | grad = 1.0879
step  11620 | loss = -2.6713 | g_L = +2.6713 | EMA = +2.6860 | std(g_L) = 0.7599 | grad = 0.4116
step  11640 | loss = -2.7496 | g_L = +2.7496 | EMA = +2.7012 | std(g_L) = 0.6777 | grad = 0.3550
step  11660 | loss = -2.5989 | g_L = +2.5989 | EMA = +2.6716 | std(g_L) = 0.8886 | grad = 1.1752
step  11680 | loss = -2.6474 | g_L = +2.6474 | EMA = +2.6759 | std(g_L) = 0.8471 | grad = 1.2087
step  11700 | loss = -2.6679 | g_L = +2.6679 | EMA = +2.6645 | std(g_L) = 0.7871 | grad = 0.9296
step  11720 | loss = -2.7199 | g_L = +2.7199 | EMA = +2.6552 | std(g_L) = 0.8550 | grad = 0.7859
step  11740 | loss = -2.7107 | g_L = +2.7107 | EMA = +2.6601 | std(g_L) = 0.8332 | grad = 0.3185
step  11760 | loss = -2.6351 | g_L = +2.6351 | EMA = +2.6519 | std(g_L) = 0.8264 | grad = 0.7563
step  11780 | loss = -2.6123 | g_L = +2.6123 | EMA = +2.6777 | std(g_L) = 1.0722 | grad = 0.7793
step  11800 | loss = -2.6959 | g_L = +2.6959 | EMA = +2.6812 | std(g_L) = 0.6987 | grad = 0.4501
step  11820 | loss = -2.6222 | g_L = +2.6222 | EMA = +2.6560 | std(g_L) = 0.9097 | grad = 0.4716
step  11840 | loss = -2.5680 | g_L = +2.5680 | EMA = +2.6548 | std(g_L) = 0.9385 | grad = 0.7829
step  11860 | loss = -2.5962 | g_L = +2.5962 | EMA = +2.6660 | std(g_L) = 0.8217 | grad = 0.8042
step  11880 | loss = -2.7390 | g_L = +2.7390 | EMA = +2.6779 | std(g_L) = 0.8014 | grad = 0.9195
step  11900 | loss = -2.5586 | g_L = +2.5586 | EMA = +2.6622 | std(g_L) = 0.9393 | grad = 0.9046
step  11920 | loss = -2.7299 | g_L = +2.7299 | EMA = +2.6598 | std(g_L) = 0.7632 | grad = 0.5174
step  11940 | loss = -2.6415 | g_L = +2.6415 | EMA = +2.6760 | std(g_L) = 0.7670 | grad = 0.8416
step  11960 | loss = -2.6330 | g_L = +2.6330 | EMA = +2.6731 | std(g_L) = 0.7795 | grad = 0.5038
step  11980 | loss = -2.7255 | g_L = +2.7255 | EMA = +2.6957 | std(g_L) = 0.7615 | grad = 1.0061
step  12000 | loss = -2.7621 | g_L = +2.7621 | EMA = +2.6899 | std(g_L) = 0.7378 | grad = 0.5713
step  12020 | loss = -2.7141 | g_L = +2.7141 | EMA = +2.6717 | std(g_L) = 0.7872 | grad = 0.4604
step  12040 | loss = -2.6699 | g_L = +2.6699 | EMA = +2.6663 | std(g_L) = 0.8283 | grad = 0.9467
step  12060 | loss = -2.6797 | g_L = +2.6797 | EMA = +2.6747 | std(g_L) = 0.8462 | grad = 0.3066
step  12080 | loss = -2.6162 | g_L = +2.6162 | EMA = +2.6771 | std(g_L) = 0.8959 | grad = 0.5990
step  12100 | loss = -2.6695 | g_L = +2.6695 | EMA = +2.6683 | std(g_L) = 0.8282 | grad = 0.6209
step  12120 | loss = -2.6441 | g_L = +2.6441 | EMA = +2.6681 | std(g_L) = 0.8466 | grad = 0.9760
step  12140 | loss = -2.7559 | g_L = +2.7559 | EMA = +2.6532 | std(g_L) = 0.8293 | grad = 1.2626
step  12160 | loss = -2.7346 | g_L = +2.7346 | EMA = +2.6629 | std(g_L) = 0.7728 | grad = 0.3973
step  12180 | loss = -2.7700 | g_L = +2.7700 | EMA = +2.6881 | std(g_L) = 0.7939 | grad = 1.5487
step  12200 | loss = -2.6725 | g_L = +2.6725 | EMA = +2.6732 | std(g_L) = 0.6128 | grad = 0.6914
step  12220 | loss = -2.5155 | g_L = +2.5155 | EMA = +2.6672 | std(g_L) = 0.9130 | grad = 0.6644
step  12240 | loss = -2.6774 | g_L = +2.6774 | EMA = +2.6843 | std(g_L) = 0.9131 | grad = 0.5416
step  12260 | loss = -2.7901 | g_L = +2.7901 | EMA = +2.6545 | std(g_L) = 1.0202 | grad = 0.6687
step  12280 | loss = -2.6018 | g_L = +2.6018 | EMA = +2.6508 | std(g_L) = 0.9119 | grad = 1.1116
step  12300 | loss = -2.6677 | g_L = +2.6677 | EMA = +2.6541 | std(g_L) = 0.8781 | grad = 1.0226
step  12320 | loss = -2.7456 | g_L = +2.7456 | EMA = +2.6625 | std(g_L) = 0.9520 | grad = 0.4704
step  12340 | loss = -2.6155 | g_L = +2.6155 | EMA = +2.6528 | std(g_L) = 0.9777 | grad = 0.9308
step  12360 | loss = -2.5837 | g_L = +2.5837 | EMA = +2.6604 | std(g_L) = 0.9241 | grad = 0.9938
step  12380 | loss = -2.6961 | g_L = +2.6961 | EMA = +2.6686 | std(g_L) = 0.7655 | grad = 0.8324
step  12400 | loss = -2.5709 | g_L = +2.5709 | EMA = +2.6444 | std(g_L) = 0.8906 | grad = 0.5838
step  12420 | loss = -2.7310 | g_L = +2.7310 | EMA = +2.6579 | std(g_L) = 0.8463 | grad = 0.8048
step  12440 | loss = -2.7343 | g_L = +2.7343 | EMA = +2.6543 | std(g_L) = 0.9157 | grad = 0.4660
step  12460 | loss = -2.8139 | g_L = +2.8139 | EMA = +2.6734 | std(g_L) = 0.7250 | grad = 1.2135
step  12480 | loss = -2.6201 | g_L = +2.6201 | EMA = +2.6733 | std(g_L) = 0.8733 | grad = 0.9505
step  12500 | loss = -2.7173 | g_L = +2.7173 | EMA = +2.6554 | std(g_L) = 0.8065 | grad = 0.6929
step  12520 | loss = -2.6965 | g_L = +2.6965 | EMA = +2.6974 | std(g_L) = 0.8982 | grad = 0.7470
step  12540 | loss = -2.5546 | g_L = +2.5546 | EMA = +2.6819 | std(g_L) = 1.3249 | grad = 0.4848
step  12560 | loss = -2.6371 | g_L = +2.6371 | EMA = +2.6761 | std(g_L) = 0.9941 | grad = 0.6511
step  12580 | loss = -2.7683 | g_L = +2.7683 | EMA = +2.6922 | std(g_L) = 0.8133 | grad = 0.6584
step  12600 | loss = -2.6892 | g_L = +2.6892 | EMA = +2.6703 | std(g_L) = 0.7250 | grad = 0.9628
step  12620 | loss = -2.8004 | g_L = +2.8004 | EMA = +2.6714 | std(g_L) = 0.7025 | grad = 0.3890
step  12640 | loss = -2.6571 | g_L = +2.6571 | EMA = +2.6778 | std(g_L) = 0.7137 | grad = 0.6803
step  12660 | loss = -2.7442 | g_L = +2.7442 | EMA = +2.6857 | std(g_L) = 0.8583 | grad = 0.5137
step  12680 | loss = -2.6602 | g_L = +2.6602 | EMA = +2.6876 | std(g_L) = 0.7863 | grad = 0.8392
step  12700 | loss = -2.7167 | g_L = +2.7167 | EMA = +2.6886 | std(g_L) = 0.6959 | grad = 0.7045
step  12720 | loss = -2.6683 | g_L = +2.6683 | EMA = +2.6893 | std(g_L) = 0.9125 | grad = 0.9517
step  12740 | loss = -2.6175 | g_L = +2.6175 | EMA = +2.6767 | std(g_L) = 0.9358 | grad = 1.1805
step  12760 | loss = -2.7732 | g_L = +2.7732 | EMA = +2.6914 | std(g_L) = 0.9108 | grad = 0.5312
step  12780 | loss = -2.5729 | g_L = +2.5729 | EMA = +2.6739 | std(g_L) = 1.0730 | grad = 0.3843
step  12800 | loss = -2.7063 | g_L = +2.7063 | EMA = +2.6578 | std(g_L) = 0.7092 | grad = 0.5211
step  12820 | loss = -2.5764 | g_L = +2.5764 | EMA = +2.6559 | std(g_L) = 0.9673 | grad = 0.9399
step  12840 | loss = -2.6895 | g_L = +2.6895 | EMA = +2.6800 | std(g_L) = 0.7449 | grad = 0.9060
step  12860 | loss = -2.5866 | g_L = +2.5866 | EMA = +2.6789 | std(g_L) = 0.8608 | grad = 0.8665
step  12880 | loss = -2.4967 | g_L = +2.4967 | EMA = +2.6567 | std(g_L) = 0.9469 | grad = 0.6046
step  12900 | loss = -2.7215 | g_L = +2.7215 | EMA = +2.6782 | std(g_L) = 0.7463 | grad = 0.4306
step  12920 | loss = -2.6308 | g_L = +2.6308 | EMA = +2.6669 | std(g_L) = 1.0029 | grad = 0.8075
step  12940 | loss = -2.7723 | g_L = +2.7723 | EMA = +2.6714 | std(g_L) = 0.7371 | grad = 0.5379
step  12960 | loss = -2.5530 | g_L = +2.5530 | EMA = +2.6620 | std(g_L) = 0.8957 | grad = 0.4851
step  12980 | loss = -2.5907 | g_L = +2.5907 | EMA = +2.6673 | std(g_L) = 0.9627 | grad = 0.4462
step  13000 | loss = -2.7324 | g_L = +2.7324 | EMA = +2.7015 | std(g_L) = 0.7335 | grad = 0.7227
step  13020 | loss = -2.7006 | g_L = +2.7006 | EMA = +2.7080 | std(g_L) = 0.8278 | grad = 0.7947
step  13040 | loss = -2.5738 | g_L = +2.5738 | EMA = +2.6726 | std(g_L) = 1.1465 | grad = 0.6549
step  13060 | loss = -2.7162 | g_L = +2.7162 | EMA = +2.6618 | std(g_L) = 0.7624 | grad = 0.6058
step  13080 | loss = -2.6187 | g_L = +2.6187 | EMA = +2.6532 | std(g_L) = 0.8309 | grad = 0.7873
step  13100 | loss = -2.7186 | g_L = +2.7186 | EMA = +2.6693 | std(g_L) = 0.8144 | grad = 0.6413
step  13120 | loss = -2.7017 | g_L = +2.7017 | EMA = +2.6482 | std(g_L) = 0.6575 | grad = 0.5895
step  13140 | loss = -2.6354 | g_L = +2.6354 | EMA = +2.6503 | std(g_L) = 0.9105 | grad = 0.5562
step  13160 | loss = -2.7342 | g_L = +2.7342 | EMA = +2.6554 | std(g_L) = 0.7527 | grad = 0.3716
step  13180 | loss = -2.6752 | g_L = +2.6752 | EMA = +2.6689 | std(g_L) = 0.7535 | grad = 0.6539
step  13200 | loss = -2.6760 | g_L = +2.6760 | EMA = +2.6763 | std(g_L) = 0.9812 | grad = 0.8344
step  13220 | loss = -2.6229 | g_L = +2.6229 | EMA = +2.6803 | std(g_L) = 0.8632 | grad = 0.4847
step  13240 | loss = -2.7430 | g_L = +2.7430 | EMA = +2.6720 | std(g_L) = 0.7040 | grad = 0.4402
step  13260 | loss = -2.7607 | g_L = +2.7607 | EMA = +2.6849 | std(g_L) = 0.7879 | grad = 0.4847
step  13280 | loss = -2.8681 | g_L = +2.8681 | EMA = +2.6909 | std(g_L) = 0.7463 | grad = 0.4974
step  13300 | loss = -2.7953 | g_L = +2.7953 | EMA = +2.6924 | std(g_L) = 0.7619 | grad = 0.7364
step  13320 | loss = -2.6064 | g_L = +2.6064 | EMA = +2.6936 | std(g_L) = 0.8351 | grad = 0.8027
step  13340 | loss = -2.6778 | g_L = +2.6778 | EMA = +2.6651 | std(g_L) = 0.8547 | grad = 0.5334
step  13360 | loss = -2.7422 | g_L = +2.7422 | EMA = +2.6695 | std(g_L) = 0.8021 | grad = 0.6497
step  13380 | loss = -2.6498 | g_L = +2.6498 | EMA = +2.6677 | std(g_L) = 0.9478 | grad = 0.5524
step  13400 | loss = -2.5816 | g_L = +2.5816 | EMA = +2.6711 | std(g_L) = 0.8727 | grad = 1.2349
step  13420 | loss = -2.6562 | g_L = +2.6562 | EMA = +2.6547 | std(g_L) = 0.9563 | grad = 0.5139
step  13440 | loss = -2.6514 | g_L = +2.6514 | EMA = +2.6559 | std(g_L) = 0.7357 | grad = 0.6167
step  13460 | loss = -2.5548 | g_L = +2.5548 | EMA = +2.6805 | std(g_L) = 0.8032 | grad = 0.9743
step  13480 | loss = -2.7024 | g_L = +2.7024 | EMA = +2.6802 | std(g_L) = 0.6365 | grad = 0.9225
step  13500 | loss = -2.6144 | g_L = +2.6144 | EMA = +2.6632 | std(g_L) = 0.8990 | grad = 0.5106
step  13520 | loss = -2.4947 | g_L = +2.4947 | EMA = +2.6642 | std(g_L) = 0.9617 | grad = 0.4736
step  13540 | loss = -2.5847 | g_L = +2.5847 | EMA = +2.6577 | std(g_L) = 0.8570 | grad = 0.9075
step  13560 | loss = -2.6160 | g_L = +2.6160 | EMA = +2.6498 | std(g_L) = 1.0469 | grad = 0.7207
step  13580 | loss = -2.6675 | g_L = +2.6675 | EMA = +2.6443 | std(g_L) = 0.8375 | grad = 0.2284
step  13600 | loss = -2.6211 | g_L = +2.6211 | EMA = +2.6645 | std(g_L) = 0.8697 | grad = 0.3520
step  13620 | loss = -2.5253 | g_L = +2.5253 | EMA = +2.6701 | std(g_L) = 0.9476 | grad = 0.7933
step  13640 | loss = -2.5707 | g_L = +2.5707 | EMA = +2.6779 | std(g_L) = 0.8532 | grad = 0.9732
step  13660 | loss = -2.6182 | g_L = +2.6182 | EMA = +2.6656 | std(g_L) = 0.8676 | grad = 0.5520
step  13680 | loss = -2.6854 | g_L = +2.6854 | EMA = +2.6694 | std(g_L) = 0.8247 | grad = 0.5193
step  13700 | loss = -2.7861 | g_L = +2.7861 | EMA = +2.6842 | std(g_L) = 0.9100 | grad = 0.6055
step  13720 | loss = -2.5354 | g_L = +2.5354 | EMA = +2.6836 | std(g_L) = 1.0208 | grad = 0.8270
step  13740 | loss = -2.6620 | g_L = +2.6620 | EMA = +2.6709 | std(g_L) = 0.8445 | grad = 0.4428
step  13760 | loss = -2.6215 | g_L = +2.6215 | EMA = +2.6716 | std(g_L) = 0.7838 | grad = 0.9126
step  13780 | loss = -2.7775 | g_L = +2.7775 | EMA = +2.6742 | std(g_L) = 0.7733 | grad = 0.5086
step  13800 | loss = -2.7247 | g_L = +2.7247 | EMA = +2.6573 | std(g_L) = 0.9153 | grad = 0.5008
step  13820 | loss = -2.6346 | g_L = +2.6346 | EMA = +2.6633 | std(g_L) = 0.8869 | grad = 0.5412
step  13840 | loss = -2.7735 | g_L = +2.7735 | EMA = +2.6607 | std(g_L) = 0.5891 | grad = 0.4963
step  13860 | loss = -2.5920 | g_L = +2.5920 | EMA = +2.6617 | std(g_L) = 0.8615 | grad = 0.5109
step  13880 | loss = -2.7415 | g_L = +2.7415 | EMA = +2.6760 | std(g_L) = 0.7217 | grad = 0.7212
step  13900 | loss = -2.5761 | g_L = +2.5761 | EMA = +2.6681 | std(g_L) = 0.9346 | grad = 0.5859
step  13920 | loss = -2.6443 | g_L = +2.6443 | EMA = +2.6769 | std(g_L) = 0.9467 | grad = 1.6003
step  13940 | loss = -2.7490 | g_L = +2.7490 | EMA = +2.6816 | std(g_L) = 0.9115 | grad = 0.4296
step  13960 | loss = -2.6828 | g_L = +2.6828 | EMA = +2.6997 | std(g_L) = 0.8516 | grad = 0.7991
step  13980 | loss = -2.6140 | g_L = +2.6140 | EMA = +2.6651 | std(g_L) = 0.8239 | grad = 0.7161
step  14000 | loss = -2.7544 | g_L = +2.7544 | EMA = +2.6899 | std(g_L) = 0.7808 | grad = 0.6368
step  14020 | loss = -2.5170 | g_L = +2.5170 | EMA = +2.6856 | std(g_L) = 0.9671 | grad = 1.4032
step  14040 | loss = -2.7227 | g_L = +2.7227 | EMA = +2.6927 | std(g_L) = 0.7015 | grad = 0.4675
step  14060 | loss = -2.7053 | g_L = +2.7053 | EMA = +2.6815 | std(g_L) = 0.8113 | grad = 1.1060
step  14080 | loss = -2.7086 | g_L = +2.7086 | EMA = +2.6908 | std(g_L) = 0.7786 | grad = 0.5431
step  14100 | loss = -2.5948 | g_L = +2.5948 | EMA = +2.6825 | std(g_L) = 0.9211 | grad = 1.4991
step  14120 | loss = -2.5875 | g_L = +2.5875 | EMA = +2.6572 | std(g_L) = 0.9947 | grad = 1.0291
step  14140 | loss = -2.7787 | g_L = +2.7787 | EMA = +2.6679 | std(g_L) = 0.7119 | grad = 0.3257
step  14160 | loss = -2.6591 | g_L = +2.6591 | EMA = +2.6673 | std(g_L) = 0.7332 | grad = 0.4316
step  14180 | loss = -2.6236 | g_L = +2.6236 | EMA = +2.6868 | std(g_L) = 0.7684 | grad = 0.6130
step  14200 | loss = -2.6688 | g_L = +2.6688 | EMA = +2.6737 | std(g_L) = 0.8237 | grad = 0.6023
step  14220 | loss = -2.5496 | g_L = +2.5496 | EMA = +2.6477 | std(g_L) = 0.8652 | grad = 1.2400
step  14240 | loss = -2.6244 | g_L = +2.6244 | EMA = +2.6542 | std(g_L) = 0.8846 | grad = 1.2660
step  14260 | loss = -2.6632 | g_L = +2.6632 | EMA = +2.6717 | std(g_L) = 0.9081 | grad = 0.6276
step  14280 | loss = -2.5423 | g_L = +2.5423 | EMA = +2.6449 | std(g_L) = 0.8431 | grad = 1.3574
step  14300 | loss = -2.6670 | g_L = +2.6670 | EMA = +2.6498 | std(g_L) = 0.8192 | grad = 0.2971
step  14320 | loss = -2.6008 | g_L = +2.6008 | EMA = +2.6488 | std(g_L) = 0.8843 | grad = 0.2968
step  14340 | loss = -2.6848 | g_L = +2.6848 | EMA = +2.6592 | std(g_L) = 0.6854 | grad = 0.2993
step  14360 | loss = -2.6141 | g_L = +2.6141 | EMA = +2.6637 | std(g_L) = 0.9889 | grad = 1.5186
step  14380 | loss = -2.5094 | g_L = +2.5094 | EMA = +2.6645 | std(g_L) = 0.9455 | grad = 0.9816
step  14400 | loss = -2.7247 | g_L = +2.7247 | EMA = +2.6702 | std(g_L) = 0.7901 | grad = 0.3859
step  14420 | loss = -2.6017 | g_L = +2.6017 | EMA = +2.6737 | std(g_L) = 0.9675 | grad = 0.5691
step  14440 | loss = -2.6937 | g_L = +2.6937 | EMA = +2.6843 | std(g_L) = 0.7826 | grad = 0.6190
step  14460 | loss = -2.6403 | g_L = +2.6403 | EMA = +2.6813 | std(g_L) = 0.7662 | grad = 1.2025
step  14480 | loss = -2.5185 | g_L = +2.5185 | EMA = +2.6770 | std(g_L) = 0.9613 | grad = 1.4648
step  14500 | loss = -2.7522 | g_L = +2.7522 | EMA = +2.6726 | std(g_L) = 0.8840 | grad = 0.4171
step  14520 | loss = -2.6526 | g_L = +2.6526 | EMA = +2.6858 | std(g_L) = 0.7185 | grad = 0.6739
step  14540 | loss = -2.7038 | g_L = +2.7038 | EMA = +2.6622 | std(g_L) = 0.8365 | grad = 1.2368
step  14560 | loss = -2.7837 | g_L = +2.7837 | EMA = +2.6642 | std(g_L) = 0.7303 | grad = 0.4535
step  14580 | loss = -2.7033 | g_L = +2.7033 | EMA = +2.6678 | std(g_L) = 0.7891 | grad = 0.4172
step  14600 | loss = -2.8023 | g_L = +2.8023 | EMA = +2.6640 | std(g_L) = 0.6200 | grad = 0.7678
step  14620 | loss = -2.6294 | g_L = +2.6294 | EMA = +2.6648 | std(g_L) = 0.9149 | grad = 1.4464
step  14640 | loss = -2.7422 | g_L = +2.7422 | EMA = +2.6592 | std(g_L) = 0.8477 | grad = 0.5736
step  14660 | loss = -2.5748 | g_L = +2.5748 | EMA = +2.6592 | std(g_L) = 0.8751 | grad = 0.6510
step  14680 | loss = -2.6946 | g_L = +2.6946 | EMA = +2.6701 | std(g_L) = 0.7887 | grad = 0.4629
step  14700 | loss = -2.5606 | g_L = +2.5606 | EMA = +2.6688 | std(g_L) = 0.8863 | grad = 0.6881
step  14720 | loss = -2.6331 | g_L = +2.6331 | EMA = +2.6690 | std(g_L) = 0.9204 | grad = 0.4856
step  14740 | loss = -2.7393 | g_L = +2.7393 | EMA = +2.6581 | std(g_L) = 0.7999 | grad = 0.7002
step  14760 | loss = -2.7217 | g_L = +2.7217 | EMA = +2.6655 | std(g_L) = 0.7831 | grad = 0.9583
step  14780 | loss = -2.5188 | g_L = +2.5188 | EMA = +2.6521 | std(g_L) = 1.0136 | grad = 1.1130
step  14800 | loss = -2.5884 | g_L = +2.5884 | EMA = +2.6595 | std(g_L) = 0.8886 | grad = 0.8850
step  14820 | loss = -2.6563 | g_L = +2.6563 | EMA = +2.6633 | std(g_L) = 0.9930 | grad = 0.7050
step  14840 | loss = -2.5710 | g_L = +2.5710 | EMA = +2.6673 | std(g_L) = 0.9533 | grad = 0.7490
step  14860 | loss = -2.5056 | g_L = +2.5056 | EMA = +2.6577 | std(g_L) = 0.9872 | grad = 1.1530
step  14880 | loss = -2.5856 | g_L = +2.5856 | EMA = +2.6648 | std(g_L) = 0.7642 | grad = 0.2972
step  14900 | loss = -2.6216 | g_L = +2.6216 | EMA = +2.6498 | std(g_L) = 0.8851 | grad = 0.5238
step  14920 | loss = -2.6300 | g_L = +2.6300 | EMA = +2.6676 | std(g_L) = 0.7807 | grad = 0.8684
step  14940 | loss = -2.5550 | g_L = +2.5550 | EMA = +2.6637 | std(g_L) = 0.9248 | grad = 0.8165
step  14960 | loss = -2.8545 | g_L = +2.8545 | EMA = +2.6677 | std(g_L) = 0.6601 | grad = 0.5420
step  14980 | loss = -2.7843 | g_L = +2.7843 | EMA = +2.6968 | std(g_L) = 0.7091 | grad = 0.4664
step  15000 | loss = -2.6296 | g_L = +2.6296 | EMA = +2.6560 | std(g_L) = 0.9879 | grad = 0.4164
T=7 finished.

============================================================
T = 10
L = 128
Batch size = 128
Steps = 15000
Checkpoints = model_checkpoints/fixed_sigma_sweep/T10_L128_B128
============================================================
step      1 | loss = -0.3652 | g_L = +0.3652 | EMA = +0.3652 | std(g_L) = 0.6706 | grad = 0.1362
step     20 | loss = -0.5845 | g_L = +0.5845 | EMA = +0.4022 | std(g_L) = 0.9450 | grad = 0.2874
step     40 | loss = -0.4944 | g_L = +0.4944 | EMA = +0.4721 | std(g_L) = 0.9535 | grad = 0.3032
step     60 | loss = -0.6387 | g_L = +0.6387 | EMA = +0.5327 | std(g_L) = 1.0296 | grad = 0.3214
step     80 | loss = -0.7575 | g_L = +0.7575 | EMA = +0.6457 | std(g_L) = 1.3760 | grad = 0.3624
step    100 | loss = -0.7746 | g_L = +0.7746 | EMA = +0.7600 | std(g_L) = 1.2366 | grad = 0.2449
step    120 | loss = -1.0422 | g_L = +1.0422 | EMA = +0.8630 | std(g_L) = 1.0727 | grad = 0.5592
step    140 | loss = -1.2012 | g_L = +1.2012 | EMA = +1.0241 | std(g_L) = 0.9177 | grad = 0.5121
step    160 | loss = -1.1370 | g_L = +1.1370 | EMA = +1.1759 | std(g_L) = 1.0902 | grad = 0.3624
step    180 | loss = -1.5265 | g_L = +1.5265 | EMA = +1.3331 | std(g_L) = 1.0459 | grad = 0.6653
step    200 | loss = -1.4063 | g_L = +1.4063 | EMA = +1.4376 | std(g_L) = 1.1132 | grad = 0.7032
step    220 | loss = -1.7049 | g_L = +1.7049 | EMA = +1.5551 | std(g_L) = 1.1390 | grad = 1.0174
step    240 | loss = -1.8577 | g_L = +1.8577 | EMA = +1.6970 | std(g_L) = 1.1653 | grad = 0.8778
step    260 | loss = -1.8591 | g_L = +1.8591 | EMA = +1.8186 | std(g_L) = 1.1524 | grad = 0.9536
step    280 | loss = -2.1505 | g_L = +2.1505 | EMA = +1.9699 | std(g_L) = 0.9714 | grad = 0.4368
step    300 | loss = -2.2295 | g_L = +2.2295 | EMA = +2.0397 | std(g_L) = 0.9849 | grad = 0.9752
step    320 | loss = -2.2358 | g_L = +2.2358 | EMA = +2.1067 | std(g_L) = 0.9909 | grad = 1.2046
step    340 | loss = -2.3902 | g_L = +2.3902 | EMA = +2.1856 | std(g_L) = 0.9204 | grad = 0.7473
step    360 | loss = -2.1566 | g_L = +2.1566 | EMA = +2.2519 | std(g_L) = 1.2179 | grad = 1.6475
step    380 | loss = -2.4348 | g_L = +2.4348 | EMA = +2.3212 | std(g_L) = 0.9089 | grad = 0.6151
step    400 | loss = -2.4245 | g_L = +2.4245 | EMA = +2.3690 | std(g_L) = 0.9312 | grad = 1.4314
step    420 | loss = -2.2775 | g_L = +2.2775 | EMA = +2.3920 | std(g_L) = 1.0328 | grad = 0.8581
step    440 | loss = -2.4759 | g_L = +2.4759 | EMA = +2.4211 | std(g_L) = 1.0280 | grad = 0.3908
step    460 | loss = -2.5978 | g_L = +2.5978 | EMA = +2.4506 | std(g_L) = 0.8659 | grad = 0.6098
step    480 | loss = -2.3826 | g_L = +2.3826 | EMA = +2.4740 | std(g_L) = 1.2948 | grad = 1.1788
step    500 | loss = -2.5394 | g_L = +2.5394 | EMA = +2.4973 | std(g_L) = 0.9057 | grad = 0.8687
step    520 | loss = -2.4324 | g_L = +2.4324 | EMA = +2.4820 | std(g_L) = 1.0098 | grad = 0.6029
step    540 | loss = -2.6014 | g_L = +2.6014 | EMA = +2.5010 | std(g_L) = 0.8303 | grad = 0.4614
step    560 | loss = -2.5118 | g_L = +2.5118 | EMA = +2.5547 | std(g_L) = 1.0108 | grad = 0.5727
step    580 | loss = -2.4988 | g_L = +2.4988 | EMA = +2.5483 | std(g_L) = 1.1534 | grad = 0.3131
step    600 | loss = -2.5965 | g_L = +2.5965 | EMA = +2.5666 | std(g_L) = 0.9378 | grad = 1.0025
step    620 | loss = -2.3914 | g_L = +2.3914 | EMA = +2.5752 | std(g_L) = 1.2262 | grad = 0.7855
step    640 | loss = -2.6702 | g_L = +2.6702 | EMA = +2.5869 | std(g_L) = 0.8155 | grad = 0.8064
step    660 | loss = -2.5376 | g_L = +2.5376 | EMA = +2.6021 | std(g_L) = 1.0270 | grad = 1.0512
step    680 | loss = -2.5829 | g_L = +2.5829 | EMA = +2.6013 | std(g_L) = 0.8709 | grad = 0.4714
step    700 | loss = -2.5741 | g_L = +2.5741 | EMA = +2.6000 | std(g_L) = 0.9414 | grad = 0.6279
step    720 | loss = -2.6929 | g_L = +2.6929 | EMA = +2.6219 | std(g_L) = 0.9191 | grad = 0.6067
step    740 | loss = -2.6063 | g_L = +2.6063 | EMA = +2.6254 | std(g_L) = 0.9800 | grad = 0.7369
step    760 | loss = -2.7008 | g_L = +2.7008 | EMA = +2.6164 | std(g_L) = 0.9218 | grad = 0.6698
step    780 | loss = -2.6938 | g_L = +2.6938 | EMA = +2.6206 | std(g_L) = 0.8519 | grad = 0.9465
step    800 | loss = -2.6349 | g_L = +2.6349 | EMA = +2.6253 | std(g_L) = 0.9014 | grad = 0.7891
step    820 | loss = -2.7157 | g_L = +2.7157 | EMA = +2.6436 | std(g_L) = 0.7762 | grad = 0.4904
step    840 | loss = -2.7350 | g_L = +2.7350 | EMA = +2.6572 | std(g_L) = 0.9457 | grad = 0.9172
step    860 | loss = -2.6231 | g_L = +2.6231 | EMA = +2.6538 | std(g_L) = 0.8491 | grad = 1.2868
step    880 | loss = -2.7709 | g_L = +2.7709 | EMA = +2.6848 | std(g_L) = 0.7888 | grad = 0.8576
step    900 | loss = -2.7013 | g_L = +2.7013 | EMA = +2.6606 | std(g_L) = 0.8775 | grad = 1.1674
step    920 | loss = -2.7906 | g_L = +2.7906 | EMA = +2.6829 | std(g_L) = 0.7749 | grad = 1.8172
step    940 | loss = -2.7345 | g_L = +2.7345 | EMA = +2.6775 | std(g_L) = 0.8160 | grad = 0.6786
step    960 | loss = -2.5729 | g_L = +2.5729 | EMA = +2.6754 | std(g_L) = 0.9196 | grad = 0.8763
step    980 | loss = -2.5151 | g_L = +2.5151 | EMA = +2.6787 | std(g_L) = 0.9218 | grad = 1.1790
step   1000 | loss = -2.7846 | g_L = +2.7846 | EMA = +2.6894 | std(g_L) = 0.8549 | grad = 1.1709
step   1020 | loss = -2.7235 | g_L = +2.7235 | EMA = +2.6920 | std(g_L) = 0.8698 | grad = 0.7854
step   1040 | loss = -2.7058 | g_L = +2.7058 | EMA = +2.6895 | std(g_L) = 0.8773 | grad = 1.4117
step   1060 | loss = -2.6185 | g_L = +2.6185 | EMA = +2.6856 | std(g_L) = 0.9136 | grad = 1.3682
step   1080 | loss = -2.6196 | g_L = +2.6196 | EMA = +2.6752 | std(g_L) = 1.0329 | grad = 1.1179
step   1100 | loss = -2.8126 | g_L = +2.8126 | EMA = +2.6918 | std(g_L) = 0.8650 | grad = 1.3311
step   1120 | loss = -2.7184 | g_L = +2.7184 | EMA = +2.7004 | std(g_L) = 0.9791 | grad = 1.8582
step   1140 | loss = -2.6906 | g_L = +2.6906 | EMA = +2.7123 | std(g_L) = 0.7792 | grad = 0.8408
step   1160 | loss = -2.5859 | g_L = +2.5859 | EMA = +2.6911 | std(g_L) = 0.9765 | grad = 1.0970
step   1180 | loss = -2.6189 | g_L = +2.6189 | EMA = +2.6899 | std(g_L) = 0.7447 | grad = 1.0987
step   1200 | loss = -2.4477 | g_L = +2.4477 | EMA = +2.7060 | std(g_L) = 1.1617 | grad = 0.7295
step   1220 | loss = -2.7102 | g_L = +2.7102 | EMA = +2.7015 | std(g_L) = 0.7556 | grad = 0.8496
step   1240 | loss = -2.6002 | g_L = +2.6002 | EMA = +2.7000 | std(g_L) = 1.4128 | grad = 1.1479
step   1260 | loss = -2.7609 | g_L = +2.7609 | EMA = +2.7110 | std(g_L) = 0.9476 | grad = 0.6555
step   1280 | loss = -2.6677 | g_L = +2.6677 | EMA = +2.6966 | std(g_L) = 0.9097 | grad = 0.4097
step   1300 | loss = -2.7638 | g_L = +2.7638 | EMA = +2.7060 | std(g_L) = 0.9903 | grad = 1.2876
step   1320 | loss = -2.8442 | g_L = +2.8442 | EMA = +2.7167 | std(g_L) = 0.8892 | grad = 0.9013
step   1340 | loss = -2.8633 | g_L = +2.8633 | EMA = +2.7208 | std(g_L) = 0.7314 | grad = 0.3663
step   1360 | loss = -2.7112 | g_L = +2.7112 | EMA = +2.7165 | std(g_L) = 0.8901 | grad = 1.1109
step   1380 | loss = -2.5467 | g_L = +2.5467 | EMA = +2.7023 | std(g_L) = 0.9019 | grad = 1.1784
step   1400 | loss = -2.5490 | g_L = +2.5490 | EMA = +2.7138 | std(g_L) = 0.9448 | grad = 1.0497
step   1420 | loss = -2.7637 | g_L = +2.7637 | EMA = +2.7117 | std(g_L) = 0.8753 | grad = 0.7982
step   1440 | loss = -2.7263 | g_L = +2.7263 | EMA = +2.7080 | std(g_L) = 0.9691 | grad = 0.3223
step   1460 | loss = -2.8639 | g_L = +2.8639 | EMA = +2.7104 | std(g_L) = 0.7993 | grad = 0.7491
step   1480 | loss = -2.6826 | g_L = +2.6826 | EMA = +2.7335 | std(g_L) = 0.7534 | grad = 0.2747
step   1500 | loss = -2.6789 | g_L = +2.6789 | EMA = +2.7280 | std(g_L) = 0.9069 | grad = 1.0781
step   1520 | loss = -2.6846 | g_L = +2.6846 | EMA = +2.7360 | std(g_L) = 0.7398 | grad = 0.8226
step   1540 | loss = -2.6923 | g_L = +2.6923 | EMA = +2.7343 | std(g_L) = 0.9507 | grad = 0.8072
step   1560 | loss = -2.6560 | g_L = +2.6560 | EMA = +2.7454 | std(g_L) = 0.8946 | grad = 1.1839
step   1580 | loss = -2.7894 | g_L = +2.7894 | EMA = +2.7569 | std(g_L) = 0.8237 | grad = 0.4050
step   1600 | loss = -2.8633 | g_L = +2.8633 | EMA = +2.7524 | std(g_L) = 0.7862 | grad = 1.0416
step   1620 | loss = -2.7129 | g_L = +2.7129 | EMA = +2.7415 | std(g_L) = 0.9057 | grad = 1.4438
step   1640 | loss = -2.7466 | g_L = +2.7466 | EMA = +2.7391 | std(g_L) = 1.0367 | grad = 0.7028
step   1660 | loss = -2.7597 | g_L = +2.7597 | EMA = +2.7613 | std(g_L) = 0.9333 | grad = 0.8042
step   1680 | loss = -2.8695 | g_L = +2.8695 | EMA = +2.7663 | std(g_L) = 0.8751 | grad = 0.8643
step   1700 | loss = -2.7876 | g_L = +2.7876 | EMA = +2.7550 | std(g_L) = 0.8225 | grad = 0.8619
step   1720 | loss = -2.7579 | g_L = +2.7579 | EMA = +2.7789 | std(g_L) = 0.9066 | grad = 0.7132
step   1740 | loss = -2.7989 | g_L = +2.7989 | EMA = +2.7639 | std(g_L) = 0.7992 | grad = 0.3847
step   1760 | loss = -2.6914 | g_L = +2.6914 | EMA = +2.7364 | std(g_L) = 0.9716 | grad = 0.7348
step   1780 | loss = -2.6279 | g_L = +2.6279 | EMA = +2.7481 | std(g_L) = 1.0888 | grad = 0.7544
step   1800 | loss = -2.5861 | g_L = +2.5861 | EMA = +2.7341 | std(g_L) = 1.0679 | grad = 0.8773
step   1820 | loss = -2.8675 | g_L = +2.8675 | EMA = +2.7718 | std(g_L) = 0.7319 | grad = 0.7695
step   1840 | loss = -2.8363 | g_L = +2.8363 | EMA = +2.7828 | std(g_L) = 0.8073 | grad = 0.8771
step   1860 | loss = -2.7782 | g_L = +2.7782 | EMA = +2.7686 | std(g_L) = 0.9465 | grad = 0.5274
step   1880 | loss = -2.7573 | g_L = +2.7573 | EMA = +2.7572 | std(g_L) = 0.8468 | grad = 0.5971
step   1900 | loss = -2.8234 | g_L = +2.8234 | EMA = +2.7768 | std(g_L) = 0.9661 | grad = 0.9354
step   1920 | loss = -2.9439 | g_L = +2.9439 | EMA = +2.8008 | std(g_L) = 0.7236 | grad = 0.5017
step   1940 | loss = -2.7547 | g_L = +2.7547 | EMA = +2.7973 | std(g_L) = 0.9588 | grad = 0.8214
step   1960 | loss = -2.8232 | g_L = +2.8232 | EMA = +2.7929 | std(g_L) = 0.7673 | grad = 1.3597
step   1980 | loss = -2.7460 | g_L = +2.7460 | EMA = +2.7793 | std(g_L) = 0.7338 | grad = 1.2639
step   2000 | loss = -2.6251 | g_L = +2.6251 | EMA = +2.7828 | std(g_L) = 0.8219 | grad = 1.3931
step   2020 | loss = -2.8500 | g_L = +2.8500 | EMA = +2.7965 | std(g_L) = 0.8449 | grad = 0.7873
step   2040 | loss = -2.7512 | g_L = +2.7512 | EMA = +2.7945 | std(g_L) = 0.8588 | grad = 1.1113
step   2060 | loss = -2.7433 | g_L = +2.7433 | EMA = +2.7966 | std(g_L) = 0.8151 | grad = 0.5208
step   2080 | loss = -2.7255 | g_L = +2.7255 | EMA = +2.7879 | std(g_L) = 0.9540 | grad = 0.5531
step   2100 | loss = -2.7943 | g_L = +2.7943 | EMA = +2.8152 | std(g_L) = 0.8676 | grad = 0.9536
step   2120 | loss = -2.8933 | g_L = +2.8933 | EMA = +2.8080 | std(g_L) = 0.7666 | grad = 0.7094
step   2140 | loss = -2.8530 | g_L = +2.8530 | EMA = +2.7981 | std(g_L) = 0.7107 | grad = 0.9299
step   2160 | loss = -2.8312 | g_L = +2.8312 | EMA = +2.7920 | std(g_L) = 0.8049 | grad = 1.2558
step   2180 | loss = -2.7264 | g_L = +2.7264 | EMA = +2.7977 | std(g_L) = 0.8483 | grad = 1.0824
step   2200 | loss = -2.7731 | g_L = +2.7731 | EMA = +2.7966 | std(g_L) = 0.8311 | grad = 0.6928
step   2220 | loss = -2.8451 | g_L = +2.8451 | EMA = +2.8137 | std(g_L) = 0.8108 | grad = 0.8221
step   2240 | loss = -2.6424 | g_L = +2.6424 | EMA = +2.8133 | std(g_L) = 1.1905 | grad = 0.8195
step   2260 | loss = -2.8790 | g_L = +2.8790 | EMA = +2.8083 | std(g_L) = 0.7446 | grad = 0.7862
step   2280 | loss = -2.7838 | g_L = +2.7838 | EMA = +2.7959 | std(g_L) = 0.7761 | grad = 0.8901
step   2300 | loss = -2.6845 | g_L = +2.6845 | EMA = +2.7968 | std(g_L) = 0.9447 | grad = 1.3501
step   2320 | loss = -2.8594 | g_L = +2.8594 | EMA = +2.8012 | std(g_L) = 0.8337 | grad = 1.2775
step   2340 | loss = -2.7426 | g_L = +2.7426 | EMA = +2.8030 | std(g_L) = 0.9544 | grad = 0.9546
step   2360 | loss = -2.7409 | g_L = +2.7409 | EMA = +2.7964 | std(g_L) = 0.8434 | grad = 0.7584
step   2380 | loss = -2.7434 | g_L = +2.7434 | EMA = +2.8015 | std(g_L) = 0.9601 | grad = 0.9583
step   2400 | loss = -2.7607 | g_L = +2.7607 | EMA = +2.7869 | std(g_L) = 0.8438 | grad = 0.7723
step   2420 | loss = -2.7866 | g_L = +2.7866 | EMA = +2.7838 | std(g_L) = 0.9015 | grad = 0.4862
step   2440 | loss = -2.7792 | g_L = +2.7792 | EMA = +2.8188 | std(g_L) = 0.8476 | grad = 0.4814
step   2460 | loss = -2.8198 | g_L = +2.8198 | EMA = +2.8039 | std(g_L) = 0.7150 | grad = 0.9289
step   2480 | loss = -2.7683 | g_L = +2.7683 | EMA = +2.7952 | std(g_L) = 0.9067 | grad = 0.5793
step   2500 | loss = -2.7754 | g_L = +2.7754 | EMA = +2.8101 | std(g_L) = 0.7592 | grad = 0.5033
step   2520 | loss = -2.7629 | g_L = +2.7629 | EMA = +2.7975 | std(g_L) = 0.8457 | grad = 1.0507
step   2540 | loss = -2.7669 | g_L = +2.7669 | EMA = +2.8040 | std(g_L) = 0.7784 | grad = 0.9417
step   2560 | loss = -2.7887 | g_L = +2.7887 | EMA = +2.8102 | std(g_L) = 0.7398 | grad = 0.8997
step   2580 | loss = -2.8709 | g_L = +2.8709 | EMA = +2.8264 | std(g_L) = 0.6858 | grad = 0.5578
step   2600 | loss = -2.9254 | g_L = +2.9254 | EMA = +2.8289 | std(g_L) = 0.7753 | grad = 0.7636
step   2620 | loss = -2.7889 | g_L = +2.7889 | EMA = +2.8192 | std(g_L) = 0.8110 | grad = 0.6963
step   2640 | loss = -2.9253 | g_L = +2.9253 | EMA = +2.8241 | std(g_L) = 0.7711 | grad = 1.1740
step   2660 | loss = -2.8275 | g_L = +2.8275 | EMA = +2.8263 | std(g_L) = 0.8031 | grad = 0.6385
step   2680 | loss = -2.6879 | g_L = +2.6879 | EMA = +2.7989 | std(g_L) = 0.8613 | grad = 1.4451
step   2700 | loss = -2.7947 | g_L = +2.7947 | EMA = +2.8089 | std(g_L) = 0.7947 | grad = 0.4953
step   2720 | loss = -2.8615 | g_L = +2.8615 | EMA = +2.8270 | std(g_L) = 0.8888 | grad = 1.4354
step   2740 | loss = -2.8190 | g_L = +2.8190 | EMA = +2.8323 | std(g_L) = 0.7694 | grad = 0.6400
step   2760 | loss = -2.9181 | g_L = +2.9181 | EMA = +2.8666 | std(g_L) = 0.6733 | grad = 1.4845
step   2780 | loss = -2.9029 | g_L = +2.9029 | EMA = +2.8611 | std(g_L) = 0.8621 | grad = 1.0199
step   2800 | loss = -2.9228 | g_L = +2.9228 | EMA = +2.8610 | std(g_L) = 0.8803 | grad = 0.3721
step   2820 | loss = -2.8750 | g_L = +2.8750 | EMA = +2.8662 | std(g_L) = 0.7543 | grad = 0.8733
step   2840 | loss = -2.9654 | g_L = +2.9654 | EMA = +2.8673 | std(g_L) = 0.7526 | grad = 0.9766
step   2860 | loss = -2.9026 | g_L = +2.9026 | EMA = +2.8606 | std(g_L) = 0.8046 | grad = 1.1736
step   2880 | loss = -2.9080 | g_L = +2.9080 | EMA = +2.8632 | std(g_L) = 0.7946 | grad = 0.5795
step   2900 | loss = -2.8076 | g_L = +2.8076 | EMA = +2.8699 | std(g_L) = 0.8126 | grad = 0.6789
step   2920 | loss = -2.7918 | g_L = +2.7918 | EMA = +2.8610 | std(g_L) = 0.8964 | grad = 0.8096
step   2940 | loss = -2.8787 | g_L = +2.8787 | EMA = +2.8848 | std(g_L) = 0.9619 | grad = 1.0850
step   2960 | loss = -2.9068 | g_L = +2.9068 | EMA = +2.8916 | std(g_L) = 0.8154 | grad = 0.8618
step   2980 | loss = -2.7479 | g_L = +2.7479 | EMA = +2.8700 | std(g_L) = 0.9800 | grad = 0.5232
step   3000 | loss = -2.8108 | g_L = +2.8108 | EMA = +2.8730 | std(g_L) = 0.8518 | grad = 1.3834
step   3020 | loss = -2.8492 | g_L = +2.8492 | EMA = +2.8890 | std(g_L) = 0.8331 | grad = 1.4952
step   3040 | loss = -3.0010 | g_L = +3.0010 | EMA = +2.8733 | std(g_L) = 0.6951 | grad = 0.3797
step   3060 | loss = -2.9793 | g_L = +2.9793 | EMA = +2.8781 | std(g_L) = 0.8605 | grad = 1.3619
step   3080 | loss = -2.8445 | g_L = +2.8445 | EMA = +2.8826 | std(g_L) = 0.7973 | grad = 0.8974
step   3100 | loss = -2.9849 | g_L = +2.9849 | EMA = +2.8862 | std(g_L) = 0.7375 | grad = 0.5698
step   3120 | loss = -2.8062 | g_L = +2.8062 | EMA = +2.8849 | std(g_L) = 0.8103 | grad = 0.8827
step   3140 | loss = -2.9957 | g_L = +2.9957 | EMA = +2.9060 | std(g_L) = 0.6147 | grad = 0.8196
step   3160 | loss = -2.8235 | g_L = +2.8235 | EMA = +2.8955 | std(g_L) = 0.8941 | grad = 0.6958
step   3180 | loss = -2.9012 | g_L = +2.9012 | EMA = +2.8934 | std(g_L) = 0.7224 | grad = 0.5996
step   3200 | loss = -2.9211 | g_L = +2.9211 | EMA = +2.8941 | std(g_L) = 0.7046 | grad = 1.1604
step   3220 | loss = -2.8586 | g_L = +2.8586 | EMA = +2.8992 | std(g_L) = 0.8286 | grad = 0.9321
step   3240 | loss = -2.9151 | g_L = +2.9151 | EMA = +2.8831 | std(g_L) = 0.9055 | grad = 1.2365
step   3260 | loss = -2.7944 | g_L = +2.7944 | EMA = +2.8685 | std(g_L) = 0.8949 | grad = 0.4159
step   3280 | loss = -2.9959 | g_L = +2.9959 | EMA = +2.8885 | std(g_L) = 0.6921 | grad = 0.7913
step   3300 | loss = -2.8668 | g_L = +2.8668 | EMA = +2.8831 | std(g_L) = 0.6818 | grad = 0.7114
step   3320 | loss = -2.9271 | g_L = +2.9271 | EMA = +2.8728 | std(g_L) = 0.7608 | grad = 1.1028
step   3340 | loss = -2.8793 | g_L = +2.8793 | EMA = +2.9022 | std(g_L) = 0.9827 | grad = 0.9098
step   3360 | loss = -2.8025 | g_L = +2.8025 | EMA = +2.9081 | std(g_L) = 0.8981 | grad = 0.5418
step   3380 | loss = -2.7996 | g_L = +2.7996 | EMA = +2.9030 | std(g_L) = 0.9015 | grad = 0.6264
step   3400 | loss = -2.9900 | g_L = +2.9900 | EMA = +2.8947 | std(g_L) = 0.7049 | grad = 0.9506
step   3420 | loss = -2.9420 | g_L = +2.9420 | EMA = +2.8840 | std(g_L) = 0.7645 | grad = 0.7271
step   3440 | loss = -2.8220 | g_L = +2.8220 | EMA = +2.8902 | std(g_L) = 0.8036 | grad = 0.2171
step   3460 | loss = -2.9365 | g_L = +2.9365 | EMA = +2.8966 | std(g_L) = 0.8441 | grad = 0.5239
step   3480 | loss = -2.8303 | g_L = +2.8303 | EMA = +2.9077 | std(g_L) = 0.7429 | grad = 0.7414
step   3500 | loss = -2.8077 | g_L = +2.8077 | EMA = +2.9070 | std(g_L) = 0.8176 | grad = 0.6575
step   3520 | loss = -2.9094 | g_L = +2.9094 | EMA = +2.9066 | std(g_L) = 0.8930 | grad = 0.6284
step   3540 | loss = -2.9342 | g_L = +2.9342 | EMA = +2.9286 | std(g_L) = 0.7450 | grad = 0.7704
step   3560 | loss = -3.0003 | g_L = +3.0003 | EMA = +2.9113 | std(g_L) = 0.7858 | grad = 0.8251
step   3580 | loss = -2.8544 | g_L = +2.8544 | EMA = +2.9045 | std(g_L) = 0.8462 | grad = 0.6324
step   3600 | loss = -3.0022 | g_L = +3.0022 | EMA = +2.9068 | std(g_L) = 0.7567 | grad = 0.4672
step   3620 | loss = -2.9845 | g_L = +2.9845 | EMA = +2.9107 | std(g_L) = 0.7737 | grad = 0.7517
step   3640 | loss = -2.8812 | g_L = +2.8812 | EMA = +2.9006 | std(g_L) = 0.8018 | grad = 0.8408
step   3660 | loss = -2.9395 | g_L = +2.9395 | EMA = +2.8923 | std(g_L) = 0.7986 | grad = 1.0367
step   3680 | loss = -3.0823 | g_L = +3.0823 | EMA = +2.9147 | std(g_L) = 0.7624 | grad = 0.8254
step   3700 | loss = -3.0866 | g_L = +3.0866 | EMA = +2.9227 | std(g_L) = 0.5647 | grad = 1.2326
step   3720 | loss = -2.9374 | g_L = +2.9374 | EMA = +2.9022 | std(g_L) = 0.8622 | grad = 0.6850
step   3740 | loss = -2.9909 | g_L = +2.9909 | EMA = +2.9261 | std(g_L) = 0.6960 | grad = 0.4112
step   3760 | loss = -2.9770 | g_L = +2.9770 | EMA = +2.9302 | std(g_L) = 0.7824 | grad = 0.7769
step   3780 | loss = -2.9896 | g_L = +2.9896 | EMA = +2.9298 | std(g_L) = 0.7408 | grad = 0.8039
step   3800 | loss = -2.9417 | g_L = +2.9417 | EMA = +2.9263 | std(g_L) = 0.7192 | grad = 0.4377
step   3820 | loss = -2.9651 | g_L = +2.9651 | EMA = +2.9403 | std(g_L) = 0.6703 | grad = 0.6149
step   3840 | loss = -2.9558 | g_L = +2.9558 | EMA = +2.9161 | std(g_L) = 0.7643 | grad = 0.5491
step   3860 | loss = -2.7875 | g_L = +2.7875 | EMA = +2.9215 | std(g_L) = 0.8024 | grad = 1.7646
step   3880 | loss = -2.8810 | g_L = +2.8810 | EMA = +2.9228 | std(g_L) = 0.9158 | grad = 0.6058
step   3900 | loss = -2.8337 | g_L = +2.8337 | EMA = +2.9301 | std(g_L) = 0.8501 | grad = 0.8661
step   3920 | loss = -3.0119 | g_L = +3.0119 | EMA = +2.9199 | std(g_L) = 0.7582 | grad = 0.7292
step   3940 | loss = -2.9957 | g_L = +2.9957 | EMA = +2.9269 | std(g_L) = 0.6814 | grad = 0.6080
step   3960 | loss = -2.8423 | g_L = +2.8423 | EMA = +2.9317 | std(g_L) = 0.8637 | grad = 0.9751
step   3980 | loss = -2.9403 | g_L = +2.9403 | EMA = +2.9267 | std(g_L) = 0.9357 | grad = 0.5357
step   4000 | loss = -3.0270 | g_L = +3.0270 | EMA = +2.9520 | std(g_L) = 0.8339 | grad = 0.8478
step   4020 | loss = -3.0801 | g_L = +3.0801 | EMA = +2.9494 | std(g_L) = 0.7943 | grad = 1.0629
step   4040 | loss = -2.9789 | g_L = +2.9789 | EMA = +2.9338 | std(g_L) = 0.8355 | grad = 0.6967
step   4060 | loss = -2.8454 | g_L = +2.8454 | EMA = +2.9314 | std(g_L) = 0.8328 | grad = 0.5383
step   4080 | loss = -2.8981 | g_L = +2.8981 | EMA = +2.9296 | std(g_L) = 0.8667 | grad = 0.7975
step   4100 | loss = -2.9503 | g_L = +2.9503 | EMA = +2.9484 | std(g_L) = 0.8812 | grad = 1.1215
step   4120 | loss = -3.0439 | g_L = +3.0439 | EMA = +2.9555 | std(g_L) = 0.7799 | grad = 1.0099
step   4140 | loss = -2.8699 | g_L = +2.8699 | EMA = +2.9508 | std(g_L) = 0.8763 | grad = 0.4727
step   4160 | loss = -2.9927 | g_L = +2.9927 | EMA = +2.9638 | std(g_L) = 0.8215 | grad = 1.3848
step   4180 | loss = -3.0059 | g_L = +3.0059 | EMA = +2.9640 | std(g_L) = 0.6718 | grad = 0.6215
step   4200 | loss = -2.9568 | g_L = +2.9568 | EMA = +2.9422 | std(g_L) = 0.7369 | grad = 0.4148
step   4220 | loss = -2.9431 | g_L = +2.9431 | EMA = +2.9461 | std(g_L) = 0.7385 | grad = 0.8432
step   4240 | loss = -2.9854 | g_L = +2.9854 | EMA = +2.9314 | std(g_L) = 0.9405 | grad = 0.8733
step   4260 | loss = -2.9865 | g_L = +2.9865 | EMA = +2.9577 | std(g_L) = 0.8006 | grad = 0.9393
step   4280 | loss = -3.0497 | g_L = +3.0497 | EMA = +2.9761 | std(g_L) = 0.7451 | grad = 0.8856
step   4300 | loss = -2.8398 | g_L = +2.8398 | EMA = +2.9666 | std(g_L) = 0.7395 | grad = 0.7813
step   4320 | loss = -2.8500 | g_L = +2.8500 | EMA = +2.9553 | std(g_L) = 0.9676 | grad = 0.8466
step   4340 | loss = -3.0145 | g_L = +3.0145 | EMA = +2.9626 | std(g_L) = 0.7473 | grad = 0.7006
step   4360 | loss = -2.9945 | g_L = +2.9945 | EMA = +2.9513 | std(g_L) = 0.8045 | grad = 0.7447
step   4380 | loss = -3.0384 | g_L = +3.0384 | EMA = +2.9577 | std(g_L) = 0.6648 | grad = 0.5158
step   4400 | loss = -2.9897 | g_L = +2.9897 | EMA = +2.9457 | std(g_L) = 0.7386 | grad = 0.7631
step   4420 | loss = -2.9185 | g_L = +2.9185 | EMA = +2.9640 | std(g_L) = 0.8129 | grad = 0.9336
step   4440 | loss = -2.8346 | g_L = +2.8346 | EMA = +2.9549 | std(g_L) = 0.9667 | grad = 0.7217
step   4460 | loss = -2.9729 | g_L = +2.9729 | EMA = +2.9502 | std(g_L) = 0.7558 | grad = 0.5866
step   4480 | loss = -2.9021 | g_L = +2.9021 | EMA = +2.9653 | std(g_L) = 0.8893 | grad = 1.5209
step   4500 | loss = -2.8400 | g_L = +2.8400 | EMA = +2.9592 | std(g_L) = 0.7494 | grad = 0.6730
step   4520 | loss = -2.8969 | g_L = +2.8969 | EMA = +2.9434 | std(g_L) = 0.7766 | grad = 1.0217
step   4540 | loss = -2.9246 | g_L = +2.9246 | EMA = +2.9558 | std(g_L) = 0.8562 | grad = 1.2526
step   4560 | loss = -3.0938 | g_L = +3.0938 | EMA = +2.9589 | std(g_L) = 0.8205 | grad = 0.6101
step   4580 | loss = -2.9268 | g_L = +2.9268 | EMA = +2.9579 | std(g_L) = 0.8908 | grad = 1.1220
step   4600 | loss = -2.9669 | g_L = +2.9669 | EMA = +2.9558 | std(g_L) = 0.9426 | grad = 0.3746
step   4620 | loss = -2.9029 | g_L = +2.9029 | EMA = +2.9368 | std(g_L) = 0.7336 | grad = 0.5298
step   4640 | loss = -2.8846 | g_L = +2.8846 | EMA = +2.9541 | std(g_L) = 0.8718 | grad = 1.1893
step   4660 | loss = -2.9754 | g_L = +2.9754 | EMA = +2.9615 | std(g_L) = 0.7759 | grad = 0.8503
step   4680 | loss = -3.0029 | g_L = +3.0029 | EMA = +2.9804 | std(g_L) = 0.8305 | grad = 1.0267
step   4700 | loss = -3.0044 | g_L = +3.0044 | EMA = +2.9808 | std(g_L) = 1.0051 | grad = 1.2803
step   4720 | loss = -3.0352 | g_L = +3.0352 | EMA = +2.9732 | std(g_L) = 0.7720 | grad = 1.7375
step   4740 | loss = -2.9170 | g_L = +2.9170 | EMA = +2.9560 | std(g_L) = 0.8709 | grad = 0.4213
step   4760 | loss = -2.9440 | g_L = +2.9440 | EMA = +2.9721 | std(g_L) = 0.7437 | grad = 0.8020
step   4780 | loss = -3.0080 | g_L = +3.0080 | EMA = +2.9694 | std(g_L) = 0.6908 | grad = 0.4663
step   4800 | loss = -2.8823 | g_L = +2.8823 | EMA = +2.9541 | std(g_L) = 0.8266 | grad = 0.9325
step   4820 | loss = -2.9161 | g_L = +2.9161 | EMA = +2.9699 | std(g_L) = 0.7139 | grad = 1.5675
step   4840 | loss = -2.9812 | g_L = +2.9812 | EMA = +2.9752 | std(g_L) = 0.8645 | grad = 1.2312
step   4860 | loss = -3.0041 | g_L = +3.0041 | EMA = +2.9809 | std(g_L) = 0.6286 | grad = 0.4143
step   4880 | loss = -2.9265 | g_L = +2.9265 | EMA = +2.9729 | std(g_L) = 1.0438 | grad = 1.2690
step   4900 | loss = -3.0348 | g_L = +3.0348 | EMA = +2.9811 | std(g_L) = 0.8399 | grad = 0.8713
step   4920 | loss = -2.9313 | g_L = +2.9313 | EMA = +2.9599 | std(g_L) = 0.9088 | grad = 1.1210
step   4940 | loss = -2.9429 | g_L = +2.9429 | EMA = +2.9703 | std(g_L) = 0.8071 | grad = 1.3808
step   4960 | loss = -3.0378 | g_L = +3.0378 | EMA = +2.9818 | std(g_L) = 0.7157 | grad = 0.6081
step   4980 | loss = -3.0348 | g_L = +3.0348 | EMA = +2.9830 | std(g_L) = 0.7381 | grad = 0.4508
step   5000 | loss = -2.9560 | g_L = +2.9560 | EMA = +2.9726 | std(g_L) = 0.8384 | grad = 0.6186
step   5020 | loss = -2.9604 | g_L = +2.9604 | EMA = +2.9614 | std(g_L) = 0.6972 | grad = 1.1122
step   5040 | loss = -2.8415 | g_L = +2.8415 | EMA = +2.9648 | std(g_L) = 0.9495 | grad = 0.8159
step   5060 | loss = -2.9923 | g_L = +2.9923 | EMA = +2.9950 | std(g_L) = 0.8486 | grad = 0.3364
step   5080 | loss = -3.0645 | g_L = +3.0645 | EMA = +2.9830 | std(g_L) = 0.8044 | grad = 1.1001
step   5100 | loss = -2.9760 | g_L = +2.9760 | EMA = +2.9541 | std(g_L) = 0.7741 | grad = 1.0565
step   5120 | loss = -3.0691 | g_L = +3.0691 | EMA = +3.0102 | std(g_L) = 0.7766 | grad = 0.6386
step   5140 | loss = -2.9474 | g_L = +2.9474 | EMA = +2.9776 | std(g_L) = 0.8723 | grad = 0.5852
step   5160 | loss = -2.9305 | g_L = +2.9305 | EMA = +2.9699 | std(g_L) = 0.6966 | grad = 0.9358
step   5180 | loss = -2.9459 | g_L = +2.9459 | EMA = +2.9589 | std(g_L) = 0.7323 | grad = 1.1739
step   5200 | loss = -2.9498 | g_L = +2.9498 | EMA = +2.9808 | std(g_L) = 0.8816 | grad = 0.6380
step   5220 | loss = -2.8669 | g_L = +2.8669 | EMA = +2.9753 | std(g_L) = 0.8324 | grad = 0.8880
step   5240 | loss = -2.9641 | g_L = +2.9641 | EMA = +2.9671 | std(g_L) = 0.7135 | grad = 0.9246
step   5260 | loss = -2.8780 | g_L = +2.8780 | EMA = +2.9793 | std(g_L) = 0.8271 | grad = 0.6161
step   5280 | loss = -2.9167 | g_L = +2.9167 | EMA = +2.9732 | std(g_L) = 0.8282 | grad = 0.6987
step   5300 | loss = -3.0053 | g_L = +3.0053 | EMA = +2.9585 | std(g_L) = 0.6692 | grad = 1.1531
step   5320 | loss = -2.9182 | g_L = +2.9182 | EMA = +2.9842 | std(g_L) = 0.8981 | grad = 0.5274
step   5340 | loss = -2.9858 | g_L = +2.9858 | EMA = +2.9771 | std(g_L) = 0.8291 | grad = 0.9728
step   5360 | loss = -3.0487 | g_L = +3.0487 | EMA = +2.9833 | std(g_L) = 0.6204 | grad = 0.5870
step   5380 | loss = -2.9080 | g_L = +2.9080 | EMA = +2.9979 | std(g_L) = 0.8333 | grad = 0.9707
step   5400 | loss = -2.9164 | g_L = +2.9164 | EMA = +2.9878 | std(g_L) = 0.9205 | grad = 1.2524
step   5420 | loss = -3.0097 | g_L = +3.0097 | EMA = +3.0044 | std(g_L) = 0.6882 | grad = 0.5350
step   5440 | loss = -3.0058 | g_L = +3.0058 | EMA = +3.0030 | std(g_L) = 0.8012 | grad = 1.3398
step   5460 | loss = -3.0345 | g_L = +3.0345 | EMA = +3.0178 | std(g_L) = 0.7206 | grad = 0.3460
step   5480 | loss = -3.1009 | g_L = +3.1009 | EMA = +2.9999 | std(g_L) = 0.7965 | grad = 0.7696
step   5500 | loss = -3.1157 | g_L = +3.1157 | EMA = +2.9766 | std(g_L) = 0.7210 | grad = 0.5480
step   5520 | loss = -3.0478 | g_L = +3.0478 | EMA = +3.0070 | std(g_L) = 0.7216 | grad = 0.4443
step   5540 | loss = -2.9604 | g_L = +2.9604 | EMA = +2.9703 | std(g_L) = 0.7745 | grad = 0.5921
step   5560 | loss = -2.8688 | g_L = +2.8688 | EMA = +2.9753 | std(g_L) = 0.9690 | grad = 1.1309
step   5580 | loss = -2.9528 | g_L = +2.9528 | EMA = +2.9705 | std(g_L) = 0.7664 | grad = 0.5418
step   5600 | loss = -2.9318 | g_L = +2.9318 | EMA = +2.9641 | std(g_L) = 1.0231 | grad = 0.5256
step   5620 | loss = -3.0946 | g_L = +3.0946 | EMA = +2.9897 | std(g_L) = 0.6141 | grad = 0.4823
step   5640 | loss = -3.0097 | g_L = +3.0097 | EMA = +2.9845 | std(g_L) = 0.6849 | grad = 0.4439
step   5660 | loss = -2.9766 | g_L = +2.9766 | EMA = +2.9831 | std(g_L) = 0.9183 | grad = 0.8002
step   5680 | loss = -2.9279 | g_L = +2.9279 | EMA = +2.9855 | std(g_L) = 0.7646 | grad = 0.6803
step   5700 | loss = -2.8419 | g_L = +2.8419 | EMA = +2.9863 | std(g_L) = 0.8416 | grad = 0.9654
step   5720 | loss = -2.9462 | g_L = +2.9462 | EMA = +2.9838 | std(g_L) = 0.8268 | grad = 1.0413
step   5740 | loss = -2.9696 | g_L = +2.9696 | EMA = +2.9830 | std(g_L) = 0.7215 | grad = 0.5446
step   5760 | loss = -2.8319 | g_L = +2.8319 | EMA = +2.9773 | std(g_L) = 0.8667 | grad = 0.3754
step   5780 | loss = -2.9952 | g_L = +2.9952 | EMA = +2.9649 | std(g_L) = 0.7699 | grad = 0.8765
step   5800 | loss = -3.0362 | g_L = +3.0362 | EMA = +2.9888 | std(g_L) = 0.6955 | grad = 0.8787
step   5820 | loss = -2.9932 | g_L = +2.9932 | EMA = +2.9971 | std(g_L) = 0.8153 | grad = 0.8019
step   5840 | loss = -2.9950 | g_L = +2.9950 | EMA = +2.9831 | std(g_L) = 0.8416 | grad = 0.5621
step   5860 | loss = -2.9965 | g_L = +2.9965 | EMA = +2.9654 | std(g_L) = 0.9854 | grad = 0.7266
step   5880 | loss = -3.0101 | g_L = +3.0101 | EMA = +2.9747 | std(g_L) = 0.8225 | grad = 0.4705
step   5900 | loss = -3.0095 | g_L = +3.0095 | EMA = +3.0002 | std(g_L) = 0.7114 | grad = 0.9841
step   5920 | loss = -2.8410 | g_L = +2.8410 | EMA = +2.9794 | std(g_L) = 1.0166 | grad = 0.7361
step   5940 | loss = -3.0028 | g_L = +3.0028 | EMA = +2.9845 | std(g_L) = 0.6588 | grad = 0.5470
step   5960 | loss = -2.8563 | g_L = +2.8563 | EMA = +2.9633 | std(g_L) = 0.9879 | grad = 0.8255
step   5980 | loss = -3.0362 | g_L = +3.0362 | EMA = +2.9629 | std(g_L) = 0.7132 | grad = 0.6274
step   6000 | loss = -2.8672 | g_L = +2.8672 | EMA = +2.9776 | std(g_L) = 0.8387 | grad = 1.0296
step   6020 | loss = -3.0741 | g_L = +3.0741 | EMA = +2.9945 | std(g_L) = 0.6840 | grad = 0.8269
step   6040 | loss = -2.8742 | g_L = +2.8742 | EMA = +2.9734 | std(g_L) = 0.7905 | grad = 0.7717
step   6060 | loss = -2.9231 | g_L = +2.9231 | EMA = +2.9896 | std(g_L) = 0.9282 | grad = 0.7588
step   6080 | loss = -3.1271 | g_L = +3.1271 | EMA = +2.9987 | std(g_L) = 0.7244 | grad = 0.5908
step   6100 | loss = -2.9516 | g_L = +2.9516 | EMA = +3.0160 | std(g_L) = 0.8137 | grad = 0.5794
step   6120 | loss = -2.9626 | g_L = +2.9626 | EMA = +3.0013 | std(g_L) = 0.7151 | grad = 0.4391
step   6140 | loss = -2.9367 | g_L = +2.9367 | EMA = +2.9964 | std(g_L) = 0.7546 | grad = 1.4254
step   6160 | loss = -2.9464 | g_L = +2.9464 | EMA = +3.0016 | std(g_L) = 0.8435 | grad = 1.7681
step   6180 | loss = -2.9584 | g_L = +2.9584 | EMA = +2.9892 | std(g_L) = 0.7738 | grad = 0.9034
step   6200 | loss = -3.0877 | g_L = +3.0877 | EMA = +2.9897 | std(g_L) = 0.6151 | grad = 0.7146
step   6220 | loss = -2.9670 | g_L = +2.9670 | EMA = +2.9949 | std(g_L) = 0.6962 | grad = 0.4537
step   6240 | loss = -3.0248 | g_L = +3.0248 | EMA = +2.9909 | std(g_L) = 0.7047 | grad = 1.3995
step   6260 | loss = -2.9444 | g_L = +2.9444 | EMA = +2.9922 | std(g_L) = 0.8591 | grad = 1.2666
step   6280 | loss = -2.9171 | g_L = +2.9171 | EMA = +3.0047 | std(g_L) = 1.0615 | grad = 0.9068
step   6300 | loss = -3.0478 | g_L = +3.0478 | EMA = +2.9856 | std(g_L) = 0.8276 | grad = 0.6140
step   6320 | loss = -3.0185 | g_L = +3.0185 | EMA = +3.0027 | std(g_L) = 0.9091 | grad = 0.8747
step   6340 | loss = -2.9913 | g_L = +2.9913 | EMA = +3.0064 | std(g_L) = 0.8475 | grad = 0.9707
step   6360 | loss = -2.9791 | g_L = +2.9791 | EMA = +2.9886 | std(g_L) = 0.7357 | grad = 0.8028
step   6380 | loss = -3.0583 | g_L = +3.0583 | EMA = +2.9929 | std(g_L) = 0.6821 | grad = 0.5510
step   6400 | loss = -3.0084 | g_L = +3.0084 | EMA = +2.9911 | std(g_L) = 0.8187 | grad = 1.3612
step   6420 | loss = -3.0016 | g_L = +3.0016 | EMA = +2.9948 | std(g_L) = 0.7448 | grad = 1.0545
step   6440 | loss = -2.6998 | g_L = +2.6998 | EMA = +2.9648 | std(g_L) = 0.9621 | grad = 0.4514
step   6460 | loss = -2.8647 | g_L = +2.8647 | EMA = +2.9609 | std(g_L) = 0.7625 | grad = 1.0043
step   6480 | loss = -3.0598 | g_L = +3.0598 | EMA = +2.9825 | std(g_L) = 0.7104 | grad = 0.5364
step   6500 | loss = -2.9317 | g_L = +2.9317 | EMA = +2.9980 | std(g_L) = 0.8695 | grad = 0.7750
step   6520 | loss = -2.9524 | g_L = +2.9524 | EMA = +2.9935 | std(g_L) = 0.9232 | grad = 0.3669
step   6540 | loss = -2.9605 | g_L = +2.9605 | EMA = +3.0001 | std(g_L) = 0.7456 | grad = 0.4155
step   6560 | loss = -2.9353 | g_L = +2.9353 | EMA = +3.0026 | std(g_L) = 0.8926 | grad = 0.5621
step   6580 | loss = -2.9398 | g_L = +2.9398 | EMA = +3.0079 | std(g_L) = 0.7746 | grad = 0.7553
step   6600 | loss = -3.0025 | g_L = +3.0025 | EMA = +3.0037 | std(g_L) = 0.7944 | grad = 0.5162
step   6620 | loss = -2.9283 | g_L = +2.9283 | EMA = +2.9899 | std(g_L) = 0.7528 | grad = 0.9067
step   6640 | loss = -3.0285 | g_L = +3.0285 | EMA = +2.9990 | std(g_L) = 0.7863 | grad = 0.6461
step   6660 | loss = -2.9480 | g_L = +2.9480 | EMA = +2.9972 | std(g_L) = 0.8887 | grad = 0.5223
step   6680 | loss = -3.0593 | g_L = +3.0593 | EMA = +2.9971 | std(g_L) = 0.7225 | grad = 0.5165
step   6700 | loss = -3.0682 | g_L = +3.0682 | EMA = +3.0078 | std(g_L) = 0.7226 | grad = 1.0738
step   6720 | loss = -2.9585 | g_L = +2.9585 | EMA = +3.0010 | std(g_L) = 0.8224 | grad = 0.7471
step   6740 | loss = -3.0668 | g_L = +3.0668 | EMA = +3.0070 | std(g_L) = 0.7194 | grad = 0.8784
step   6760 | loss = -3.0344 | g_L = +3.0344 | EMA = +2.9921 | std(g_L) = 0.7123 | grad = 1.0442
step   6780 | loss = -3.0493 | g_L = +3.0493 | EMA = +3.0077 | std(g_L) = 0.7251 | grad = 0.6410
step   6800 | loss = -3.0084 | g_L = +3.0084 | EMA = +3.0078 | std(g_L) = 0.6777 | grad = 0.3958
step   6820 | loss = -3.0089 | g_L = +3.0089 | EMA = +3.0084 | std(g_L) = 0.7232 | grad = 0.9064
step   6840 | loss = -3.0147 | g_L = +3.0147 | EMA = +3.0128 | std(g_L) = 0.7369 | grad = 1.2039
step   6860 | loss = -2.9797 | g_L = +2.9797 | EMA = +3.0190 | std(g_L) = 0.8709 | grad = 0.8976
step   6880 | loss = -3.0172 | g_L = +3.0172 | EMA = +2.9992 | std(g_L) = 0.7766 | grad = 0.8735
step   6900 | loss = -3.0709 | g_L = +3.0709 | EMA = +3.0053 | std(g_L) = 0.7063 | grad = 0.7119
step   6920 | loss = -3.0374 | g_L = +3.0374 | EMA = +3.0090 | std(g_L) = 0.6644 | grad = 0.9624
step   6940 | loss = -3.0647 | g_L = +3.0647 | EMA = +3.0036 | std(g_L) = 0.8176 | grad = 1.1906
step   6960 | loss = -3.0063 | g_L = +3.0063 | EMA = +3.0078 | std(g_L) = 0.7423 | grad = 1.1173
step   6980 | loss = -2.9569 | g_L = +2.9569 | EMA = +2.9859 | std(g_L) = 0.8571 | grad = 0.7057
step   7000 | loss = -3.0123 | g_L = +3.0123 | EMA = +2.9977 | std(g_L) = 0.7945 | grad = 0.7989
step   7020 | loss = -2.9986 | g_L = +2.9986 | EMA = +3.0035 | std(g_L) = 0.8190 | grad = 0.8526
step   7040 | loss = -3.0339 | g_L = +3.0339 | EMA = +2.9862 | std(g_L) = 0.7433 | grad = 1.2050
step   7060 | loss = -2.9153 | g_L = +2.9153 | EMA = +2.9930 | std(g_L) = 0.8076 | grad = 0.7840
step   7080 | loss = -2.9732 | g_L = +2.9732 | EMA = +2.9784 | std(g_L) = 0.8295 | grad = 0.3549
step   7100 | loss = -2.9190 | g_L = +2.9190 | EMA = +2.9938 | std(g_L) = 0.8499 | grad = 0.7912
step   7120 | loss = -3.0211 | g_L = +3.0211 | EMA = +2.9969 | std(g_L) = 0.6367 | grad = 0.6466
step   7140 | loss = -3.0251 | g_L = +3.0251 | EMA = +3.0065 | std(g_L) = 0.8758 | grad = 0.9927
step   7160 | loss = -2.9249 | g_L = +2.9249 | EMA = +2.9936 | std(g_L) = 0.9306 | grad = 1.4291
step   7180 | loss = -2.9575 | g_L = +2.9575 | EMA = +2.9940 | std(g_L) = 0.8162 | grad = 1.1394
step   7200 | loss = -2.9221 | g_L = +2.9221 | EMA = +3.0106 | std(g_L) = 0.8752 | grad = 0.7472
step   7220 | loss = -2.9712 | g_L = +2.9712 | EMA = +3.0014 | std(g_L) = 0.7732 | grad = 1.4322
step   7240 | loss = -2.9135 | g_L = +2.9135 | EMA = +2.9882 | std(g_L) = 1.0422 | grad = 1.0414
step   7260 | loss = -2.9873 | g_L = +2.9873 | EMA = +2.9904 | std(g_L) = 0.7933 | grad = 1.2305
step   7280 | loss = -2.9629 | g_L = +2.9629 | EMA = +3.0119 | std(g_L) = 1.0736 | grad = 1.5269
step   7300 | loss = -2.9163 | g_L = +2.9163 | EMA = +2.9956 | std(g_L) = 0.8231 | grad = 0.5415
step   7320 | loss = -3.0324 | g_L = +3.0324 | EMA = +3.0083 | std(g_L) = 0.6408 | grad = 0.5707
step   7340 | loss = -3.1129 | g_L = +3.1129 | EMA = +3.0254 | std(g_L) = 0.7451 | grad = 0.9193
step   7360 | loss = -3.0629 | g_L = +3.0629 | EMA = +3.0156 | std(g_L) = 0.7376 | grad = 1.1531
step   7380 | loss = -2.9645 | g_L = +2.9645 | EMA = +2.9890 | std(g_L) = 0.8752 | grad = 0.4066
step   7400 | loss = -3.0368 | g_L = +3.0368 | EMA = +3.0168 | std(g_L) = 0.7543 | grad = 0.3983
step   7420 | loss = -3.0985 | g_L = +3.0985 | EMA = +3.0049 | std(g_L) = 0.7234 | grad = 0.4040
step   7440 | loss = -3.0599 | g_L = +3.0599 | EMA = +3.0220 | std(g_L) = 0.6973 | grad = 1.1938
step   7460 | loss = -3.0506 | g_L = +3.0506 | EMA = +3.0043 | std(g_L) = 0.6312 | grad = 0.9731
step   7480 | loss = -2.9947 | g_L = +2.9947 | EMA = +3.0070 | std(g_L) = 0.8081 | grad = 0.5517
step   7500 | loss = -3.1191 | g_L = +3.1191 | EMA = +3.0244 | std(g_L) = 0.8603 | grad = 0.5975
step   7520 | loss = -2.9913 | g_L = +2.9913 | EMA = +3.0124 | std(g_L) = 0.6990 | grad = 1.3262
step   7540 | loss = -2.9657 | g_L = +2.9657 | EMA = +3.0167 | std(g_L) = 0.8856 | grad = 1.0276
step   7560 | loss = -2.9787 | g_L = +2.9787 | EMA = +3.0154 | std(g_L) = 0.8755 | grad = 0.7885
step   7580 | loss = -3.1438 | g_L = +3.1438 | EMA = +3.0072 | std(g_L) = 0.6091 | grad = 0.2696
step   7600 | loss = -3.0762 | g_L = +3.0762 | EMA = +3.0167 | std(g_L) = 0.6899 | grad = 0.8053
step   7620 | loss = -3.0124 | g_L = +3.0124 | EMA = +3.0097 | std(g_L) = 0.7290 | grad = 0.3518
step   7640 | loss = -3.0317 | g_L = +3.0317 | EMA = +2.9933 | std(g_L) = 0.7234 | grad = 1.0149
step   7660 | loss = -2.9915 | g_L = +2.9915 | EMA = +3.0079 | std(g_L) = 0.7068 | grad = 0.6274
step   7680 | loss = -2.9625 | g_L = +2.9625 | EMA = +3.0194 | std(g_L) = 0.7178 | grad = 0.5447
step   7700 | loss = -2.9861 | g_L = +2.9861 | EMA = +3.0223 | std(g_L) = 0.7770 | grad = 0.7855
step   7720 | loss = -2.8706 | g_L = +2.8706 | EMA = +2.9997 | std(g_L) = 0.9291 | grad = 0.8688
step   7740 | loss = -3.0169 | g_L = +3.0169 | EMA = +2.9931 | std(g_L) = 0.7837 | grad = 1.1432
step   7760 | loss = -3.1223 | g_L = +3.1223 | EMA = +3.0204 | std(g_L) = 0.8030 | grad = 0.8157
step   7780 | loss = -3.0604 | g_L = +3.0604 | EMA = +3.0390 | std(g_L) = 0.7367 | grad = 0.4533
step   7800 | loss = -2.9632 | g_L = +2.9632 | EMA = +3.0201 | std(g_L) = 0.9012 | grad = 0.7048
step   7820 | loss = -3.0797 | g_L = +3.0797 | EMA = +3.0128 | std(g_L) = 0.7434 | grad = 0.6112
step   7840 | loss = -2.9042 | g_L = +2.9042 | EMA = +3.0152 | std(g_L) = 0.8042 | grad = 0.7800
step   7860 | loss = -3.1065 | g_L = +3.1065 | EMA = +3.0216 | std(g_L) = 0.7417 | grad = 0.6556
step   7880 | loss = -2.9875 | g_L = +2.9875 | EMA = +3.0044 | std(g_L) = 0.8076 | grad = 0.7311
step   7900 | loss = -3.0072 | g_L = +3.0072 | EMA = +3.0219 | std(g_L) = 0.6580 | grad = 0.5587
step   7920 | loss = -2.8967 | g_L = +2.8967 | EMA = +3.0252 | std(g_L) = 0.7648 | grad = 0.3232
step   7940 | loss = -2.9137 | g_L = +2.9137 | EMA = +3.0158 | std(g_L) = 0.8977 | grad = 1.0511
step   7960 | loss = -2.8482 | g_L = +2.8482 | EMA = +3.0088 | std(g_L) = 0.9595 | grad = 0.9374
step   7980 | loss = -3.0574 | g_L = +3.0574 | EMA = +3.0296 | std(g_L) = 0.8455 | grad = 0.7375
step   8000 | loss = -2.9783 | g_L = +2.9783 | EMA = +3.0130 | std(g_L) = 0.8887 | grad = 0.5415
step   8020 | loss = -2.9797 | g_L = +2.9797 | EMA = +2.9944 | std(g_L) = 0.8557 | grad = 0.5069
step   8040 | loss = -2.9483 | g_L = +2.9483 | EMA = +3.0213 | std(g_L) = 0.8113 | grad = 1.2199
step   8060 | loss = -2.9853 | g_L = +2.9853 | EMA = +3.0264 | std(g_L) = 0.7199 | grad = 0.6755
step   8080 | loss = -3.0563 | g_L = +3.0563 | EMA = +3.0287 | std(g_L) = 0.7550 | grad = 0.4669
step   8100 | loss = -3.0401 | g_L = +3.0401 | EMA = +3.0271 | std(g_L) = 0.8211 | grad = 0.6102
step   8120 | loss = -2.9428 | g_L = +2.9428 | EMA = +3.0243 | std(g_L) = 0.8692 | grad = 0.2242
step   8140 | loss = -2.9693 | g_L = +2.9693 | EMA = +3.0174 | std(g_L) = 0.9951 | grad = 0.7960
step   8160 | loss = -2.9688 | g_L = +2.9688 | EMA = +3.0244 | std(g_L) = 0.9783 | grad = 0.3100
step   8180 | loss = -2.9466 | g_L = +2.9466 | EMA = +3.0086 | std(g_L) = 0.8404 | grad = 0.3423
step   8200 | loss = -3.0150 | g_L = +3.0150 | EMA = +3.0162 | std(g_L) = 0.7416 | grad = 0.6424
step   8220 | loss = -3.1398 | g_L = +3.1398 | EMA = +3.0219 | std(g_L) = 0.6210 | grad = 0.4641
step   8240 | loss = -2.9718 | g_L = +2.9718 | EMA = +3.0042 | std(g_L) = 0.7634 | grad = 0.9514
step   8260 | loss = -2.9854 | g_L = +2.9854 | EMA = +3.0187 | std(g_L) = 0.6809 | grad = 0.9856
step   8280 | loss = -2.9557 | g_L = +2.9557 | EMA = +3.0084 | std(g_L) = 0.8305 | grad = 0.8626
step   8300 | loss = -3.0708 | g_L = +3.0708 | EMA = +3.0218 | std(g_L) = 0.7914 | grad = 0.7114
step   8320 | loss = -3.0229 | g_L = +3.0229 | EMA = +3.0204 | std(g_L) = 0.8686 | grad = 1.1372
step   8340 | loss = -3.0336 | g_L = +3.0336 | EMA = +3.0008 | std(g_L) = 0.7349 | grad = 0.6841
step   8360 | loss = -3.0753 | g_L = +3.0753 | EMA = +3.0102 | std(g_L) = 0.6884 | grad = 0.4178
step   8380 | loss = -2.9563 | g_L = +2.9563 | EMA = +3.0369 | std(g_L) = 0.8508 | grad = 0.9732
step   8400 | loss = -2.8909 | g_L = +2.8909 | EMA = +3.0334 | std(g_L) = 0.9765 | grad = 0.6229
step   8420 | loss = -3.0608 | g_L = +3.0608 | EMA = +3.0237 | std(g_L) = 0.8080 | grad = 0.5902
step   8440 | loss = -3.0533 | g_L = +3.0533 | EMA = +3.0228 | std(g_L) = 0.6804 | grad = 0.8479
step   8460 | loss = -3.0809 | g_L = +3.0809 | EMA = +3.0289 | std(g_L) = 0.7477 | grad = 0.9118
step   8480 | loss = -3.0824 | g_L = +3.0824 | EMA = +3.0336 | std(g_L) = 0.8221 | grad = 0.8114
step   8500 | loss = -2.8598 | g_L = +2.8598 | EMA = +3.0276 | std(g_L) = 1.0161 | grad = 0.9159
step   8520 | loss = -3.0360 | g_L = +3.0360 | EMA = +3.0293 | std(g_L) = 0.6694 | grad = 0.4926
step   8540 | loss = -3.0046 | g_L = +3.0046 | EMA = +3.0186 | std(g_L) = 0.6957 | grad = 0.5956
step   8560 | loss = -3.0799 | g_L = +3.0799 | EMA = +3.0349 | std(g_L) = 0.7251 | grad = 1.0308
step   8580 | loss = -2.9745 | g_L = +2.9745 | EMA = +3.0223 | std(g_L) = 0.8787 | grad = 1.0250
step   8600 | loss = -2.9954 | g_L = +2.9954 | EMA = +3.0036 | std(g_L) = 0.7047 | grad = 1.1804
step   8620 | loss = -3.0224 | g_L = +3.0224 | EMA = +3.0244 | std(g_L) = 0.9726 | grad = 1.2921
step   8640 | loss = -3.0071 | g_L = +3.0071 | EMA = +3.0071 | std(g_L) = 0.7242 | grad = 0.7164
step   8660 | loss = -3.1083 | g_L = +3.1083 | EMA = +3.0173 | std(g_L) = 0.7266 | grad = 0.4249
step   8680 | loss = -3.0295 | g_L = +3.0295 | EMA = +3.0152 | std(g_L) = 0.8541 | grad = 0.4778
step   8700 | loss = -3.0816 | g_L = +3.0816 | EMA = +3.0115 | std(g_L) = 0.7864 | grad = 0.8616
step   8720 | loss = -3.0511 | g_L = +3.0511 | EMA = +3.0275 | std(g_L) = 0.8695 | grad = 1.1020
step   8740 | loss = -3.0790 | g_L = +3.0790 | EMA = +3.0263 | std(g_L) = 0.7208 | grad = 0.4896
step   8760 | loss = -3.0428 | g_L = +3.0428 | EMA = +3.0215 | std(g_L) = 0.6773 | grad = 0.3587
step   8780 | loss = -3.0941 | g_L = +3.0941 | EMA = +3.0377 | std(g_L) = 0.7296 | grad = 0.7090
step   8800 | loss = -2.9513 | g_L = +2.9513 | EMA = +3.0226 | std(g_L) = 0.8186 | grad = 1.0623
step   8820 | loss = -3.0429 | g_L = +3.0429 | EMA = +3.0431 | std(g_L) = 0.7639 | grad = 0.6450
step   8840 | loss = -3.0193 | g_L = +3.0193 | EMA = +3.0352 | std(g_L) = 0.7850 | grad = 0.9675
step   8860 | loss = -2.9897 | g_L = +2.9897 | EMA = +3.0224 | std(g_L) = 0.8439 | grad = 0.5201
step   8880 | loss = -3.0794 | g_L = +3.0794 | EMA = +3.0109 | std(g_L) = 0.7941 | grad = 0.7736
step   8900 | loss = -3.0801 | g_L = +3.0801 | EMA = +3.0153 | std(g_L) = 0.6898 | grad = 0.6897
step   8920 | loss = -3.0712 | g_L = +3.0712 | EMA = +3.0216 | std(g_L) = 0.7142 | grad = 0.6223
step   8940 | loss = -3.1473 | g_L = +3.1473 | EMA = +3.0168 | std(g_L) = 0.6506 | grad = 0.5838
step   8960 | loss = -3.2560 | g_L = +3.2560 | EMA = +3.0319 | std(g_L) = 0.5888 | grad = 0.5015
step   8980 | loss = -3.0092 | g_L = +3.0092 | EMA = +3.0361 | std(g_L) = 0.6946 | grad = 1.0663
step   9000 | loss = -2.9936 | g_L = +2.9936 | EMA = +3.0352 | std(g_L) = 0.7956 | grad = 0.7103
step   9020 | loss = -2.9958 | g_L = +2.9958 | EMA = +3.0458 | std(g_L) = 0.7330 | grad = 0.7062
step   9040 | loss = -3.1565 | g_L = +3.1565 | EMA = +3.0274 | std(g_L) = 0.8065 | grad = 1.1082
step   9060 | loss = -2.9436 | g_L = +2.9436 | EMA = +3.0303 | std(g_L) = 0.8165 | grad = 1.5203
step   9080 | loss = -3.0382 | g_L = +3.0382 | EMA = +3.0292 | std(g_L) = 0.7702 | grad = 1.1961
step   9100 | loss = -2.9829 | g_L = +2.9829 | EMA = +3.0384 | std(g_L) = 0.8386 | grad = 0.5617
step   9120 | loss = -3.1190 | g_L = +3.1190 | EMA = +3.0495 | std(g_L) = 0.6969 | grad = 0.9062
step   9140 | loss = -2.9509 | g_L = +2.9509 | EMA = +3.0356 | std(g_L) = 0.8390 | grad = 0.5310
step   9160 | loss = -3.1830 | g_L = +3.1830 | EMA = +3.0428 | std(g_L) = 0.6285 | grad = 0.8027
step   9180 | loss = -3.0732 | g_L = +3.0732 | EMA = +3.0440 | std(g_L) = 0.6801 | grad = 0.5761
step   9200 | loss = -2.9929 | g_L = +2.9929 | EMA = +3.0252 | std(g_L) = 0.7520 | grad = 1.0437
step   9220 | loss = -3.0039 | g_L = +3.0039 | EMA = +3.0347 | std(g_L) = 0.8542 | grad = 0.7053
step   9240 | loss = -3.0401 | g_L = +3.0401 | EMA = +3.0437 | std(g_L) = 0.6083 | grad = 0.4845
step   9260 | loss = -3.1362 | g_L = +3.1362 | EMA = +3.0395 | std(g_L) = 0.7007 | grad = 0.5151
step   9280 | loss = -3.0642 | g_L = +3.0642 | EMA = +3.0578 | std(g_L) = 0.7793 | grad = 0.6048
step   9300 | loss = -3.0849 | g_L = +3.0849 | EMA = +3.0531 | std(g_L) = 0.6727 | grad = 0.6562
step   9320 | loss = -3.0586 | g_L = +3.0586 | EMA = +3.0434 | std(g_L) = 0.6820 | grad = 0.6585
step   9340 | loss = -2.9180 | g_L = +2.9180 | EMA = +3.0349 | std(g_L) = 0.7939 | grad = 1.1656
step   9360 | loss = -3.0343 | g_L = +3.0343 | EMA = +3.0389 | std(g_L) = 0.7892 | grad = 0.7099
step   9380 | loss = -3.0874 | g_L = +3.0874 | EMA = +3.0409 | std(g_L) = 0.7809 | grad = 0.8709
step   9400 | loss = -3.0296 | g_L = +3.0296 | EMA = +3.0334 | std(g_L) = 0.7865 | grad = 0.3397
step   9420 | loss = -2.9739 | g_L = +2.9739 | EMA = +3.0219 | std(g_L) = 0.7727 | grad = 0.4771
step   9440 | loss = -2.8428 | g_L = +2.8428 | EMA = +3.0059 | std(g_L) = 0.9061 | grad = 0.4890
step   9460 | loss = -3.0526 | g_L = +3.0526 | EMA = +3.0440 | std(g_L) = 0.6178 | grad = 0.7044
step   9480 | loss = -2.8597 | g_L = +2.8597 | EMA = +3.0401 | std(g_L) = 0.8622 | grad = 1.0463
step   9500 | loss = -3.0130 | g_L = +3.0130 | EMA = +3.0342 | std(g_L) = 0.7363 | grad = 0.4583
step   9520 | loss = -2.9883 | g_L = +2.9883 | EMA = +3.0175 | std(g_L) = 0.7181 | grad = 1.2101
step   9540 | loss = -3.1075 | g_L = +3.1075 | EMA = +3.0377 | std(g_L) = 0.7145 | grad = 0.6368
step   9560 | loss = -2.9917 | g_L = +2.9917 | EMA = +3.0403 | std(g_L) = 0.7757 | grad = 0.8810
step   9580 | loss = -2.8639 | g_L = +2.8639 | EMA = +3.0302 | std(g_L) = 0.8400 | grad = 1.1751
step   9600 | loss = -3.1014 | g_L = +3.1014 | EMA = +3.0344 | std(g_L) = 0.7986 | grad = 0.6813
step   9620 | loss = -3.0122 | g_L = +3.0122 | EMA = +3.0346 | std(g_L) = 0.8797 | grad = 0.5641
step   9640 | loss = -2.9852 | g_L = +2.9852 | EMA = +3.0312 | std(g_L) = 0.7089 | grad = 0.4879
step   9660 | loss = -3.0630 | g_L = +3.0630 | EMA = +3.0255 | std(g_L) = 0.6790 | grad = 0.4697
step   9680 | loss = -3.1078 | g_L = +3.1078 | EMA = +3.0271 | std(g_L) = 0.6669 | grad = 0.4093
step   9700 | loss = -2.9923 | g_L = +2.9923 | EMA = +3.0245 | std(g_L) = 0.8581 | grad = 0.3933
step   9720 | loss = -3.0594 | g_L = +3.0594 | EMA = +3.0255 | std(g_L) = 0.6094 | grad = 0.5986
step   9740 | loss = -2.9904 | g_L = +2.9904 | EMA = +3.0474 | std(g_L) = 0.7961 | grad = 1.0439
step   9760 | loss = -3.0998 | g_L = +3.0998 | EMA = +3.0349 | std(g_L) = 0.8468 | grad = 0.4948
step   9780 | loss = -3.0698 | g_L = +3.0698 | EMA = +3.0219 | std(g_L) = 0.7636 | grad = 0.7404
step   9800 | loss = -3.0708 | g_L = +3.0708 | EMA = +3.0596 | std(g_L) = 0.7783 | grad = 0.5177
step   9820 | loss = -2.9940 | g_L = +2.9940 | EMA = +3.0287 | std(g_L) = 0.8608 | grad = 0.8392
step   9840 | loss = -3.0987 | g_L = +3.0987 | EMA = +3.0403 | std(g_L) = 0.6342 | grad = 0.5700
step   9860 | loss = -3.0147 | g_L = +3.0147 | EMA = +3.0447 | std(g_L) = 0.7678 | grad = 0.7382
step   9880 | loss = -2.9678 | g_L = +2.9678 | EMA = +3.0311 | std(g_L) = 0.9295 | grad = 0.5929
step   9900 | loss = -3.1127 | g_L = +3.1127 | EMA = +3.0434 | std(g_L) = 0.7202 | grad = 0.2759
step   9920 | loss = -3.1629 | g_L = +3.1629 | EMA = +3.0267 | std(g_L) = 0.6571 | grad = 0.7761
step   9940 | loss = -3.0402 | g_L = +3.0402 | EMA = +3.0402 | std(g_L) = 0.6863 | grad = 0.6113
step   9960 | loss = -3.1130 | g_L = +3.1130 | EMA = +3.0319 | std(g_L) = 0.6503 | grad = 0.6449
step   9980 | loss = -2.9488 | g_L = +2.9488 | EMA = +3.0374 | std(g_L) = 0.7073 | grad = 0.7299
step  10000 | loss = -3.0788 | g_L = +3.0788 | EMA = +3.0335 | std(g_L) = 0.7656 | grad = 0.6409
step  10020 | loss = -3.0199 | g_L = +3.0199 | EMA = +3.0458 | std(g_L) = 0.7331 | grad = 0.9346
step  10040 | loss = -2.9996 | g_L = +2.9996 | EMA = +3.0339 | std(g_L) = 0.8239 | grad = 0.4209
step  10060 | loss = -3.0214 | g_L = +3.0214 | EMA = +3.0371 | std(g_L) = 0.7719 | grad = 1.4569
step  10080 | loss = -3.0434 | g_L = +3.0434 | EMA = +3.0643 | std(g_L) = 0.6948 | grad = 1.1249
step  10100 | loss = -3.0297 | g_L = +3.0297 | EMA = +3.0620 | std(g_L) = 0.7145 | grad = 0.7213
step  10120 | loss = -3.1488 | g_L = +3.1488 | EMA = +3.0515 | std(g_L) = 0.7384 | grad = 0.9839
step  10140 | loss = -3.0044 | g_L = +3.0044 | EMA = +3.0591 | std(g_L) = 0.7713 | grad = 0.1776
step  10160 | loss = -3.0317 | g_L = +3.0317 | EMA = +3.0512 | std(g_L) = 0.6880 | grad = 0.3092
step  10180 | loss = -3.0939 | g_L = +3.0939 | EMA = +3.0476 | std(g_L) = 0.7441 | grad = 0.8029
step  10200 | loss = -2.8523 | g_L = +2.8523 | EMA = +3.0187 | std(g_L) = 0.9248 | grad = 0.6959
step  10220 | loss = -2.9966 | g_L = +2.9966 | EMA = +3.0378 | std(g_L) = 0.7144 | grad = 0.4468
step  10240 | loss = -3.0370 | g_L = +3.0370 | EMA = +3.0478 | std(g_L) = 0.7477 | grad = 0.7064
step  10260 | loss = -2.9896 | g_L = +2.9896 | EMA = +3.0336 | std(g_L) = 0.8065 | grad = 0.7688
step  10280 | loss = -3.0386 | g_L = +3.0386 | EMA = +3.0351 | std(g_L) = 0.6535 | grad = 0.8616
step  10300 | loss = -3.0665 | g_L = +3.0665 | EMA = +3.0512 | std(g_L) = 0.7433 | grad = 0.8223
step  10320 | loss = -2.9347 | g_L = +2.9347 | EMA = +3.0521 | std(g_L) = 0.8667 | grad = 0.5868
step  10340 | loss = -3.1929 | g_L = +3.1929 | EMA = +3.0610 | std(g_L) = 0.8648 | grad = 0.5009
step  10360 | loss = -3.0191 | g_L = +3.0191 | EMA = +3.0416 | std(g_L) = 0.7081 | grad = 0.5453
step  10380 | loss = -2.9774 | g_L = +2.9774 | EMA = +3.0387 | std(g_L) = 0.7934 | grad = 0.4996
step  10400 | loss = -2.9918 | g_L = +2.9918 | EMA = +3.0500 | std(g_L) = 0.7734 | grad = 0.6979
step  10420 | loss = -3.1495 | g_L = +3.1495 | EMA = +3.0504 | std(g_L) = 0.6843 | grad = 0.5570
step  10440 | loss = -3.0020 | g_L = +3.0020 | EMA = +3.0478 | std(g_L) = 0.8558 | grad = 0.8489
step  10460 | loss = -3.0269 | g_L = +3.0269 | EMA = +3.0245 | std(g_L) = 0.6635 | grad = 1.2041
step  10480 | loss = -3.1431 | g_L = +3.1431 | EMA = +3.0411 | std(g_L) = 0.7031 | grad = 0.7019
step  10500 | loss = -3.0172 | g_L = +3.0172 | EMA = +3.0348 | std(g_L) = 0.8433 | grad = 0.6940
step  10520 | loss = -2.9258 | g_L = +2.9258 | EMA = +3.0339 | std(g_L) = 0.7849 | grad = 0.9437
step  10540 | loss = -3.0384 | g_L = +3.0384 | EMA = +3.0405 | std(g_L) = 0.7706 | grad = 0.7528
step  10560 | loss = -2.9143 | g_L = +2.9143 | EMA = +3.0266 | std(g_L) = 0.9176 | grad = 1.1347
step  10580 | loss = -3.0006 | g_L = +3.0006 | EMA = +3.0253 | std(g_L) = 0.7184 | grad = 0.4886
step  10600 | loss = -2.9462 | g_L = +2.9462 | EMA = +3.0395 | std(g_L) = 0.6715 | grad = 0.5509
step  10620 | loss = -3.0688 | g_L = +3.0688 | EMA = +3.0426 | std(g_L) = 0.6544 | grad = 0.6071
step  10640 | loss = -3.0229 | g_L = +3.0229 | EMA = +3.0469 | std(g_L) = 0.8715 | grad = 1.2251
step  10660 | loss = -3.0032 | g_L = +3.0032 | EMA = +3.0536 | std(g_L) = 0.8364 | grad = 0.4805
step  10680 | loss = -3.0535 | g_L = +3.0535 | EMA = +3.0588 | std(g_L) = 0.7363 | grad = 0.5387
step  10700 | loss = -3.0037 | g_L = +3.0037 | EMA = +3.0469 | std(g_L) = 0.8128 | grad = 0.4114
step  10720 | loss = -3.0290 | g_L = +3.0290 | EMA = +3.0435 | std(g_L) = 0.7695 | grad = 0.3307
step  10740 | loss = -3.0653 | g_L = +3.0653 | EMA = +3.0430 | std(g_L) = 0.6827 | grad = 0.6174
step  10760 | loss = -2.9864 | g_L = +2.9864 | EMA = +3.0460 | std(g_L) = 0.7766 | grad = 0.2948
step  10780 | loss = -2.9927 | g_L = +2.9927 | EMA = +3.0435 | std(g_L) = 0.7091 | grad = 0.7217
step  10800 | loss = -3.0040 | g_L = +3.0040 | EMA = +3.0302 | std(g_L) = 0.8761 | grad = 0.4561
step  10820 | loss = -3.0159 | g_L = +3.0159 | EMA = +3.0194 | std(g_L) = 0.7683 | grad = 0.5062
step  10840 | loss = -3.0788 | g_L = +3.0788 | EMA = +3.0231 | std(g_L) = 0.6849 | grad = 0.7463
step  10860 | loss = -2.9114 | g_L = +2.9114 | EMA = +3.0291 | std(g_L) = 0.9491 | grad = 0.8083
step  10880 | loss = -2.9576 | g_L = +2.9576 | EMA = +3.0478 | std(g_L) = 0.8738 | grad = 0.4511
step  10900 | loss = -2.9894 | g_L = +2.9894 | EMA = +3.0303 | std(g_L) = 0.7387 | grad = 0.8829
step  10920 | loss = -3.1362 | g_L = +3.1362 | EMA = +3.0337 | std(g_L) = 0.6779 | grad = 0.8549
step  10940 | loss = -3.0281 | g_L = +3.0281 | EMA = +3.0275 | std(g_L) = 0.7292 | grad = 0.8977
step  10960 | loss = -3.0484 | g_L = +3.0484 | EMA = +3.0318 | std(g_L) = 0.8194 | grad = 0.4648
step  10980 | loss = -3.1318 | g_L = +3.1318 | EMA = +3.0546 | std(g_L) = 0.7485 | grad = 0.8801
step  11000 | loss = -3.2015 | g_L = +3.2015 | EMA = +3.0612 | std(g_L) = 0.6267 | grad = 1.0450
step  11020 | loss = -2.9350 | g_L = +2.9350 | EMA = +3.0448 | std(g_L) = 1.0952 | grad = 1.0435
step  11040 | loss = -3.0007 | g_L = +3.0007 | EMA = +3.0448 | std(g_L) = 0.7537 | grad = 0.7576
step  11060 | loss = -3.1084 | g_L = +3.1084 | EMA = +3.0579 | std(g_L) = 0.7377 | grad = 0.8673
step  11080 | loss = -2.9447 | g_L = +2.9447 | EMA = +3.0426 | std(g_L) = 0.7615 | grad = 0.7592
step  11100 | loss = -3.1133 | g_L = +3.1133 | EMA = +3.0681 | std(g_L) = 0.6200 | grad = 0.6155
step  11120 | loss = -2.8111 | g_L = +2.8111 | EMA = +3.0377 | std(g_L) = 0.9077 | grad = 0.9402
step  11140 | loss = -3.1756 | g_L = +3.1756 | EMA = +3.0362 | std(g_L) = 0.7396 | grad = 0.6061
step  11160 | loss = -2.9692 | g_L = +2.9692 | EMA = +3.0502 | std(g_L) = 0.8677 | grad = 0.8376
step  11180 | loss = -3.0869 | g_L = +3.0869 | EMA = +3.0485 | std(g_L) = 0.8344 | grad = 0.8449
step  11200 | loss = -3.1702 | g_L = +3.1702 | EMA = +3.0453 | std(g_L) = 0.6192 | grad = 0.9067
step  11220 | loss = -2.9005 | g_L = +2.9005 | EMA = +3.0344 | std(g_L) = 0.8158 | grad = 1.0882
step  11240 | loss = -3.0812 | g_L = +3.0812 | EMA = +3.0329 | std(g_L) = 0.6456 | grad = 0.8234
step  11260 | loss = -3.0599 | g_L = +3.0599 | EMA = +3.0386 | std(g_L) = 0.7134 | grad = 0.3639
step  11280 | loss = -3.2349 | g_L = +3.2349 | EMA = +3.0553 | std(g_L) = 0.7091 | grad = 0.5928
step  11300 | loss = -3.0483 | g_L = +3.0483 | EMA = +3.0529 | std(g_L) = 0.6548 | grad = 0.7372
step  11320 | loss = -3.2792 | g_L = +3.2792 | EMA = +3.0638 | std(g_L) = 0.6901 | grad = 0.7840
step  11340 | loss = -2.9704 | g_L = +2.9704 | EMA = +3.0468 | std(g_L) = 0.7830 | grad = 0.4075
step  11360 | loss = -3.0632 | g_L = +3.0632 | EMA = +3.0465 | std(g_L) = 0.7349 | grad = 0.7621
step  11380 | loss = -3.0017 | g_L = +3.0017 | EMA = +3.0437 | std(g_L) = 0.8611 | grad = 0.6738
step  11400 | loss = -3.0144 | g_L = +3.0144 | EMA = +3.0537 | std(g_L) = 0.7214 | grad = 0.5027
step  11420 | loss = -3.0547 | g_L = +3.0547 | EMA = +3.0431 | std(g_L) = 0.7815 | grad = 0.7989
step  11440 | loss = -3.0212 | g_L = +3.0212 | EMA = +3.0346 | std(g_L) = 0.8824 | grad = 0.8660
step  11460 | loss = -3.0622 | g_L = +3.0622 | EMA = +3.0413 | std(g_L) = 0.8871 | grad = 0.9109
step  11480 | loss = -2.9811 | g_L = +2.9811 | EMA = +3.0383 | std(g_L) = 0.7506 | grad = 0.6288
step  11500 | loss = -2.9581 | g_L = +2.9581 | EMA = +3.0227 | std(g_L) = 0.6594 | grad = 0.5744
step  11520 | loss = -3.1259 | g_L = +3.1259 | EMA = +3.0316 | std(g_L) = 0.6641 | grad = 0.7118
step  11540 | loss = -2.9310 | g_L = +2.9310 | EMA = +3.0339 | std(g_L) = 1.0434 | grad = 0.7039
step  11560 | loss = -3.0459 | g_L = +3.0459 | EMA = +3.0359 | std(g_L) = 0.6757 | grad = 2.2556
step  11580 | loss = -3.0784 | g_L = +3.0784 | EMA = +3.0574 | std(g_L) = 0.9207 | grad = 0.8365
step  11600 | loss = -3.0398 | g_L = +3.0398 | EMA = +3.0505 | std(g_L) = 0.6966 | grad = 0.6787
step  11620 | loss = -3.0367 | g_L = +3.0367 | EMA = +3.0423 | std(g_L) = 0.8490 | grad = 0.7790
step  11640 | loss = -3.0555 | g_L = +3.0555 | EMA = +3.0315 | std(g_L) = 0.8414 | grad = 0.6898
step  11660 | loss = -3.0002 | g_L = +3.0002 | EMA = +3.0418 | std(g_L) = 0.8082 | grad = 0.8567
step  11680 | loss = -3.1257 | g_L = +3.1257 | EMA = +3.0671 | std(g_L) = 0.6672 | grad = 0.5346
step  11700 | loss = -2.9855 | g_L = +2.9855 | EMA = +3.0560 | std(g_L) = 0.8343 | grad = 0.7110
step  11720 | loss = -3.0956 | g_L = +3.0956 | EMA = +3.0645 | std(g_L) = 0.7982 | grad = 0.5445
step  11740 | loss = -2.9838 | g_L = +2.9838 | EMA = +3.0391 | std(g_L) = 0.8308 | grad = 0.5892
step  11760 | loss = -3.0063 | g_L = +3.0063 | EMA = +3.0388 | std(g_L) = 0.7168 | grad = 0.4432
step  11780 | loss = -3.0451 | g_L = +3.0451 | EMA = +3.0513 | std(g_L) = 0.8429 | grad = 0.4536
step  11800 | loss = -3.0308 | g_L = +3.0308 | EMA = +3.0559 | std(g_L) = 0.7505 | grad = 0.3519
step  11820 | loss = -2.9243 | g_L = +2.9243 | EMA = +3.0602 | std(g_L) = 0.8970 | grad = 0.8386
step  11840 | loss = -2.9746 | g_L = +2.9746 | EMA = +3.0371 | std(g_L) = 0.8386 | grad = 0.5677
step  11860 | loss = -3.0346 | g_L = +3.0346 | EMA = +3.0325 | std(g_L) = 0.7624 | grad = 0.7392
step  11880 | loss = -3.1070 | g_L = +3.1070 | EMA = +3.0483 | std(g_L) = 0.7768 | grad = 0.8983
step  11900 | loss = -2.9181 | g_L = +2.9181 | EMA = +3.0370 | std(g_L) = 0.8839 | grad = 0.6655
step  11920 | loss = -3.2249 | g_L = +3.2249 | EMA = +3.0521 | std(g_L) = 0.6448 | grad = 0.3134
step  11940 | loss = -3.0223 | g_L = +3.0223 | EMA = +3.0656 | std(g_L) = 0.7531 | grad = 0.5433
step  11960 | loss = -3.0852 | g_L = +3.0852 | EMA = +3.0598 | std(g_L) = 0.8101 | grad = 0.7370
step  11980 | loss = -2.9194 | g_L = +2.9194 | EMA = +3.0530 | std(g_L) = 0.8316 | grad = 0.6767
step  12000 | loss = -3.0069 | g_L = +3.0069 | EMA = +3.0452 | std(g_L) = 0.7779 | grad = 0.3870
step  12020 | loss = -3.0470 | g_L = +3.0470 | EMA = +3.0341 | std(g_L) = 0.7163 | grad = 0.9000
step  12040 | loss = -3.0581 | g_L = +3.0581 | EMA = +3.0442 | std(g_L) = 0.8085 | grad = 0.7931
step  12060 | loss = -2.9373 | g_L = +2.9373 | EMA = +3.0358 | std(g_L) = 0.8386 | grad = 0.8406
step  12080 | loss = -3.1346 | g_L = +3.1346 | EMA = +3.0427 | std(g_L) = 0.6415 | grad = 0.4502
step  12100 | loss = -3.0979 | g_L = +3.0979 | EMA = +3.0518 | std(g_L) = 0.7657 | grad = 0.6716
step  12120 | loss = -3.0515 | g_L = +3.0515 | EMA = +3.0585 | std(g_L) = 0.6921 | grad = 0.4996
step  12140 | loss = -3.2217 | g_L = +3.2217 | EMA = +3.0733 | std(g_L) = 0.6105 | grad = 0.5643
step  12160 | loss = -3.0774 | g_L = +3.0774 | EMA = +3.0671 | std(g_L) = 0.6958 | grad = 0.9983
step  12180 | loss = -3.0190 | g_L = +3.0190 | EMA = +3.0515 | std(g_L) = 0.8464 | grad = 0.3736
step  12200 | loss = -3.0983 | g_L = +3.0983 | EMA = +3.0551 | std(g_L) = 0.7164 | grad = 0.9054
step  12220 | loss = -3.0743 | g_L = +3.0743 | EMA = +3.0570 | std(g_L) = 0.6806 | grad = 0.6344
step  12240 | loss = -3.0854 | g_L = +3.0854 | EMA = +3.0665 | std(g_L) = 0.7134 | grad = 1.0596
step  12260 | loss = -3.0700 | g_L = +3.0700 | EMA = +3.0484 | std(g_L) = 0.7573 | grad = 0.6982
step  12280 | loss = -3.0592 | g_L = +3.0592 | EMA = +3.0278 | std(g_L) = 0.6657 | grad = 0.3422
step  12300 | loss = -3.0691 | g_L = +3.0691 | EMA = +3.0297 | std(g_L) = 0.6353 | grad = 0.6086
step  12320 | loss = -3.0853 | g_L = +3.0853 | EMA = +3.0463 | std(g_L) = 0.7291 | grad = 0.9877
step  12340 | loss = -3.0610 | g_L = +3.0610 | EMA = +3.0454 | std(g_L) = 0.7084 | grad = 0.9845
step  12360 | loss = -3.0763 | g_L = +3.0763 | EMA = +3.0682 | std(g_L) = 0.8931 | grad = 0.6589
step  12380 | loss = -2.9923 | g_L = +2.9923 | EMA = +3.0405 | std(g_L) = 0.7131 | grad = 0.3397
step  12400 | loss = -3.0794 | g_L = +3.0794 | EMA = +3.0623 | std(g_L) = 0.7793 | grad = 0.7853
step  12420 | loss = -3.0242 | g_L = +3.0242 | EMA = +3.0608 | std(g_L) = 0.7935 | grad = 0.6541
step  12440 | loss = -3.2378 | g_L = +3.2378 | EMA = +3.0675 | std(g_L) = 0.6299 | grad = 0.3023
step  12460 | loss = -2.8272 | g_L = +2.8272 | EMA = +3.0456 | std(g_L) = 0.8243 | grad = 1.3067
step  12480 | loss = -3.0895 | g_L = +3.0895 | EMA = +3.0535 | std(g_L) = 0.8316 | grad = 0.5709
step  12500 | loss = -3.0408 | g_L = +3.0408 | EMA = +3.0453 | std(g_L) = 0.6761 | grad = 1.5740
step  12520 | loss = -3.0661 | g_L = +3.0661 | EMA = +3.0482 | std(g_L) = 0.7359 | grad = 0.7247
step  12540 | loss = -2.9851 | g_L = +2.9851 | EMA = +3.0344 | std(g_L) = 0.7916 | grad = 0.5786
step  12560 | loss = -2.9305 | g_L = +2.9305 | EMA = +3.0243 | std(g_L) = 0.8862 | grad = 0.7745
step  12580 | loss = -3.0207 | g_L = +3.0207 | EMA = +3.0456 | std(g_L) = 0.7488 | grad = 0.5641
step  12600 | loss = -2.9689 | g_L = +2.9689 | EMA = +3.0450 | std(g_L) = 0.8270 | grad = 0.7516
step  12620 | loss = -3.0665 | g_L = +3.0665 | EMA = +3.0528 | std(g_L) = 0.6757 | grad = 0.6550
step  12640 | loss = -3.1012 | g_L = +3.1012 | EMA = +3.0644 | std(g_L) = 0.6521 | grad = 0.5638
step  12660 | loss = -3.0822 | g_L = +3.0822 | EMA = +3.0581 | std(g_L) = 0.7488 | grad = 0.3603
step  12680 | loss = -3.0768 | g_L = +3.0768 | EMA = +3.0543 | std(g_L) = 0.7996 | grad = 0.4903
step  12700 | loss = -3.0697 | g_L = +3.0697 | EMA = +3.0380 | std(g_L) = 0.7653 | grad = 0.4413
step  12720 | loss = -3.0356 | g_L = +3.0356 | EMA = +3.0479 | std(g_L) = 0.7887 | grad = 0.4083
step  12740 | loss = -3.0513 | g_L = +3.0513 | EMA = +3.0593 | std(g_L) = 0.6579 | grad = 0.5836
step  12760 | loss = -3.0975 | g_L = +3.0975 | EMA = +3.0374 | std(g_L) = 0.7543 | grad = 0.5473
step  12780 | loss = -3.1734 | g_L = +3.1734 | EMA = +3.0516 | std(g_L) = 0.8876 | grad = 0.5236
step  12800 | loss = -3.1029 | g_L = +3.1029 | EMA = +3.0458 | std(g_L) = 0.6933 | grad = 0.9882
step  12820 | loss = -3.2243 | g_L = +3.2243 | EMA = +3.0709 | std(g_L) = 0.7047 | grad = 1.1496
step  12840 | loss = -3.1722 | g_L = +3.1722 | EMA = +3.0657 | std(g_L) = 0.6979 | grad = 0.2795
step  12860 | loss = -2.9814 | g_L = +2.9814 | EMA = +3.0571 | std(g_L) = 0.9378 | grad = 0.5441
step  12880 | loss = -3.0584 | g_L = +3.0584 | EMA = +3.0552 | std(g_L) = 0.7767 | grad = 0.5239
step  12900 | loss = -3.1223 | g_L = +3.1223 | EMA = +3.0636 | std(g_L) = 0.7195 | grad = 0.6864
step  12920 | loss = -3.1015 | g_L = +3.1015 | EMA = +3.0685 | std(g_L) = 0.6911 | grad = 0.4401
step  12940 | loss = -3.0518 | g_L = +3.0518 | EMA = +3.0661 | std(g_L) = 0.7583 | grad = 0.5608
step  12960 | loss = -3.1267 | g_L = +3.1267 | EMA = +3.0524 | std(g_L) = 0.7232 | grad = 0.5089
step  12980 | loss = -3.0675 | g_L = +3.0675 | EMA = +3.0375 | std(g_L) = 0.7425 | grad = 0.5325
step  13000 | loss = -3.1209 | g_L = +3.1209 | EMA = +3.0595 | std(g_L) = 0.6994 | grad = 0.4978
step  13020 | loss = -3.0252 | g_L = +3.0252 | EMA = +3.0522 | std(g_L) = 0.7478 | grad = 0.5503
step  13040 | loss = -3.0485 | g_L = +3.0485 | EMA = +3.0598 | std(g_L) = 0.7123 | grad = 0.3897
step  13060 | loss = -3.0340 | g_L = +3.0340 | EMA = +3.0518 | std(g_L) = 0.8196 | grad = 0.4807
step  13080 | loss = -3.0100 | g_L = +3.0100 | EMA = +3.0564 | std(g_L) = 0.9850 | grad = 0.3871
step  13100 | loss = -3.1184 | g_L = +3.1184 | EMA = +3.0435 | std(g_L) = 0.7336 | grad = 0.4998
step  13120 | loss = -3.1449 | g_L = +3.1449 | EMA = +3.0400 | std(g_L) = 0.6706 | grad = 0.3057
step  13140 | loss = -3.0155 | g_L = +3.0155 | EMA = +3.0321 | std(g_L) = 0.8110 | grad = 1.0561
step  13160 | loss = -3.0783 | g_L = +3.0783 | EMA = +3.0399 | std(g_L) = 0.8099 | grad = 0.5338
step  13180 | loss = -3.0084 | g_L = +3.0084 | EMA = +3.0548 | std(g_L) = 0.8651 | grad = 0.7946
step  13200 | loss = -2.8563 | g_L = +2.8563 | EMA = +3.0344 | std(g_L) = 1.0047 | grad = 0.8125
step  13220 | loss = -3.0330 | g_L = +3.0330 | EMA = +3.0422 | std(g_L) = 0.6965 | grad = 0.8406
step  13240 | loss = -2.9921 | g_L = +2.9921 | EMA = +3.0429 | std(g_L) = 0.9132 | grad = 0.5615
step  13260 | loss = -3.1127 | g_L = +3.1127 | EMA = +3.0471 | std(g_L) = 0.7673 | grad = 0.4973
step  13280 | loss = -3.0461 | g_L = +3.0461 | EMA = +3.0499 | std(g_L) = 0.7139 | grad = 0.4778
step  13300 | loss = -2.9723 | g_L = +2.9723 | EMA = +3.0474 | std(g_L) = 0.6984 | grad = 0.6378
step  13320 | loss = -3.0380 | g_L = +3.0380 | EMA = +3.0446 | std(g_L) = 0.7202 | grad = 0.8336
step  13340 | loss = -3.1855 | g_L = +3.1855 | EMA = +3.0402 | std(g_L) = 0.6793 | grad = 0.5408
step  13360 | loss = -3.0353 | g_L = +3.0353 | EMA = +3.0577 | std(g_L) = 0.8571 | grad = 0.8730
step  13380 | loss = -3.0936 | g_L = +3.0936 | EMA = +3.0755 | std(g_L) = 0.6833 | grad = 0.4774
step  13400 | loss = -2.9346 | g_L = +2.9346 | EMA = +3.0629 | std(g_L) = 0.9819 | grad = 1.0744
step  13420 | loss = -3.0769 | g_L = +3.0769 | EMA = +3.0632 | std(g_L) = 0.7171 | grad = 1.0896
step  13440 | loss = -3.0966 | g_L = +3.0966 | EMA = +3.0544 | std(g_L) = 0.6529 | grad = 0.4533
step  13460 | loss = -3.0525 | g_L = +3.0525 | EMA = +3.0414 | std(g_L) = 0.7493 | grad = 0.6800
step  13480 | loss = -3.1658 | g_L = +3.1658 | EMA = +3.0593 | std(g_L) = 0.6485 | grad = 1.4597
step  13500 | loss = -2.9354 | g_L = +2.9354 | EMA = +3.0580 | std(g_L) = 0.9231 | grad = 0.8308
step  13520 | loss = -3.0754 | g_L = +3.0754 | EMA = +3.0613 | std(g_L) = 0.6784 | grad = 0.8032
step  13540 | loss = -3.1214 | g_L = +3.1214 | EMA = +3.0548 | std(g_L) = 0.7388 | grad = 0.5988
step  13560 | loss = -2.9581 | g_L = +2.9581 | EMA = +3.0396 | std(g_L) = 0.8167 | grad = 0.5265
step  13580 | loss = -3.1431 | g_L = +3.1431 | EMA = +3.0689 | std(g_L) = 0.6302 | grad = 0.4416
step  13600 | loss = -3.0079 | g_L = +3.0079 | EMA = +3.0633 | std(g_L) = 0.8616 | grad = 0.4593
step  13620 | loss = -3.0654 | g_L = +3.0654 | EMA = +3.0534 | std(g_L) = 0.6959 | grad = 1.0871
step  13640 | loss = -3.1809 | g_L = +3.1809 | EMA = +3.0771 | std(g_L) = 0.6066 | grad = 0.6216
step  13660 | loss = -3.0502 | g_L = +3.0502 | EMA = +3.0644 | std(g_L) = 0.6836 | grad = 1.0470
step  13680 | loss = -3.1313 | g_L = +3.1313 | EMA = +3.0502 | std(g_L) = 0.8630 | grad = 0.6867
step  13700 | loss = -3.0832 | g_L = +3.0832 | EMA = +3.0592 | std(g_L) = 0.7160 | grad = 0.9344
step  13720 | loss = -2.9966 | g_L = +2.9966 | EMA = +3.0397 | std(g_L) = 0.8079 | grad = 1.4180
step  13740 | loss = -2.9961 | g_L = +2.9961 | EMA = +3.0558 | std(g_L) = 0.8201 | grad = 0.4079
step  13760 | loss = -3.0305 | g_L = +3.0305 | EMA = +3.0358 | std(g_L) = 0.7237 | grad = 1.1181
step  13780 | loss = -3.1002 | g_L = +3.1002 | EMA = +3.0540 | std(g_L) = 0.8329 | grad = 0.8611
step  13800 | loss = -3.1062 | g_L = +3.1062 | EMA = +3.0573 | std(g_L) = 0.7806 | grad = 0.4122
step  13820 | loss = -3.1333 | g_L = +3.1333 | EMA = +3.0630 | std(g_L) = 0.7682 | grad = 0.5152
step  13840 | loss = -3.0012 | g_L = +3.0012 | EMA = +3.0696 | std(g_L) = 0.8473 | grad = 0.6046
step  13860 | loss = -3.0214 | g_L = +3.0214 | EMA = +3.0588 | std(g_L) = 0.9142 | grad = 1.0639
step  13880 | loss = -2.9998 | g_L = +2.9998 | EMA = +3.0339 | std(g_L) = 0.8231 | grad = 0.5979
step  13900 | loss = -3.0994 | g_L = +3.0994 | EMA = +3.0524 | std(g_L) = 0.6556 | grad = 0.6615
step  13920 | loss = -3.0560 | g_L = +3.0560 | EMA = +3.0726 | std(g_L) = 0.7426 | grad = 0.3693
step  13940 | loss = -3.0758 | g_L = +3.0758 | EMA = +3.0566 | std(g_L) = 0.7024 | grad = 0.9199
step  13960 | loss = -3.0282 | g_L = +3.0282 | EMA = +3.0444 | std(g_L) = 0.6441 | grad = 0.7555
step  13980 | loss = -3.2189 | g_L = +3.2189 | EMA = +3.0595 | std(g_L) = 0.6310 | grad = 0.6935
step  14000 | loss = -3.0481 | g_L = +3.0481 | EMA = +3.0567 | std(g_L) = 0.7835 | grad = 0.7195
step  14020 | loss = -3.0467 | g_L = +3.0467 | EMA = +3.0525 | std(g_L) = 0.7780 | grad = 0.5304
step  14040 | loss = -3.0517 | g_L = +3.0517 | EMA = +3.0549 | std(g_L) = 0.7780 | grad = 0.2429
step  14060 | loss = -3.1768 | g_L = +3.1768 | EMA = +3.0481 | std(g_L) = 0.7158 | grad = 0.3547
step  14080 | loss = -3.1153 | g_L = +3.1153 | EMA = +3.0654 | std(g_L) = 0.7080 | grad = 0.4246
step  14100 | loss = -3.1096 | g_L = +3.1096 | EMA = +3.0653 | std(g_L) = 0.8137 | grad = 0.6935
step  14120 | loss = -3.0353 | g_L = +3.0353 | EMA = +3.0694 | std(g_L) = 0.7336 | grad = 0.9209
step  14140 | loss = -3.0936 | g_L = +3.0936 | EMA = +3.0657 | std(g_L) = 0.7606 | grad = 0.3342
step  14160 | loss = -2.9641 | g_L = +2.9641 | EMA = +3.0658 | std(g_L) = 0.8483 | grad = 0.5625
step  14180 | loss = -3.0874 | g_L = +3.0874 | EMA = +3.0453 | std(g_L) = 0.7852 | grad = 0.3636
step  14200 | loss = -3.0377 | g_L = +3.0377 | EMA = +3.0509 | std(g_L) = 0.8835 | grad = 0.5941
step  14220 | loss = -3.0057 | g_L = +3.0057 | EMA = +3.0565 | std(g_L) = 0.7342 | grad = 0.6481
step  14240 | loss = -3.0354 | g_L = +3.0354 | EMA = +3.0587 | std(g_L) = 0.7186 | grad = 0.6564
step  14260 | loss = -3.1283 | g_L = +3.1283 | EMA = +3.0650 | std(g_L) = 0.7580 | grad = 0.7323
step  14280 | loss = -3.1532 | g_L = +3.1532 | EMA = +3.0620 | std(g_L) = 0.7895 | grad = 0.3571
step  14300 | loss = -3.0025 | g_L = +3.0025 | EMA = +3.0641 | std(g_L) = 0.9187 | grad = 0.4797
step  14320 | loss = -3.0485 | g_L = +3.0485 | EMA = +3.0632 | std(g_L) = 0.7789 | grad = 0.9991
step  14340 | loss = -3.0222 | g_L = +3.0222 | EMA = +3.0450 | std(g_L) = 0.8027 | grad = 0.4934
step  14360 | loss = -3.0110 | g_L = +3.0110 | EMA = +3.0450 | std(g_L) = 0.7609 | grad = 0.4210
step  14380 | loss = -3.1207 | g_L = +3.1207 | EMA = +3.0691 | std(g_L) = 0.6334 | grad = 0.5275
step  14400 | loss = -2.9531 | g_L = +2.9531 | EMA = +3.0484 | std(g_L) = 0.8744 | grad = 0.4256
step  14420 | loss = -3.1142 | g_L = +3.1142 | EMA = +3.0666 | std(g_L) = 0.7813 | grad = 0.6288
step  14440 | loss = -3.0143 | g_L = +3.0143 | EMA = +3.0461 | std(g_L) = 0.9121 | grad = 0.8885
step  14460 | loss = -3.1222 | g_L = +3.1222 | EMA = +3.0547 | std(g_L) = 0.7631 | grad = 0.3726
step  14480 | loss = -3.0959 | g_L = +3.0959 | EMA = +3.0540 | std(g_L) = 0.6956 | grad = 0.6485
step  14500 | loss = -2.9367 | g_L = +2.9367 | EMA = +3.0648 | std(g_L) = 0.9290 | grad = 0.5097
step  14520 | loss = -3.0515 | g_L = +3.0515 | EMA = +3.0557 | std(g_L) = 0.7663 | grad = 1.2211
step  14540 | loss = -3.1065 | g_L = +3.1065 | EMA = +3.0617 | std(g_L) = 0.6512 | grad = 0.4941
step  14560 | loss = -3.1195 | g_L = +3.1195 | EMA = +3.0602 | std(g_L) = 0.8220 | grad = 0.4941
step  14580 | loss = -2.9127 | g_L = +2.9127 | EMA = +3.0549 | std(g_L) = 0.7136 | grad = 0.9691
step  14600 | loss = -3.0208 | g_L = +3.0208 | EMA = +3.0535 | std(g_L) = 0.9286 | grad = 0.6678
step  14620 | loss = -3.0598 | g_L = +3.0598 | EMA = +3.0547 | std(g_L) = 0.6825 | grad = 0.5771
step  14640 | loss = -2.9321 | g_L = +2.9321 | EMA = +3.0534 | std(g_L) = 0.7400 | grad = 0.4726
step  14660 | loss = -3.1872 | g_L = +3.1872 | EMA = +3.0716 | std(g_L) = 0.6581 | grad = 0.5351
step  14680 | loss = -3.0451 | g_L = +3.0451 | EMA = +3.0564 | std(g_L) = 0.9261 | grad = 0.5792
step  14700 | loss = -3.1510 | g_L = +3.1510 | EMA = +3.0781 | std(g_L) = 0.6504 | grad = 1.0885
step  14720 | loss = -3.0409 | g_L = +3.0409 | EMA = +3.0504 | std(g_L) = 0.7150 | grad = 0.1670
step  14740 | loss = -3.0927 | g_L = +3.0927 | EMA = +3.0522 | std(g_L) = 0.7040 | grad = 1.1240
step  14760 | loss = -3.0917 | g_L = +3.0917 | EMA = +3.0572 | std(g_L) = 0.6701 | grad = 1.3720
step  14780 | loss = -3.1029 | g_L = +3.1029 | EMA = +3.0547 | std(g_L) = 0.5316 | grad = 0.5611
step  14800 | loss = -3.2473 | g_L = +3.2473 | EMA = +3.0708 | std(g_L) = 0.6302 | grad = 1.3635
step  14820 | loss = -2.9873 | g_L = +2.9873 | EMA = +3.0674 | std(g_L) = 0.8130 | grad = 0.8714
step  14840 | loss = -3.0924 | g_L = +3.0924 | EMA = +3.0758 | std(g_L) = 0.6137 | grad = 0.4865
step  14860 | loss = -3.1445 | g_L = +3.1445 | EMA = +3.0669 | std(g_L) = 0.5736 | grad = 0.2477
step  14880 | loss = -3.0310 | g_L = +3.0310 | EMA = +3.0482 | std(g_L) = 0.7146 | grad = 0.3924
step  14900 | loss = -3.0805 | g_L = +3.0805 | EMA = +3.0540 | std(g_L) = 0.6568 | grad = 0.4292
step  14920 | loss = -3.0262 | g_L = +3.0262 | EMA = +3.0482 | std(g_L) = 0.7393 | grad = 0.6243
step  14940 | loss = -3.0927 | g_L = +3.0927 | EMA = +3.0700 | std(g_L) = 0.7334 | grad = 0.7990
step  14960 | loss = -3.0403 | g_L = +3.0403 | EMA = +3.0550 | std(g_L) = 0.6969 | grad = 0.9783
step  14980 | loss = -3.0661 | g_L = +3.0661 | EMA = +3.0601 | std(g_L) = 0.7387 | grad = 0.7386
step  15000 | loss = -3.0042 | g_L = +3.0042 | EMA = +3.0569 | std(g_L) = 0.7674 | grad = 0.5345
T=10 finished.
