Device: cuda
N antennas : 8
Ns         : 127
step      1 | loss = -0.1233 | g_L = +0.1233 | EMA = +0.1233 | std(g_L) = 0.9851 | grad = 0.0240
step     20 | loss = -0.1124 | g_L = +0.1124 | EMA = +0.1100 | std(g_L) = 0.8453 | grad = 0.0477
step     40 | loss = +0.0431 | g_L = -0.0431 | EMA = +0.0783 | std(g_L) = 1.4301 | grad = 0.0624
step     60 | loss = -0.1443 | g_L = +0.1443 | EMA = +0.0910 | std(g_L) = 1.6532 | grad = 0.0324
step     80 | loss = -0.0812 | g_L = +0.0812 | EMA = +0.0844 | std(g_L) = 1.2843 | grad = 0.0286
step    100 | loss = +0.0951 | g_L = -0.0951 | EMA = +0.0757 | std(g_L) = 1.5393 | grad = 0.0342
step    120 | loss = +0.0569 | g_L = -0.0569 | EMA = +0.0574 | std(g_L) = 0.8622 | grad = 0.0231
step    140 | loss = -0.0800 | g_L = +0.0800 | EMA = +0.0817 | std(g_L) = 1.4759 | grad = 0.0416
step    160 | loss = +0.0408 | g_L = -0.0408 | EMA = +0.0719 | std(g_L) = 1.7634 | grad = 0.0153
step    180 | loss = -0.1987 | g_L = +0.1987 | EMA = +0.0801 | std(g_L) = 0.9707 | grad = 0.0551
step    200 | loss = -0.1375 | g_L = +0.1375 | EMA = +0.1152 | std(g_L) = 1.4607 | grad = 0.1155
step    220 | loss = -0.3659 | g_L = +0.3659 | EMA = +0.1804 | std(g_L) = 2.1138 | grad = 0.1407
step    240 | loss = -0.4014 | g_L = +0.4014 | EMA = +0.3571 | std(g_L) = 1.6711 | grad = 0.2135
step    260 | loss = -0.8464 | g_L = +0.8464 | EMA = +0.5441 | std(g_L) = 1.5155 | grad = 0.4954
step    280 | loss = -0.9849 | g_L = +0.9849 | EMA = +0.7406 | std(g_L) = 1.5662 | grad = 0.1246
step    300 | loss = -1.1180 | g_L = +1.1180 | EMA = +0.9043 | std(g_L) = 1.3709 | grad = 0.2195
step    320 | loss = -1.0160 | g_L = +1.0160 | EMA = +0.9300 | std(g_L) = 1.3755 | grad = 0.3453
step    340 | loss = -0.9997 | g_L = +0.9997 | EMA = +0.9755 | std(g_L) = 1.3345 | grad = 0.2913
step    360 | loss = -0.7910 | g_L = +0.7910 | EMA = +0.9910 | std(g_L) = 2.1839 | grad = 0.5531
step    380 | loss = -1.0895 | g_L = +1.0895 | EMA = +1.0582 | std(g_L) = 1.2255 | grad = 0.4268
step    400 | loss = -1.2592 | g_L = +1.2592 | EMA = +1.1170 | std(g_L) = 1.5104 | grad = 0.1448
step    420 | loss = -1.0808 | g_L = +1.0808 | EMA = +1.1526 | std(g_L) = 1.6236 | grad = 0.3651
step    440 | loss = -1.2277 | g_L = +1.2277 | EMA = +1.1832 | std(g_L) = 1.2932 | grad = 0.2270
step    460 | loss = -1.1565 | g_L = +1.1565 | EMA = +1.2085 | std(g_L) = 1.1852 | grad = 0.1400
step    480 | loss = -1.2665 | g_L = +1.2665 | EMA = +1.2090 | std(g_L) = 1.2806 | grad = 0.2925
step    500 | loss = -0.9060 | g_L = +0.9060 | EMA = +1.2033 | std(g_L) = 2.0154 | grad = 0.5361
step    520 | loss = -1.1811 | g_L = +1.1811 | EMA = +1.1838 | std(g_L) = 1.1046 | grad = 0.3343
step    540 | loss = -1.2560 | g_L = +1.2560 | EMA = +1.2079 | std(g_L) = 1.7855 | grad = 0.2631
step    560 | loss = -1.2712 | g_L = +1.2712 | EMA = +1.2293 | std(g_L) = 1.3906 | grad = 0.3453
step    580 | loss = -1.2050 | g_L = +1.2050 | EMA = +1.2239 | std(g_L) = 1.1378 | grad = 0.4102
step    600 | loss = -1.2251 | g_L = +1.2251 | EMA = +1.2099 | std(g_L) = 1.0845 | grad = 0.2499
step    620 | loss = -1.1738 | g_L = +1.1738 | EMA = +1.2297 | std(g_L) = 1.1371 | grad = 0.2735
step    640 | loss = -1.4523 | g_L = +1.4523 | EMA = +1.2649 | std(g_L) = 1.1491 | grad = 0.2630
step    660 | loss = -1.2249 | g_L = +1.2249 | EMA = +1.2726 | std(g_L) = 1.3265 | grad = 0.1633
step    680 | loss = -1.0666 | g_L = +1.0666 | EMA = +1.2469 | std(g_L) = 1.8467 | grad = 0.2277
step    700 | loss = -1.2981 | g_L = +1.2981 | EMA = +1.2630 | std(g_L) = 1.2375 | grad = 0.1877
step    720 | loss = -1.1817 | g_L = +1.1817 | EMA = +1.2605 | std(g_L) = 1.2562 | grad = 0.2063
step    740 | loss = -1.2809 | g_L = +1.2809 | EMA = +1.2432 | std(g_L) = 1.2563 | grad = 0.2663
step    760 | loss = -1.2672 | g_L = +1.2672 | EMA = +1.2302 | std(g_L) = 1.3892 | grad = 0.2029
step    780 | loss = -1.2807 | g_L = +1.2807 | EMA = +1.2395 | std(g_L) = 1.1665 | grad = 0.3081
step    800 | loss = -1.2967 | g_L = +1.2967 | EMA = +1.2457 | std(g_L) = 1.5263 | grad = 0.3317
step    820 | loss = -1.2708 | g_L = +1.2708 | EMA = +1.2661 | std(g_L) = 1.0410 | grad = 0.1225
step    840 | loss = -1.2000 | g_L = +1.2000 | EMA = +1.2427 | std(g_L) = 1.2611 | grad = 0.1701
step    860 | loss = -1.2172 | g_L = +1.2172 | EMA = +1.2655 | std(g_L) = 1.2438 | grad = 0.1794
step    880 | loss = -1.4059 | g_L = +1.4059 | EMA = +1.2934 | std(g_L) = 1.0874 | grad = 0.3186
step    900 | loss = -1.2865 | g_L = +1.2865 | EMA = +1.2897 | std(g_L) = 1.4628 | grad = 0.3310
step    920 | loss = -1.3811 | g_L = +1.3811 | EMA = +1.2690 | std(g_L) = 1.0436 | grad = 0.2935
step    940 | loss = -1.2107 | g_L = +1.2107 | EMA = +1.2461 | std(g_L) = 1.2512 | grad = 0.1595
step    960 | loss = -1.1864 | g_L = +1.1864 | EMA = +1.2730 | std(g_L) = 1.4482 | grad = 0.2714
step    980 | loss = -1.2679 | g_L = +1.2679 | EMA = +1.2953 | std(g_L) = 1.2441 | grad = 0.3762
step   1000 | loss = -1.1837 | g_L = +1.1837 | EMA = +1.2739 | std(g_L) = 1.0527 | grad = 0.2825
step   1020 | loss = -1.1865 | g_L = +1.1865 | EMA = +1.2637 | std(g_L) = 1.0562 | grad = 0.3935
step   1040 | loss = -1.2065 | g_L = +1.2065 | EMA = +1.2657 | std(g_L) = 1.0794 | grad = 0.1925
step   1060 | loss = -1.1706 | g_L = +1.1706 | EMA = +1.2608 | std(g_L) = 1.2413 | grad = 0.1959
step   1080 | loss = -1.4344 | g_L = +1.4344 | EMA = +1.2863 | std(g_L) = 0.9915 | grad = 0.2540
step   1100 | loss = -1.3254 | g_L = +1.3254 | EMA = +1.2910 | std(g_L) = 1.0943 | grad = 0.3555
step   1120 | loss = -1.2215 | g_L = +1.2215 | EMA = +1.2917 | std(g_L) = 1.0750 | grad = 0.2674
step   1140 | loss = -1.3456 | g_L = +1.3456 | EMA = +1.2999 | std(g_L) = 0.9676 | grad = 0.3645
step   1160 | loss = -1.3442 | g_L = +1.3442 | EMA = +1.2875 | std(g_L) = 1.0260 | grad = 0.2330
step   1180 | loss = -1.3190 | g_L = +1.3190 | EMA = +1.3055 | std(g_L) = 1.1148 | grad = 0.1596
step   1200 | loss = -1.4249 | g_L = +1.4249 | EMA = +1.3096 | std(g_L) = 0.9986 | grad = 0.1556
step   1220 | loss = -1.4741 | g_L = +1.4741 | EMA = +1.3223 | std(g_L) = 0.8892 | grad = 0.1407
step   1240 | loss = -1.2195 | g_L = +1.2195 | EMA = +1.3105 | std(g_L) = 1.1581 | grad = 0.2314
step   1260 | loss = -1.2568 | g_L = +1.2568 | EMA = +1.3114 | std(g_L) = 1.1292 | grad = 0.3934
step   1280 | loss = -1.4739 | g_L = +1.4739 | EMA = +1.3227 | std(g_L) = 1.0497 | grad = 0.1912
step   1300 | loss = -1.2108 | g_L = +1.2108 | EMA = +1.3329 | std(g_L) = 1.4516 | grad = 0.2744
step   1320 | loss = -1.2435 | g_L = +1.2435 | EMA = +1.3145 | std(g_L) = 1.2764 | grad = 0.2149
step   1340 | loss = -1.2310 | g_L = +1.2310 | EMA = +1.2965 | std(g_L) = 1.0101 | grad = 0.3329
step   1360 | loss = -1.1818 | g_L = +1.1818 | EMA = +1.2959 | std(g_L) = 1.1879 | grad = 0.1910
step   1380 | loss = -1.3761 | g_L = +1.3761 | EMA = +1.3016 | std(g_L) = 1.0503 | grad = 0.2010
step   1400 | loss = -1.2315 | g_L = +1.2315 | EMA = +1.2944 | std(g_L) = 1.3388 | grad = 0.2427
step   1420 | loss = -1.2454 | g_L = +1.2454 | EMA = +1.3105 | std(g_L) = 1.4208 | grad = 0.2141
step   1440 | loss = -1.2884 | g_L = +1.2884 | EMA = +1.3063 | std(g_L) = 1.2985 | grad = 0.2335
step   1460 | loss = -1.3317 | g_L = +1.3317 | EMA = +1.3236 | std(g_L) = 1.0774 | grad = 0.1652
step   1480 | loss = -1.4125 | g_L = +1.4125 | EMA = +1.3033 | std(g_L) = 1.0620 | grad = 0.3026
step   1500 | loss = -1.3515 | g_L = +1.3515 | EMA = +1.3050 | std(g_L) = 1.2416 | grad = 0.2776
step   1520 | loss = -1.4398 | g_L = +1.4398 | EMA = +1.3240 | std(g_L) = 1.0247 | grad = 0.2500
step   1540 | loss = -1.3839 | g_L = +1.3839 | EMA = +1.3153 | std(g_L) = 1.0039 | grad = 0.1877
step   1560 | loss = -1.2768 | g_L = +1.2768 | EMA = +1.3244 | std(g_L) = 1.3830 | grad = 0.2270
step   1580 | loss = -1.1727 | g_L = +1.1727 | EMA = +1.3132 | std(g_L) = 1.0434 | grad = 0.2066
step   1600 | loss = -1.3610 | g_L = +1.3610 | EMA = +1.3067 | std(g_L) = 0.9853 | grad = 0.1504
step   1620 | loss = -1.3248 | g_L = +1.3248 | EMA = +1.3389 | std(g_L) = 1.2089 | grad = 0.1190
step   1640 | loss = -1.3252 | g_L = +1.3252 | EMA = +1.3228 | std(g_L) = 1.0056 | grad = 0.1860
step   1660 | loss = -1.3024 | g_L = +1.3024 | EMA = +1.3179 | std(g_L) = 1.2553 | grad = 0.2249
step   1680 | loss = -1.3245 | g_L = +1.3245 | EMA = +1.3436 | std(g_L) = 1.0002 | grad = 0.1001
step   1700 | loss = -1.5194 | g_L = +1.5194 | EMA = +1.3255 | std(g_L) = 0.8811 | grad = 0.3220
step   1720 | loss = -1.2305 | g_L = +1.2305 | EMA = +1.3039 | std(g_L) = 1.0770 | grad = 0.2027
step   1740 | loss = -1.1220 | g_L = +1.1220 | EMA = +1.2986 | std(g_L) = 1.4528 | grad = 0.5790
step   1760 | loss = -1.1585 | g_L = +1.1585 | EMA = +1.2954 | std(g_L) = 1.5077 | grad = 0.1235
step   1780 | loss = -1.3018 | g_L = +1.3018 | EMA = +1.3224 | std(g_L) = 0.9947 | grad = 0.2675
step   1800 | loss = -1.3081 | g_L = +1.3081 | EMA = +1.3212 | std(g_L) = 1.0742 | grad = 0.1841
step   1820 | loss = -1.3637 | g_L = +1.3637 | EMA = +1.3028 | std(g_L) = 1.1708 | grad = 0.1487
step   1840 | loss = -1.3568 | g_L = +1.3568 | EMA = +1.3129 | std(g_L) = 1.1074 | grad = 0.2080
step   1860 | loss = -1.3975 | g_L = +1.3975 | EMA = +1.3231 | std(g_L) = 1.0274 | grad = 0.1641
step   1880 | loss = -1.3462 | g_L = +1.3462 | EMA = +1.3155 | std(g_L) = 0.8202 | grad = 0.1706
step   1900 | loss = -1.5082 | g_L = +1.5082 | EMA = +1.3214 | std(g_L) = 0.9268 | grad = 0.1359
step   1920 | loss = -1.1955 | g_L = +1.1955 | EMA = +1.3411 | std(g_L) = 1.3344 | grad = 0.1873
step   1940 | loss = -1.2894 | g_L = +1.2894 | EMA = +1.3336 | std(g_L) = 1.0888 | grad = 0.3558
step   1960 | loss = -1.2163 | g_L = +1.2163 | EMA = +1.3176 | std(g_L) = 1.1232 | grad = 0.0997
step   1980 | loss = -1.4990 | g_L = +1.4990 | EMA = +1.3513 | std(g_L) = 0.9484 | grad = 0.1830
step   2000 | loss = -1.2369 | g_L = +1.2369 | EMA = +1.3315 | std(g_L) = 1.0057 | grad = 0.3534
step   2020 | loss = -1.3614 | g_L = +1.3614 | EMA = +1.3137 | std(g_L) = 0.9349 | grad = 0.1734
step   2040 | loss = -1.1325 | g_L = +1.1325 | EMA = +1.3053 | std(g_L) = 1.1898 | grad = 0.2095
step   2060 | loss = -1.3494 | g_L = +1.3494 | EMA = +1.3171 | std(g_L) = 1.5292 | grad = 0.2029
step   2080 | loss = -1.2732 | g_L = +1.2732 | EMA = +1.3309 | std(g_L) = 1.3204 | grad = 0.1342
step   2100 | loss = -1.3867 | g_L = +1.3867 | EMA = +1.3329 | std(g_L) = 1.0044 | grad = 0.1196
step   2120 | loss = -1.3593 | g_L = +1.3593 | EMA = +1.3333 | std(g_L) = 1.1299 | grad = 0.1944
step   2140 | loss = -1.1594 | g_L = +1.1594 | EMA = +1.2983 | std(g_L) = 1.1378 | grad = 0.1494
step   2160 | loss = -1.2591 | g_L = +1.2591 | EMA = +1.3094 | std(g_L) = 1.0747 | grad = 0.2041
step   2180 | loss = -1.2269 | g_L = +1.2269 | EMA = +1.3168 | std(g_L) = 1.1388 | grad = 0.3140
step   2200 | loss = -1.1201 | g_L = +1.1201 | EMA = +1.2799 | std(g_L) = 1.4136 | grad = 0.3765
step   2220 | loss = -1.2604 | g_L = +1.2604 | EMA = +1.3157 | std(g_L) = 1.1847 | grad = 0.2411
step   2240 | loss = -1.3989 | g_L = +1.3989 | EMA = +1.3329 | std(g_L) = 1.1912 | grad = 0.2142
step   2260 | loss = -1.2996 | g_L = +1.2996 | EMA = +1.3259 | std(g_L) = 1.1280 | grad = 0.2597
step   2280 | loss = -1.3388 | g_L = +1.3388 | EMA = +1.3134 | std(g_L) = 1.0276 | grad = 0.3230
step   2300 | loss = -1.5447 | g_L = +1.5447 | EMA = +1.3357 | std(g_L) = 0.9314 | grad = 0.1454
step   2320 | loss = -1.3479 | g_L = +1.3479 | EMA = +1.3236 | std(g_L) = 1.0000 | grad = 0.2594
step   2340 | loss = -1.2224 | g_L = +1.2224 | EMA = +1.3192 | std(g_L) = 1.2156 | grad = 0.1498
step   2360 | loss = -1.4476 | g_L = +1.4476 | EMA = +1.3407 | std(g_L) = 1.0501 | grad = 0.3442
step   2380 | loss = -1.3139 | g_L = +1.3139 | EMA = +1.3332 | std(g_L) = 1.2838 | grad = 0.1678
step   2400 | loss = -1.1511 | g_L = +1.1511 | EMA = +1.3187 | std(g_L) = 1.2944 | grad = 0.2690
step   2420 | loss = -1.3803 | g_L = +1.3803 | EMA = +1.3137 | std(g_L) = 1.0939 | grad = 0.1885
step   2440 | loss = -1.3251 | g_L = +1.3251 | EMA = +1.3042 | std(g_L) = 1.1653 | grad = 0.1539
step   2460 | loss = -1.3833 | g_L = +1.3833 | EMA = +1.3223 | std(g_L) = 1.1204 | grad = 0.2926
step   2480 | loss = -1.4188 | g_L = +1.4188 | EMA = +1.3379 | std(g_L) = 0.9772 | grad = 0.1333
step   2500 | loss = -1.2702 | g_L = +1.2702 | EMA = +1.3371 | std(g_L) = 0.9695 | grad = 0.2845
step   2520 | loss = -1.4062 | g_L = +1.4062 | EMA = +1.3416 | std(g_L) = 1.2310 | grad = 0.4421
step   2540 | loss = -1.3202 | g_L = +1.3202 | EMA = +1.3005 | std(g_L) = 1.2507 | grad = 0.2595
step   2560 | loss = -1.2219 | g_L = +1.2219 | EMA = +1.2879 | std(g_L) = 1.0942 | grad = 0.0948
step   2580 | loss = -1.3472 | g_L = +1.3472 | EMA = +1.3164 | std(g_L) = 1.1401 | grad = 0.2086
step   2600 | loss = -1.4178 | g_L = +1.4178 | EMA = +1.3311 | std(g_L) = 1.0081 | grad = 0.3963
step   2620 | loss = -1.2320 | g_L = +1.2320 | EMA = +1.3231 | std(g_L) = 1.1203 | grad = 0.1367
step   2640 | loss = -1.2254 | g_L = +1.2254 | EMA = +1.3185 | std(g_L) = 0.9448 | grad = 0.1153
step   2660 | loss = -1.1678 | g_L = +1.1678 | EMA = +1.3075 | std(g_L) = 1.3097 | grad = 0.2823
step   2680 | loss = -1.3635 | g_L = +1.3635 | EMA = +1.3357 | std(g_L) = 1.2369 | grad = 0.0856
step   2700 | loss = -1.2971 | g_L = +1.2971 | EMA = +1.3243 | std(g_L) = 1.2467 | grad = 0.2059
step   2720 | loss = -1.4211 | g_L = +1.4211 | EMA = +1.3255 | std(g_L) = 1.1249 | grad = 0.2580
step   2740 | loss = -1.3409 | g_L = +1.3409 | EMA = +1.3274 | std(g_L) = 1.1331 | grad = 0.1624
step   2760 | loss = -1.2862 | g_L = +1.2862 | EMA = +1.3343 | std(g_L) = 1.2949 | grad = 0.1603
step   2780 | loss = -1.3653 | g_L = +1.3653 | EMA = +1.3421 | std(g_L) = 1.1730 | grad = 0.3144
step   2800 | loss = -1.4204 | g_L = +1.4204 | EMA = +1.3392 | std(g_L) = 1.0855 | grad = 0.2722
step   2820 | loss = -1.4263 | g_L = +1.4263 | EMA = +1.3270 | std(g_L) = 0.9241 | grad = 0.3615
step   2840 | loss = -1.1898 | g_L = +1.1898 | EMA = +1.3227 | std(g_L) = 1.6548 | grad = 0.2403
step   2860 | loss = -1.4133 | g_L = +1.4133 | EMA = +1.3310 | std(g_L) = 1.0222 | grad = 0.3406
step   2880 | loss = -1.3144 | g_L = +1.3144 | EMA = +1.3008 | std(g_L) = 1.2252 | grad = 0.2004
step   2900 | loss = -1.3762 | g_L = +1.3762 | EMA = +1.3227 | std(g_L) = 1.0177 | grad = 0.2111
step   2920 | loss = -1.3019 | g_L = +1.3019 | EMA = +1.3131 | std(g_L) = 1.2641 | grad = 0.1627
step   2940 | loss = -1.3080 | g_L = +1.3080 | EMA = +1.3045 | std(g_L) = 1.1213 | grad = 0.4867
step   2960 | loss = -1.2325 | g_L = +1.2325 | EMA = +1.2990 | std(g_L) = 1.1700 | grad = 0.2540
step   2980 | loss = -1.3176 | g_L = +1.3176 | EMA = +1.3185 | std(g_L) = 1.0136 | grad = 0.2607
step   3000 | loss = -1.3956 | g_L = +1.3956 | EMA = +1.3239 | std(g_L) = 1.2240 | grad = 0.3271
step   3020 | loss = -1.1175 | g_L = +1.1175 | EMA = +1.3243 | std(g_L) = 1.4199 | grad = 0.4180
step   3040 | loss = -1.2502 | g_L = +1.2502 | EMA = +1.3218 | std(g_L) = 1.0235 | grad = 0.2490
step   3060 | loss = -1.2474 | g_L = +1.2474 | EMA = +1.3307 | std(g_L) = 1.3740 | grad = 0.1971
step   3080 | loss = -1.2928 | g_L = +1.2928 | EMA = +1.3344 | std(g_L) = 1.3389 | grad = 0.0957
step   3100 | loss = -1.3331 | g_L = +1.3331 | EMA = +1.3252 | std(g_L) = 1.1879 | grad = 0.2798
step   3120 | loss = -1.3448 | g_L = +1.3448 | EMA = +1.3137 | std(g_L) = 1.1582 | grad = 0.4299
step   3140 | loss = -1.4710 | g_L = +1.4710 | EMA = +1.3206 | std(g_L) = 0.9715 | grad = 0.1659
step   3160 | loss = -1.2840 | g_L = +1.2840 | EMA = +1.3268 | std(g_L) = 1.2933 | grad = 0.2332
step   3180 | loss = -1.2574 | g_L = +1.2574 | EMA = +1.3260 | std(g_L) = 1.5009 | grad = 0.1353
step   3200 | loss = -1.2885 | g_L = +1.2885 | EMA = +1.3103 | std(g_L) = 1.3978 | grad = 0.2671
step   3220 | loss = -1.2109 | g_L = +1.2109 | EMA = +1.2747 | std(g_L) = 1.3953 | grad = 0.2196
step   3240 | loss = -1.4103 | g_L = +1.4103 | EMA = +1.3166 | std(g_L) = 0.9831 | grad = 0.2472
step   3260 | loss = -1.3554 | g_L = +1.3554 | EMA = +1.3087 | std(g_L) = 0.9178 | grad = 0.1566
step   3280 | loss = -1.3045 | g_L = +1.3045 | EMA = +1.2889 | std(g_L) = 1.1869 | grad = 0.1977
step   3300 | loss = -1.2595 | g_L = +1.2595 | EMA = +1.2776 | std(g_L) = 1.0306 | grad = 0.3029
step   3320 | loss = -1.4634 | g_L = +1.4634 | EMA = +1.3198 | std(g_L) = 1.0830 | grad = 0.0971
step   3340 | loss = -1.3451 | g_L = +1.3451 | EMA = +1.3127 | std(g_L) = 1.2126 | grad = 0.2022
step   3360 | loss = -1.2270 | g_L = +1.2270 | EMA = +1.3130 | std(g_L) = 1.0986 | grad = 0.2213
step   3380 | loss = -1.4402 | g_L = +1.4402 | EMA = +1.3290 | std(g_L) = 1.2258 | grad = 0.1595
step   3400 | loss = -1.4079 | g_L = +1.4079 | EMA = +1.3346 | std(g_L) = 0.8985 | grad = 0.2532
step   3420 | loss = -1.4317 | g_L = +1.4317 | EMA = +1.3305 | std(g_L) = 0.9626 | grad = 0.1298
step   3440 | loss = -1.3601 | g_L = +1.3601 | EMA = +1.3277 | std(g_L) = 1.0334 | grad = 0.1886
step   3460 | loss = -1.3448 | g_L = +1.3448 | EMA = +1.3332 | std(g_L) = 1.1705 | grad = 0.2004
step   3480 | loss = -1.3629 | g_L = +1.3629 | EMA = +1.3448 | std(g_L) = 0.9650 | grad = 0.2022
step   3500 | loss = -1.4875 | g_L = +1.4875 | EMA = +1.3185 | std(g_L) = 1.0604 | grad = 0.3112
step   3520 | loss = -1.2902 | g_L = +1.2902 | EMA = +1.3356 | std(g_L) = 1.3449 | grad = 0.1946
step   3540 | loss = -1.3342 | g_L = +1.3342 | EMA = +1.3092 | std(g_L) = 1.2408 | grad = 0.1026
step   3560 | loss = -1.2949 | g_L = +1.2949 | EMA = +1.3338 | std(g_L) = 1.0634 | grad = 0.3583
step   3580 | loss = -1.4608 | g_L = +1.4608 | EMA = +1.3378 | std(g_L) = 0.9576 | grad = 0.1824
step   3600 | loss = -1.3113 | g_L = +1.3113 | EMA = +1.3177 | std(g_L) = 1.0788 | grad = 0.2275
step   3620 | loss = -1.2741 | g_L = +1.2741 | EMA = +1.3136 | std(g_L) = 1.1699 | grad = 0.1199
step   3640 | loss = -1.5278 | g_L = +1.5278 | EMA = +1.3365 | std(g_L) = 1.1641 | grad = 0.2050
step   3660 | loss = -1.2886 | g_L = +1.2886 | EMA = +1.3271 | std(g_L) = 1.0768 | grad = 0.2017
step   3680 | loss = -1.3967 | g_L = +1.3967 | EMA = +1.3267 | std(g_L) = 1.0651 | grad = 0.1849
step   3700 | loss = -1.4081 | g_L = +1.4081 | EMA = +1.3099 | std(g_L) = 1.0804 | grad = 0.1413
step   3720 | loss = -1.3604 | g_L = +1.3604 | EMA = +1.3124 | std(g_L) = 1.2465 | grad = 0.1758
step   3740 | loss = -1.2881 | g_L = +1.2881 | EMA = +1.3334 | std(g_L) = 1.1213 | grad = 0.2132
step   3760 | loss = -1.4130 | g_L = +1.4130 | EMA = +1.3261 | std(g_L) = 1.0877 | grad = 0.2360
step   3780 | loss = -1.4009 | g_L = +1.4009 | EMA = +1.3264 | std(g_L) = 0.9888 | grad = 0.1575
step   3800 | loss = -1.4182 | g_L = +1.4182 | EMA = +1.3160 | std(g_L) = 0.8708 | grad = 0.1974
step   3820 | loss = -1.4151 | g_L = +1.4151 | EMA = +1.3265 | std(g_L) = 0.9426 | grad = 0.2855
step   3840 | loss = -1.3101 | g_L = +1.3101 | EMA = +1.3218 | std(g_L) = 1.0364 | grad = 0.2230
step   3860 | loss = -1.4224 | g_L = +1.4224 | EMA = +1.3279 | std(g_L) = 1.0068 | grad = 0.2005
step   3880 | loss = -1.4821 | g_L = +1.4821 | EMA = +1.3379 | std(g_L) = 1.0886 | grad = 0.1669
step   3900 | loss = -1.4390 | g_L = +1.4390 | EMA = +1.3372 | std(g_L) = 1.1751 | grad = 0.2873
step   3920 | loss = -1.2411 | g_L = +1.2411 | EMA = +1.3244 | std(g_L) = 1.0363 | grad = 0.2312
step   3940 | loss = -1.2592 | g_L = +1.2592 | EMA = +1.3034 | std(g_L) = 1.2306 | grad = 0.1364
step   3960 | loss = -1.2932 | g_L = +1.2932 | EMA = +1.2879 | std(g_L) = 1.3330 | grad = 0.3549
step   3980 | loss = -1.3597 | g_L = +1.3597 | EMA = +1.3066 | std(g_L) = 0.9836 | grad = 0.1129
step   4000 | loss = -1.2404 | g_L = +1.2404 | EMA = +1.3044 | std(g_L) = 1.1453 | grad = 0.1082
step   4020 | loss = -1.5081 | g_L = +1.5081 | EMA = +1.3073 | std(g_L) = 1.0154 | grad = 0.1528
step   4040 | loss = -1.2668 | g_L = +1.2668 | EMA = +1.3130 | std(g_L) = 1.3542 | grad = 0.1685
step   4060 | loss = -1.3395 | g_L = +1.3395 | EMA = +1.3184 | std(g_L) = 0.9561 | grad = 0.1369
step   4080 | loss = -1.3265 | g_L = +1.3265 | EMA = +1.3082 | std(g_L) = 0.9531 | grad = 0.0744
step   4100 | loss = -1.2801 | g_L = +1.2801 | EMA = +1.3219 | std(g_L) = 1.4476 | grad = 0.2164
step   4120 | loss = -1.4133 | g_L = +1.4133 | EMA = +1.3242 | std(g_L) = 1.1711 | grad = 0.1895
step   4140 | loss = -1.3390 | g_L = +1.3390 | EMA = +1.3188 | std(g_L) = 1.1032 | grad = 0.2064
step   4160 | loss = -1.3291 | g_L = +1.3291 | EMA = +1.3089 | std(g_L) = 1.0352 | grad = 0.1155
step   4180 | loss = -1.1978 | g_L = +1.1978 | EMA = +1.3020 | std(g_L) = 0.9881 | grad = 0.1256
step   4200 | loss = -1.3202 | g_L = +1.3202 | EMA = +1.3087 | std(g_L) = 1.0732 | grad = 0.3248
step   4220 | loss = -1.3524 | g_L = +1.3524 | EMA = +1.3089 | std(g_L) = 0.9566 | grad = 0.1907
step   4240 | loss = -1.2896 | g_L = +1.2896 | EMA = +1.3229 | std(g_L) = 1.1432 | grad = 0.1735
step   4260 | loss = -1.3589 | g_L = +1.3589 | EMA = +1.3141 | std(g_L) = 1.0176 | grad = 0.1530
step   4280 | loss = -1.4852 | g_L = +1.4852 | EMA = +1.3319 | std(g_L) = 0.8703 | grad = 0.2585
step   4300 | loss = -1.2878 | g_L = +1.2878 | EMA = +1.3159 | std(g_L) = 1.1544 | grad = 0.1936
step   4320 | loss = -1.4182 | g_L = +1.4182 | EMA = +1.3204 | std(g_L) = 1.0568 | grad = 0.1887
step   4340 | loss = -1.2476 | g_L = +1.2476 | EMA = +1.3040 | std(g_L) = 1.5165 | grad = 0.2136
step   4360 | loss = -1.4691 | g_L = +1.4691 | EMA = +1.3465 | std(g_L) = 0.9943 | grad = 0.1500
step   4380 | loss = -1.3317 | g_L = +1.3317 | EMA = +1.3053 | std(g_L) = 1.0570 | grad = 0.3530
step   4400 | loss = -1.3137 | g_L = +1.3137 | EMA = +1.3091 | std(g_L) = 1.1203 | grad = 0.1277
step   4420 | loss = -1.2362 | g_L = +1.2362 | EMA = +1.3143 | std(g_L) = 1.2321 | grad = 0.1687
step   4440 | loss = -1.2151 | g_L = +1.2151 | EMA = +1.3147 | std(g_L) = 1.1319 | grad = 0.4463
step   4460 | loss = -1.3494 | g_L = +1.3494 | EMA = +1.3206 | std(g_L) = 1.0103 | grad = 0.1924
step   4480 | loss = -1.4261 | g_L = +1.4261 | EMA = +1.3169 | std(g_L) = 1.0762 | grad = 0.2181
step   4500 | loss = -1.2769 | g_L = +1.2769 | EMA = +1.3023 | std(g_L) = 1.1231 | grad = 0.1902
step   4520 | loss = -1.2397 | g_L = +1.2397 | EMA = +1.2930 | std(g_L) = 1.3453 | grad = 0.1858
step   4540 | loss = -1.3350 | g_L = +1.3350 | EMA = +1.3241 | std(g_L) = 1.0885 | grad = 0.2799
step   4560 | loss = -1.3273 | g_L = +1.3273 | EMA = +1.2991 | std(g_L) = 1.0988 | grad = 0.1175
step   4580 | loss = -1.4192 | g_L = +1.4192 | EMA = +1.3203 | std(g_L) = 1.1561 | grad = 0.2183
step   4600 | loss = -1.4060 | g_L = +1.4060 | EMA = +1.3215 | std(g_L) = 1.0185 | grad = 0.2167
step   4620 | loss = -1.3223 | g_L = +1.3223 | EMA = +1.3461 | std(g_L) = 1.0704 | grad = 0.2705
step   4640 | loss = -1.4050 | g_L = +1.4050 | EMA = +1.3368 | std(g_L) = 1.0223 | grad = 0.2366
step   4660 | loss = -1.3433 | g_L = +1.3433 | EMA = +1.3262 | std(g_L) = 1.1409 | grad = 0.3347
step   4680 | loss = -1.2494 | g_L = +1.2494 | EMA = +1.3267 | std(g_L) = 1.0650 | grad = 0.1952
step   4700 | loss = -1.3574 | g_L = +1.3574 | EMA = +1.3222 | std(g_L) = 0.9311 | grad = 0.1806
step   4720 | loss = -1.1015 | g_L = +1.1015 | EMA = +1.3172 | std(g_L) = 1.9232 | grad = 0.1765
step   4740 | loss = -1.2995 | g_L = +1.2995 | EMA = +1.3198 | std(g_L) = 1.3299 | grad = 0.3104
step   4760 | loss = -1.3571 | g_L = +1.3571 | EMA = +1.3141 | std(g_L) = 1.1644 | grad = 0.1668
step   4780 | loss = -1.2486 | g_L = +1.2486 | EMA = +1.3250 | std(g_L) = 1.0522 | grad = 0.2955
step   4800 | loss = -1.2835 | g_L = +1.2835 | EMA = +1.3186 | std(g_L) = 1.0210 | grad = 0.2099
step   4820 | loss = -1.2552 | g_L = +1.2552 | EMA = +1.3323 | std(g_L) = 1.0850 | grad = 0.3193
step   4840 | loss = -1.2665 | g_L = +1.2665 | EMA = +1.3353 | std(g_L) = 1.1474 | grad = 0.1493
step   4860 | loss = -1.3008 | g_L = +1.3008 | EMA = +1.3070 | std(g_L) = 1.1714 | grad = 0.3107
step   4880 | loss = -1.3719 | g_L = +1.3719 | EMA = +1.3390 | std(g_L) = 1.1072 | grad = 0.3643
step   4900 | loss = -1.3143 | g_L = +1.3143 | EMA = +1.3321 | std(g_L) = 1.1928 | grad = 0.1906
step   4920 | loss = -1.2262 | g_L = +1.2262 | EMA = +1.3227 | std(g_L) = 1.2691 | grad = 0.2083
step   4940 | loss = -1.4623 | g_L = +1.4623 | EMA = +1.3282 | std(g_L) = 1.0663 | grad = 0.2071
step   4960 | loss = -1.1908 | g_L = +1.1908 | EMA = +1.3313 | std(g_L) = 1.5910 | grad = 0.0796
step   4980 | loss = -1.4549 | g_L = +1.4549 | EMA = +1.3128 | std(g_L) = 1.0706 | grad = 0.3879
step   5000 | loss = -1.4572 | g_L = +1.4572 | EMA = +1.3389 | std(g_L) = 1.0500 | grad = 0.2345
step   5020 | loss = -1.3624 | g_L = +1.3624 | EMA = +1.3349 | std(g_L) = 1.0670 | grad = 0.2816
step   5040 | loss = -1.3583 | g_L = +1.3583 | EMA = +1.3512 | std(g_L) = 1.0596 | grad = 0.2046
step   5060 | loss = -1.3047 | g_L = +1.3047 | EMA = +1.3490 | std(g_L) = 1.0542 | grad = 0.1134
step   5080 | loss = -1.3616 | g_L = +1.3616 | EMA = +1.3397 | std(g_L) = 1.0277 | grad = 0.2399
step   5100 | loss = -1.1188 | g_L = +1.1188 | EMA = +1.3309 | std(g_L) = 1.1106 | grad = 0.4260
step   5120 | loss = -1.3497 | g_L = +1.3497 | EMA = +1.3185 | std(g_L) = 1.1045 | grad = 0.4480
step   5140 | loss = -1.4380 | g_L = +1.4380 | EMA = +1.3330 | std(g_L) = 1.0254 | grad = 0.1988
step   5160 | loss = -1.2207 | g_L = +1.2207 | EMA = +1.3246 | std(g_L) = 1.2568 | grad = 0.3205
step   5180 | loss = -1.2534 | g_L = +1.2534 | EMA = +1.3263 | std(g_L) = 1.4622 | grad = 0.2277
step   5200 | loss = -1.4486 | g_L = +1.4486 | EMA = +1.3354 | std(g_L) = 1.0651 | grad = 0.1649
step   5220 | loss = -1.3019 | g_L = +1.3019 | EMA = +1.3180 | std(g_L) = 1.0458 | grad = 0.1466
step   5240 | loss = -1.3088 | g_L = +1.3088 | EMA = +1.3178 | std(g_L) = 1.0230 | grad = 0.1385
step   5260 | loss = -1.4103 | g_L = +1.4103 | EMA = +1.3301 | std(g_L) = 0.9685 | grad = 0.1848
step   5280 | loss = -1.4980 | g_L = +1.4980 | EMA = +1.3199 | std(g_L) = 1.0501 | grad = 0.1651
step   5300 | loss = -1.3270 | g_L = +1.3270 | EMA = +1.3279 | std(g_L) = 1.1826 | grad = 0.1278
step   5320 | loss = -1.2614 | g_L = +1.2614 | EMA = +1.3243 | std(g_L) = 1.0939 | grad = 0.1986
step   5340 | loss = -1.4420 | g_L = +1.4420 | EMA = +1.3380 | std(g_L) = 0.9362 | grad = 0.2682
step   5360 | loss = -1.3850 | g_L = +1.3850 | EMA = +1.3397 | std(g_L) = 1.3091 | grad = 0.2628
step   5380 | loss = -1.3643 | g_L = +1.3643 | EMA = +1.3418 | std(g_L) = 1.0145 | grad = 0.2684
step   5400 | loss = -1.5068 | g_L = +1.5068 | EMA = +1.3309 | std(g_L) = 0.8652 | grad = 0.2731
step   5420 | loss = -1.3640 | g_L = +1.3640 | EMA = +1.3238 | std(g_L) = 1.0480 | grad = 0.2042
step   5440 | loss = -1.2363 | g_L = +1.2363 | EMA = +1.3136 | std(g_L) = 1.2774 | grad = 0.2651
step   5460 | loss = -1.3804 | g_L = +1.3804 | EMA = +1.3074 | std(g_L) = 0.8838 | grad = 0.4411
step   5480 | loss = -1.3916 | g_L = +1.3916 | EMA = +1.3480 | std(g_L) = 1.0071 | grad = 0.1888
step   5500 | loss = -1.3195 | g_L = +1.3195 | EMA = +1.3324 | std(g_L) = 1.1775 | grad = 0.3683
step   5520 | loss = -1.3346 | g_L = +1.3346 | EMA = +1.3372 | std(g_L) = 1.1076 | grad = 0.1885
step   5540 | loss = -1.4650 | g_L = +1.4650 | EMA = +1.3442 | std(g_L) = 1.2995 | grad = 0.4873
step   5560 | loss = -1.3123 | g_L = +1.3123 | EMA = +1.3149 | std(g_L) = 1.3050 | grad = 0.1851
step   5580 | loss = -1.2683 | g_L = +1.2683 | EMA = +1.3034 | std(g_L) = 1.0440 | grad = 0.2205
step   5600 | loss = -1.3318 | g_L = +1.3318 | EMA = +1.2984 | std(g_L) = 0.9973 | grad = 0.2650
step   5620 | loss = -1.3034 | g_L = +1.3034 | EMA = +1.3214 | std(g_L) = 1.3879 | grad = 0.2426
step   5640 | loss = -1.3391 | g_L = +1.3391 | EMA = +1.3273 | std(g_L) = 1.0691 | grad = 0.5258
step   5660 | loss = -1.3721 | g_L = +1.3721 | EMA = +1.3293 | std(g_L) = 1.0389 | grad = 0.1295
step   5680 | loss = -1.2468 | g_L = +1.2468 | EMA = +1.3157 | std(g_L) = 1.3457 | grad = 0.2943
step   5700 | loss = -1.3299 | g_L = +1.3299 | EMA = +1.3300 | std(g_L) = 1.1857 | grad = 0.1667
step   5720 | loss = -1.5219 | g_L = +1.5219 | EMA = +1.3371 | std(g_L) = 1.0366 | grad = 0.5156
step   5740 | loss = -1.1870 | g_L = +1.1870 | EMA = +1.3052 | std(g_L) = 1.3217 | grad = 0.2090
step   5760 | loss = -1.1665 | g_L = +1.1665 | EMA = +1.2991 | std(g_L) = 1.5146 | grad = 0.4374
step   5780 | loss = -1.2162 | g_L = +1.2162 | EMA = +1.3246 | std(g_L) = 1.1382 | grad = 0.2978
step   5800 | loss = -1.1733 | g_L = +1.1733 | EMA = +1.3231 | std(g_L) = 1.1488 | grad = 0.4640
step   5820 | loss = -1.3159 | g_L = +1.3159 | EMA = +1.3076 | std(g_L) = 1.0903 | grad = 0.1948
step   5840 | loss = -1.2109 | g_L = +1.2109 | EMA = +1.3244 | std(g_L) = 1.5181 | grad = 0.3390
step   5860 | loss = -1.2990 | g_L = +1.2990 | EMA = +1.3220 | std(g_L) = 1.0020 | grad = 0.1192
step   5880 | loss = -1.2131 | g_L = +1.2131 | EMA = +1.2846 | std(g_L) = 1.3319 | grad = 0.2570
step   5900 | loss = -1.3527 | g_L = +1.3527 | EMA = +1.2941 | std(g_L) = 1.0738 | grad = 0.3565
step   5920 | loss = -1.3422 | g_L = +1.3422 | EMA = +1.3192 | std(g_L) = 1.0788 | grad = 0.1861
step   5940 | loss = -1.3093 | g_L = +1.3093 | EMA = +1.3312 | std(g_L) = 1.0129 | grad = 0.1027
step   5960 | loss = -1.3899 | g_L = +1.3899 | EMA = +1.3294 | std(g_L) = 0.9088 | grad = 0.2052
step   5980 | loss = -1.4364 | g_L = +1.4364 | EMA = +1.3347 | std(g_L) = 1.1514 | grad = 0.1828
step   6000 | loss = -1.3048 | g_L = +1.3048 | EMA = +1.3263 | std(g_L) = 0.9597 | grad = 0.2927
step   6020 | loss = -1.3026 | g_L = +1.3026 | EMA = +1.3082 | std(g_L) = 1.1770 | grad = 0.1359
step   6040 | loss = -1.1941 | g_L = +1.1941 | EMA = +1.3172 | std(g_L) = 1.1689 | grad = 0.1166
step   6060 | loss = -1.5354 | g_L = +1.5354 | EMA = +1.3549 | std(g_L) = 0.9190 | grad = 0.1608
step   6080 | loss = -1.4552 | g_L = +1.4552 | EMA = +1.3401 | std(g_L) = 0.9208 | grad = 0.0913
step   6100 | loss = -1.3285 | g_L = +1.3285 | EMA = +1.3416 | std(g_L) = 1.1560 | grad = 0.1640
step   6120 | loss = -1.2585 | g_L = +1.2585 | EMA = +1.3318 | std(g_L) = 1.0813 | grad = 0.1539
step   6140 | loss = -1.4464 | g_L = +1.4464 | EMA = +1.3533 | std(g_L) = 1.0005 | grad = 0.1327
step   6160 | loss = -1.1529 | g_L = +1.1529 | EMA = +1.3089 | std(g_L) = 1.5987 | grad = 0.1092
step   6180 | loss = -1.3401 | g_L = +1.3401 | EMA = +1.3275 | std(g_L) = 0.9676 | grad = 0.1320
step   6200 | loss = -1.3447 | g_L = +1.3447 | EMA = +1.3555 | std(g_L) = 1.2676 | grad = 0.1158
step   6220 | loss = -1.3869 | g_L = +1.3869 | EMA = +1.3393 | std(g_L) = 1.0222 | grad = 0.1862
step   6240 | loss = -1.3824 | g_L = +1.3824 | EMA = +1.3355 | std(g_L) = 1.4307 | grad = 0.2254
step   6260 | loss = -1.3489 | g_L = +1.3489 | EMA = +1.3224 | std(g_L) = 1.1281 | grad = 0.1190
step   6280 | loss = -1.5593 | g_L = +1.5593 | EMA = +1.3215 | std(g_L) = 1.0852 | grad = 0.1543
step   6300 | loss = -1.1883 | g_L = +1.1883 | EMA = +1.3103 | std(g_L) = 1.3779 | grad = 0.0843
step   6320 | loss = -1.4813 | g_L = +1.4813 | EMA = +1.3327 | std(g_L) = 1.0254 | grad = 0.0823
step   6340 | loss = -1.2716 | g_L = +1.2716 | EMA = +1.3154 | std(g_L) = 1.1687 | grad = 0.2787
step   6360 | loss = -1.3759 | g_L = +1.3759 | EMA = +1.3313 | std(g_L) = 1.0605 | grad = 0.1473
step   6380 | loss = -1.2931 | g_L = +1.2931 | EMA = +1.3345 | std(g_L) = 0.9133 | grad = 0.1508
step   6400 | loss = -1.4513 | g_L = +1.4513 | EMA = +1.3296 | std(g_L) = 1.1164 | grad = 0.1831
step   6420 | loss = -1.3778 | g_L = +1.3778 | EMA = +1.3078 | std(g_L) = 1.1333 | grad = 0.3388
step   6440 | loss = -1.2815 | g_L = +1.2815 | EMA = +1.3041 | std(g_L) = 0.9886 | grad = 0.1937
step   6460 | loss = -1.3206 | g_L = +1.3206 | EMA = +1.3015 | std(g_L) = 1.2062 | grad = 0.1547
step   6480 | loss = -1.1549 | g_L = +1.1549 | EMA = +1.2845 | std(g_L) = 1.1614 | grad = 0.0949
step   6500 | loss = -1.0505 | g_L = +1.0505 | EMA = +1.2952 | std(g_L) = 1.4593 | grad = 0.3431
step   6520 | loss = -1.2695 | g_L = +1.2695 | EMA = +1.3195 | std(g_L) = 1.1276 | grad = 0.1899
step   6540 | loss = -1.3172 | g_L = +1.3172 | EMA = +1.2992 | std(g_L) = 1.1751 | grad = 0.2342
step   6560 | loss = -1.4399 | g_L = +1.4399 | EMA = +1.3124 | std(g_L) = 1.0888 | grad = 0.2005
step   6580 | loss = -1.3797 | g_L = +1.3797 | EMA = +1.3381 | std(g_L) = 1.1962 | grad = 0.1315
step   6600 | loss = -1.3405 | g_L = +1.3405 | EMA = +1.3320 | std(g_L) = 1.0482 | grad = 0.3313
step   6620 | loss = -1.5552 | g_L = +1.5552 | EMA = +1.3401 | std(g_L) = 0.9550 | grad = 0.1242
step   6640 | loss = -1.1621 | g_L = +1.1621 | EMA = +1.3499 | std(g_L) = 1.5970 | grad = 0.1793
step   6660 | loss = -1.2120 | g_L = +1.2120 | EMA = +1.3707 | std(g_L) = 1.2682 | grad = 0.4079
step   6680 | loss = -1.2012 | g_L = +1.2012 | EMA = +1.3128 | std(g_L) = 1.2871 | grad = 0.2416
step   6700 | loss = -1.2745 | g_L = +1.2745 | EMA = +1.3177 | std(g_L) = 1.3985 | grad = 0.2534
step   6720 | loss = -1.2661 | g_L = +1.2661 | EMA = +1.3290 | std(g_L) = 1.1297 | grad = 0.1970
step   6740 | loss = -1.3417 | g_L = +1.3417 | EMA = +1.3261 | std(g_L) = 1.0772 | grad = 0.1537
step   6760 | loss = -1.4141 | g_L = +1.4141 | EMA = +1.3141 | std(g_L) = 0.9789 | grad = 0.1185
step   6780 | loss = -1.2162 | g_L = +1.2162 | EMA = +1.3070 | std(g_L) = 1.2626 | grad = 0.1910
step   6800 | loss = -1.0857 | g_L = +1.0857 | EMA = +1.3139 | std(g_L) = 1.2795 | grad = 0.2573
step   6820 | loss = -1.2954 | g_L = +1.2954 | EMA = +1.3279 | std(g_L) = 1.1754 | grad = 0.2082
step   6840 | loss = -1.2479 | g_L = +1.2479 | EMA = +1.3068 | std(g_L) = 1.0893 | grad = 0.2353
step   6860 | loss = -1.3852 | g_L = +1.3852 | EMA = +1.3251 | std(g_L) = 1.0086 | grad = 0.2819
step   6880 | loss = -1.4811 | g_L = +1.4811 | EMA = +1.3191 | std(g_L) = 0.9159 | grad = 0.1018
step   6900 | loss = -1.4073 | g_L = +1.4073 | EMA = +1.3348 | std(g_L) = 0.9773 | grad = 0.1265
step   6920 | loss = -1.4956 | g_L = +1.4956 | EMA = +1.3366 | std(g_L) = 1.0392 | grad = 0.2680
step   6940 | loss = -1.3400 | g_L = +1.3400 | EMA = +1.3251 | std(g_L) = 1.1367 | grad = 0.0956
step   6960 | loss = -1.4905 | g_L = +1.4905 | EMA = +1.3253 | std(g_L) = 1.0747 | grad = 0.2094
step   6980 | loss = -1.5042 | g_L = +1.5042 | EMA = +1.3320 | std(g_L) = 1.0211 | grad = 0.1605
step   7000 | loss = -1.3167 | g_L = +1.3167 | EMA = +1.3406 | std(g_L) = 1.2122 | grad = 0.0738
step   7020 | loss = -1.2324 | g_L = +1.2324 | EMA = +1.3389 | std(g_L) = 1.0814 | grad = 0.3592
step   7040 | loss = -1.4188 | g_L = +1.4188 | EMA = +1.3392 | std(g_L) = 1.0602 | grad = 0.2809
step   7060 | loss = -1.2682 | g_L = +1.2682 | EMA = +1.3260 | std(g_L) = 1.4521 | grad = 0.3303
step   7080 | loss = -1.1745 | g_L = +1.1745 | EMA = +1.3205 | std(g_L) = 1.2755 | grad = 0.2214
step   7100 | loss = -1.3504 | g_L = +1.3504 | EMA = +1.3073 | std(g_L) = 1.3509 | grad = 0.2161
step   7120 | loss = -1.3962 | g_L = +1.3962 | EMA = +1.3396 | std(g_L) = 1.1112 | grad = 0.3397
step   7140 | loss = -1.3415 | g_L = +1.3415 | EMA = +1.3209 | std(g_L) = 1.1537 | grad = 0.0831
step   7160 | loss = -1.1631 | g_L = +1.1631 | EMA = +1.3216 | std(g_L) = 1.3652 | grad = 0.3036
step   7180 | loss = -1.2443 | g_L = +1.2443 | EMA = +1.3085 | std(g_L) = 1.6235 | grad = 0.3468
step   7200 | loss = -1.2787 | g_L = +1.2787 | EMA = +1.3303 | std(g_L) = 1.0680 | grad = 0.5077
step   7220 | loss = -1.1488 | g_L = +1.1488 | EMA = +1.3414 | std(g_L) = 1.1952 | grad = 0.2279
step   7240 | loss = -1.4239 | g_L = +1.4239 | EMA = +1.3397 | std(g_L) = 1.0154 | grad = 0.1812
step   7260 | loss = -1.1613 | g_L = +1.1613 | EMA = +1.3253 | std(g_L) = 1.1565 | grad = 0.4192
step   7280 | loss = -1.4473 | g_L = +1.4473 | EMA = +1.3361 | std(g_L) = 1.2342 | grad = 0.2556
step   7300 | loss = -1.4465 | g_L = +1.4465 | EMA = +1.3334 | std(g_L) = 1.1043 | grad = 0.1779
step   7320 | loss = -1.3262 | g_L = +1.3262 | EMA = +1.3446 | std(g_L) = 1.1595 | grad = 0.5530
step   7340 | loss = -1.1644 | g_L = +1.1644 | EMA = +1.3202 | std(g_L) = 1.2269 | grad = 0.1696
step   7360 | loss = -1.4247 | g_L = +1.4247 | EMA = +1.3384 | std(g_L) = 1.0186 | grad = 0.2008
step   7380 | loss = -1.5176 | g_L = +1.5176 | EMA = +1.3303 | std(g_L) = 0.9165 | grad = 0.1262
step   7400 | loss = -1.3020 | g_L = +1.3020 | EMA = +1.3238 | std(g_L) = 1.3060 | grad = 0.2986
step   7420 | loss = -1.3256 | g_L = +1.3256 | EMA = +1.3536 | std(g_L) = 1.1149 | grad = 0.3107
step   7440 | loss = -1.4252 | g_L = +1.4252 | EMA = +1.3262 | std(g_L) = 1.1586 | grad = 0.3104
step   7460 | loss = -1.1260 | g_L = +1.1260 | EMA = +1.3261 | std(g_L) = 1.4357 | grad = 0.1528
step   7480 | loss = -1.4171 | g_L = +1.4171 | EMA = +1.3437 | std(g_L) = 1.1027 | grad = 0.3311
step   7500 | loss = -1.4490 | g_L = +1.4490 | EMA = +1.3436 | std(g_L) = 1.0802 | grad = 0.1541
step   7520 | loss = -1.3424 | g_L = +1.3424 | EMA = +1.3394 | std(g_L) = 0.9850 | grad = 0.1176
step   7540 | loss = -1.1959 | g_L = +1.1959 | EMA = +1.3163 | std(g_L) = 1.1768 | grad = 0.1643
step   7560 | loss = -1.3899 | g_L = +1.3899 | EMA = +1.3159 | std(g_L) = 0.9953 | grad = 0.2609
step   7580 | loss = -1.3881 | g_L = +1.3881 | EMA = +1.3135 | std(g_L) = 1.1290 | grad = 0.1487
step   7600 | loss = -1.3884 | g_L = +1.3884 | EMA = +1.3141 | std(g_L) = 1.1918 | grad = 0.3592
step   7620 | loss = -1.3577 | g_L = +1.3577 | EMA = +1.3299 | std(g_L) = 0.9562 | grad = 0.2280
step   7640 | loss = -1.3762 | g_L = +1.3762 | EMA = +1.3203 | std(g_L) = 1.2104 | grad = 0.2612
step   7660 | loss = -1.2297 | g_L = +1.2297 | EMA = +1.3348 | std(g_L) = 1.2502 | grad = 0.1735
step   7680 | loss = -1.3272 | g_L = +1.3272 | EMA = +1.3321 | std(g_L) = 1.3513 | grad = 0.2184
step   7700 | loss = -1.2360 | g_L = +1.2360 | EMA = +1.3313 | std(g_L) = 1.1305 | grad = 0.1221
step   7720 | loss = -1.3584 | g_L = +1.3584 | EMA = +1.3114 | std(g_L) = 0.9530 | grad = 0.2841
step   7740 | loss = -1.4710 | g_L = +1.4710 | EMA = +1.3257 | std(g_L) = 0.9720 | grad = 0.2024
step   7760 | loss = -1.2834 | g_L = +1.2834 | EMA = +1.3204 | std(g_L) = 1.1765 | grad = 0.1227
step   7780 | loss = -1.3246 | g_L = +1.3246 | EMA = +1.3239 | std(g_L) = 0.9858 | grad = 0.1048
step   7800 | loss = -1.2295 | g_L = +1.2295 | EMA = +1.2903 | std(g_L) = 1.0609 | grad = 0.3803
step   7820 | loss = -1.3533 | g_L = +1.3533 | EMA = +1.3065 | std(g_L) = 1.0438 | grad = 0.2999
step   7840 | loss = -1.4129 | g_L = +1.4129 | EMA = +1.3101 | std(g_L) = 1.1239 | grad = 0.1925
step   7860 | loss = -1.4259 | g_L = +1.4259 | EMA = +1.3116 | std(g_L) = 1.0439 | grad = 0.1567
step   7880 | loss = -1.3796 | g_L = +1.3796 | EMA = +1.3179 | std(g_L) = 1.1328 | grad = 0.1641
step   7900 | loss = -1.3037 | g_L = +1.3037 | EMA = +1.2961 | std(g_L) = 1.2656 | grad = 0.1981
step   7920 | loss = -1.2252 | g_L = +1.2252 | EMA = +1.2964 | std(g_L) = 1.0407 | grad = 0.1965
step   7940 | loss = -1.2978 | g_L = +1.2978 | EMA = +1.2964 | std(g_L) = 1.0840 | grad = 0.2380
step   7960 | loss = -1.4565 | g_L = +1.4565 | EMA = +1.3165 | std(g_L) = 0.8985 | grad = 0.3969
step   7980 | loss = -1.1967 | g_L = +1.1967 | EMA = +1.3185 | std(g_L) = 1.5909 | grad = 0.1321
step   8000 | loss = -1.1508 | g_L = +1.1508 | EMA = +1.3033 | std(g_L) = 1.1393 | grad = 0.1661
step   8020 | loss = -1.4337 | g_L = +1.4337 | EMA = +1.3380 | std(g_L) = 0.8892 | grad = 0.0952
step   8040 | loss = -1.2388 | g_L = +1.2388 | EMA = +1.3217 | std(g_L) = 1.5228 | grad = 0.1548
step   8060 | loss = -1.3163 | g_L = +1.3163 | EMA = +1.3092 | std(g_L) = 1.4286 | grad = 0.1715
step   8080 | loss = -1.2455 | g_L = +1.2455 | EMA = +1.3260 | std(g_L) = 1.3151 | grad = 0.2531
step   8100 | loss = -1.2855 | g_L = +1.2855 | EMA = +1.3168 | std(g_L) = 1.0888 | grad = 0.3151
step   8120 | loss = -1.4511 | g_L = +1.4511 | EMA = +1.3372 | std(g_L) = 1.1425 | grad = 0.1400
step   8140 | loss = -1.4350 | g_L = +1.4350 | EMA = +1.3265 | std(g_L) = 0.9115 | grad = 0.1949
step   8160 | loss = -1.4150 | g_L = +1.4150 | EMA = +1.3298 | std(g_L) = 1.1812 | grad = 0.4501
step   8180 | loss = -1.3136 | g_L = +1.3136 | EMA = +1.3232 | std(g_L) = 1.0806 | grad = 0.4176
step   8200 | loss = -1.3524 | g_L = +1.3524 | EMA = +1.3180 | std(g_L) = 1.1297 | grad = 0.2023
step   8220 | loss = -1.4214 | g_L = +1.4214 | EMA = +1.3219 | std(g_L) = 1.0433 | grad = 0.1381
step   8240 | loss = -1.3591 | g_L = +1.3591 | EMA = +1.3228 | std(g_L) = 0.9487 | grad = 0.1818
step   8260 | loss = -1.3000 | g_L = +1.3000 | EMA = +1.3283 | std(g_L) = 1.0038 | grad = 0.4449
step   8280 | loss = -1.3941 | g_L = +1.3941 | EMA = +1.3286 | std(g_L) = 1.1372 | grad = 0.2949
step   8300 | loss = -1.3419 | g_L = +1.3419 | EMA = +1.3182 | std(g_L) = 1.0885 | grad = 0.2613
step   8320 | loss = -1.3211 | g_L = +1.3211 | EMA = +1.3205 | std(g_L) = 1.1363 | grad = 0.2217
step   8340 | loss = -1.3635 | g_L = +1.3635 | EMA = +1.3523 | std(g_L) = 1.1047 | grad = 0.3817
step   8360 | loss = -1.2509 | g_L = +1.2509 | EMA = +1.3341 | std(g_L) = 1.1890 | grad = 0.3303
step   8380 | loss = -1.3123 | g_L = +1.3123 | EMA = +1.3216 | std(g_L) = 1.1448 | grad = 0.2681
step   8400 | loss = -1.3045 | g_L = +1.3045 | EMA = +1.3197 | std(g_L) = 1.2657 | grad = 0.3404
step   8420 | loss = -1.3028 | g_L = +1.3028 | EMA = +1.3155 | std(g_L) = 1.2409 | grad = 0.1845
step   8440 | loss = -1.3744 | g_L = +1.3744 | EMA = +1.3152 | std(g_L) = 1.0425 | grad = 0.1412
step   8460 | loss = -1.2751 | g_L = +1.2751 | EMA = +1.3365 | std(g_L) = 1.1887 | grad = 0.2004
step   8480 | loss = -1.2952 | g_L = +1.2952 | EMA = +1.3306 | std(g_L) = 1.1460 | grad = 0.2107
step   8500 | loss = -1.3000 | g_L = +1.3000 | EMA = +1.3439 | std(g_L) = 1.0708 | grad = 0.2098
step   8520 | loss = -1.2986 | g_L = +1.2986 | EMA = +1.3348 | std(g_L) = 1.3692 | grad = 0.3496
step   8540 | loss = -1.3327 | g_L = +1.3327 | EMA = +1.3403 | std(g_L) = 1.0235 | grad = 0.3826
step   8560 | loss = -1.4423 | g_L = +1.4423 | EMA = +1.3562 | std(g_L) = 1.1959 | grad = 0.2863
step   8580 | loss = -1.2652 | g_L = +1.2652 | EMA = +1.3393 | std(g_L) = 1.5506 | grad = 0.1111
step   8600 | loss = -1.3900 | g_L = +1.3900 | EMA = +1.3489 | std(g_L) = 1.0255 | grad = 0.1396
step   8620 | loss = -1.3214 | g_L = +1.3214 | EMA = +1.3263 | std(g_L) = 1.3854 | grad = 0.2566
step   8640 | loss = -1.2712 | g_L = +1.2712 | EMA = +1.3182 | std(g_L) = 1.1435 | grad = 0.3257
step   8660 | loss = -1.1826 | g_L = +1.1826 | EMA = +1.3264 | std(g_L) = 1.2519 | grad = 0.2004
step   8680 | loss = -1.4764 | g_L = +1.4764 | EMA = +1.3286 | std(g_L) = 0.9501 | grad = 0.2438
step   8700 | loss = -1.3890 | g_L = +1.3890 | EMA = +1.3334 | std(g_L) = 1.1311 | grad = 0.1309
step   8720 | loss = -1.1153 | g_L = +1.1153 | EMA = +1.3242 | std(g_L) = 1.1958 | grad = 0.4085
step   8740 | loss = -1.2407 | g_L = +1.2407 | EMA = +1.3066 | std(g_L) = 1.1105 | grad = 0.2285
step   8760 | loss = -1.2983 | g_L = +1.2983 | EMA = +1.3269 | std(g_L) = 1.1574 | grad = 0.2478
step   8780 | loss = -1.1617 | g_L = +1.1617 | EMA = +1.3111 | std(g_L) = 1.2408 | grad = 0.3204
step   8800 | loss = -1.4680 | g_L = +1.4680 | EMA = +1.3305 | std(g_L) = 1.1066 | grad = 0.4643
step   8820 | loss = -1.3420 | g_L = +1.3420 | EMA = +1.3286 | std(g_L) = 1.0477 | grad = 0.1728
step   8840 | loss = -1.4732 | g_L = +1.4732 | EMA = +1.3275 | std(g_L) = 1.0917 | grad = 0.2965
step   8860 | loss = -1.1662 | g_L = +1.1662 | EMA = +1.3130 | std(g_L) = 1.1129 | grad = 0.1738
step   8880 | loss = -1.3299 | g_L = +1.3299 | EMA = +1.3419 | std(g_L) = 1.0486 | grad = 0.2465
step   8900 | loss = -1.2647 | g_L = +1.2647 | EMA = +1.3421 | std(g_L) = 1.1458 | grad = 0.1489
step   8920 | loss = -1.2921 | g_L = +1.2921 | EMA = +1.3367 | std(g_L) = 1.2510 | grad = 0.2523
step   8940 | loss = -1.3938 | g_L = +1.3938 | EMA = +1.3381 | std(g_L) = 1.0627 | grad = 0.1796
step   8960 | loss = -1.3684 | g_L = +1.3684 | EMA = +1.3612 | std(g_L) = 1.1573 | grad = 0.1680
step   8980 | loss = -1.3445 | g_L = +1.3445 | EMA = +1.3470 | std(g_L) = 1.2299 | grad = 0.2969
step   9000 | loss = -1.3336 | g_L = +1.3336 | EMA = +1.3207 | std(g_L) = 1.1375 | grad = 0.2883
step   9020 | loss = -1.1973 | g_L = +1.1973 | EMA = +1.3066 | std(g_L) = 1.1202 | grad = 0.0695
step   9040 | loss = -1.3041 | g_L = +1.3041 | EMA = +1.3053 | std(g_L) = 1.1789 | grad = 0.2251
step   9060 | loss = -1.2584 | g_L = +1.2584 | EMA = +1.3109 | std(g_L) = 1.0725 | grad = 0.2479
step   9080 | loss = -1.2851 | g_L = +1.2851 | EMA = +1.3075 | std(g_L) = 1.3824 | grad = 0.1896
step   9100 | loss = -1.2101 | g_L = +1.2101 | EMA = +1.3304 | std(g_L) = 1.2943 | grad = 0.3120
step   9120 | loss = -1.3105 | g_L = +1.3105 | EMA = +1.3173 | std(g_L) = 1.2441 | grad = 0.2032
step   9140 | loss = -1.3139 | g_L = +1.3139 | EMA = +1.3163 | std(g_L) = 1.1788 | grad = 0.2552
step   9160 | loss = -1.4486 | g_L = +1.4486 | EMA = +1.3440 | std(g_L) = 1.1129 | grad = 0.2131
step   9180 | loss = -1.2832 | g_L = +1.2832 | EMA = +1.3296 | std(g_L) = 1.0064 | grad = 0.2053
step   9200 | loss = -1.3145 | g_L = +1.3145 | EMA = +1.3544 | std(g_L) = 1.2928 | grad = 0.2800
step   9220 | loss = -1.4265 | g_L = +1.4265 | EMA = +1.3369 | std(g_L) = 1.1130 | grad = 0.3126
step   9240 | loss = -1.1290 | g_L = +1.1290 | EMA = +1.3232 | std(g_L) = 1.3365 | grad = 0.1369
step   9260 | loss = -1.2407 | g_L = +1.2407 | EMA = +1.3318 | std(g_L) = 1.1125 | grad = 0.1646
step   9280 | loss = -1.3321 | g_L = +1.3321 | EMA = +1.3424 | std(g_L) = 1.1165 | grad = 0.2596
step   9300 | loss = -1.4143 | g_L = +1.4143 | EMA = +1.3319 | std(g_L) = 1.0136 | grad = 0.3059
step   9320 | loss = -1.2765 | g_L = +1.2765 | EMA = +1.3155 | std(g_L) = 0.9709 | grad = 0.1225
step   9340 | loss = -1.4116 | g_L = +1.4116 | EMA = +1.3206 | std(g_L) = 0.9679 | grad = 0.0981
step   9360 | loss = -1.2339 | g_L = +1.2339 | EMA = +1.3282 | std(g_L) = 1.3578 | grad = 0.1431
step   9380 | loss = -1.4131 | g_L = +1.4131 | EMA = +1.3184 | std(g_L) = 1.0093 | grad = 0.2128
step   9400 | loss = -1.3990 | g_L = +1.3990 | EMA = +1.3267 | std(g_L) = 1.1562 | grad = 0.2106
step   9420 | loss = -1.2007 | g_L = +1.2007 | EMA = +1.3250 | std(g_L) = 1.1676 | grad = 0.1227
step   9440 | loss = -1.3869 | g_L = +1.3869 | EMA = +1.3295 | std(g_L) = 1.0601 | grad = 0.2293
step   9460 | loss = -1.4711 | g_L = +1.4711 | EMA = +1.3362 | std(g_L) = 0.9282 | grad = 0.1544
step   9480 | loss = -1.3077 | g_L = +1.3077 | EMA = +1.3347 | std(g_L) = 1.0435 | grad = 0.3129
step   9500 | loss = -1.3552 | g_L = +1.3552 | EMA = +1.3250 | std(g_L) = 1.0446 | grad = 0.1428
step   9520 | loss = -1.4211 | g_L = +1.4211 | EMA = +1.3280 | std(g_L) = 1.1029 | grad = 0.2534
step   9540 | loss = -1.2756 | g_L = +1.2756 | EMA = +1.3222 | std(g_L) = 1.3204 | grad = 0.3305
step   9560 | loss = -1.3871 | g_L = +1.3871 | EMA = +1.3505 | std(g_L) = 1.2082 | grad = 0.2078
step   9580 | loss = -1.3378 | g_L = +1.3378 | EMA = +1.3281 | std(g_L) = 1.0683 | grad = 0.2317
step   9600 | loss = -1.2461 | g_L = +1.2461 | EMA = +1.3629 | std(g_L) = 1.4355 | grad = 0.2425
step   9620 | loss = -1.4047 | g_L = +1.4047 | EMA = +1.3488 | std(g_L) = 1.1742 | grad = 0.1307
step   9640 | loss = -1.4804 | g_L = +1.4804 | EMA = +1.3385 | std(g_L) = 1.0534 | grad = 0.2812
step   9660 | loss = -1.2598 | g_L = +1.2598 | EMA = +1.3230 | std(g_L) = 1.3244 | grad = 0.5386
step   9680 | loss = -1.4612 | g_L = +1.4612 | EMA = +1.3441 | std(g_L) = 1.0749 | grad = 0.2685
step   9700 | loss = -1.2373 | g_L = +1.2373 | EMA = +1.3358 | std(g_L) = 1.1995 | grad = 0.1660
step   9720 | loss = -1.3133 | g_L = +1.3133 | EMA = +1.3568 | std(g_L) = 1.3070 | grad = 0.3810
step   9740 | loss = -1.3373 | g_L = +1.3373 | EMA = +1.3276 | std(g_L) = 1.2020 | grad = 0.2818
step   9760 | loss = -1.3875 | g_L = +1.3875 | EMA = +1.3335 | std(g_L) = 1.7632 | grad = 0.2053
step   9780 | loss = -1.1492 | g_L = +1.1492 | EMA = +1.3026 | std(g_L) = 1.1034 | grad = 0.1801
step   9800 | loss = -1.4064 | g_L = +1.4064 | EMA = +1.3185 | std(g_L) = 1.1552 | grad = 0.2214
step   9820 | loss = -1.4209 | g_L = +1.4209 | EMA = +1.3350 | std(g_L) = 1.4460 | grad = 0.2610
step   9840 | loss = -1.2951 | g_L = +1.2951 | EMA = +1.3346 | std(g_L) = 1.4886 | grad = 0.1256
step   9860 | loss = -1.1876 | g_L = +1.1876 | EMA = +1.3373 | std(g_L) = 1.1046 | grad = 0.1084
step   9880 | loss = -1.4440 | g_L = +1.4440 | EMA = +1.3512 | std(g_L) = 1.0972 | grad = 0.1431
step   9900 | loss = -1.3415 | g_L = +1.3415 | EMA = +1.3577 | std(g_L) = 1.0478 | grad = 0.2166
step   9920 | loss = -1.2963 | g_L = +1.2963 | EMA = +1.3478 | std(g_L) = 1.3694 | grad = 0.2457
step   9940 | loss = -1.4019 | g_L = +1.4019 | EMA = +1.3489 | std(g_L) = 1.1491 | grad = 0.2264
step   9960 | loss = -1.1988 | g_L = +1.1988 | EMA = +1.3279 | std(g_L) = 1.3378 | grad = 0.1821
step   9980 | loss = -1.4203 | g_L = +1.4203 | EMA = +1.3166 | std(g_L) = 1.0634 | grad = 0.2803
step  10000 | loss = -1.0842 | g_L = +1.0842 | EMA = +1.3070 | std(g_L) = 1.4686 | grad = 0.3123
step  10020 | loss = -1.2521 | g_L = +1.2521 | EMA = +1.3276 | std(g_L) = 1.1363 | grad = 0.1982
step  10040 | loss = -1.2260 | g_L = +1.2260 | EMA = +1.3308 | std(g_L) = 1.2911 | grad = 0.2979
step  10060 | loss = -1.3722 | g_L = +1.3722 | EMA = +1.3533 | std(g_L) = 1.4936 | grad = 0.2215
step  10080 | loss = -1.2792 | g_L = +1.2792 | EMA = +1.3621 | std(g_L) = 1.6267 | grad = 0.3698
step  10100 | loss = -1.1735 | g_L = +1.1735 | EMA = +1.3388 | std(g_L) = 1.4703 | grad = 0.4215
step  10120 | loss = -1.2704 | g_L = +1.2704 | EMA = +1.3061 | std(g_L) = 1.5923 | grad = 0.5005
step  10140 | loss = -1.2629 | g_L = +1.2629 | EMA = +1.3139 | std(g_L) = 1.4299 | grad = 0.1427
step  10160 | loss = -1.2149 | g_L = +1.2149 | EMA = +1.3305 | std(g_L) = 1.1379 | grad = 0.2474
step  10180 | loss = -1.3832 | g_L = +1.3832 | EMA = +1.3266 | std(g_L) = 0.9189 | grad = 0.4433
step  10200 | loss = -1.2574 | g_L = +1.2574 | EMA = +1.3186 | std(g_L) = 1.5438 | grad = 0.3505
step  10220 | loss = -1.3619 | g_L = +1.3619 | EMA = +1.3312 | std(g_L) = 1.0199 | grad = 0.1962
step  10240 | loss = -1.4052 | g_L = +1.4052 | EMA = +1.3232 | std(g_L) = 1.0900 | grad = 0.4441
step  10260 | loss = -1.3308 | g_L = +1.3308 | EMA = +1.3346 | std(g_L) = 1.0913 | grad = 0.2372
step  10280 | loss = -1.2458 | g_L = +1.2458 | EMA = +1.3066 | std(g_L) = 1.1420 | grad = 0.1641
step  10300 | loss = -1.2766 | g_L = +1.2766 | EMA = +1.3135 | std(g_L) = 1.1383 | grad = 0.1310
step  10320 | loss = -1.3665 | g_L = +1.3665 | EMA = +1.3200 | std(g_L) = 1.0325 | grad = 0.2148
step  10340 | loss = -1.3599 | g_L = +1.3599 | EMA = +1.3345 | std(g_L) = 1.1952 | grad = 0.2182
step  10360 | loss = -1.4050 | g_L = +1.4050 | EMA = +1.3528 | std(g_L) = 1.0903 | grad = 0.3818
step  10380 | loss = -1.2546 | g_L = +1.2546 | EMA = +1.3323 | std(g_L) = 1.3643 | grad = 0.3635
step  10400 | loss = -1.1847 | g_L = +1.1847 | EMA = +1.3179 | std(g_L) = 1.3250 | grad = 0.1291
step  10420 | loss = -1.4043 | g_L = +1.4043 | EMA = +1.3442 | std(g_L) = 1.0593 | grad = 0.1871
step  10440 | loss = -1.4649 | g_L = +1.4649 | EMA = +1.3447 | std(g_L) = 1.0158 | grad = 0.1515
step  10460 | loss = -1.1900 | g_L = +1.1900 | EMA = +1.3139 | std(g_L) = 1.2483 | grad = 0.2073
step  10480 | loss = -1.1833 | g_L = +1.1833 | EMA = +1.3208 | std(g_L) = 1.4859 | grad = 0.1821
step  10500 | loss = -1.4766 | g_L = +1.4766 | EMA = +1.3367 | std(g_L) = 1.0175 | grad = 0.1720
step  10520 | loss = -1.3239 | g_L = +1.3239 | EMA = +1.3381 | std(g_L) = 1.1960 | grad = 0.1820
step  10540 | loss = -1.4230 | g_L = +1.4230 | EMA = +1.3371 | std(g_L) = 1.2216 | grad = 0.3653
step  10560 | loss = -1.3819 | g_L = +1.3819 | EMA = +1.3271 | std(g_L) = 1.1411 | grad = 0.3932
step  10580 | loss = -1.3591 | g_L = +1.3591 | EMA = +1.3301 | std(g_L) = 1.2007 | grad = 0.2988
step  10600 | loss = -1.3507 | g_L = +1.3507 | EMA = +1.3313 | std(g_L) = 1.0911 | grad = 0.4107
step  10620 | loss = -1.2477 | g_L = +1.2477 | EMA = +1.3195 | std(g_L) = 1.2101 | grad = 0.2549
step  10640 | loss = -1.2416 | g_L = +1.2416 | EMA = +1.3257 | std(g_L) = 1.2724 | grad = 0.2083
step  10660 | loss = -1.4493 | g_L = +1.4493 | EMA = +1.3421 | std(g_L) = 1.3240 | grad = 0.3494
step  10680 | loss = -1.2503 | g_L = +1.2503 | EMA = +1.3580 | std(g_L) = 1.0381 | grad = 0.1365
step  10700 | loss = -1.4501 | g_L = +1.4501 | EMA = +1.3485 | std(g_L) = 0.9743 | grad = 0.1381
step  10720 | loss = -1.2612 | g_L = +1.2612 | EMA = +1.3361 | std(g_L) = 1.3443 | grad = 0.1570
step  10740 | loss = -1.3025 | g_L = +1.3025 | EMA = +1.3193 | std(g_L) = 1.3618 | grad = 0.1598
step  10760 | loss = -1.2018 | g_L = +1.2018 | EMA = +1.3289 | std(g_L) = 1.2711 | grad = 0.2099
step  10780 | loss = -1.4407 | g_L = +1.4407 | EMA = +1.3543 | std(g_L) = 1.1936 | grad = 0.1398
step  10800 | loss = -1.3097 | g_L = +1.3097 | EMA = +1.3330 | std(g_L) = 1.2325 | grad = 0.1208
step  10820 | loss = -1.4991 | g_L = +1.4991 | EMA = +1.3402 | std(g_L) = 1.2331 | grad = 0.2745
step  10840 | loss = -1.4864 | g_L = +1.4864 | EMA = +1.3556 | std(g_L) = 0.9413 | grad = 0.2305
step  10860 | loss = -1.3071 | g_L = +1.3071 | EMA = +1.3270 | std(g_L) = 1.2928 | grad = 0.6247
step  10880 | loss = -1.4578 | g_L = +1.4578 | EMA = +1.3216 | std(g_L) = 1.2885 | grad = 0.2001
step  10900 | loss = -1.2143 | g_L = +1.2143 | EMA = +1.3143 | std(g_L) = 1.4968 | grad = 0.2116
step  10920 | loss = -1.3018 | g_L = +1.3018 | EMA = +1.3189 | std(g_L) = 1.1199 | grad = 0.2174
step  10940 | loss = -1.3148 | g_L = +1.3148 | EMA = +1.3413 | std(g_L) = 1.0324 | grad = 0.2488
step  10960 | loss = -1.2622 | g_L = +1.2622 | EMA = +1.3338 | std(g_L) = 1.2641 | grad = 0.5642
step  10980 | loss = -1.1916 | g_L = +1.1916 | EMA = +1.3338 | std(g_L) = 1.3325 | grad = 0.1296
step  11000 | loss = -1.3209 | g_L = +1.3209 | EMA = +1.3242 | std(g_L) = 1.2368 | grad = 0.2250
step  11020 | loss = -1.3482 | g_L = +1.3482 | EMA = +1.3436 | std(g_L) = 1.0615 | grad = 0.1292
step  11040 | loss = -1.2997 | g_L = +1.2997 | EMA = +1.3319 | std(g_L) = 1.4199 | grad = 0.1582
step  11060 | loss = -1.3963 | g_L = +1.3963 | EMA = +1.3366 | std(g_L) = 1.1927 | grad = 0.3301
step  11080 | loss = -1.3041 | g_L = +1.3041 | EMA = +1.3537 | std(g_L) = 1.1109 | grad = 0.4039
step  11100 | loss = -1.4727 | g_L = +1.4727 | EMA = +1.3520 | std(g_L) = 1.0425 | grad = 0.2031
step  11120 | loss = -1.3323 | g_L = +1.3323 | EMA = +1.3063 | std(g_L) = 1.0326 | grad = 0.2401
step  11140 | loss = -1.4120 | g_L = +1.4120 | EMA = +1.3321 | std(g_L) = 1.5034 | grad = 0.0590
step  11160 | loss = -1.3045 | g_L = +1.3045 | EMA = +1.3417 | std(g_L) = 1.3081 | grad = 0.1194
step  11180 | loss = -1.2402 | g_L = +1.2402 | EMA = +1.3256 | std(g_L) = 1.3905 | grad = 0.1225
step  11200 | loss = -1.3387 | g_L = +1.3387 | EMA = +1.3581 | std(g_L) = 1.1173 | grad = 0.1563
step  11220 | loss = -1.3321 | g_L = +1.3321 | EMA = +1.3233 | std(g_L) = 0.9812 | grad = 0.2803
step  11240 | loss = -1.4418 | g_L = +1.4418 | EMA = +1.3448 | std(g_L) = 1.2044 | grad = 0.2940
step  11260 | loss = -1.2045 | g_L = +1.2045 | EMA = +1.3329 | std(g_L) = 1.4206 | grad = 0.2209
step  11280 | loss = -1.3861 | g_L = +1.3861 | EMA = +1.3355 | std(g_L) = 1.2915 | grad = 0.4524
step  11300 | loss = -1.4110 | g_L = +1.4110 | EMA = +1.3588 | std(g_L) = 0.9914 | grad = 0.2668
step  11320 | loss = -1.3408 | g_L = +1.3408 | EMA = +1.3313 | std(g_L) = 0.9227 | grad = 0.1410
step  11340 | loss = -1.5290 | g_L = +1.5290 | EMA = +1.3475 | std(g_L) = 0.9964 | grad = 0.4372
step  11360 | loss = -1.2532 | g_L = +1.2532 | EMA = +1.3515 | std(g_L) = 1.4001 | grad = 0.1042
step  11380 | loss = -1.2591 | g_L = +1.2591 | EMA = +1.3278 | std(g_L) = 1.1738 | grad = 0.1960
step  11400 | loss = -1.4005 | g_L = +1.4005 | EMA = +1.3327 | std(g_L) = 1.0374 | grad = 0.3423
step  11420 | loss = -1.2456 | g_L = +1.2456 | EMA = +1.3400 | std(g_L) = 1.0663 | grad = 0.1012
step  11440 | loss = -1.2425 | g_L = +1.2425 | EMA = +1.3299 | std(g_L) = 1.2441 | grad = 0.1409
step  11460 | loss = -1.3258 | g_L = +1.3258 | EMA = +1.3410 | std(g_L) = 1.3905 | grad = 0.2103
step  11480 | loss = -1.2233 | g_L = +1.2233 | EMA = +1.3323 | std(g_L) = 1.1762 | grad = 0.2782
step  11500 | loss = -1.4076 | g_L = +1.4076 | EMA = +1.3171 | std(g_L) = 1.1621 | grad = 0.1713
step  11520 | loss = -1.1917 | g_L = +1.1917 | EMA = +1.3364 | std(g_L) = 1.5152 | grad = 0.1412
step  11540 | loss = -1.2392 | g_L = +1.2392 | EMA = +1.3120 | std(g_L) = 1.4147 | grad = 0.4452
step  11560 | loss = -1.3526 | g_L = +1.3526 | EMA = +1.3335 | std(g_L) = 1.1639 | grad = 0.1448
step  11580 | loss = -1.1864 | g_L = +1.1864 | EMA = +1.3510 | std(g_L) = 1.5943 | grad = 0.2650
step  11600 | loss = -1.2684 | g_L = +1.2684 | EMA = +1.3472 | std(g_L) = 1.3269 | grad = 0.2853
step  11620 | loss = -1.3436 | g_L = +1.3436 | EMA = +1.3402 | std(g_L) = 1.1657 | grad = 0.3510
step  11640 | loss = -1.3267 | g_L = +1.3267 | EMA = +1.3358 | std(g_L) = 1.1001 | grad = 0.3002
step  11660 | loss = -1.5301 | g_L = +1.5301 | EMA = +1.3568 | std(g_L) = 1.1080 | grad = 0.2534
step  11680 | loss = -1.4522 | g_L = +1.4522 | EMA = +1.3366 | std(g_L) = 1.1328 | grad = 0.0783
step  11700 | loss = -1.4273 | g_L = +1.4273 | EMA = +1.3412 | std(g_L) = 1.0804 | grad = 0.2349
step  11720 | loss = -1.2057 | g_L = +1.2057 | EMA = +1.3393 | std(g_L) = 1.6959 | grad = 0.4094
step  11740 | loss = -1.4660 | g_L = +1.4660 | EMA = +1.3458 | std(g_L) = 1.0182 | grad = 0.5268
step  11760 | loss = -1.2177 | g_L = +1.2177 | EMA = +1.3378 | std(g_L) = 1.7333 | grad = 0.2745
step  11780 | loss = -1.2917 | g_L = +1.2917 | EMA = +1.3675 | std(g_L) = 1.2067 | grad = 0.2691
step  11800 | loss = -1.3050 | g_L = +1.3050 | EMA = +1.3585 | std(g_L) = 1.0989 | grad = 0.3282
step  11820 | loss = -1.2692 | g_L = +1.2692 | EMA = +1.3537 | std(g_L) = 1.3420 | grad = 0.2033
step  11840 | loss = -1.4880 | g_L = +1.4880 | EMA = +1.3520 | std(g_L) = 1.0745 | grad = 0.2618
step  11860 | loss = -1.3068 | g_L = +1.3068 | EMA = +1.3434 | std(g_L) = 1.2928 | grad = 0.1754
step  11880 | loss = -1.4244 | g_L = +1.4244 | EMA = +1.3355 | std(g_L) = 1.0147 | grad = 0.2453
step  11900 | loss = -1.2238 | g_L = +1.2238 | EMA = +1.3374 | std(g_L) = 1.3721 | grad = 0.1256
step  11920 | loss = -1.4070 | g_L = +1.4070 | EMA = +1.3383 | std(g_L) = 1.1484 | grad = 0.3627
step  11940 | loss = -1.3743 | g_L = +1.3743 | EMA = +1.3564 | std(g_L) = 1.0127 | grad = 0.1833
step  11960 | loss = -1.3792 | g_L = +1.3792 | EMA = +1.3808 | std(g_L) = 1.1469 | grad = 0.4807
step  11980 | loss = -1.3174 | g_L = +1.3174 | EMA = +1.3618 | std(g_L) = 1.3815 | grad = 0.3188
step  12000 | loss = -1.2874 | g_L = +1.2874 | EMA = +1.3657 | std(g_L) = 1.2270 | grad = 0.4433
step  12020 | loss = -1.2227 | g_L = +1.2227 | EMA = +1.3653 | std(g_L) = 1.1569 | grad = 0.2000
step  12040 | loss = -1.3523 | g_L = +1.3523 | EMA = +1.3418 | std(g_L) = 1.1390 | grad = 0.1772
step  12060 | loss = -1.3327 | g_L = +1.3327 | EMA = +1.3471 | std(g_L) = 1.2042 | grad = 0.1801
step  12080 | loss = -1.2461 | g_L = +1.2461 | EMA = +1.3485 | std(g_L) = 1.1773 | grad = 0.2223
step  12100 | loss = -1.6006 | g_L = +1.6006 | EMA = +1.3343 | std(g_L) = 1.0701 | grad = 0.2474
step  12120 | loss = -1.3180 | g_L = +1.3180 | EMA = +1.3544 | std(g_L) = 1.1207 | grad = 0.2325
step  12140 | loss = -1.3881 | g_L = +1.3881 | EMA = +1.3494 | std(g_L) = 1.1747 | grad = 0.1115
step  12160 | loss = -1.2764 | g_L = +1.2764 | EMA = +1.3341 | std(g_L) = 1.0363 | grad = 0.1657
step  12180 | loss = -1.3804 | g_L = +1.3804 | EMA = +1.3370 | std(g_L) = 1.2342 | grad = 0.1782
step  12200 | loss = -1.4324 | g_L = +1.4324 | EMA = +1.3561 | std(g_L) = 1.1507 | grad = 0.2462
step  12220 | loss = -1.3845 | g_L = +1.3845 | EMA = +1.3631 | std(g_L) = 1.0299 | grad = 0.2255
step  12240 | loss = -1.3203 | g_L = +1.3203 | EMA = +1.3705 | std(g_L) = 1.1180 | grad = 0.1500
step  12260 | loss = -1.1965 | g_L = +1.1965 | EMA = +1.3631 | std(g_L) = 1.4487 | grad = 0.3980
step  12280 | loss = -1.3050 | g_L = +1.3050 | EMA = +1.3547 | std(g_L) = 1.2144 | grad = 0.3277
step  12300 | loss = -1.3827 | g_L = +1.3827 | EMA = +1.3333 | std(g_L) = 1.3171 | grad = 0.2756
step  12320 | loss = -1.3710 | g_L = +1.3710 | EMA = +1.3411 | std(g_L) = 1.1012 | grad = 0.1721
step  12340 | loss = -1.3517 | g_L = +1.3517 | EMA = +1.3686 | std(g_L) = 1.3465 | grad = 0.5348
step  12360 | loss = -1.2829 | g_L = +1.2829 | EMA = +1.3814 | std(g_L) = 1.2839 | grad = 0.4256
step  12380 | loss = -1.5160 | g_L = +1.5160 | EMA = +1.3765 | std(g_L) = 1.0958 | grad = 0.2836
step  12400 | loss = -1.3077 | g_L = +1.3077 | EMA = +1.3518 | std(g_L) = 1.0127 | grad = 0.2865
step  12420 | loss = -1.2004 | g_L = +1.2004 | EMA = +1.3089 | std(g_L) = 1.3967 | grad = 0.3800
step  12440 | loss = -1.3668 | g_L = +1.3668 | EMA = +1.3227 | std(g_L) = 1.1128 | grad = 0.2097
step  12460 | loss = -1.3126 | g_L = +1.3126 | EMA = +1.3143 | std(g_L) = 1.2121 | grad = 0.1635
step  12480 | loss = -1.3869 | g_L = +1.3869 | EMA = +1.3435 | std(g_L) = 1.7382 | grad = 0.1315
step  12500 | loss = -1.4195 | g_L = +1.4195 | EMA = +1.3341 | std(g_L) = 1.0253 | grad = 0.3462
step  12520 | loss = -1.3588 | g_L = +1.3588 | EMA = +1.3541 | std(g_L) = 1.0600 | grad = 0.2227
step  12540 | loss = -1.4195 | g_L = +1.4195 | EMA = +1.3698 | std(g_L) = 1.1519 | grad = 0.1337
step  12560 | loss = -1.1560 | g_L = +1.1560 | EMA = +1.3418 | std(g_L) = 1.4161 | grad = 0.3562
step  12580 | loss = -1.4591 | g_L = +1.4591 | EMA = +1.3768 | std(g_L) = 1.1423 | grad = 0.3219
step  12600 | loss = -1.3017 | g_L = +1.3017 | EMA = +1.3694 | std(g_L) = 1.0775 | grad = 0.1889
step  12620 | loss = -1.4393 | g_L = +1.4393 | EMA = +1.3598 | std(g_L) = 1.2665 | grad = 0.1999
step  12640 | loss = -1.3556 | g_L = +1.3556 | EMA = +1.3593 | std(g_L) = 1.0820 | grad = 0.1938
step  12660 | loss = -1.2260 | g_L = +1.2260 | EMA = +1.3396 | std(g_L) = 1.3367 | grad = 0.3157
step  12680 | loss = -1.2892 | g_L = +1.2892 | EMA = +1.3221 | std(g_L) = 0.9842 | grad = 0.1950
step  12700 | loss = -1.2678 | g_L = +1.2678 | EMA = +1.3261 | std(g_L) = 1.2868 | grad = 0.1589
step  12720 | loss = -1.4314 | g_L = +1.4314 | EMA = +1.3565 | std(g_L) = 1.1443 | grad = 0.1883
step  12740 | loss = -1.4292 | g_L = +1.4292 | EMA = +1.3573 | std(g_L) = 1.1919 | grad = 0.4791
step  12760 | loss = -1.1408 | g_L = +1.1408 | EMA = +1.3212 | std(g_L) = 1.4855 | grad = 0.2567
step  12780 | loss = -1.5058 | g_L = +1.5058 | EMA = +1.3172 | std(g_L) = 1.0137 | grad = 0.1110
step  12800 | loss = -1.3074 | g_L = +1.3074 | EMA = +1.3168 | std(g_L) = 1.3895 | grad = 0.2650
step  12820 | loss = -1.4861 | g_L = +1.4861 | EMA = +1.3555 | std(g_L) = 0.9500 | grad = 0.1510
step  12840 | loss = -1.2005 | g_L = +1.2005 | EMA = +1.3274 | std(g_L) = 1.1799 | grad = 0.2602
step  12860 | loss = -1.4847 | g_L = +1.4847 | EMA = +1.3600 | std(g_L) = 1.0884 | grad = 0.3392
step  12880 | loss = -1.2412 | g_L = +1.2412 | EMA = +1.3546 | std(g_L) = 1.4342 | grad = 0.3688
step  12900 | loss = -1.4094 | g_L = +1.4094 | EMA = +1.3537 | std(g_L) = 1.4552 | grad = 0.1167
step  12920 | loss = -1.4734 | g_L = +1.4734 | EMA = +1.3737 | std(g_L) = 1.0341 | grad = 0.3015
step  12940 | loss = -1.4353 | g_L = +1.4353 | EMA = +1.3659 | std(g_L) = 1.0224 | grad = 0.3302
step  12960 | loss = -1.5235 | g_L = +1.5235 | EMA = +1.3798 | std(g_L) = 1.1859 | grad = 0.2136
step  12980 | loss = -1.3768 | g_L = +1.3768 | EMA = +1.3539 | std(g_L) = 1.1366 | grad = 0.2598
step  13000 | loss = -1.3932 | g_L = +1.3932 | EMA = +1.3497 | std(g_L) = 1.2912 | grad = 0.4170
step  13020 | loss = -1.3847 | g_L = +1.3847 | EMA = +1.3550 | std(g_L) = 1.1125 | grad = 0.4036
step  13040 | loss = -1.4829 | g_L = +1.4829 | EMA = +1.3353 | std(g_L) = 1.1064 | grad = 0.2369
step  13060 | loss = -1.2530 | g_L = +1.2530 | EMA = +1.2966 | std(g_L) = 1.0626 | grad = 0.1245
step  13080 | loss = -1.3294 | g_L = +1.3294 | EMA = +1.3224 | std(g_L) = 0.9866 | grad = 0.1599
step  13100 | loss = -1.1851 | g_L = +1.1851 | EMA = +1.3422 | std(g_L) = 1.2463 | grad = 0.4373
step  13120 | loss = -1.4392 | g_L = +1.4392 | EMA = +1.3306 | std(g_L) = 0.9289 | grad = 0.2777
step  13140 | loss = -1.2660 | g_L = +1.2660 | EMA = +1.3341 | std(g_L) = 1.1250 | grad = 0.3161
step  13160 | loss = -1.2876 | g_L = +1.2876 | EMA = +1.3423 | std(g_L) = 1.2379 | grad = 0.1702
step  13180 | loss = -1.4156 | g_L = +1.4156 | EMA = +1.3359 | std(g_L) = 1.1547 | grad = 0.2747
step  13200 | loss = -1.3427 | g_L = +1.3427 | EMA = +1.3520 | std(g_L) = 1.4118 | grad = 0.2717
step  13220 | loss = -1.3757 | g_L = +1.3757 | EMA = +1.3304 | std(g_L) = 1.1520 | grad = 0.3439
step  13240 | loss = -1.4930 | g_L = +1.4930 | EMA = +1.3280 | std(g_L) = 1.0420 | grad = 0.3227
step  13260 | loss = -1.4563 | g_L = +1.4563 | EMA = +1.3675 | std(g_L) = 1.0962 | grad = 0.1776
step  13280 | loss = -1.2082 | g_L = +1.2082 | EMA = +1.3455 | std(g_L) = 1.4717 | grad = 0.4277
step  13300 | loss = -1.4908 | g_L = +1.4908 | EMA = +1.3707 | std(g_L) = 1.2482 | grad = 0.1679
step  13320 | loss = -1.3286 | g_L = +1.3286 | EMA = +1.3441 | std(g_L) = 1.2132 | grad = 0.4347
step  13340 | loss = -1.4263 | g_L = +1.4263 | EMA = +1.3571 | std(g_L) = 1.1966 | grad = 0.3210
step  13360 | loss = -1.3719 | g_L = +1.3719 | EMA = +1.3428 | std(g_L) = 1.0950 | grad = 0.1988
step  13380 | loss = -1.1614 | g_L = +1.1614 | EMA = +1.3468 | std(g_L) = 1.5522 | grad = 0.2752
step  13400 | loss = -1.3646 | g_L = +1.3646 | EMA = +1.3420 | std(g_L) = 1.1015 | grad = 0.5135
step  13420 | loss = -1.3032 | g_L = +1.3032 | EMA = +1.3306 | std(g_L) = 1.1079 | grad = 0.2090
step  13440 | loss = -1.2922 | g_L = +1.2922 | EMA = +1.3385 | std(g_L) = 1.1736 | grad = 0.1348
step  13460 | loss = -1.2069 | g_L = +1.2069 | EMA = +1.3223 | std(g_L) = 1.1856 | grad = 0.1332
step  13480 | loss = -1.3384 | g_L = +1.3384 | EMA = +1.3391 | std(g_L) = 1.2694 | grad = 0.0812
step  13500 | loss = -1.5139 | g_L = +1.5139 | EMA = +1.3600 | std(g_L) = 1.0337 | grad = 0.2811
step  13520 | loss = -1.3920 | g_L = +1.3920 | EMA = +1.3462 | std(g_L) = 1.0962 | grad = 0.2717
step  13540 | loss = -1.4580 | g_L = +1.4580 | EMA = +1.3464 | std(g_L) = 1.0675 | grad = 0.3108
step  13560 | loss = -1.3196 | g_L = +1.3196 | EMA = +1.3482 | std(g_L) = 1.6297 | grad = 0.2924
step  13580 | loss = -1.1654 | g_L = +1.1654 | EMA = +1.3620 | std(g_L) = 1.3643 | grad = 0.2230
step  13600 | loss = -1.4991 | g_L = +1.4991 | EMA = +1.3531 | std(g_L) = 1.2793 | grad = 0.5565
step  13620 | loss = -1.4605 | g_L = +1.4605 | EMA = +1.3626 | std(g_L) = 1.0340 | grad = 0.4842
step  13640 | loss = -1.2260 | g_L = +1.2260 | EMA = +1.3438 | std(g_L) = 1.1119 | grad = 0.2856
step  13660 | loss = -1.2192 | g_L = +1.2192 | EMA = +1.3431 | std(g_L) = 1.4546 | grad = 0.1586
step  13680 | loss = -1.4383 | g_L = +1.4383 | EMA = +1.3605 | std(g_L) = 1.0225 | grad = 0.1542
step  13700 | loss = -1.4130 | g_L = +1.4130 | EMA = +1.3367 | std(g_L) = 1.2510 | grad = 0.2309
step  13720 | loss = -1.2165 | g_L = +1.2165 | EMA = +1.3187 | std(g_L) = 1.1255 | grad = 0.3905
step  13740 | loss = -1.4561 | g_L = +1.4561 | EMA = +1.3390 | std(g_L) = 1.0797 | grad = 0.4492
step  13760 | loss = -1.3844 | g_L = +1.3844 | EMA = +1.3427 | std(g_L) = 1.3113 | grad = 0.2182
step  13780 | loss = -1.3416 | g_L = +1.3416 | EMA = +1.3511 | std(g_L) = 1.0791 | grad = 0.3358
step  13800 | loss = -1.1730 | g_L = +1.1730 | EMA = +1.3532 | std(g_L) = 1.2351 | grad = 0.2026
step  13820 | loss = -1.3550 | g_L = +1.3550 | EMA = +1.3465 | std(g_L) = 1.1210 | grad = 0.5459
step  13840 | loss = -1.4980 | g_L = +1.4980 | EMA = +1.3712 | std(g_L) = 1.2366 | grad = 0.2543
step  13860 | loss = -1.3047 | g_L = +1.3047 | EMA = +1.3633 | std(g_L) = 1.2412 | grad = 0.1973
step  13880 | loss = -1.3417 | g_L = +1.3417 | EMA = +1.3526 | std(g_L) = 1.0496 | grad = 0.2143
step  13900 | loss = -1.2730 | g_L = +1.2730 | EMA = +1.3209 | std(g_L) = 1.4088 | grad = 0.4991
step  13920 | loss = -1.2494 | g_L = +1.2494 | EMA = +1.3281 | std(g_L) = 1.4317 | grad = 0.3155
step  13940 | loss = -1.2631 | g_L = +1.2631 | EMA = +1.3412 | std(g_L) = 1.3174 | grad = 0.1451
step  13960 | loss = -1.3133 | g_L = +1.3133 | EMA = +1.3586 | std(g_L) = 1.0548 | grad = 0.1690
step  13980 | loss = -1.2613 | g_L = +1.2613 | EMA = +1.3486 | std(g_L) = 1.2383 | grad = 0.2942
step  14000 | loss = -1.2832 | g_L = +1.2832 | EMA = +1.3303 | std(g_L) = 1.0382 | grad = 0.2290
step  14020 | loss = -1.4854 | g_L = +1.4854 | EMA = +1.3395 | std(g_L) = 1.1996 | grad = 0.2021
step  14040 | loss = -1.3376 | g_L = +1.3376 | EMA = +1.3275 | std(g_L) = 1.2084 | grad = 0.4143
step  14060 | loss = -1.3640 | g_L = +1.3640 | EMA = +1.3526 | std(g_L) = 1.1166 | grad = 0.4788
step  14080 | loss = -1.2706 | g_L = +1.2706 | EMA = +1.3533 | std(g_L) = 1.1250 | grad = 0.4143
step  14100 | loss = -1.3115 | g_L = +1.3115 | EMA = +1.3459 | std(g_L) = 1.1750 | grad = 0.1783
step  14120 | loss = -1.3130 | g_L = +1.3130 | EMA = +1.3401 | std(g_L) = 1.3573 | grad = 0.1296
step  14140 | loss = -1.3178 | g_L = +1.3178 | EMA = +1.3288 | std(g_L) = 1.2105 | grad = 0.3877
step  14160 | loss = -1.3257 | g_L = +1.3257 | EMA = +1.3262 | std(g_L) = 1.1960 | grad = 0.3721
step  14180 | loss = -1.3716 | g_L = +1.3716 | EMA = +1.3315 | std(g_L) = 1.2062 | grad = 0.1807
step  14200 | loss = -1.3418 | g_L = +1.3418 | EMA = +1.3600 | std(g_L) = 1.0260 | grad = 0.3734
step  14220 | loss = -1.1920 | g_L = +1.1920 | EMA = +1.3370 | std(g_L) = 1.2624 | grad = 0.1550
step  14240 | loss = -1.2217 | g_L = +1.2217 | EMA = +1.3447 | std(g_L) = 1.2416 | grad = 0.4864
step  14260 | loss = -1.2148 | g_L = +1.2148 | EMA = +1.3651 | std(g_L) = 1.3309 | grad = 0.4659
step  14280 | loss = -1.1893 | g_L = +1.1893 | EMA = +1.3425 | std(g_L) = 1.1556 | grad = 0.2687
step  14300 | loss = -1.3218 | g_L = +1.3218 | EMA = +1.3482 | std(g_L) = 1.1771 | grad = 0.2390
step  14320 | loss = -1.4640 | g_L = +1.4640 | EMA = +1.3372 | std(g_L) = 0.9772 | grad = 0.1815
step  14340 | loss = -1.2655 | g_L = +1.2655 | EMA = +1.3555 | std(g_L) = 1.0288 | grad = 0.3663
step  14360 | loss = -1.4265 | g_L = +1.4265 | EMA = +1.3307 | std(g_L) = 1.1954 | grad = 0.2752
step  14380 | loss = -1.2548 | g_L = +1.2548 | EMA = +1.3564 | std(g_L) = 1.0925 | grad = 0.3090
step  14400 | loss = -1.3302 | g_L = +1.3302 | EMA = +1.3308 | std(g_L) = 1.3439 | grad = 0.3235
step  14420 | loss = -1.4981 | g_L = +1.4981 | EMA = +1.3734 | std(g_L) = 0.9842 | grad = 0.1391
step  14440 | loss = -1.3834 | g_L = +1.3834 | EMA = +1.3553 | std(g_L) = 1.2597 | grad = 0.2554
step  14460 | loss = -1.3333 | g_L = +1.3333 | EMA = +1.3571 | std(g_L) = 1.2095 | grad = 0.2435
step  14480 | loss = -1.4844 | g_L = +1.4844 | EMA = +1.3486 | std(g_L) = 1.0425 | grad = 0.2772
step  14500 | loss = -1.3308 | g_L = +1.3308 | EMA = +1.3268 | std(g_L) = 1.1311 | grad = 0.4051
step  14520 | loss = -1.4844 | g_L = +1.4844 | EMA = +1.3579 | std(g_L) = 1.1206 | grad = 0.2557
step  14540 | loss = -1.3096 | g_L = +1.3096 | EMA = +1.3295 | std(g_L) = 1.6667 | grad = 0.2746
step  14560 | loss = -1.4136 | g_L = +1.4136 | EMA = +1.3417 | std(g_L) = 1.1997 | grad = 0.1570
step  14580 | loss = -1.4492 | g_L = +1.4492 | EMA = +1.3462 | std(g_L) = 1.1694 | grad = 0.2912
step  14600 | loss = -1.3513 | g_L = +1.3513 | EMA = +1.3240 | std(g_L) = 1.1551 | grad = 0.1665
step  14620 | loss = -1.4217 | g_L = +1.4217 | EMA = +1.3467 | std(g_L) = 1.4094 | grad = 0.3254
step  14640 | loss = -1.3916 | g_L = +1.3916 | EMA = +1.3590 | std(g_L) = 1.2076 | grad = 0.3550
step  14660 | loss = -1.3990 | g_L = +1.3990 | EMA = +1.3526 | std(g_L) = 1.0059 | grad = 0.2702
step  14680 | loss = -1.4672 | g_L = +1.4672 | EMA = +1.3719 | std(g_L) = 1.0862 | grad = 0.2894
step  14700 | loss = -1.2907 | g_L = +1.2907 | EMA = +1.3267 | std(g_L) = 1.3364 | grad = 0.2555
step  14720 | loss = -1.2114 | g_L = +1.2114 | EMA = +1.3531 | std(g_L) = 1.2648 | grad = 0.5047
step  14740 | loss = -1.3007 | g_L = +1.3007 | EMA = +1.3532 | std(g_L) = 1.0244 | grad = 0.2369
step  14760 | loss = -1.3825 | g_L = +1.3825 | EMA = +1.3563 | std(g_L) = 1.2942 | grad = 0.3240
step  14780 | loss = -1.2233 | g_L = +1.2233 | EMA = +1.3454 | std(g_L) = 1.1531 | grad = 0.5027
step  14800 | loss = -1.3370 | g_L = +1.3370 | EMA = +1.3575 | std(g_L) = 1.3516 | grad = 0.2478
step  14820 | loss = -1.3046 | g_L = +1.3046 | EMA = +1.3402 | std(g_L) = 1.2934 | grad = 0.3880
step  14840 | loss = -1.3055 | g_L = +1.3055 | EMA = +1.3492 | std(g_L) = 1.0311 | grad = 0.3342
step  14860 | loss = -1.1403 | g_L = +1.1403 | EMA = +1.3298 | std(g_L) = 1.7366 | grad = 0.5365
step  14880 | loss = -1.3813 | g_L = +1.3813 | EMA = +1.3460 | std(g_L) = 1.1595 | grad = 0.2000
step  14900 | loss = -1.3769 | g_L = +1.3769 | EMA = +1.3424 | std(g_L) = 1.7443 | grad = 0.2681
step  14920 | loss = -1.4246 | g_L = +1.4246 | EMA = +1.3592 | std(g_L) = 1.1112 | grad = 0.2850
step  14940 | loss = -1.3674 | g_L = +1.3674 | EMA = +1.3637 | std(g_L) = 1.2539 | grad = 0.4335
step  14960 | loss = -1.4524 | g_L = +1.4524 | EMA = +1.3444 | std(g_L) = 1.2166 | grad = 0.1977
step  14980 | loss = -1.2866 | g_L = +1.2866 | EMA = +1.3455 | std(g_L) = 1.3266 | grad = 0.0982
step  15000 | loss = -1.3871 | g_L = +1.3871 | EMA = +1.3415 | std(g_L) = 1.1174 | grad = 0.4170
step  15020 | loss = -1.1675 | g_L = +1.1675 | EMA = +1.3430 | std(g_L) = 1.2687 | grad = 0.2121
step  15040 | loss = -1.2855 | g_L = +1.2855 | EMA = +1.3554 | std(g_L) = 1.1948 | grad = 0.3338
step  15060 | loss = -1.2874 | g_L = +1.2874 | EMA = +1.3608 | std(g_L) = 1.5006 | grad = 0.3704
step  15080 | loss = -1.4467 | g_L = +1.4467 | EMA = +1.3677 | std(g_L) = 1.1899 | grad = 0.1271
step  15100 | loss = -1.2743 | g_L = +1.2743 | EMA = +1.3581 | std(g_L) = 1.2910 | grad = 0.3699
step  15120 | loss = -1.3558 | g_L = +1.3558 | EMA = +1.3251 | std(g_L) = 1.2182 | grad = 0.1757
step  15140 | loss = -1.5321 | g_L = +1.5321 | EMA = +1.3496 | std(g_L) = 1.1504 | grad = 0.1538
step  15160 | loss = -1.4903 | g_L = +1.4903 | EMA = +1.3530 | std(g_L) = 1.1467 | grad = 0.2886
step  15180 | loss = -1.2018 | g_L = +1.2018 | EMA = +1.3342 | std(g_L) = 1.2296 | grad = 0.3192
step  15200 | loss = -1.4085 | g_L = +1.4085 | EMA = +1.3708 | std(g_L) = 1.0529 | grad = 0.2473
step  15220 | loss = -1.3649 | g_L = +1.3649 | EMA = +1.3659 | std(g_L) = 1.1260 | grad = 0.2976
step  15240 | loss = -1.4604 | g_L = +1.4604 | EMA = +1.3669 | std(g_L) = 1.0380 | grad = 0.2186
step  15260 | loss = -1.5329 | g_L = +1.5329 | EMA = +1.3619 | std(g_L) = 1.0365 | grad = 0.3561
step  15280 | loss = -1.3509 | g_L = +1.3509 | EMA = +1.3534 | std(g_L) = 1.5025 | grad = 0.2570
step  15300 | loss = -1.1538 | g_L = +1.1538 | EMA = +1.3266 | std(g_L) = 1.2095 | grad = 0.5217
step  15320 | loss = -1.3446 | g_L = +1.3446 | EMA = +1.3457 | std(g_L) = 1.2301 | grad = 0.4674
step  15340 | loss = -1.4589 | g_L = +1.4589 | EMA = +1.3827 | std(g_L) = 1.2660 | grad = 0.1493
step  15360 | loss = -1.2804 | g_L = +1.2804 | EMA = +1.3867 | std(g_L) = 1.1970 | grad = 0.5179
step  15380 | loss = -1.2849 | g_L = +1.2849 | EMA = +1.3454 | std(g_L) = 1.0432 | grad = 0.5538
step  15400 | loss = -1.1652 | g_L = +1.1652 | EMA = +1.3457 | std(g_L) = 1.5059 | grad = 0.4045
step  15420 | loss = -1.4524 | g_L = +1.4524 | EMA = +1.3351 | std(g_L) = 1.0762 | grad = 0.3396
step  15440 | loss = -1.4832 | g_L = +1.4832 | EMA = +1.3625 | std(g_L) = 1.0208 | grad = 0.2741
step  15460 | loss = -1.3487 | g_L = +1.3487 | EMA = +1.3525 | std(g_L) = 1.4128 | grad = 0.3675
step  15480 | loss = -1.4593 | g_L = +1.4593 | EMA = +1.3653 | std(g_L) = 1.0257 | grad = 0.3100
step  15500 | loss = -1.3180 | g_L = +1.3180 | EMA = +1.3545 | std(g_L) = 1.0944 | grad = 0.2008
step  15520 | loss = -1.4447 | g_L = +1.4447 | EMA = +1.3447 | std(g_L) = 1.3608 | grad = 0.2924
step  15540 | loss = -1.2829 | g_L = +1.2829 | EMA = +1.3418 | std(g_L) = 1.1544 | grad = 0.2988
step  15560 | loss = -1.3753 | g_L = +1.3753 | EMA = +1.3484 | std(g_L) = 1.2902 | grad = 0.2364
step  15580 | loss = -1.2411 | g_L = +1.2411 | EMA = +1.3389 | std(g_L) = 1.2365 | grad = 0.2234
step  15600 | loss = -1.1554 | g_L = +1.1554 | EMA = +1.3375 | std(g_L) = 1.2949 | grad = 0.2397
step  15620 | loss = -1.2924 | g_L = +1.2924 | EMA = +1.3605 | std(g_L) = 1.5657 | grad = 0.2286
step  15640 | loss = -1.3581 | g_L = +1.3581 | EMA = +1.3668 | std(g_L) = 1.0977 | grad = 0.1940
step  15660 | loss = -1.4906 | g_L = +1.4906 | EMA = +1.3558 | std(g_L) = 1.1435 | grad = 0.3733
step  15680 | loss = -1.4010 | g_L = +1.4010 | EMA = +1.3537 | std(g_L) = 1.4050 | grad = 0.2482
step  15700 | loss = -1.3818 | g_L = +1.3818 | EMA = +1.3631 | std(g_L) = 1.2761 | grad = 0.0948
step  15720 | loss = -1.2473 | g_L = +1.2473 | EMA = +1.3370 | std(g_L) = 1.2269 | grad = 0.1457
step  15740 | loss = -1.2417 | g_L = +1.2417 | EMA = +1.3317 | std(g_L) = 1.1696 | grad = 0.1478
step  15760 | loss = -1.4123 | g_L = +1.4123 | EMA = +1.3564 | std(g_L) = 1.2732 | grad = 0.5021
step  15780 | loss = -1.3916 | g_L = +1.3916 | EMA = +1.3543 | std(g_L) = 1.1443 | grad = 0.2643
step  15800 | loss = -1.3171 | g_L = +1.3171 | EMA = +1.3746 | std(g_L) = 1.3450 | grad = 0.3264
step  15820 | loss = -1.4179 | g_L = +1.4179 | EMA = +1.3631 | std(g_L) = 1.1962 | grad = 0.3115
step  15840 | loss = -1.3695 | g_L = +1.3695 | EMA = +1.3629 | std(g_L) = 1.2418 | grad = 0.2794
step  15860 | loss = -1.4438 | g_L = +1.4438 | EMA = +1.3579 | std(g_L) = 1.1844 | grad = 0.2293
step  15880 | loss = -1.4319 | g_L = +1.4319 | EMA = +1.3533 | std(g_L) = 1.1560 | grad = 0.1930
step  15900 | loss = -1.3750 | g_L = +1.3750 | EMA = +1.3553 | std(g_L) = 1.3659 | grad = 0.1522
step  15920 | loss = -1.4086 | g_L = +1.4086 | EMA = +1.3751 | std(g_L) = 1.2048 | grad = 0.1580
step  15940 | loss = -1.3587 | g_L = +1.3587 | EMA = +1.3546 | std(g_L) = 1.0563 | grad = 0.1049
step  15960 | loss = -1.2035 | g_L = +1.2035 | EMA = +1.3533 | std(g_L) = 1.5016 | grad = 0.0975
step  15980 | loss = -1.3679 | g_L = +1.3679 | EMA = +1.3662 | std(g_L) = 1.1718 | grad = 0.2318
step  16000 | loss = -1.2805 | g_L = +1.2805 | EMA = +1.3337 | std(g_L) = 1.3598 | grad = 0.2329
step  16020 | loss = -1.5134 | g_L = +1.5134 | EMA = +1.3558 | std(g_L) = 1.1843 | grad = 0.2129
step  16040 | loss = -1.4325 | g_L = +1.4325 | EMA = +1.3686 | std(g_L) = 1.2119 | grad = 0.0662
step  16060 | loss = -1.3107 | g_L = +1.3107 | EMA = +1.3629 | std(g_L) = 1.1787 | grad = 0.1412
step  16080 | loss = -1.3097 | g_L = +1.3097 | EMA = +1.3570 | std(g_L) = 1.5000 | grad = 0.4847
step  16100 | loss = -1.4174 | g_L = +1.4174 | EMA = +1.3443 | std(g_L) = 1.4667 | grad = 0.3252
step  16120 | loss = -1.1655 | g_L = +1.1655 | EMA = +1.3174 | std(g_L) = 1.4052 | grad = 0.5475
step  16140 | loss = -1.4506 | g_L = +1.4506 | EMA = +1.3405 | std(g_L) = 1.1865 | grad = 0.3490
step  16160 | loss = -1.2175 | g_L = +1.2175 | EMA = +1.3057 | std(g_L) = 1.2757 | grad = 0.1907
step  16180 | loss = -1.3641 | g_L = +1.3641 | EMA = +1.3631 | std(g_L) = 1.0245 | grad = 0.0874
step  16200 | loss = -1.3575 | g_L = +1.3575 | EMA = +1.3424 | std(g_L) = 1.1978 | grad = 0.3065
step  16220 | loss = -1.3568 | g_L = +1.3568 | EMA = +1.3735 | std(g_L) = 1.1183 | grad = 0.3574
step  16240 | loss = -1.4934 | g_L = +1.4934 | EMA = +1.3699 | std(g_L) = 1.2381 | grad = 0.2508
step  16260 | loss = -1.4623 | g_L = +1.4623 | EMA = +1.3684 | std(g_L) = 1.1117 | grad = 0.3381
step  16280 | loss = -1.4261 | g_L = +1.4261 | EMA = +1.3610 | std(g_L) = 1.2346 | grad = 0.2653
step  16300 | loss = -1.2170 | g_L = +1.2170 | EMA = +1.3438 | std(g_L) = 1.4843 | grad = 0.1430
step  16320 | loss = -1.2403 | g_L = +1.2403 | EMA = +1.3451 | std(g_L) = 1.2303 | grad = 0.2255
step  16340 | loss = -1.4199 | g_L = +1.4199 | EMA = +1.3901 | std(g_L) = 0.9697 | grad = 0.4187
step  16360 | loss = -1.5220 | g_L = +1.5220 | EMA = +1.3742 | std(g_L) = 1.0187 | grad = 0.6242
step  16380 | loss = -1.3138 | g_L = +1.3138 | EMA = +1.3662 | std(g_L) = 1.1638 | grad = 0.2261
step  16400 | loss = -1.6091 | g_L = +1.6091 | EMA = +1.3883 | std(g_L) = 1.2180 | grad = 0.2294
step  16420 | loss = -1.3108 | g_L = +1.3108 | EMA = +1.3463 | std(g_L) = 1.2068 | grad = 0.3465
step  16440 | loss = -1.4794 | g_L = +1.4794 | EMA = +1.3723 | std(g_L) = 1.1233 | grad = 0.1966
step  16460 | loss = -1.3968 | g_L = +1.3968 | EMA = +1.3679 | std(g_L) = 1.1137 | grad = 0.2275
step  16480 | loss = -1.4760 | g_L = +1.4760 | EMA = +1.3941 | std(g_L) = 1.1554 | grad = 0.4208
step  16500 | loss = -1.3202 | g_L = +1.3202 | EMA = +1.3718 | std(g_L) = 1.1855 | grad = 0.3665
step  16520 | loss = -1.3891 | g_L = +1.3891 | EMA = +1.3677 | std(g_L) = 1.0687 | grad = 0.1630
step  16540 | loss = -1.2759 | g_L = +1.2759 | EMA = +1.3969 | std(g_L) = 1.0080 | grad = 0.1360
step  16560 | loss = -1.4261 | g_L = +1.4261 | EMA = +1.3724 | std(g_L) = 1.1033 | grad = 0.3716
step  16580 | loss = -1.5314 | g_L = +1.5314 | EMA = +1.3759 | std(g_L) = 1.1554 | grad = 0.2245
step  16600 | loss = -1.3705 | g_L = +1.3705 | EMA = +1.3659 | std(g_L) = 1.2606 | grad = 0.2287
step  16620 | loss = -1.4471 | g_L = +1.4471 | EMA = +1.3487 | std(g_L) = 1.0336 | grad = 0.3712
step  16640 | loss = -1.4927 | g_L = +1.4927 | EMA = +1.3446 | std(g_L) = 1.0750 | grad = 0.1586
step  16660 | loss = -1.4163 | g_L = +1.4163 | EMA = +1.3400 | std(g_L) = 1.0771 | grad = 0.4019
step  16680 | loss = -1.2939 | g_L = +1.2939 | EMA = +1.3532 | std(g_L) = 1.2672 | grad = 0.5096
step  16700 | loss = -1.3889 | g_L = +1.3889 | EMA = +1.3714 | std(g_L) = 1.3535 | grad = 0.1750
step  16720 | loss = -1.3705 | g_L = +1.3705 | EMA = +1.3629 | std(g_L) = 1.1118 | grad = 0.1202
step  16740 | loss = -1.3218 | g_L = +1.3218 | EMA = +1.3616 | std(g_L) = 1.0310 | grad = 0.3729
step  16760 | loss = -1.3366 | g_L = +1.3366 | EMA = +1.3657 | std(g_L) = 1.3077 | grad = 0.2059
step  16780 | loss = -1.2241 | g_L = +1.2241 | EMA = +1.3365 | std(g_L) = 1.6002 | grad = 0.4976
step  16800 | loss = -1.4606 | g_L = +1.4606 | EMA = +1.3259 | std(g_L) = 1.4117 | grad = 0.1561
step  16820 | loss = -1.4418 | g_L = +1.4418 | EMA = +1.3370 | std(g_L) = 1.1098 | grad = 0.1357
step  16840 | loss = -1.4153 | g_L = +1.4153 | EMA = +1.3491 | std(g_L) = 1.2551 | grad = 0.2079
step  16860 | loss = -1.4936 | g_L = +1.4936 | EMA = +1.3777 | std(g_L) = 1.1493 | grad = 0.2708
step  16880 | loss = -1.4605 | g_L = +1.4605 | EMA = +1.3734 | std(g_L) = 1.2126 | grad = 0.2086
step  16900 | loss = -1.3960 | g_L = +1.3960 | EMA = +1.3813 | std(g_L) = 1.2109 | grad = 0.2863
step  16920 | loss = -1.3204 | g_L = +1.3204 | EMA = +1.3431 | std(g_L) = 1.0712 | grad = 0.7085
step  16940 | loss = -1.3983 | g_L = +1.3983 | EMA = +1.3669 | std(g_L) = 1.4718 | grad = 0.1927
step  16960 | loss = -1.3302 | g_L = +1.3302 | EMA = +1.3613 | std(g_L) = 1.3023 | grad = 0.4718
step  16980 | loss = -1.4015 | g_L = +1.4015 | EMA = +1.3442 | std(g_L) = 1.2810 | grad = 0.2054
step  17000 | loss = -1.3849 | g_L = +1.3849 | EMA = +1.3571 | std(g_L) = 1.1352 | grad = 0.3340
step  17020 | loss = -1.1984 | g_L = +1.1984 | EMA = +1.3284 | std(g_L) = 1.4047 | grad = 0.1772
step  17040 | loss = -1.4253 | g_L = +1.4253 | EMA = +1.3510 | std(g_L) = 1.3228 | grad = 0.2531
step  17060 | loss = -1.2563 | g_L = +1.2563 | EMA = +1.3353 | std(g_L) = 1.6381 | grad = 0.2278
step  17080 | loss = -1.2023 | g_L = +1.2023 | EMA = +1.3258 | std(g_L) = 1.5675 | grad = 0.4354
step  17100 | loss = -1.3238 | g_L = +1.3238 | EMA = +1.3487 | std(g_L) = 1.3635 | grad = 0.2648
step  17120 | loss = -1.3657 | g_L = +1.3657 | EMA = +1.3698 | std(g_L) = 1.2342 | grad = 0.6267
step  17140 | loss = -1.3807 | g_L = +1.3807 | EMA = +1.3462 | std(g_L) = 1.1764 | grad = 0.2248
step  17160 | loss = -1.4418 | g_L = +1.4418 | EMA = +1.3654 | std(g_L) = 1.2044 | grad = 0.2811
step  17180 | loss = -1.4431 | g_L = +1.4431 | EMA = +1.3504 | std(g_L) = 1.1750 | grad = 0.5661
step  17200 | loss = -1.3353 | g_L = +1.3353 | EMA = +1.3480 | std(g_L) = 1.2210 | grad = 0.1693
step  17220 | loss = -1.2851 | g_L = +1.2851 | EMA = +1.3691 | std(g_L) = 1.2266 | grad = 0.5700
step  17240 | loss = -1.5034 | g_L = +1.5034 | EMA = +1.3766 | std(g_L) = 1.1429 | grad = 0.3464
step  17260 | loss = -1.4354 | g_L = +1.4354 | EMA = +1.3607 | std(g_L) = 1.2078 | grad = 0.3582
step  17280 | loss = -1.3013 | g_L = +1.3013 | EMA = +1.3441 | std(g_L) = 1.4956 | grad = 0.1777
step  17300 | loss = -1.3866 | g_L = +1.3866 | EMA = +1.3591 | std(g_L) = 1.1533 | grad = 0.2773
step  17320 | loss = -1.3312 | g_L = +1.3312 | EMA = +1.3756 | std(g_L) = 1.0429 | grad = 0.2572
step  17340 | loss = -1.4562 | g_L = +1.4562 | EMA = +1.3660 | std(g_L) = 1.1325 | grad = 0.2866
step  17360 | loss = -1.3678 | g_L = +1.3678 | EMA = +1.3427 | std(g_L) = 1.4034 | grad = 0.3942
step  17380 | loss = -1.4042 | g_L = +1.4042 | EMA = +1.3363 | std(g_L) = 1.1016 | grad = 0.3148
step  17400 | loss = -1.1087 | g_L = +1.1087 | EMA = +1.3405 | std(g_L) = 1.2738 | grad = 0.2085
step  17420 | loss = -1.2615 | g_L = +1.2615 | EMA = +1.3293 | std(g_L) = 1.2743 | grad = 0.3337
step  17440 | loss = -1.2205 | g_L = +1.2205 | EMA = +1.3547 | std(g_L) = 1.0196 | grad = 0.5541
step  17460 | loss = -1.2636 | g_L = +1.2636 | EMA = +1.3443 | std(g_L) = 1.1928 | grad = 0.2892
step  17480 | loss = -1.2508 | g_L = +1.2508 | EMA = +1.3279 | std(g_L) = 1.2325 | grad = 0.2795
step  17500 | loss = -1.4807 | g_L = +1.4807 | EMA = +1.3524 | std(g_L) = 0.9680 | grad = 0.2551
step  17520 | loss = -1.4386 | g_L = +1.4386 | EMA = +1.3515 | std(g_L) = 1.0763 | grad = 0.6663
step  17540 | loss = -1.4481 | g_L = +1.4481 | EMA = +1.3334 | std(g_L) = 1.2022 | grad = 0.1407
step  17560 | loss = -1.3300 | g_L = +1.3300 | EMA = +1.3379 | std(g_L) = 1.2508 | grad = 0.1190
step  17580 | loss = -1.2711 | g_L = +1.2711 | EMA = +1.3273 | std(g_L) = 1.5505 | grad = 0.6143
step  17600 | loss = -1.3142 | g_L = +1.3142 | EMA = +1.3299 | std(g_L) = 1.5944 | grad = 0.3581
step  17620 | loss = -1.4926 | g_L = +1.4926 | EMA = +1.3504 | std(g_L) = 1.2035 | grad = 0.1719
step  17640 | loss = -1.2373 | g_L = +1.2373 | EMA = +1.3541 | std(g_L) = 1.1412 | grad = 0.6315
step  17660 | loss = -1.3786 | g_L = +1.3786 | EMA = +1.3742 | std(g_L) = 1.1835 | grad = 0.3666
step  17680 | loss = -1.3220 | g_L = +1.3220 | EMA = +1.3625 | std(g_L) = 1.3025 | grad = 0.2625
step  17700 | loss = -1.3691 | g_L = +1.3691 | EMA = +1.3600 | std(g_L) = 1.3596 | grad = 0.1629
step  17720 | loss = -1.1734 | g_L = +1.1734 | EMA = +1.3388 | std(g_L) = 1.3188 | grad = 0.3294
step  17740 | loss = -1.3184 | g_L = +1.3184 | EMA = +1.3665 | std(g_L) = 1.0829 | grad = 0.2350
step  17760 | loss = -1.3692 | g_L = +1.3692 | EMA = +1.3544 | std(g_L) = 1.3284 | grad = 0.3281
step  17780 | loss = -1.3318 | g_L = +1.3318 | EMA = +1.3623 | std(g_L) = 1.1422 | grad = 0.5076
step  17800 | loss = -1.3148 | g_L = +1.3148 | EMA = +1.3499 | std(g_L) = 1.1782 | grad = 0.2387
step  17820 | loss = -1.1383 | g_L = +1.1383 | EMA = +1.3416 | std(g_L) = 1.5436 | grad = 1.1479
step  17840 | loss = -1.4212 | g_L = +1.4212 | EMA = +1.3465 | std(g_L) = 1.1439 | grad = 0.2801
step  17860 | loss = -1.3429 | g_L = +1.3429 | EMA = +1.3493 | std(g_L) = 1.3685 | grad = 0.2633
step  17880 | loss = -1.5008 | g_L = +1.5008 | EMA = +1.3519 | std(g_L) = 1.1177 | grad = 0.3463
step  17900 | loss = -1.4716 | g_L = +1.4716 | EMA = +1.3738 | std(g_L) = 1.2598 | grad = 0.3212
step  17920 | loss = -1.3562 | g_L = +1.3562 | EMA = +1.3479 | std(g_L) = 1.0279 | grad = 0.2527
step  17940 | loss = -1.3949 | g_L = +1.3949 | EMA = +1.3462 | std(g_L) = 1.2265 | grad = 0.2791
step  17960 | loss = -1.4226 | g_L = +1.4226 | EMA = +1.3670 | std(g_L) = 1.2440 | grad = 0.3978
step  17980 | loss = -1.4526 | g_L = +1.4526 | EMA = +1.3533 | std(g_L) = 1.2410 | grad = 0.1990
step  18000 | loss = -1.4163 | g_L = +1.4163 | EMA = +1.3407 | std(g_L) = 1.0856 | grad = 0.2324
step  18020 | loss = -1.4031 | g_L = +1.4031 | EMA = +1.3653 | std(g_L) = 1.3855 | grad = 0.3858
step  18040 | loss = -1.2219 | g_L = +1.2219 | EMA = +1.3476 | std(g_L) = 1.3341 | grad = 0.2568
step  18060 | loss = -1.4093 | g_L = +1.4093 | EMA = +1.3803 | std(g_L) = 1.1759 | grad = 0.4531
step  18080 | loss = -1.1795 | g_L = +1.1795 | EMA = +1.3469 | std(g_L) = 1.3346 | grad = 0.6882
step  18100 | loss = -1.2989 | g_L = +1.2989 | EMA = +1.3428 | std(g_L) = 1.2454 | grad = 0.2463
step  18120 | loss = -1.3857 | g_L = +1.3857 | EMA = +1.3596 | std(g_L) = 1.1201 | grad = 0.2577
step  18140 | loss = -1.2597 | g_L = +1.2597 | EMA = +1.3682 | std(g_L) = 1.3173 | grad = 0.3107
step  18160 | loss = -1.3680 | g_L = +1.3680 | EMA = +1.3758 | std(g_L) = 1.1309 | grad = 0.4272
step  18180 | loss = -1.3617 | g_L = +1.3617 | EMA = +1.3495 | std(g_L) = 1.3208 | grad = 0.1785
step  18200 | loss = -1.3314 | g_L = +1.3314 | EMA = +1.3478 | std(g_L) = 1.1195 | grad = 0.2874
step  18220 | loss = -1.4188 | g_L = +1.4188 | EMA = +1.3391 | std(g_L) = 1.6151 | grad = 0.2987
step  18240 | loss = -1.4736 | g_L = +1.4736 | EMA = +1.3348 | std(g_L) = 0.9992 | grad = 0.4055
step  18260 | loss = -1.2848 | g_L = +1.2848 | EMA = +1.3183 | std(g_L) = 1.1763 | grad = 0.4132
step  18280 | loss = -1.3845 | g_L = +1.3845 | EMA = +1.3416 | std(g_L) = 0.9636 | grad = 0.3117
step  18300 | loss = -1.2445 | g_L = +1.2445 | EMA = +1.3140 | std(g_L) = 1.1662 | grad = 0.2707
step  18320 | loss = -1.4005 | g_L = +1.4005 | EMA = +1.3343 | std(g_L) = 1.3584 | grad = 0.3303
step  18340 | loss = -1.2104 | g_L = +1.2104 | EMA = +1.3383 | std(g_L) = 1.4793 | grad = 0.2281
step  18360 | loss = -1.3774 | g_L = +1.3774 | EMA = +1.3707 | std(g_L) = 1.2166 | grad = 0.4622
step  18380 | loss = -1.3564 | g_L = +1.3564 | EMA = +1.3586 | std(g_L) = 1.1622 | grad = 0.1858
step  18400 | loss = -1.4305 | g_L = +1.4305 | EMA = +1.3562 | std(g_L) = 1.0250 | grad = 0.3666
step  18420 | loss = -1.3271 | g_L = +1.3271 | EMA = +1.3435 | std(g_L) = 1.2725 | grad = 0.2053
step  18440 | loss = -1.3668 | g_L = +1.3668 | EMA = +1.3532 | std(g_L) = 1.7876 | grad = 0.3905
step  18460 | loss = -1.1389 | g_L = +1.1389 | EMA = +1.3284 | std(g_L) = 1.7580 | grad = 0.6366
step  18480 | loss = -1.4311 | g_L = +1.4311 | EMA = +1.3391 | std(g_L) = 1.1035 | grad = 0.1748
step  18500 | loss = -1.1626 | g_L = +1.1626 | EMA = +1.3481 | std(g_L) = 1.1303 | grad = 0.1697
step  18520 | loss = -1.4708 | g_L = +1.4708 | EMA = +1.3641 | std(g_L) = 1.1439 | grad = 0.1790
step  18540 | loss = -1.4523 | g_L = +1.4523 | EMA = +1.3719 | std(g_L) = 1.1251 | grad = 0.3061
step  18560 | loss = -1.3800 | g_L = +1.3800 | EMA = +1.3664 | std(g_L) = 1.0488 | grad = 0.2689
step  18580 | loss = -1.4658 | g_L = +1.4658 | EMA = +1.3525 | std(g_L) = 1.1625 | grad = 0.3316
step  18600 | loss = -1.3188 | g_L = +1.3188 | EMA = +1.3640 | std(g_L) = 1.0492 | grad = 0.1289
step  18620 | loss = -1.3210 | g_L = +1.3210 | EMA = +1.3680 | std(g_L) = 1.3409 | grad = 0.2294
step  18640 | loss = -1.2588 | g_L = +1.2588 | EMA = +1.3254 | std(g_L) = 1.2168 | grad = 0.5607
step  18660 | loss = -1.4561 | g_L = +1.4561 | EMA = +1.3451 | std(g_L) = 1.0094 | grad = 0.3690
step  18680 | loss = -1.3394 | g_L = +1.3394 | EMA = +1.3668 | std(g_L) = 1.3650 | grad = 0.3527
step  18700 | loss = -1.2879 | g_L = +1.2879 | EMA = +1.3465 | std(g_L) = 1.4719 | grad = 0.5036
step  18720 | loss = -1.2731 | g_L = +1.2731 | EMA = +1.3426 | std(g_L) = 1.1952 | grad = 0.1592
step  18740 | loss = -1.1953 | g_L = +1.1953 | EMA = +1.3464 | std(g_L) = 1.3098 | grad = 0.3278
step  18760 | loss = -1.3752 | g_L = +1.3752 | EMA = +1.3603 | std(g_L) = 1.1326 | grad = 0.2420
step  18780 | loss = -1.4186 | g_L = +1.4186 | EMA = +1.3740 | std(g_L) = 1.1132 | grad = 0.5759
step  18800 | loss = -1.2951 | g_L = +1.2951 | EMA = +1.3651 | std(g_L) = 1.2713 | grad = 0.3866
step  18820 | loss = -1.3191 | g_L = +1.3191 | EMA = +1.3729 | std(g_L) = 1.1714 | grad = 0.5104
step  18840 | loss = -1.2743 | g_L = +1.2743 | EMA = +1.3440 | std(g_L) = 1.3443 | grad = 0.3949
step  18860 | loss = -1.3438 | g_L = +1.3438 | EMA = +1.3601 | std(g_L) = 1.1010 | grad = 0.2540
step  18880 | loss = -1.3507 | g_L = +1.3507 | EMA = +1.3474 | std(g_L) = 1.1345 | grad = 0.5658
step  18900 | loss = -1.3597 | g_L = +1.3597 | EMA = +1.3504 | std(g_L) = 1.2679 | grad = 0.4245
step  18920 | loss = -1.4251 | g_L = +1.4251 | EMA = +1.3759 | std(g_L) = 1.4501 | grad = 0.0940
step  18940 | loss = -1.0777 | g_L = +1.0777 | EMA = +1.3302 | std(g_L) = 1.9284 | grad = 0.1426
step  18960 | loss = -1.3493 | g_L = +1.3493 | EMA = +1.3410 | std(g_L) = 1.1545 | grad = 0.5338
step  18980 | loss = -1.4604 | g_L = +1.4604 | EMA = +1.3586 | std(g_L) = 1.1594 | grad = 0.2882
step  19000 | loss = -1.3504 | g_L = +1.3504 | EMA = +1.3529 | std(g_L) = 1.1139 | grad = 0.3071
step  19020 | loss = -1.3834 | g_L = +1.3834 | EMA = +1.3583 | std(g_L) = 1.1398 | grad = 0.3072
step  19040 | loss = -1.3613 | g_L = +1.3613 | EMA = +1.3653 | std(g_L) = 1.1948 | grad = 0.3006
step  19060 | loss = -1.3827 | g_L = +1.3827 | EMA = +1.3629 | std(g_L) = 1.1335 | grad = 0.8624
step  19080 | loss = -1.3158 | g_L = +1.3158 | EMA = +1.3624 | std(g_L) = 1.4951 | grad = 0.3708
step  19100 | loss = -1.3811 | g_L = +1.3811 | EMA = +1.3603 | std(g_L) = 1.1591 | grad = 1.0102
step  19120 | loss = -1.4439 | g_L = +1.4439 | EMA = +1.3708 | std(g_L) = 1.0851 | grad = 0.3464
step  19140 | loss = -1.3340 | g_L = +1.3340 | EMA = +1.3614 | std(g_L) = 1.0224 | grad = 0.1203
step  19160 | loss = -1.3231 | g_L = +1.3231 | EMA = +1.3427 | std(g_L) = 1.0454 | grad = 0.2641
step  19180 | loss = -1.3579 | g_L = +1.3579 | EMA = +1.3582 | std(g_L) = 1.3373 | grad = 0.1471
step  19200 | loss = -1.4640 | g_L = +1.4640 | EMA = +1.3619 | std(g_L) = 1.1990 | grad = 0.3154
step  19220 | loss = -1.5198 | g_L = +1.5198 | EMA = +1.3509 | std(g_L) = 1.1487 | grad = 0.6028
step  19240 | loss = -1.4355 | g_L = +1.4355 | EMA = +1.3665 | std(g_L) = 1.2544 | grad = 0.2880
step  19260 | loss = -1.4833 | g_L = +1.4833 | EMA = +1.3401 | std(g_L) = 1.2246 | grad = 0.3166
step  19280 | loss = -1.4340 | g_L = +1.4340 | EMA = +1.3384 | std(g_L) = 1.2410 | grad = 0.1651
step  19300 | loss = -1.5240 | g_L = +1.5240 | EMA = +1.3465 | std(g_L) = 1.1371 | grad = 0.4485
step  19320 | loss = -1.2846 | g_L = +1.2846 | EMA = +1.3353 | std(g_L) = 1.0607 | grad = 0.4966
step  19340 | loss = -1.2941 | g_L = +1.2941 | EMA = +1.3308 | std(g_L) = 1.1744 | grad = 0.3942
step  19360 | loss = -1.5525 | g_L = +1.5525 | EMA = +1.3710 | std(g_L) = 1.4679 | grad = 0.1772
step  19380 | loss = -1.1868 | g_L = +1.1868 | EMA = +1.3438 | std(g_L) = 1.1967 | grad = 0.5261
step  19400 | loss = -1.3596 | g_L = +1.3596 | EMA = +1.3491 | std(g_L) = 1.3217 | grad = 0.2796
step  19420 | loss = -1.3464 | g_L = +1.3464 | EMA = +1.3756 | std(g_L) = 1.2278 | grad = 0.2564
step  19440 | loss = -1.4206 | g_L = +1.4206 | EMA = +1.3564 | std(g_L) = 1.2406 | grad = 0.2939
step  19460 | loss = -1.4071 | g_L = +1.4071 | EMA = +1.3743 | std(g_L) = 1.1890 | grad = 0.1149
step  19480 | loss = -1.3426 | g_L = +1.3426 | EMA = +1.3795 | std(g_L) = 1.3968 | grad = 0.1908
step  19500 | loss = -1.4268 | g_L = +1.4268 | EMA = +1.3632 | std(g_L) = 1.3670 | grad = 0.3955
step  19520 | loss = -1.2996 | g_L = +1.2996 | EMA = +1.3670 | std(g_L) = 1.2874 | grad = 0.6779
step  19540 | loss = -1.3569 | g_L = +1.3569 | EMA = +1.3606 | std(g_L) = 1.1512 | grad = 0.1741
step  19560 | loss = -1.3828 | g_L = +1.3828 | EMA = +1.3404 | std(g_L) = 1.0532 | grad = 0.3499
step  19580 | loss = -1.3173 | g_L = +1.3173 | EMA = +1.3399 | std(g_L) = 1.2992 | grad = 0.6370
step  19600 | loss = -1.4610 | g_L = +1.4610 | EMA = +1.3388 | std(g_L) = 1.3201 | grad = 0.3735
step  19620 | loss = -1.2978 | g_L = +1.2978 | EMA = +1.3669 | std(g_L) = 1.2746 | grad = 0.2684
step  19640 | loss = -1.3441 | g_L = +1.3441 | EMA = +1.3679 | std(g_L) = 1.2022 | grad = 0.2493
step  19660 | loss = -1.3764 | g_L = +1.3764 | EMA = +1.3623 | std(g_L) = 1.1911 | grad = 0.6160
step  19680 | loss = -1.4953 | g_L = +1.4953 | EMA = +1.3991 | std(g_L) = 1.0201 | grad = 0.5174
step  19700 | loss = -1.4852 | g_L = +1.4852 | EMA = +1.3548 | std(g_L) = 1.1109 | grad = 0.5995
step  19720 | loss = -1.3107 | g_L = +1.3107 | EMA = +1.3385 | std(g_L) = 1.3525 | grad = 0.2223
step  19740 | loss = -1.3120 | g_L = +1.3120 | EMA = +1.3518 | std(g_L) = 1.4209 | grad = 0.3428
step  19760 | loss = -1.3811 | g_L = +1.3811 | EMA = +1.3719 | std(g_L) = 1.2977 | grad = 0.2231
step  19780 | loss = -1.2742 | g_L = +1.2742 | EMA = +1.3456 | std(g_L) = 1.2355 | grad = 0.2946
step  19800 | loss = -1.2631 | g_L = +1.2631 | EMA = +1.3502 | std(g_L) = 1.3073 | grad = 0.1731
step  19820 | loss = -1.3141 | g_L = +1.3141 | EMA = +1.3594 | std(g_L) = 1.0885 | grad = 0.6573
step  19840 | loss = -1.4952 | g_L = +1.4952 | EMA = +1.3806 | std(g_L) = 1.1772 | grad = 0.4045
step  19860 | loss = -1.4594 | g_L = +1.4594 | EMA = +1.3966 | std(g_L) = 1.1567 | grad = 0.5342
step  19880 | loss = -1.4171 | g_L = +1.4171 | EMA = +1.3922 | std(g_L) = 1.2302 | grad = 0.2213
step  19900 | loss = -1.3812 | g_L = +1.3812 | EMA = +1.3920 | std(g_L) = 1.2746 | grad = 0.1377
step  19920 | loss = -1.3273 | g_L = +1.3273 | EMA = +1.3826 | std(g_L) = 1.1871 | grad = 0.2957
step  19940 | loss = -1.4710 | g_L = +1.4710 | EMA = +1.3756 | std(g_L) = 1.0302 | grad = 0.0864
step  19960 | loss = -1.3161 | g_L = +1.3161 | EMA = +1.3487 | std(g_L) = 1.3978 | grad = 0.3514
step  19980 | loss = -1.1620 | g_L = +1.1620 | EMA = +1.3341 | std(g_L) = 1.0337 | grad = 0.1790
step  20000 | loss = -1.3310 | g_L = +1.3310 | EMA = +1.3615 | std(g_L) = 1.3675 | grad = 0.1624
step  20020 | loss = -1.3894 | g_L = +1.3894 | EMA = +1.3553 | std(g_L) = 1.1616 | grad = 0.1270
step  20040 | loss = -1.3638 | g_L = +1.3638 | EMA = +1.3874 | std(g_L) = 1.1064 | grad = 0.1042
step  20060 | loss = -1.4526 | g_L = +1.4526 | EMA = +1.3786 | std(g_L) = 1.2264 | grad = 0.4552
step  20080 | loss = -1.3608 | g_L = +1.3608 | EMA = +1.3640 | std(g_L) = 1.5598 | grad = 0.2052
step  20100 | loss = -1.3578 | g_L = +1.3578 | EMA = +1.3637 | std(g_L) = 1.2629 | grad = 0.2924
step  20120 | loss = -1.4178 | g_L = +1.4178 | EMA = +1.3722 | std(g_L) = 1.3301 | grad = 0.5930
step  20140 | loss = -1.3035 | g_L = +1.3035 | EMA = +1.3769 | std(g_L) = 1.2574 | grad = 0.5492
step  20160 | loss = -1.4467 | g_L = +1.4467 | EMA = +1.4023 | std(g_L) = 1.2416 | grad = 0.3320
step  20180 | loss = -1.3395 | g_L = +1.3395 | EMA = +1.3975 | std(g_L) = 1.2304 | grad = 0.4415
step  20200 | loss = -1.4244 | g_L = +1.4244 | EMA = +1.3964 | std(g_L) = 1.2833 | grad = 0.4310
step  20220 | loss = -1.3836 | g_L = +1.3836 | EMA = +1.3855 | std(g_L) = 1.0498 | grad = 0.3112
step  20240 | loss = -1.3783 | g_L = +1.3783 | EMA = +1.3629 | std(g_L) = 1.2900 | grad = 0.3350
step  20260 | loss = -1.4499 | g_L = +1.4499 | EMA = +1.3592 | std(g_L) = 1.1885 | grad = 0.3092
step  20280 | loss = -1.4205 | g_L = +1.4205 | EMA = +1.3624 | std(g_L) = 1.1920 | grad = 0.2480
step  20300 | loss = -1.3845 | g_L = +1.3845 | EMA = +1.3809 | std(g_L) = 1.1344 | grad = 0.8062
step  20320 | loss = -1.5153 | g_L = +1.5153 | EMA = +1.3472 | std(g_L) = 1.1774 | grad = 0.3911
step  20340 | loss = -1.3750 | g_L = +1.3750 | EMA = +1.3886 | std(g_L) = 1.2397 | grad = 0.2710
step  20360 | loss = -1.3035 | g_L = +1.3035 | EMA = +1.3863 | std(g_L) = 1.3276 | grad = 0.4207
step  20380 | loss = -1.3000 | g_L = +1.3000 | EMA = +1.3678 | std(g_L) = 1.4539 | grad = 0.2820
step  20400 | loss = -1.2552 | g_L = +1.2552 | EMA = +1.3537 | std(g_L) = 1.2207 | grad = 0.4263
step  20420 | loss = -1.3663 | g_L = +1.3663 | EMA = +1.3813 | std(g_L) = 1.0970 | grad = 0.1767
step  20440 | loss = -1.5311 | g_L = +1.5311 | EMA = +1.3656 | std(g_L) = 1.0689 | grad = 0.1616
step  20460 | loss = -1.4765 | g_L = +1.4765 | EMA = +1.3701 | std(g_L) = 1.0029 | grad = 0.3717
step  20480 | loss = -1.4142 | g_L = +1.4142 | EMA = +1.3766 | std(g_L) = 1.1869 | grad = 0.3555
step  20500 | loss = -1.3950 | g_L = +1.3950 | EMA = +1.3936 | std(g_L) = 1.0212 | grad = 0.2429
step  20520 | loss = -1.1736 | g_L = +1.1736 | EMA = +1.3697 | std(g_L) = 1.1690 | grad = 0.4194
step  20540 | loss = -1.2614 | g_L = +1.2614 | EMA = +1.3850 | std(g_L) = 1.1578 | grad = 0.4822
step  20560 | loss = -1.2205 | g_L = +1.2205 | EMA = +1.3505 | std(g_L) = 1.0970 | grad = 0.3654
step  20580 | loss = -1.2537 | g_L = +1.2537 | EMA = +1.3679 | std(g_L) = 1.2541 | grad = 0.5624
step  20600 | loss = -1.2697 | g_L = +1.2697 | EMA = +1.3581 | std(g_L) = 1.1725 | grad = 0.2000
step  20620 | loss = -1.5013 | g_L = +1.5013 | EMA = +1.3789 | std(g_L) = 1.1933 | grad = 0.4008
step  20640 | loss = -1.5007 | g_L = +1.5007 | EMA = +1.3574 | std(g_L) = 1.2483 | grad = 0.2936
step  20660 | loss = -1.3157 | g_L = +1.3157 | EMA = +1.3579 | std(g_L) = 1.1439 | grad = 0.1859
step  20680 | loss = -1.2972 | g_L = +1.2972 | EMA = +1.3400 | std(g_L) = 1.1119 | grad = 0.4055
step  20700 | loss = -1.4328 | g_L = +1.4328 | EMA = +1.3559 | std(g_L) = 1.0709 | grad = 0.4177
step  20720 | loss = -1.3722 | g_L = +1.3722 | EMA = +1.3672 | std(g_L) = 1.0978 | grad = 0.4204
step  20740 | loss = -1.4618 | g_L = +1.4618 | EMA = +1.3685 | std(g_L) = 1.1267 | grad = 0.2121
step  20760 | loss = -1.4573 | g_L = +1.4573 | EMA = +1.3638 | std(g_L) = 1.1029 | grad = 0.4029
step  20780 | loss = -1.4077 | g_L = +1.4077 | EMA = +1.3673 | std(g_L) = 1.1073 | grad = 0.3343
step  20800 | loss = -1.3553 | g_L = +1.3553 | EMA = +1.3710 | std(g_L) = 1.3040 | grad = 0.2627
step  20820 | loss = -1.2841 | g_L = +1.2841 | EMA = +1.3772 | std(g_L) = 1.6351 | grad = 0.2384
step  20840 | loss = -1.6147 | g_L = +1.6147 | EMA = +1.4026 | std(g_L) = 1.0675 | grad = 0.3357
step  20860 | loss = -1.5298 | g_L = +1.5298 | EMA = +1.3784 | std(g_L) = 1.2556 | grad = 0.1205
step  20880 | loss = -1.3860 | g_L = +1.3860 | EMA = +1.3605 | std(g_L) = 1.2137 | grad = 0.4313
step  20900 | loss = -1.2174 | g_L = +1.2174 | EMA = +1.3488 | std(g_L) = 1.2761 | grad = 0.3134
step  20920 | loss = -1.4782 | g_L = +1.4782 | EMA = +1.3725 | std(g_L) = 1.1904 | grad = 0.5876
step  20940 | loss = -1.3844 | g_L = +1.3844 | EMA = +1.3782 | std(g_L) = 1.0277 | grad = 0.1605
step  20960 | loss = -1.3252 | g_L = +1.3252 | EMA = +1.3826 | std(g_L) = 1.1623 | grad = 0.5367
step  20980 | loss = -1.2923 | g_L = +1.2923 | EMA = +1.3809 | std(g_L) = 1.6698 | grad = 0.4376
step  21000 | loss = -1.5866 | g_L = +1.5866 | EMA = +1.3880 | std(g_L) = 1.0286 | grad = 0.4008
step  21020 | loss = -1.4474 | g_L = +1.4474 | EMA = +1.3715 | std(g_L) = 1.0777 | grad = 0.1819
step  21040 | loss = -1.3316 | g_L = +1.3316 | EMA = +1.3802 | std(g_L) = 1.1499 | grad = 0.3425
step  21060 | loss = -1.3455 | g_L = +1.3455 | EMA = +1.3629 | std(g_L) = 1.1362 | grad = 0.4078
step  21080 | loss = -1.2843 | g_L = +1.2843 | EMA = +1.3773 | std(g_L) = 1.2861 | grad = 0.5597
step  21100 | loss = -1.3564 | g_L = +1.3564 | EMA = +1.3949 | std(g_L) = 1.3979 | grad = 0.2191
step  21120 | loss = -1.2399 | g_L = +1.2399 | EMA = +1.3765 | std(g_L) = 1.2327 | grad = 0.3314
step  21140 | loss = -1.3221 | g_L = +1.3221 | EMA = +1.3565 | std(g_L) = 1.1870 | grad = 0.1883
step  21160 | loss = -1.3510 | g_L = +1.3510 | EMA = +1.3584 | std(g_L) = 1.3016 | grad = 0.1588
step  21180 | loss = -1.3104 | g_L = +1.3104 | EMA = +1.3717 | std(g_L) = 1.2822 | grad = 0.3324
step  21200 | loss = -1.2520 | g_L = +1.2520 | EMA = +1.3759 | std(g_L) = 1.3351 | grad = 0.1433
step  21220 | loss = -1.5427 | g_L = +1.5427 | EMA = +1.3762 | std(g_L) = 1.1572 | grad = 0.5259
step  21240 | loss = -1.4830 | g_L = +1.4830 | EMA = +1.3640 | std(g_L) = 1.1939 | grad = 1.0913
step  21260 | loss = -1.3374 | g_L = +1.3374 | EMA = +1.3604 | std(g_L) = 1.0992 | grad = 0.1755
step  21280 | loss = -1.3593 | g_L = +1.3593 | EMA = +1.3519 | std(g_L) = 1.2376 | grad = 0.2443
step  21300 | loss = -1.4760 | g_L = +1.4760 | EMA = +1.3786 | std(g_L) = 1.0660 | grad = 0.3022
step  21320 | loss = -1.5148 | g_L = +1.5148 | EMA = +1.3640 | std(g_L) = 1.1404 | grad = 0.2803
step  21340 | loss = -1.2799 | g_L = +1.2799 | EMA = +1.3651 | std(g_L) = 1.4856 | grad = 0.6117
step  21360 | loss = -1.4736 | g_L = +1.4736 | EMA = +1.3819 | std(g_L) = 1.2943 | grad = 0.5550
step  21380 | loss = -1.3330 | g_L = +1.3330 | EMA = +1.3879 | std(g_L) = 1.3526 | grad = 0.4484
step  21400 | loss = -1.4459 | g_L = +1.4459 | EMA = +1.3860 | std(g_L) = 1.2126 | grad = 0.4905
step  21420 | loss = -1.3927 | g_L = +1.3927 | EMA = +1.3779 | std(g_L) = 1.2037 | grad = 0.2558
step  21440 | loss = -1.2765 | g_L = +1.2765 | EMA = +1.3448 | std(g_L) = 1.5747 | grad = 0.8469
step  21460 | loss = -1.3737 | g_L = +1.3737 | EMA = +1.3315 | std(g_L) = 1.4175 | grad = 0.8678
step  21480 | loss = -1.4843 | g_L = +1.4843 | EMA = +1.3644 | std(g_L) = 1.1020 | grad = 0.1877
step  21500 | loss = -1.3320 | g_L = +1.3320 | EMA = +1.3614 | std(g_L) = 1.3359 | grad = 0.5580
step  21520 | loss = -1.6189 | g_L = +1.6189 | EMA = +1.3667 | std(g_L) = 1.0211 | grad = 0.4466
step  21540 | loss = -1.3143 | g_L = +1.3143 | EMA = +1.3443 | std(g_L) = 1.3648 | grad = 0.6645
step  21560 | loss = -1.2578 | g_L = +1.2578 | EMA = +1.3412 | std(g_L) = 1.6983 | grad = 0.2164
step  21580 | loss = -1.4569 | g_L = +1.4569 | EMA = +1.3795 | std(g_L) = 1.0914 | grad = 0.5887
step  21600 | loss = -1.3919 | g_L = +1.3919 | EMA = +1.3971 | std(g_L) = 1.2133 | grad = 0.7625
step  21620 | loss = -1.4405 | g_L = +1.4405 | EMA = +1.3643 | std(g_L) = 1.2189 | grad = 0.5309
step  21640 | loss = -1.2084 | g_L = +1.2084 | EMA = +1.3595 | std(g_L) = 1.1024 | grad = 0.2512
step  21660 | loss = -1.3004 | g_L = +1.3004 | EMA = +1.3716 | std(g_L) = 1.2455 | grad = 0.4000
step  21680 | loss = -1.3734 | g_L = +1.3734 | EMA = +1.3842 | std(g_L) = 1.6503 | grad = 0.2596
step  21700 | loss = -1.4827 | g_L = +1.4827 | EMA = +1.3929 | std(g_L) = 1.1979 | grad = 0.2679
step  21720 | loss = -1.3551 | g_L = +1.3551 | EMA = +1.4083 | std(g_L) = 1.0615 | grad = 0.2931
step  21740 | loss = -1.3112 | g_L = +1.3112 | EMA = +1.3689 | std(g_L) = 1.2691 | grad = 0.3552
step  21760 | loss = -1.3200 | g_L = +1.3200 | EMA = +1.3704 | std(g_L) = 1.2225 | grad = 0.1821
step  21780 | loss = -1.4038 | g_L = +1.4038 | EMA = +1.3860 | std(g_L) = 1.3924 | grad = 0.3503
step  21800 | loss = -1.3476 | g_L = +1.3476 | EMA = +1.3905 | std(g_L) = 1.1190 | grad = 0.3451
step  21820 | loss = -1.4248 | g_L = +1.4248 | EMA = +1.3959 | std(g_L) = 1.1372 | grad = 0.1737
step  21840 | loss = -1.4544 | g_L = +1.4544 | EMA = +1.3928 | std(g_L) = 1.1750 | grad = 0.2290
step  21860 | loss = -1.1636 | g_L = +1.1636 | EMA = +1.3813 | std(g_L) = 1.6082 | grad = 0.8736
step  21880 | loss = -1.4444 | g_L = +1.4444 | EMA = +1.3886 | std(g_L) = 1.1393 | grad = 0.0889
step  21900 | loss = -1.1866 | g_L = +1.1866 | EMA = +1.3830 | std(g_L) = 1.5870 | grad = 0.4732
step  21920 | loss = -1.3028 | g_L = +1.3028 | EMA = +1.3524 | std(g_L) = 1.2633 | grad = 0.5218
step  21940 | loss = -1.5398 | g_L = +1.5398 | EMA = +1.3586 | std(g_L) = 1.0172 | grad = 0.4306
step  21960 | loss = -1.4275 | g_L = +1.4275 | EMA = +1.3594 | std(g_L) = 1.2530 | grad = 0.4278
step  21980 | loss = -1.4743 | g_L = +1.4743 | EMA = +1.3717 | std(g_L) = 1.2467 | grad = 1.1034
step  22000 | loss = -1.0144 | g_L = +1.0144 | EMA = +1.3633 | std(g_L) = 1.5809 | grad = 0.6067
step  22020 | loss = -1.5011 | g_L = +1.5011 | EMA = +1.3703 | std(g_L) = 1.1659 | grad = 0.3096
step  22040 | loss = -1.3701 | g_L = +1.3701 | EMA = +1.3782 | std(g_L) = 1.1544 | grad = 0.5411
step  22060 | loss = -1.3395 | g_L = +1.3395 | EMA = +1.3794 | std(g_L) = 1.7499 | grad = 0.4197
step  22080 | loss = -1.5049 | g_L = +1.5049 | EMA = +1.3566 | std(g_L) = 1.1501 | grad = 0.7222
step  22100 | loss = -1.3238 | g_L = +1.3238 | EMA = +1.3802 | std(g_L) = 1.5379 | grad = 0.2981
step  22120 | loss = -1.3162 | g_L = +1.3162 | EMA = +1.3576 | std(g_L) = 1.7213 | grad = 0.9304
step  22140 | loss = -1.4356 | g_L = +1.4356 | EMA = +1.3554 | std(g_L) = 1.5099 | grad = 0.3922
step  22160 | loss = -1.3042 | g_L = +1.3042 | EMA = +1.3360 | std(g_L) = 1.3147 | grad = 0.1601
step  22180 | loss = -1.2120 | g_L = +1.2120 | EMA = +1.3651 | std(g_L) = 1.2416 | grad = 0.3819
step  22200 | loss = -1.2804 | g_L = +1.2804 | EMA = +1.3660 | std(g_L) = 1.2517 | grad = 0.5769
step  22220 | loss = -1.4214 | g_L = +1.4214 | EMA = +1.3936 | std(g_L) = 1.1503 | grad = 0.1323
step  22240 | loss = -1.5122 | g_L = +1.5122 | EMA = +1.3858 | std(g_L) = 1.0220 | grad = 0.7324
step  22260 | loss = -1.4257 | g_L = +1.4257 | EMA = +1.3892 | std(g_L) = 1.2304 | grad = 0.5505
step  22280 | loss = -1.4650 | g_L = +1.4650 | EMA = +1.3745 | std(g_L) = 1.4821 | grad = 0.2728
step  22300 | loss = -1.3424 | g_L = +1.3424 | EMA = +1.3533 | std(g_L) = 1.2110 | grad = 0.4940
step  22320 | loss = -1.3753 | g_L = +1.3753 | EMA = +1.3695 | std(g_L) = 1.0563 | grad = 0.3538
step  22340 | loss = -1.2406 | g_L = +1.2406 | EMA = +1.3553 | std(g_L) = 1.2107 | grad = 1.4567
step  22360 | loss = -1.3327 | g_L = +1.3327 | EMA = +1.3480 | std(g_L) = 1.2925 | grad = 0.3601
step  22380 | loss = -1.4376 | g_L = +1.4376 | EMA = +1.3651 | std(g_L) = 1.3447 | grad = 0.1258
step  22400 | loss = -1.4280 | g_L = +1.4280 | EMA = +1.3566 | std(g_L) = 1.2290 | grad = 0.2736
step  22420 | loss = -1.4602 | g_L = +1.4602 | EMA = +1.3830 | std(g_L) = 1.2296 | grad = 0.1630
step  22440 | loss = -1.3422 | g_L = +1.3422 | EMA = +1.3612 | std(g_L) = 1.5781 | grad = 0.3700
step  22460 | loss = -1.3661 | g_L = +1.3661 | EMA = +1.3782 | std(g_L) = 1.3894 | grad = 0.9230
step  22480 | loss = -1.1948 | g_L = +1.1948 | EMA = +1.3850 | std(g_L) = 1.6165 | grad = 0.8544
step  22500 | loss = -1.2837 | g_L = +1.2837 | EMA = +1.3743 | std(g_L) = 1.4563 | grad = 0.8101
step  22520 | loss = -1.1830 | g_L = +1.1830 | EMA = +1.3378 | std(g_L) = 1.2956 | grad = 0.2542
step  22540 | loss = -1.4356 | g_L = +1.4356 | EMA = +1.3715 | std(g_L) = 1.1653 | grad = 0.8479
step  22560 | loss = -1.3904 | g_L = +1.3904 | EMA = +1.3545 | std(g_L) = 1.2214 | grad = 0.3267
step  22580 | loss = -1.4602 | g_L = +1.4602 | EMA = +1.3554 | std(g_L) = 1.2970 | grad = 0.3017
step  22600 | loss = -1.3916 | g_L = +1.3916 | EMA = +1.3765 | std(g_L) = 1.0717 | grad = 0.2474
step  22620 | loss = -1.4179 | g_L = +1.4179 | EMA = +1.3792 | std(g_L) = 1.3054 | grad = 0.3919
step  22640 | loss = -1.3405 | g_L = +1.3405 | EMA = +1.3538 | std(g_L) = 1.2931 | grad = 0.7726
step  22660 | loss = -1.3441 | g_L = +1.3441 | EMA = +1.3562 | std(g_L) = 1.2799 | grad = 0.3893
step  22680 | loss = -1.4369 | g_L = +1.4369 | EMA = +1.3738 | std(g_L) = 1.1187 | grad = 0.1961
step  22700 | loss = -1.3253 | g_L = +1.3253 | EMA = +1.3474 | std(g_L) = 1.2362 | grad = 0.6002
step  22720 | loss = -1.3467 | g_L = +1.3467 | EMA = +1.3633 | std(g_L) = 1.2439 | grad = 0.2831
step  22740 | loss = -1.4055 | g_L = +1.4055 | EMA = +1.3682 | std(g_L) = 1.2097 | grad = 0.2397
step  22760 | loss = -1.0704 | g_L = +1.0704 | EMA = +1.3551 | std(g_L) = 1.5248 | grad = 0.1187
step  22780 | loss = -1.4048 | g_L = +1.4048 | EMA = +1.3699 | std(g_L) = 1.0466 | grad = 0.1938
step  22800 | loss = -1.4721 | g_L = +1.4721 | EMA = +1.3911 | std(g_L) = 1.1761 | grad = 0.3759
step  22820 | loss = -1.4299 | g_L = +1.4299 | EMA = +1.3917 | std(g_L) = 1.4020 | grad = 0.8896
step  22840 | loss = -1.3982 | g_L = +1.3982 | EMA = +1.3995 | std(g_L) = 1.1202 | grad = 0.7804
step  22860 | loss = -1.4073 | g_L = +1.4073 | EMA = +1.3733 | std(g_L) = 1.3438 | grad = 0.1624
step  22880 | loss = -1.1524 | g_L = +1.1524 | EMA = +1.3782 | std(g_L) = 1.7114 | grad = 0.7457
step  22900 | loss = -1.4056 | g_L = +1.4056 | EMA = +1.3786 | std(g_L) = 1.0884 | grad = 0.5940
step  22920 | loss = -1.3698 | g_L = +1.3698 | EMA = +1.3583 | std(g_L) = 1.1487 | grad = 0.3448
step  22940 | loss = -1.4573 | g_L = +1.4573 | EMA = +1.3839 | std(g_L) = 1.1333 | grad = 0.2329
step  22960 | loss = -1.4335 | g_L = +1.4335 | EMA = +1.3917 | std(g_L) = 1.1724 | grad = 0.2879
step  22980 | loss = -1.4221 | g_L = +1.4221 | EMA = +1.3952 | std(g_L) = 1.3842 | grad = 0.7363
step  23000 | loss = -1.5254 | g_L = +1.5254 | EMA = +1.3888 | std(g_L) = 1.0696 | grad = 0.5795
step  23020 | loss = -1.3573 | g_L = +1.3573 | EMA = +1.3794 | std(g_L) = 1.2581 | grad = 0.8138
step  23040 | loss = -1.2776 | g_L = +1.2776 | EMA = +1.3744 | std(g_L) = 1.3974 | grad = 0.5432
step  23060 | loss = -1.2750 | g_L = +1.2750 | EMA = +1.3690 | std(g_L) = 1.2550 | grad = 0.2925
step  23080 | loss = -1.3323 | g_L = +1.3323 | EMA = +1.3657 | std(g_L) = 1.2917 | grad = 0.4526
step  23100 | loss = -1.1815 | g_L = +1.1815 | EMA = +1.3671 | std(g_L) = 1.6214 | grad = 0.7289
step  23120 | loss = -1.5754 | g_L = +1.5754 | EMA = +1.3894 | std(g_L) = 1.2361 | grad = 0.5449
step  23140 | loss = -1.3716 | g_L = +1.3716 | EMA = +1.3527 | std(g_L) = 1.3167 | grad = 0.4062
step  23160 | loss = -1.3858 | g_L = +1.3858 | EMA = +1.3622 | std(g_L) = 1.4961 | grad = 0.8149
step  23180 | loss = -1.4134 | g_L = +1.4134 | EMA = +1.3927 | std(g_L) = 1.0703 | grad = 0.5913
step  23200 | loss = -1.3151 | g_L = +1.3151 | EMA = +1.3668 | std(g_L) = 1.3249 | grad = 0.7679
step  23220 | loss = -1.3269 | g_L = +1.3269 | EMA = +1.3564 | std(g_L) = 1.4021 | grad = 0.5610
step  23240 | loss = -1.3193 | g_L = +1.3193 | EMA = +1.3637 | std(g_L) = 1.4458 | grad = 0.1194
step  23260 | loss = -1.5169 | g_L = +1.5169 | EMA = +1.3857 | std(g_L) = 1.0318 | grad = 0.3963
step  23280 | loss = -1.5709 | g_L = +1.5709 | EMA = +1.3860 | std(g_L) = 1.0292 | grad = 0.7921
step  23300 | loss = -1.4582 | g_L = +1.4582 | EMA = +1.3968 | std(g_L) = 1.3774 | grad = 0.6067
step  23320 | loss = -1.2694 | g_L = +1.2694 | EMA = +1.3941 | std(g_L) = 1.2024 | grad = 0.9047
step  23340 | loss = -1.3466 | g_L = +1.3466 | EMA = +1.3782 | std(g_L) = 1.1769 | grad = 0.6075
step  23360 | loss = -1.5132 | g_L = +1.5132 | EMA = +1.3843 | std(g_L) = 1.2720 | grad = 1.0774
step  23380 | loss = -1.3339 | g_L = +1.3339 | EMA = +1.4099 | std(g_L) = 1.1529 | grad = 0.2140
step  23400 | loss = -1.3097 | g_L = +1.3097 | EMA = +1.3956 | std(g_L) = 1.1300 | grad = 0.4797
step  23420 | loss = -1.3183 | g_L = +1.3183 | EMA = +1.3745 | std(g_L) = 1.1903 | grad = 0.2511
step  23440 | loss = -1.3609 | g_L = +1.3609 | EMA = +1.3566 | std(g_L) = 1.3254 | grad = 0.3870
step  23460 | loss = -1.3982 | g_L = +1.3982 | EMA = +1.3743 | std(g_L) = 1.5339 | grad = 0.2736
step  23480 | loss = -1.4883 | g_L = +1.4883 | EMA = +1.3934 | std(g_L) = 1.1872 | grad = 0.4490
step  23500 | loss = -1.4511 | g_L = +1.4511 | EMA = +1.3803 | std(g_L) = 1.3750 | grad = 0.4293
step  23520 | loss = -1.5482 | g_L = +1.5482 | EMA = +1.3901 | std(g_L) = 1.1408 | grad = 0.6203
step  23540 | loss = -1.4087 | g_L = +1.4087 | EMA = +1.3817 | std(g_L) = 1.2639 | grad = 0.2486
step  23560 | loss = -1.5212 | g_L = +1.5212 | EMA = +1.4032 | std(g_L) = 1.1731 | grad = 0.7166
step  23580 | loss = -1.3681 | g_L = +1.3681 | EMA = +1.3958 | std(g_L) = 1.2790 | grad = 0.3682
step  23600 | loss = -1.3987 | g_L = +1.3987 | EMA = +1.3942 | std(g_L) = 1.0876 | grad = 0.6954
step  23620 | loss = -1.3464 | g_L = +1.3464 | EMA = +1.3927 | std(g_L) = 1.1680 | grad = 0.4809
step  23640 | loss = -1.4261 | g_L = +1.4261 | EMA = +1.3981 | std(g_L) = 1.1732 | grad = 0.5485
step  23660 | loss = -1.3208 | g_L = +1.3208 | EMA = +1.3948 | std(g_L) = 1.4690 | grad = 0.4017
step  23680 | loss = -1.4123 | g_L = +1.4123 | EMA = +1.4114 | std(g_L) = 1.1176 | grad = 0.3268
step  23700 | loss = -1.4109 | g_L = +1.4109 | EMA = +1.3886 | std(g_L) = 1.2564 | grad = 0.1862
step  23720 | loss = -1.4797 | g_L = +1.4797 | EMA = +1.3999 | std(g_L) = 1.3333 | grad = 0.5388
step  23740 | loss = -1.4480 | g_L = +1.4480 | EMA = +1.3980 | std(g_L) = 1.0318 | grad = 1.1334
step  23760 | loss = -1.4733 | g_L = +1.4733 | EMA = +1.3854 | std(g_L) = 1.0765 | grad = 0.7183
step  23780 | loss = -1.4562 | g_L = +1.4562 | EMA = +1.4001 | std(g_L) = 1.2619 | grad = 0.2632
step  23800 | loss = -1.3513 | g_L = +1.3513 | EMA = +1.3727 | std(g_L) = 1.2091 | grad = 0.5348
step  23820 | loss = -1.3406 | g_L = +1.3406 | EMA = +1.3584 | std(g_L) = 1.2289 | grad = 0.5115
step  23840 | loss = -1.3355 | g_L = +1.3355 | EMA = +1.3741 | std(g_L) = 1.5754 | grad = 0.1741
step  23860 | loss = -1.3486 | g_L = +1.3486 | EMA = +1.3793 | std(g_L) = 1.2434 | grad = 0.4042
step  23880 | loss = -1.3530 | g_L = +1.3530 | EMA = +1.3782 | std(g_L) = 1.2632 | grad = 0.5286
step  23900 | loss = -1.2998 | g_L = +1.2998 | EMA = +1.3759 | std(g_L) = 1.2718 | grad = 0.3324
step  23920 | loss = -1.4006 | g_L = +1.4006 | EMA = +1.3806 | std(g_L) = 1.2600 | grad = 0.7033
step  23940 | loss = -1.4583 | g_L = +1.4583 | EMA = +1.4054 | std(g_L) = 1.1389 | grad = 1.4168
step  23960 | loss = -1.4937 | g_L = +1.4937 | EMA = +1.4117 | std(g_L) = 1.0890 | grad = 0.6694
step  23980 | loss = -1.5314 | g_L = +1.5314 | EMA = +1.4130 | std(g_L) = 1.2322 | grad = 0.2965
step  24000 | loss = -1.4750 | g_L = +1.4750 | EMA = +1.3809 | std(g_L) = 0.9903 | grad = 0.5321
step  24020 | loss = -1.4282 | g_L = +1.4282 | EMA = +1.3810 | std(g_L) = 1.2767 | grad = 0.3475
step  24040 | loss = -1.3458 | g_L = +1.3458 | EMA = +1.3712 | std(g_L) = 1.0766 | grad = 0.3225
step  24060 | loss = -1.6047 | g_L = +1.6047 | EMA = +1.4097 | std(g_L) = 1.1392 | grad = 0.4310
step  24080 | loss = -1.4291 | g_L = +1.4291 | EMA = +1.4068 | std(g_L) = 1.1886 | grad = 0.1708
step  24100 | loss = -1.4120 | g_L = +1.4120 | EMA = +1.3955 | std(g_L) = 1.6285 | grad = 0.6986
step  24120 | loss = -1.3501 | g_L = +1.3501 | EMA = +1.3819 | std(g_L) = 1.3239 | grad = 0.9957
step  24140 | loss = -1.3821 | g_L = +1.3821 | EMA = +1.3931 | std(g_L) = 1.1356 | grad = 0.6693
step  24160 | loss = -1.3163 | g_L = +1.3163 | EMA = +1.3861 | std(g_L) = 1.2298 | grad = 0.5020
step  24180 | loss = -1.4719 | g_L = +1.4719 | EMA = +1.3949 | std(g_L) = 1.1408 | grad = 0.2651
step  24200 | loss = -1.5361 | g_L = +1.5361 | EMA = +1.4016 | std(g_L) = 1.1307 | grad = 1.3088
step  24220 | loss = -1.2483 | g_L = +1.2483 | EMA = +1.3886 | std(g_L) = 1.3200 | grad = 0.2954
step  24240 | loss = -1.1955 | g_L = +1.1955 | EMA = +1.3584 | std(g_L) = 1.2350 | grad = 0.5297
step  24260 | loss = -1.2988 | g_L = +1.2988 | EMA = +1.3632 | std(g_L) = 1.1363 | grad = 0.8937
step  24280 | loss = -1.5093 | g_L = +1.5093 | EMA = +1.3985 | std(g_L) = 1.3855 | grad = 0.3012
step  24300 | loss = -1.3388 | g_L = +1.3388 | EMA = +1.3820 | std(g_L) = 1.1325 | grad = 0.4204
step  24320 | loss = -1.4570 | g_L = +1.4570 | EMA = +1.3763 | std(g_L) = 1.0083 | grad = 0.5272
step  24340 | loss = -1.3618 | g_L = +1.3618 | EMA = +1.3435 | std(g_L) = 1.2663 | grad = 0.2656
step  24360 | loss = -1.2307 | g_L = +1.2307 | EMA = +1.3664 | std(g_L) = 1.4953 | grad = 0.3592
step  24380 | loss = -1.4145 | g_L = +1.4145 | EMA = +1.3663 | std(g_L) = 1.1213 | grad = 0.6172
step  24400 | loss = -1.4953 | g_L = +1.4953 | EMA = +1.3713 | std(g_L) = 1.1036 | grad = 0.3199
step  24420 | loss = -1.4378 | g_L = +1.4378 | EMA = +1.3826 | std(g_L) = 1.1335 | grad = 0.7975
step  24440 | loss = -1.2999 | g_L = +1.2999 | EMA = +1.3686 | std(g_L) = 1.1153 | grad = 0.7076
step  24460 | loss = -1.3197 | g_L = +1.3197 | EMA = +1.3964 | std(g_L) = 1.2909 | grad = 0.5017
step  24480 | loss = -1.4188 | g_L = +1.4188 | EMA = +1.4111 | std(g_L) = 1.0843 | grad = 0.7383
step  24500 | loss = -1.2602 | g_L = +1.2602 | EMA = +1.3911 | std(g_L) = 1.3639 | grad = 0.2594
step  24520 | loss = -1.4198 | g_L = +1.4198 | EMA = +1.3973 | std(g_L) = 1.1884 | grad = 1.2270
step  24540 | loss = -1.4731 | g_L = +1.4731 | EMA = +1.4140 | std(g_L) = 1.0693 | grad = 0.2871
step  24560 | loss = -1.3556 | g_L = +1.3556 | EMA = +1.4038 | std(g_L) = 1.1689 | grad = 1.4756
step  24580 | loss = -1.2625 | g_L = +1.2625 | EMA = +1.4025 | std(g_L) = 1.2691 | grad = 0.8212
step  24600 | loss = -1.2924 | g_L = +1.2924 | EMA = +1.3837 | std(g_L) = 1.1693 | grad = 0.1780
step  24620 | loss = -1.3667 | g_L = +1.3667 | EMA = +1.3684 | std(g_L) = 1.8880 | grad = 0.3233
step  24640 | loss = -1.3791 | g_L = +1.3791 | EMA = +1.3747 | std(g_L) = 1.1879 | grad = 0.6599
step  24660 | loss = -1.3527 | g_L = +1.3527 | EMA = +1.3778 | std(g_L) = 1.2270 | grad = 0.2010
step  24680 | loss = -1.4970 | g_L = +1.4970 | EMA = +1.3831 | std(g_L) = 1.1516 | grad = 0.5208
step  24700 | loss = -1.4341 | g_L = +1.4341 | EMA = +1.3622 | std(g_L) = 1.0095 | grad = 0.8622
step  24720 | loss = -1.1919 | g_L = +1.1919 | EMA = +1.3522 | std(g_L) = 1.3517 | grad = 0.4000
step  24740 | loss = -1.4016 | g_L = +1.4016 | EMA = +1.3626 | std(g_L) = 1.4247 | grad = 0.7948
step  24760 | loss = -1.3358 | g_L = +1.3358 | EMA = +1.3700 | std(g_L) = 1.2902 | grad = 0.2193
step  24780 | loss = -1.4236 | g_L = +1.4236 | EMA = +1.4061 | std(g_L) = 1.0608 | grad = 0.2879
step  24800 | loss = -1.4681 | g_L = +1.4681 | EMA = +1.4051 | std(g_L) = 1.2322 | grad = 0.6876
step  24820 | loss = -1.3599 | g_L = +1.3599 | EMA = +1.4050 | std(g_L) = 1.2845 | grad = 0.7656
step  24840 | loss = -1.3069 | g_L = +1.3069 | EMA = +1.3956 | std(g_L) = 1.2011 | grad = 0.3876
step  24860 | loss = -1.2793 | g_L = +1.2793 | EMA = +1.3913 | std(g_L) = 1.8675 | grad = 0.6142
step  24880 | loss = -1.5094 | g_L = +1.5094 | EMA = +1.4030 | std(g_L) = 1.0956 | grad = 0.7464
step  24900 | loss = -1.3484 | g_L = +1.3484 | EMA = +1.3860 | std(g_L) = 1.1376 | grad = 0.2166
step  24920 | loss = -1.3103 | g_L = +1.3103 | EMA = +1.3916 | std(g_L) = 1.2146 | grad = 0.4039
step  24940 | loss = -1.4428 | g_L = +1.4428 | EMA = +1.4016 | std(g_L) = 1.4116 | grad = 0.3741
step  24960 | loss = -1.3097 | g_L = +1.3097 | EMA = +1.3816 | std(g_L) = 1.4275 | grad = 0.1127
step  24980 | loss = -1.4109 | g_L = +1.4109 | EMA = +1.3696 | std(g_L) = 1.3150 | grad = 0.3085
step  25000 | loss = -1.4354 | g_L = +1.4354 | EMA = +1.3748 | std(g_L) = 1.1231 | grad = 0.4369
step  25020 | loss = -1.4655 | g_L = +1.4655 | EMA = +1.4126 | std(g_L) = 1.1937 | grad = 0.3989
step  25040 | loss = -1.4289 | g_L = +1.4289 | EMA = +1.3899 | std(g_L) = 1.2796 | grad = 0.5545
step  25060 | loss = -1.3288 | g_L = +1.3288 | EMA = +1.3832 | std(g_L) = 1.1641 | grad = 0.9765
step  25080 | loss = -1.3953 | g_L = +1.3953 | EMA = +1.3642 | std(g_L) = 1.3857 | grad = 0.9053
step  25100 | loss = -1.3762 | g_L = +1.3762 | EMA = +1.4001 | std(g_L) = 1.2630 | grad = 0.3641
step  25120 | loss = -1.4772 | g_L = +1.4772 | EMA = +1.4158 | std(g_L) = 1.6126 | grad = 0.6445
step  25140 | loss = -1.2958 | g_L = +1.2958 | EMA = +1.4040 | std(g_L) = 1.2650 | grad = 1.1595
step  25160 | loss = -1.4877 | g_L = +1.4877 | EMA = +1.3863 | std(g_L) = 1.3362 | grad = 0.2505
step  25180 | loss = -1.4249 | g_L = +1.4249 | EMA = +1.3860 | std(g_L) = 1.3507 | grad = 0.2468
step  25200 | loss = -1.3105 | g_L = +1.3105 | EMA = +1.3755 | std(g_L) = 1.6483 | grad = 0.2501
step  25220 | loss = -1.2480 | g_L = +1.2480 | EMA = +1.3684 | std(g_L) = 1.5017 | grad = 0.5552
step  25240 | loss = -1.3590 | g_L = +1.3590 | EMA = +1.3726 | std(g_L) = 1.2404 | grad = 0.2759
step  25260 | loss = -1.3061 | g_L = +1.3061 | EMA = +1.3664 | std(g_L) = 1.2331 | grad = 0.2457
step  25280 | loss = -1.3680 | g_L = +1.3680 | EMA = +1.3971 | std(g_L) = 1.2068 | grad = 0.1265
step  25300 | loss = -1.3791 | g_L = +1.3791 | EMA = +1.3854 | std(g_L) = 1.6969 | grad = 0.6255
step  25320 | loss = -1.3730 | g_L = +1.3730 | EMA = +1.3918 | std(g_L) = 1.3886 | grad = 0.2641
step  25340 | loss = -1.3394 | g_L = +1.3394 | EMA = +1.3949 | std(g_L) = 1.3185 | grad = 1.1164
step  25360 | loss = -1.4736 | g_L = +1.4736 | EMA = +1.3951 | std(g_L) = 1.3567 | grad = 0.6093
step  25380 | loss = -1.2574 | g_L = +1.2574 | EMA = +1.4030 | std(g_L) = 1.4360 | grad = 0.4433
step  25400 | loss = -1.4101 | g_L = +1.4101 | EMA = +1.4166 | std(g_L) = 1.0883 | grad = 0.2576
step  25420 | loss = -1.2725 | g_L = +1.2725 | EMA = +1.3791 | std(g_L) = 1.2299 | grad = 0.3150
step  25440 | loss = -1.4112 | g_L = +1.4112 | EMA = +1.3741 | std(g_L) = 1.0236 | grad = 0.3717
step  25460 | loss = -1.4166 | g_L = +1.4166 | EMA = +1.3509 | std(g_L) = 1.1981 | grad = 0.4354
step  25480 | loss = -1.4249 | g_L = +1.4249 | EMA = +1.3527 | std(g_L) = 1.3234 | grad = 0.3878
step  25500 | loss = -1.4606 | g_L = +1.4606 | EMA = +1.3782 | std(g_L) = 1.2210 | grad = 0.3833
step  25520 | loss = -1.4903 | g_L = +1.4903 | EMA = +1.3985 | std(g_L) = 1.0796 | grad = 0.5305
step  25540 | loss = -1.3974 | g_L = +1.3974 | EMA = +1.3846 | std(g_L) = 1.0843 | grad = 0.7528
step  25560 | loss = -1.4287 | g_L = +1.4287 | EMA = +1.3823 | std(g_L) = 1.1286 | grad = 1.5973
step  25580 | loss = -1.3940 | g_L = +1.3940 | EMA = +1.3790 | std(g_L) = 1.4570 | grad = 0.2211
step  25600 | loss = -1.2086 | g_L = +1.2086 | EMA = +1.3755 | std(g_L) = 1.1821 | grad = 0.5735
step  25620 | loss = -1.3970 | g_L = +1.3970 | EMA = +1.3736 | std(g_L) = 1.3567 | grad = 0.8610
step  25640 | loss = -1.3515 | g_L = +1.3515 | EMA = +1.3845 | std(g_L) = 1.1596 | grad = 0.2666
step  25660 | loss = -1.2769 | g_L = +1.2769 | EMA = +1.3637 | std(g_L) = 1.2999 | grad = 0.8382
step  25680 | loss = -1.2401 | g_L = +1.2401 | EMA = +1.3823 | std(g_L) = 1.3326 | grad = 0.7098
step  25700 | loss = -1.3313 | g_L = +1.3313 | EMA = +1.3684 | std(g_L) = 1.3949 | grad = 0.1802
step  25720 | loss = -1.4158 | g_L = +1.4158 | EMA = +1.3761 | std(g_L) = 1.2746 | grad = 0.6068
step  25740 | loss = -1.2890 | g_L = +1.2890 | EMA = +1.3908 | std(g_L) = 1.2552 | grad = 0.8782
step  25760 | loss = -1.3616 | g_L = +1.3616 | EMA = +1.3820 | std(g_L) = 1.1625 | grad = 0.4256
step  25780 | loss = -1.3744 | g_L = +1.3744 | EMA = +1.4212 | std(g_L) = 1.8122 | grad = 0.7022
step  25800 | loss = -1.1695 | g_L = +1.1695 | EMA = +1.3732 | std(g_L) = 1.7528 | grad = 0.4483
step  25820 | loss = -1.4224 | g_L = +1.4224 | EMA = +1.4109 | std(g_L) = 1.2702 | grad = 0.8728
step  25840 | loss = -1.2528 | g_L = +1.2528 | EMA = +1.3903 | std(g_L) = 1.4424 | grad = 0.2625
step  25860 | loss = -1.3669 | g_L = +1.3669 | EMA = +1.4008 | std(g_L) = 1.3201 | grad = 0.6649
step  25880 | loss = -1.4873 | g_L = +1.4873 | EMA = +1.4157 | std(g_L) = 1.0752 | grad = 0.5389
step  25900 | loss = -1.2059 | g_L = +1.2059 | EMA = +1.4105 | std(g_L) = 1.4496 | grad = 0.7615
step  25920 | loss = -1.5720 | g_L = +1.5720 | EMA = +1.3788 | std(g_L) = 1.0836 | grad = 0.3103
step  25940 | loss = -1.2580 | g_L = +1.2580 | EMA = +1.3958 | std(g_L) = 1.4386 | grad = 0.2026
step  25960 | loss = -1.3828 | g_L = +1.3828 | EMA = +1.3763 | std(g_L) = 1.1503 | grad = 0.4238
step  25980 | loss = -1.4611 | g_L = +1.4611 | EMA = +1.3977 | std(g_L) = 1.2889 | grad = 0.4520
step  26000 | loss = -1.3920 | g_L = +1.3920 | EMA = +1.4082 | std(g_L) = 1.1582 | grad = 1.0215
step  26020 | loss = -1.5747 | g_L = +1.5747 | EMA = +1.4085 | std(g_L) = 1.1602 | grad = 0.7331
step  26040 | loss = -1.3756 | g_L = +1.3756 | EMA = +1.3979 | std(g_L) = 1.1529 | grad = 0.2112
step  26060 | loss = -1.5221 | g_L = +1.5221 | EMA = +1.4016 | std(g_L) = 0.9739 | grad = 0.3958
step  26080 | loss = -1.2965 | g_L = +1.2965 | EMA = +1.3831 | std(g_L) = 1.4496 | grad = 0.3137
step  26100 | loss = -1.4789 | g_L = +1.4789 | EMA = +1.4108 | std(g_L) = 1.6630 | grad = 0.6489
step  26120 | loss = -1.2996 | g_L = +1.2996 | EMA = +1.3948 | std(g_L) = 1.2145 | grad = 0.5115
step  26140 | loss = -1.5186 | g_L = +1.5186 | EMA = +1.3918 | std(g_L) = 1.1675 | grad = 0.6168
step  26160 | loss = -1.3061 | g_L = +1.3061 | EMA = +1.3846 | std(g_L) = 1.2752 | grad = 0.5189
step  26180 | loss = -1.3940 | g_L = +1.3940 | EMA = +1.4028 | std(g_L) = 1.2004 | grad = 1.2657
step  26200 | loss = -1.4719 | g_L = +1.4719 | EMA = +1.4121 | std(g_L) = 1.2100 | grad = 0.3174
step  26220 | loss = -1.4807 | g_L = +1.4807 | EMA = +1.3948 | std(g_L) = 1.3431 | grad = 0.5937
step  26240 | loss = -1.3475 | g_L = +1.3475 | EMA = +1.3811 | std(g_L) = 1.3152 | grad = 0.8186
step  26260 | loss = -1.2929 | g_L = +1.2929 | EMA = +1.4097 | std(g_L) = 1.1329 | grad = 0.2379
step  26280 | loss = -1.3878 | g_L = +1.3878 | EMA = +1.4187 | std(g_L) = 1.1848 | grad = 2.0142
step  26300 | loss = -1.5360 | g_L = +1.5360 | EMA = +1.4295 | std(g_L) = 1.1699 | grad = 0.2994
step  26320 | loss = -1.4408 | g_L = +1.4408 | EMA = +1.4132 | std(g_L) = 1.2803 | grad = 0.8210
step  26340 | loss = -1.3599 | g_L = +1.3599 | EMA = +1.4400 | std(g_L) = 1.0954 | grad = 0.5356
step  26360 | loss = -1.3495 | g_L = +1.3495 | EMA = +1.4281 | std(g_L) = 1.2795 | grad = 0.5258
step  26380 | loss = -1.3509 | g_L = +1.3509 | EMA = +1.4347 | std(g_L) = 1.3034 | grad = 0.5664
step  26400 | loss = -1.4115 | g_L = +1.4115 | EMA = +1.4264 | std(g_L) = 1.1744 | grad = 1.4916
step  26420 | loss = -1.4029 | g_L = +1.4029 | EMA = +1.3914 | std(g_L) = 1.2933 | grad = 0.8702
step  26440 | loss = -1.4386 | g_L = +1.4386 | EMA = +1.4086 | std(g_L) = 1.2350 | grad = 0.4038
step  26460 | loss = -1.3824 | g_L = +1.3824 | EMA = +1.3790 | std(g_L) = 1.3970 | grad = 1.3969
step  26480 | loss = -1.3256 | g_L = +1.3256 | EMA = +1.3979 | std(g_L) = 1.1493 | grad = 0.8001
step  26500 | loss = -1.5153 | g_L = +1.5153 | EMA = +1.3929 | std(g_L) = 1.3341 | grad = 0.4241
step  26520 | loss = -1.3214 | g_L = +1.3214 | EMA = +1.3964 | std(g_L) = 1.5332 | grad = 0.4853
step  26540 | loss = -1.4995 | g_L = +1.4995 | EMA = +1.4058 | std(g_L) = 1.0921 | grad = 0.2694
step  26560 | loss = -1.5409 | g_L = +1.5409 | EMA = +1.3981 | std(g_L) = 1.2257 | grad = 0.2065
step  26580 | loss = -1.4067 | g_L = +1.4067 | EMA = +1.3871 | std(g_L) = 1.1009 | grad = 0.5721
step  26600 | loss = -1.4889 | g_L = +1.4889 | EMA = +1.4065 | std(g_L) = 1.2642 | grad = 0.5320
step  26620 | loss = -1.4564 | g_L = +1.4564 | EMA = +1.3864 | std(g_L) = 0.9866 | grad = 0.3242
step  26640 | loss = -1.5309 | g_L = +1.5309 | EMA = +1.4058 | std(g_L) = 1.4763 | grad = 0.4663
step  26660 | loss = -1.2973 | g_L = +1.2973 | EMA = +1.4081 | std(g_L) = 1.2142 | grad = 0.7626
step  26680 | loss = -1.4699 | g_L = +1.4699 | EMA = +1.4127 | std(g_L) = 1.2732 | grad = 0.3689
step  26700 | loss = -1.4342 | g_L = +1.4342 | EMA = +1.4184 | std(g_L) = 1.1130 | grad = 0.4297
step  26720 | loss = -1.2416 | g_L = +1.2416 | EMA = +1.3931 | std(g_L) = 1.1850 | grad = 0.5026
step  26740 | loss = -1.4408 | g_L = +1.4408 | EMA = +1.3824 | std(g_L) = 1.0535 | grad = 0.8623
step  26760 | loss = -1.2912 | g_L = +1.2912 | EMA = +1.3823 | std(g_L) = 1.3271 | grad = 0.3901
step  26780 | loss = -1.5109 | g_L = +1.5109 | EMA = +1.3614 | std(g_L) = 1.1848 | grad = 0.4733
step  26800 | loss = -1.4871 | g_L = +1.4871 | EMA = +1.3955 | std(g_L) = 1.4426 | grad = 0.6647
step  26820 | loss = -1.5057 | g_L = +1.5057 | EMA = +1.3769 | std(g_L) = 1.2954 | grad = 0.4065
step  26840 | loss = -1.4506 | g_L = +1.4506 | EMA = +1.4118 | std(g_L) = 1.1551 | grad = 1.2379
step  26860 | loss = -1.4474 | g_L = +1.4474 | EMA = +1.3816 | std(g_L) = 1.1093 | grad = 0.8441
step  26880 | loss = -1.4822 | g_L = +1.4822 | EMA = +1.4041 | std(g_L) = 0.9991 | grad = 0.6588
step  26900 | loss = -1.4684 | g_L = +1.4684 | EMA = +1.3832 | std(g_L) = 1.0730 | grad = 0.2389
step  26920 | loss = -1.0759 | g_L = +1.0759 | EMA = +1.3811 | std(g_L) = 1.5023 | grad = 1.1662
step  26940 | loss = -1.4956 | g_L = +1.4956 | EMA = +1.4216 | std(g_L) = 1.1836 | grad = 0.1891
step  26960 | loss = -1.2330 | g_L = +1.2330 | EMA = +1.4035 | std(g_L) = 1.3803 | grad = 1.1983
step  26980 | loss = -1.2608 | g_L = +1.2608 | EMA = +1.3880 | std(g_L) = 1.4233 | grad = 0.6452
step  27000 | loss = -1.3664 | g_L = +1.3664 | EMA = +1.4036 | std(g_L) = 1.6761 | grad = 0.2962
step  27020 | loss = -1.4494 | g_L = +1.4494 | EMA = +1.3982 | std(g_L) = 1.2327 | grad = 0.9072
step  27040 | loss = -1.5615 | g_L = +1.5615 | EMA = +1.3976 | std(g_L) = 1.1331 | grad = 0.4898
step  27060 | loss = -1.4328 | g_L = +1.4328 | EMA = +1.4012 | std(g_L) = 1.3324 | grad = 0.7280
step  27080 | loss = -1.3432 | g_L = +1.3432 | EMA = +1.4066 | std(g_L) = 1.1456 | grad = 0.2692
step  27100 | loss = -1.3873 | g_L = +1.3873 | EMA = +1.3978 | std(g_L) = 1.2711 | grad = 0.2967
step  27120 | loss = -1.4193 | g_L = +1.4193 | EMA = +1.4033 | std(g_L) = 1.4604 | grad = 0.2661
step  27140 | loss = -1.3809 | g_L = +1.3809 | EMA = +1.3991 | std(g_L) = 1.1420 | grad = 0.2848
step  27160 | loss = -1.2708 | g_L = +1.2708 | EMA = +1.4181 | std(g_L) = 1.4991 | grad = 0.2849
step  27180 | loss = -1.4572 | g_L = +1.4572 | EMA = +1.4033 | std(g_L) = 1.2646 | grad = 0.3104
step  27200 | loss = -1.5461 | g_L = +1.5461 | EMA = +1.3934 | std(g_L) = 1.3289 | grad = 0.1539
step  27220 | loss = -1.3588 | g_L = +1.3588 | EMA = +1.3930 | std(g_L) = 1.3969 | grad = 0.4258
step  27240 | loss = -1.3145 | g_L = +1.3145 | EMA = +1.3877 | std(g_L) = 1.5820 | grad = 0.7116
step  27260 | loss = -1.2815 | g_L = +1.2815 | EMA = +1.4073 | std(g_L) = 1.5677 | grad = 0.3304
step  27280 | loss = -1.2040 | g_L = +1.2040 | EMA = +1.3943 | std(g_L) = 1.2537 | grad = 0.2339
step  27300 | loss = -1.4244 | g_L = +1.4244 | EMA = +1.3885 | std(g_L) = 1.5998 | grad = 0.8830
step  27320 | loss = -1.4165 | g_L = +1.4165 | EMA = +1.3986 | std(g_L) = 1.2946 | grad = 0.9343
step  27340 | loss = -1.3343 | g_L = +1.3343 | EMA = +1.3988 | std(g_L) = 1.2522 | grad = 0.6341
step  27360 | loss = -1.4253 | g_L = +1.4253 | EMA = +1.4204 | std(g_L) = 1.3730 | grad = 0.8138
step  27380 | loss = -1.5072 | g_L = +1.5072 | EMA = +1.3896 | std(g_L) = 1.4110 | grad = 0.8869
step  27400 | loss = -1.5469 | g_L = +1.5469 | EMA = +1.3923 | std(g_L) = 1.1097 | grad = 1.3614
step  27420 | loss = -1.5009 | g_L = +1.5009 | EMA = +1.3656 | std(g_L) = 1.2192 | grad = 0.2272
step  27440 | loss = -1.2267 | g_L = +1.2267 | EMA = +1.3823 | std(g_L) = 1.2064 | grad = 0.3389
step  27460 | loss = -1.6934 | g_L = +1.6934 | EMA = +1.4040 | std(g_L) = 1.1888 | grad = 1.1529
step  27480 | loss = -1.3208 | g_L = +1.3208 | EMA = +1.3640 | std(g_L) = 1.4051 | grad = 0.2881
step  27500 | loss = -1.3303 | g_L = +1.3303 | EMA = +1.3658 | std(g_L) = 1.3863 | grad = 0.5584
step  27520 | loss = -1.5183 | g_L = +1.5183 | EMA = +1.3831 | std(g_L) = 1.2026 | grad = 0.9565
step  27540 | loss = -1.4453 | g_L = +1.4453 | EMA = +1.4029 | std(g_L) = 1.2534 | grad = 0.3271
step  27560 | loss = -1.3663 | g_L = +1.3663 | EMA = +1.3863 | std(g_L) = 1.4007 | grad = 0.3608
step  27580 | loss = -1.3609 | g_L = +1.3609 | EMA = +1.3946 | std(g_L) = 1.5681 | grad = 0.6203
step  27600 | loss = -1.5774 | g_L = +1.5774 | EMA = +1.4151 | std(g_L) = 1.1719 | grad = 1.0608
step  27620 | loss = -1.4196 | g_L = +1.4196 | EMA = +1.4068 | std(g_L) = 1.1585 | grad = 1.3322
step  27640 | loss = -1.5329 | g_L = +1.5329 | EMA = +1.4144 | std(g_L) = 1.2728 | grad = 0.1944
step  27660 | loss = -1.3201 | g_L = +1.3201 | EMA = +1.3929 | std(g_L) = 1.6573 | grad = 0.8612
step  27680 | loss = -1.4673 | g_L = +1.4673 | EMA = +1.3777 | std(g_L) = 1.2261 | grad = 0.2071
step  27700 | loss = -1.5598 | g_L = +1.5598 | EMA = +1.3932 | std(g_L) = 1.0514 | grad = 0.5355
step  27720 | loss = -1.1406 | g_L = +1.1406 | EMA = +1.4113 | std(g_L) = 1.1005 | grad = 0.6536
step  27740 | loss = -1.4662 | g_L = +1.4662 | EMA = +1.3919 | std(g_L) = 1.0548 | grad = 0.3055
step  27760 | loss = -1.4753 | g_L = +1.4753 | EMA = +1.3949 | std(g_L) = 1.1594 | grad = 0.7499
step  27780 | loss = -1.2876 | g_L = +1.2876 | EMA = +1.3933 | std(g_L) = 1.3453 | grad = 0.5984
step  27800 | loss = -1.2892 | g_L = +1.2892 | EMA = +1.4077 | std(g_L) = 1.2028 | grad = 1.4613
step  27820 | loss = -1.6434 | g_L = +1.6434 | EMA = +1.4129 | std(g_L) = 1.0990 | grad = 0.5263
step  27840 | loss = -1.3628 | g_L = +1.3628 | EMA = +1.4200 | std(g_L) = 1.2753 | grad = 0.6873
step  27860 | loss = -1.3607 | g_L = +1.3607 | EMA = +1.4314 | std(g_L) = 1.3913 | grad = 0.1360
step  27880 | loss = -1.5190 | g_L = +1.5190 | EMA = +1.4244 | std(g_L) = 1.1576 | grad = 1.2904
step  27900 | loss = -1.5647 | g_L = +1.5647 | EMA = +1.4153 | std(g_L) = 1.0385 | grad = 0.3002
step  27920 | loss = -1.5332 | g_L = +1.5332 | EMA = +1.4119 | std(g_L) = 1.2454 | grad = 0.3253
step  27940 | loss = -1.5188 | g_L = +1.5188 | EMA = +1.3949 | std(g_L) = 1.2058 | grad = 0.2565
step  27960 | loss = -1.2608 | g_L = +1.2608 | EMA = +1.4076 | std(g_L) = 1.7214 | grad = 0.4566
step  27980 | loss = -1.2354 | g_L = +1.2354 | EMA = +1.3809 | std(g_L) = 0.9910 | grad = 0.4943
step  28000 | loss = -1.5164 | g_L = +1.5164 | EMA = +1.4074 | std(g_L) = 1.1780 | grad = 0.0968
step  28020 | loss = -1.6303 | g_L = +1.6303 | EMA = +1.4305 | std(g_L) = 1.0572 | grad = 0.3594
step  28040 | loss = -1.3056 | g_L = +1.3056 | EMA = +1.4263 | std(g_L) = 1.1272 | grad = 0.2844
step  28060 | loss = -1.3506 | g_L = +1.3506 | EMA = +1.4100 | std(g_L) = 1.3748 | grad = 0.6706
step  28080 | loss = -1.4358 | g_L = +1.4358 | EMA = +1.4008 | std(g_L) = 1.1161 | grad = 0.8620
step  28100 | loss = -1.3641 | g_L = +1.3641 | EMA = +1.3922 | std(g_L) = 1.1321 | grad = 0.8280
step  28120 | loss = -1.3970 | g_L = +1.3970 | EMA = +1.3948 | std(g_L) = 1.3578 | grad = 0.4741
step  28140 | loss = -1.3486 | g_L = +1.3486 | EMA = +1.4114 | std(g_L) = 1.5937 | grad = 0.8980
step  28160 | loss = -1.4824 | g_L = +1.4824 | EMA = +1.4040 | std(g_L) = 1.2831 | grad = 1.5424
step  28180 | loss = -1.5682 | g_L = +1.5682 | EMA = +1.4013 | std(g_L) = 1.2154 | grad = 0.8373
step  28200 | loss = -1.3964 | g_L = +1.3964 | EMA = +1.4060 | std(g_L) = 1.2447 | grad = 0.2720
step  28220 | loss = -1.3321 | g_L = +1.3321 | EMA = +1.3964 | std(g_L) = 1.1209 | grad = 0.6169
step  28240 | loss = -1.3338 | g_L = +1.3338 | EMA = +1.3914 | std(g_L) = 1.5816 | grad = 0.3626
step  28260 | loss = -1.3959 | g_L = +1.3959 | EMA = +1.4161 | std(g_L) = 1.2433 | grad = 0.6047
step  28280 | loss = -1.3837 | g_L = +1.3837 | EMA = +1.4224 | std(g_L) = 1.1886 | grad = 0.2890
step  28300 | loss = -1.3383 | g_L = +1.3383 | EMA = +1.4463 | std(g_L) = 1.1960 | grad = 0.9698
step  28320 | loss = -1.3761 | g_L = +1.3761 | EMA = +1.4335 | std(g_L) = 1.3829 | grad = 0.2902
step  28340 | loss = -1.1847 | g_L = +1.1847 | EMA = +1.4108 | std(g_L) = 1.1527 | grad = 0.7225
step  28360 | loss = -1.4373 | g_L = +1.4373 | EMA = +1.4135 | std(g_L) = 0.9886 | grad = 1.4196
step  28380 | loss = -1.4900 | g_L = +1.4900 | EMA = +1.4137 | std(g_L) = 1.2866 | grad = 0.4531
step  28400 | loss = -1.3645 | g_L = +1.3645 | EMA = +1.4106 | std(g_L) = 1.4741 | grad = 1.5582
step  28420 | loss = -1.5440 | g_L = +1.5440 | EMA = +1.3897 | std(g_L) = 1.1994 | grad = 0.3534
step  28440 | loss = -1.2928 | g_L = +1.2928 | EMA = +1.3801 | std(g_L) = 1.2153 | grad = 0.7911
step  28460 | loss = -1.2247 | g_L = +1.2247 | EMA = +1.3751 | std(g_L) = 1.5837 | grad = 1.0936
step  28480 | loss = -1.5201 | g_L = +1.5201 | EMA = +1.3927 | std(g_L) = 1.2673 | grad = 1.4954
step  28500 | loss = -1.4371 | g_L = +1.4371 | EMA = +1.4266 | std(g_L) = 1.3940 | grad = 0.4048
step  28520 | loss = -1.3893 | g_L = +1.3893 | EMA = +1.3908 | std(g_L) = 1.0786 | grad = 0.6196
step  28540 | loss = -1.4404 | g_L = +1.4404 | EMA = +1.4024 | std(g_L) = 1.1712 | grad = 0.2799
step  28560 | loss = -1.4637 | g_L = +1.4637 | EMA = +1.4135 | std(g_L) = 1.0714 | grad = 0.5967
step  28580 | loss = -1.2533 | g_L = +1.2533 | EMA = +1.4306 | std(g_L) = 1.5656 | grad = 1.0696
step  28600 | loss = -1.4825 | g_L = +1.4825 | EMA = +1.4430 | std(g_L) = 1.1817 | grad = 0.1799
step  28620 | loss = -1.4006 | g_L = +1.4006 | EMA = +1.4367 | std(g_L) = 1.0390 | grad = 2.0457
step  28640 | loss = -1.5299 | g_L = +1.5299 | EMA = +1.4147 | std(g_L) = 1.1688 | grad = 0.5028
step  28660 | loss = -1.2268 | g_L = +1.2268 | EMA = +1.3666 | std(g_L) = 1.2689 | grad = 1.1593
step  28680 | loss = -1.4554 | g_L = +1.4554 | EMA = +1.4181 | std(g_L) = 1.4163 | grad = 1.5406
step  28700 | loss = -1.5194 | g_L = +1.5194 | EMA = +1.4239 | std(g_L) = 1.1174 | grad = 1.2150
step  28720 | loss = -1.2137 | g_L = +1.2137 | EMA = +1.3954 | std(g_L) = 1.5674 | grad = 1.1095
step  28740 | loss = -1.3757 | g_L = +1.3757 | EMA = +1.3899 | std(g_L) = 1.1516 | grad = 0.6558
step  28760 | loss = -1.3725 | g_L = +1.3725 | EMA = +1.3930 | std(g_L) = 1.8633 | grad = 0.2217
step  28780 | loss = -1.2912 | g_L = +1.2912 | EMA = +1.3728 | std(g_L) = 1.7426 | grad = 0.2991
step  28800 | loss = -1.4914 | g_L = +1.4914 | EMA = +1.3874 | std(g_L) = 1.2315 | grad = 0.3168
step  28820 | loss = -1.4087 | g_L = +1.4087 | EMA = +1.4048 | std(g_L) = 1.3759 | grad = 0.5863
step  28840 | loss = -1.5019 | g_L = +1.5019 | EMA = +1.4175 | std(g_L) = 1.1568 | grad = 0.4112
step  28860 | loss = -1.4633 | g_L = +1.4633 | EMA = +1.3988 | std(g_L) = 1.2244 | grad = 0.7101
step  28880 | loss = -1.4862 | g_L = +1.4862 | EMA = +1.3908 | std(g_L) = 1.1533 | grad = 1.3638
step  28900 | loss = -1.3434 | g_L = +1.3434 | EMA = +1.4010 | std(g_L) = 1.3181 | grad = 0.4635
step  28920 | loss = -1.3981 | g_L = +1.3981 | EMA = +1.4023 | std(g_L) = 1.2169 | grad = 0.7816
step  28940 | loss = -1.1757 | g_L = +1.1757 | EMA = +1.4092 | std(g_L) = 1.4834 | grad = 0.3551
step  28960 | loss = -1.4132 | g_L = +1.4132 | EMA = +1.4177 | std(g_L) = 1.4486 | grad = 0.2116
step  28980 | loss = -1.4881 | g_L = +1.4881 | EMA = +1.3836 | std(g_L) = 1.0607 | grad = 0.6609
step  29000 | loss = -1.4386 | g_L = +1.4386 | EMA = +1.4077 | std(g_L) = 1.1531 | grad = 1.2879
step  29020 | loss = -1.3345 | g_L = +1.3345 | EMA = +1.4221 | std(g_L) = 1.4691 | grad = 0.6859
step  29040 | loss = -1.5800 | g_L = +1.5800 | EMA = +1.4235 | std(g_L) = 1.1275 | grad = 1.6809
step  29060 | loss = -1.4419 | g_L = +1.4419 | EMA = +1.4275 | std(g_L) = 1.1854 | grad = 1.2970
step  29080 | loss = -1.2395 | g_L = +1.2395 | EMA = +1.4015 | std(g_L) = 1.3377 | grad = 1.3098
step  29100 | loss = -1.5260 | g_L = +1.5260 | EMA = +1.3945 | std(g_L) = 1.4349 | grad = 1.3045
step  29120 | loss = -1.2074 | g_L = +1.2074 | EMA = +1.3893 | std(g_L) = 1.2343 | grad = 0.2110
step  29140 | loss = -1.5451 | g_L = +1.5451 | EMA = +1.3866 | std(g_L) = 1.0771 | grad = 0.5605
step  29160 | loss = -1.3561 | g_L = +1.3561 | EMA = +1.4090 | std(g_L) = 1.4615 | grad = 0.3288
step  29180 | loss = -1.3946 | g_L = +1.3946 | EMA = +1.4149 | std(g_L) = 1.3329 | grad = 0.9309
step  29200 | loss = -1.4538 | g_L = +1.4538 | EMA = +1.4106 | std(g_L) = 1.2805 | grad = 0.1689
step  29220 | loss = -1.2988 | g_L = +1.2988 | EMA = +1.3703 | std(g_L) = 1.5486 | grad = 0.8788
step  29240 | loss = -1.4891 | g_L = +1.4891 | EMA = +1.3948 | std(g_L) = 1.1458 | grad = 0.5405
step  29260 | loss = -1.4611 | g_L = +1.4611 | EMA = +1.4332 | std(g_L) = 1.1720 | grad = 1.2178
step  29280 | loss = -1.3532 | g_L = +1.3532 | EMA = +1.3759 | std(g_L) = 1.2574 | grad = 0.7372
step  29300 | loss = -1.3111 | g_L = +1.3111 | EMA = +1.3863 | std(g_L) = 1.2130 | grad = 0.8298
step  29320 | loss = -1.4608 | g_L = +1.4608 | EMA = +1.3894 | std(g_L) = 1.0119 | grad = 0.3248
step  29340 | loss = -1.4308 | g_L = +1.4308 | EMA = +1.4160 | std(g_L) = 1.1963 | grad = 0.5345
step  29360 | loss = -1.5056 | g_L = +1.5056 | EMA = +1.3993 | std(g_L) = 1.2375 | grad = 0.3682
step  29380 | loss = -1.3870 | g_L = +1.3870 | EMA = +1.3703 | std(g_L) = 1.4277 | grad = 0.9708
step  29400 | loss = -1.4506 | g_L = +1.4506 | EMA = +1.3784 | std(g_L) = 1.3052 | grad = 0.2463
step  29420 | loss = -1.5977 | g_L = +1.5977 | EMA = +1.3956 | std(g_L) = 1.1768 | grad = 1.2665
step  29440 | loss = -1.3587 | g_L = +1.3587 | EMA = +1.3931 | std(g_L) = 1.3687 | grad = 0.3756
step  29460 | loss = -1.3585 | g_L = +1.3585 | EMA = +1.3948 | std(g_L) = 1.1588 | grad = 0.5614
step  29480 | loss = -1.3289 | g_L = +1.3289 | EMA = +1.3776 | std(g_L) = 1.3425 | grad = 0.3507
step  29500 | loss = -1.3774 | g_L = +1.3774 | EMA = +1.3961 | std(g_L) = 1.4323 | grad = 1.1226
step  29520 | loss = -1.2730 | g_L = +1.2730 | EMA = +1.4103 | std(g_L) = 1.6791 | grad = 0.9263
step  29540 | loss = -1.5806 | g_L = +1.5806 | EMA = +1.4069 | std(g_L) = 1.1939 | grad = 0.3408
step  29560 | loss = -1.5255 | g_L = +1.5255 | EMA = +1.3830 | std(g_L) = 1.3107 | grad = 0.6932
step  29580 | loss = -1.4559 | g_L = +1.4559 | EMA = +1.3902 | std(g_L) = 1.1028 | grad = 0.6771
step  29600 | loss = -1.4260 | g_L = +1.4260 | EMA = +1.4061 | std(g_L) = 1.2631 | grad = 0.1880
step  29620 | loss = -1.2611 | g_L = +1.2611 | EMA = +1.4189 | std(g_L) = 1.3734 | grad = 0.5151
step  29640 | loss = -1.3245 | g_L = +1.3245 | EMA = +1.3984 | std(g_L) = 1.1670 | grad = 0.6806
step  29660 | loss = -1.3526 | g_L = +1.3526 | EMA = +1.3977 | std(g_L) = 1.2427 | grad = 0.3690
step  29680 | loss = -1.2461 | g_L = +1.2461 | EMA = +1.4100 | std(g_L) = 1.7158 | grad = 0.7046
step  29700 | loss = -1.4705 | g_L = +1.4705 | EMA = +1.4114 | std(g_L) = 1.2159 | grad = 0.9035
step  29720 | loss = -1.6058 | g_L = +1.6058 | EMA = +1.4021 | std(g_L) = 1.2165 | grad = 0.3716
step  29740 | loss = -1.3907 | g_L = +1.3907 | EMA = +1.4152 | std(g_L) = 1.2595 | grad = 0.2468
step  29760 | loss = -1.2976 | g_L = +1.2976 | EMA = +1.4044 | std(g_L) = 1.4186 | grad = 0.4213
step  29780 | loss = -1.4153 | g_L = +1.4153 | EMA = +1.4170 | std(g_L) = 1.3721 | grad = 0.2279
step  29800 | loss = -1.5339 | g_L = +1.5339 | EMA = +1.4293 | std(g_L) = 1.2551 | grad = 0.9256
step  29820 | loss = -1.4153 | g_L = +1.4153 | EMA = +1.4344 | std(g_L) = 1.2816 | grad = 1.8230
step  29840 | loss = -1.5744 | g_L = +1.5744 | EMA = +1.4002 | std(g_L) = 1.0622 | grad = 0.8890
step  29860 | loss = -1.3889 | g_L = +1.3889 | EMA = +1.4264 | std(g_L) = 1.1642 | grad = 0.3341
step  29880 | loss = -1.2998 | g_L = +1.2998 | EMA = +1.3851 | std(g_L) = 1.6339 | grad = 0.7503
step  29900 | loss = -1.3799 | g_L = +1.3799 | EMA = +1.3912 | std(g_L) = 1.3634 | grad = 1.3037
step  29920 | loss = -1.3296 | g_L = +1.3296 | EMA = +1.4237 | std(g_L) = 1.1961 | grad = 0.9734
step  29940 | loss = -1.3672 | g_L = +1.3672 | EMA = +1.4309 | std(g_L) = 1.0948 | grad = 0.3955
step  29960 | loss = -1.4149 | g_L = +1.4149 | EMA = +1.4313 | std(g_L) = 1.2496 | grad = 0.3148
step  29980 | loss = -1.4835 | g_L = +1.4835 | EMA = +1.4379 | std(g_L) = 1.4055 | grad = 0.4395
step  30000 | loss = -1.5642 | g_L = +1.5642 | EMA = +1.4213 | std(g_L) = 1.0622 | grad = 0.2257
step  30020 | loss = -1.4012 | g_L = +1.4012 | EMA = +1.4085 | std(g_L) = 1.6500 | grad = 0.3782
step  30040 | loss = -1.3686 | g_L = +1.3686 | EMA = +1.3908 | std(g_L) = 1.4840 | grad = 1.1120
step  30060 | loss = -1.4810 | g_L = +1.4810 | EMA = +1.4012 | std(g_L) = 1.1144 | grad = 0.2825
step  30080 | loss = -1.5825 | g_L = +1.5825 | EMA = +1.4174 | std(g_L) = 1.1133 | grad = 0.5478
step  30100 | loss = -1.3922 | g_L = +1.3922 | EMA = +1.4088 | std(g_L) = 1.2556 | grad = 0.3890
step  30120 | loss = -1.2536 | g_L = +1.2536 | EMA = +1.4161 | std(g_L) = 1.5169 | grad = 0.5516
step  30140 | loss = -1.5557 | g_L = +1.5557 | EMA = +1.4137 | std(g_L) = 1.1400 | grad = 0.3220
step  30160 | loss = -1.4653 | g_L = +1.4653 | EMA = +1.4326 | std(g_L) = 1.0213 | grad = 0.7881
step  30180 | loss = -1.3952 | g_L = +1.3952 | EMA = +1.3951 | std(g_L) = 1.2095 | grad = 0.2648
step  30200 | loss = -1.3699 | g_L = +1.3699 | EMA = +1.4185 | std(g_L) = 1.3251 | grad = 0.2350
step  30220 | loss = -1.2694 | g_L = +1.2694 | EMA = +1.4034 | std(g_L) = 1.2867 | grad = 2.0773
step  30240 | loss = -1.5071 | g_L = +1.5071 | EMA = +1.4164 | std(g_L) = 1.1679 | grad = 0.9549
step  30260 | loss = -1.5720 | g_L = +1.5720 | EMA = +1.4315 | std(g_L) = 1.2123 | grad = 0.4482
step  30280 | loss = -1.3259 | g_L = +1.3259 | EMA = +1.4143 | std(g_L) = 1.1331 | grad = 0.6278
step  30300 | loss = -1.2846 | g_L = +1.2846 | EMA = +1.4201 | std(g_L) = 1.0396 | grad = 0.3232
step  30320 | loss = -1.4352 | g_L = +1.4352 | EMA = +1.4068 | std(g_L) = 1.2093 | grad = 0.2658
step  30340 | loss = -1.4790 | g_L = +1.4790 | EMA = +1.4292 | std(g_L) = 1.1105 | grad = 0.8022
step  30360 | loss = -1.3371 | g_L = +1.3371 | EMA = +1.4398 | std(g_L) = 1.2562 | grad = 0.3129
step  30380 | loss = -1.4277 | g_L = +1.4277 | EMA = +1.4347 | std(g_L) = 1.6782 | grad = 0.4470
step  30400 | loss = -1.4288 | g_L = +1.4288 | EMA = +1.4067 | std(g_L) = 1.2479 | grad = 0.4480
step  30420 | loss = -1.4748 | g_L = +1.4748 | EMA = +1.3881 | std(g_L) = 1.1394 | grad = 0.3181
step  30440 | loss = -1.3457 | g_L = +1.3457 | EMA = +1.4013 | std(g_L) = 1.2540 | grad = 1.2916
step  30460 | loss = -1.4166 | g_L = +1.4166 | EMA = +1.4053 | std(g_L) = 1.0978 | grad = 1.4544
step  30480 | loss = -1.4689 | g_L = +1.4689 | EMA = +1.4091 | std(g_L) = 1.2068 | grad = 1.4888
step  30500 | loss = -1.5234 | g_L = +1.5234 | EMA = +1.4320 | std(g_L) = 1.1166 | grad = 0.4919
step  30520 | loss = -1.3151 | g_L = +1.3151 | EMA = +1.4201 | std(g_L) = 1.0546 | grad = 0.6559
step  30540 | loss = -1.5684 | g_L = +1.5684 | EMA = +1.4341 | std(g_L) = 1.0542 | grad = 0.2958
step  30560 | loss = -1.3962 | g_L = +1.3962 | EMA = +1.4082 | std(g_L) = 1.3212 | grad = 1.9087
step  30580 | loss = -1.6287 | g_L = +1.6287 | EMA = +1.4092 | std(g_L) = 1.1393 | grad = 0.9263
step  30600 | loss = -1.4412 | g_L = +1.4412 | EMA = +1.4163 | std(g_L) = 1.1611 | grad = 1.2705
step  30620 | loss = -1.2960 | g_L = +1.2960 | EMA = +1.3894 | std(g_L) = 1.4368 | grad = 0.4609
step  30640 | loss = -1.3620 | g_L = +1.3620 | EMA = +1.4004 | std(g_L) = 1.0850 | grad = 0.3184
step  30660 | loss = -1.4215 | g_L = +1.4215 | EMA = +1.4153 | std(g_L) = 1.1600 | grad = 0.7123
step  30680 | loss = -1.4368 | g_L = +1.4368 | EMA = +1.3821 | std(g_L) = 1.1356 | grad = 1.5164
step  30700 | loss = -1.5223 | g_L = +1.5223 | EMA = +1.4136 | std(g_L) = 1.3859 | grad = 0.8736
step  30720 | loss = -1.4627 | g_L = +1.4627 | EMA = +1.4122 | std(g_L) = 1.2814 | grad = 0.3022
step  30740 | loss = -1.5053 | g_L = +1.5053 | EMA = +1.4225 | std(g_L) = 1.1111 | grad = 0.5329
step  30760 | loss = -1.2411 | g_L = +1.2411 | EMA = +1.4050 | std(g_L) = 1.5340 | grad = 0.7399
step  30780 | loss = -1.3406 | g_L = +1.3406 | EMA = +1.4179 | std(g_L) = 1.2608 | grad = 0.5942
step  30800 | loss = -1.4722 | g_L = +1.4722 | EMA = +1.4072 | std(g_L) = 1.0489 | grad = 0.3011
step  30820 | loss = -1.4297 | g_L = +1.4297 | EMA = +1.4111 | std(g_L) = 1.6387 | grad = 0.3402
step  30840 | loss = -1.4744 | g_L = +1.4744 | EMA = +1.4024 | std(g_L) = 1.2224 | grad = 0.5449
step  30860 | loss = -1.3537 | g_L = +1.3537 | EMA = +1.4169 | std(g_L) = 1.4084 | grad = 0.7519
step  30880 | loss = -1.3278 | g_L = +1.3278 | EMA = +1.4322 | std(g_L) = 1.5144 | grad = 0.3534
step  30900 | loss = -1.4266 | g_L = +1.4266 | EMA = +1.4232 | std(g_L) = 1.2071 | grad = 1.5117
step  30920 | loss = -1.6450 | g_L = +1.6450 | EMA = +1.3774 | std(g_L) = 1.3027 | grad = 0.6260
step  30940 | loss = -1.3782 | g_L = +1.3782 | EMA = +1.4034 | std(g_L) = 1.2284 | grad = 0.8159
step  30960 | loss = -1.5358 | g_L = +1.5358 | EMA = +1.4260 | std(g_L) = 1.2273 | grad = 0.6860
step  30980 | loss = -1.5941 | g_L = +1.5941 | EMA = +1.4494 | std(g_L) = 1.2030 | grad = 0.2395
step  31000 | loss = -1.4096 | g_L = +1.4096 | EMA = +1.4207 | std(g_L) = 1.3681 | grad = 0.2383
step  31020 | loss = -1.3877 | g_L = +1.3877 | EMA = +1.4347 | std(g_L) = 1.0401 | grad = 0.4262
step  31040 | loss = -1.4162 | g_L = +1.4162 | EMA = +1.4197 | std(g_L) = 1.1532 | grad = 0.9074
step  31060 | loss = -1.2837 | g_L = +1.2837 | EMA = +1.4007 | std(g_L) = 1.4726 | grad = 0.2226
step  31080 | loss = -1.3900 | g_L = +1.3900 | EMA = +1.4059 | std(g_L) = 1.4437 | grad = 0.6289
step  31100 | loss = -1.3830 | g_L = +1.3830 | EMA = +1.4095 | std(g_L) = 1.2618 | grad = 0.3434
step  31120 | loss = -1.4041 | g_L = +1.4041 | EMA = +1.4211 | std(g_L) = 1.3555 | grad = 0.7052
step  31140 | loss = -1.3931 | g_L = +1.3931 | EMA = +1.3947 | std(g_L) = 1.2886 | grad = 0.2873
step  31160 | loss = -1.4221 | g_L = +1.4221 | EMA = +1.3960 | std(g_L) = 1.2964 | grad = 0.5529
step  31180 | loss = -1.4066 | g_L = +1.4066 | EMA = +1.3927 | std(g_L) = 1.3042 | grad = 0.4422
step  31200 | loss = -1.4434 | g_L = +1.4434 | EMA = +1.3721 | std(g_L) = 1.4557 | grad = 0.9913
step  31220 | loss = -1.3594 | g_L = +1.3594 | EMA = +1.4080 | std(g_L) = 1.4060 | grad = 0.2725
step  31240 | loss = -1.4270 | g_L = +1.4270 | EMA = +1.3796 | std(g_L) = 1.4119 | grad = 1.3652
step  31260 | loss = -1.1648 | g_L = +1.1648 | EMA = +1.4005 | std(g_L) = 1.7469 | grad = 1.3748
step  31280 | loss = -1.4573 | g_L = +1.4573 | EMA = +1.4298 | std(g_L) = 1.8146 | grad = 0.9272
step  31300 | loss = -1.4848 | g_L = +1.4848 | EMA = +1.4545 | std(g_L) = 1.2035 | grad = 0.7449
step  31320 | loss = -1.5020 | g_L = +1.5020 | EMA = +1.4387 | std(g_L) = 1.2136 | grad = 2.0598
step  31340 | loss = -1.2949 | g_L = +1.2949 | EMA = +1.4104 | std(g_L) = 1.1341 | grad = 1.2531
step  31360 | loss = -1.3956 | g_L = +1.3956 | EMA = +1.3928 | std(g_L) = 1.2097 | grad = 0.5516
step  31380 | loss = -1.4074 | g_L = +1.4074 | EMA = +1.4170 | std(g_L) = 1.3834 | grad = 0.2220
step  31400 | loss = -1.2903 | g_L = +1.2903 | EMA = +1.4148 | std(g_L) = 1.3898 | grad = 0.5154
step  31420 | loss = -1.5687 | g_L = +1.5687 | EMA = +1.4167 | std(g_L) = 1.0795 | grad = 0.2720
step  31440 | loss = -1.3852 | g_L = +1.3852 | EMA = +1.4154 | std(g_L) = 1.4191 | grad = 1.1636
step  31460 | loss = -1.3629 | g_L = +1.3629 | EMA = +1.4206 | std(g_L) = 1.3162 | grad = 0.9499
step  31480 | loss = -1.5223 | g_L = +1.5223 | EMA = +1.4313 | std(g_L) = 1.4136 | grad = 0.4790
step  31500 | loss = -1.3897 | g_L = +1.3897 | EMA = +1.4434 | std(g_L) = 1.1838 | grad = 0.9713
step  31520 | loss = -1.4141 | g_L = +1.4141 | EMA = +1.4237 | std(g_L) = 1.3288 | grad = 1.0936
step  31540 | loss = -1.4108 | g_L = +1.4108 | EMA = +1.4109 | std(g_L) = 1.3850 | grad = 0.7779
step  31560 | loss = -1.1853 | g_L = +1.1853 | EMA = +1.3518 | std(g_L) = 1.7787 | grad = 1.0556
step  31580 | loss = -1.2461 | g_L = +1.2461 | EMA = +1.3688 | std(g_L) = 1.7666 | grad = 0.7758
step  31600 | loss = -1.3060 | g_L = +1.3060 | EMA = +1.4094 | std(g_L) = 1.3878 | grad = 0.5472
step  31620 | loss = -1.2428 | g_L = +1.2428 | EMA = +1.3877 | std(g_L) = 1.2591 | grad = 0.4683
step  31640 | loss = -1.4115 | g_L = +1.4115 | EMA = +1.4057 | std(g_L) = 1.4412 | grad = 0.8994
step  31660 | loss = -1.4530 | g_L = +1.4530 | EMA = +1.4336 | std(g_L) = 1.1624 | grad = 0.2122
step  31680 | loss = -1.4074 | g_L = +1.4074 | EMA = +1.3991 | std(g_L) = 1.5788 | grad = 0.2740
step  31700 | loss = -1.3942 | g_L = +1.3942 | EMA = +1.4212 | std(g_L) = 1.4047 | grad = 0.6059
step  31720 | loss = -1.5696 | g_L = +1.5696 | EMA = +1.4122 | std(g_L) = 1.2863 | grad = 0.8563
step  31740 | loss = -1.4731 | g_L = +1.4731 | EMA = +1.4245 | std(g_L) = 1.1905 | grad = 1.4415
step  31760 | loss = -1.3399 | g_L = +1.3399 | EMA = +1.4018 | std(g_L) = 1.1594 | grad = 0.3455
step  31780 | loss = -1.3453 | g_L = +1.3453 | EMA = +1.3841 | std(g_L) = 1.3338 | grad = 1.5794
step  31800 | loss = -1.4377 | g_L = +1.4377 | EMA = +1.4187 | std(g_L) = 1.2659 | grad = 0.2117
step  31820 | loss = -1.3424 | g_L = +1.3424 | EMA = +1.4043 | std(g_L) = 1.3139 | grad = 0.6079
step  31840 | loss = -1.4322 | g_L = +1.4322 | EMA = +1.4119 | std(g_L) = 1.4353 | grad = 0.6169
step  31860 | loss = -1.3803 | g_L = +1.3803 | EMA = +1.4368 | std(g_L) = 1.3363 | grad = 0.3424
step  31880 | loss = -1.6118 | g_L = +1.6118 | EMA = +1.4510 | std(g_L) = 1.3358 | grad = 1.4308
step  31900 | loss = -1.3923 | g_L = +1.3923 | EMA = +1.4212 | std(g_L) = 1.2937 | grad = 1.0067
step  31920 | loss = -1.5205 | g_L = +1.5205 | EMA = +1.4098 | std(g_L) = 1.2958 | grad = 0.3059
step  31940 | loss = -1.4783 | g_L = +1.4783 | EMA = +1.4131 | std(g_L) = 1.1931 | grad = 0.8392
step  31960 | loss = -1.2404 | g_L = +1.2404 | EMA = +1.3994 | std(g_L) = 1.7536 | grad = 0.4348
step  31980 | loss = -1.5674 | g_L = +1.5674 | EMA = +1.3910 | std(g_L) = 1.3683 | grad = 0.7065
step  32000 | loss = -1.5270 | g_L = +1.5270 | EMA = +1.4216 | std(g_L) = 1.3347 | grad = 1.2015
step  32020 | loss = -1.3551 | g_L = +1.3551 | EMA = +1.4360 | std(g_L) = 1.6045 | grad = 0.5285
step  32040 | loss = -1.4716 | g_L = +1.4716 | EMA = +1.4056 | std(g_L) = 1.1094 | grad = 0.5317
step  32060 | loss = -1.4661 | g_L = +1.4661 | EMA = +1.4272 | std(g_L) = 1.1076 | grad = 0.3210
step  32080 | loss = -1.5128 | g_L = +1.5128 | EMA = +1.4017 | std(g_L) = 1.3079 | grad = 0.2343
step  32100 | loss = -1.3400 | g_L = +1.3400 | EMA = +1.4015 | std(g_L) = 1.2150 | grad = 0.2508
step  32120 | loss = -1.5627 | g_L = +1.5627 | EMA = +1.4408 | std(g_L) = 1.1268 | grad = 0.3309
step  32140 | loss = -1.4498 | g_L = +1.4498 | EMA = +1.4385 | std(g_L) = 1.1299 | grad = 0.3222
step  32160 | loss = -1.4792 | g_L = +1.4792 | EMA = +1.4480 | std(g_L) = 1.1392 | grad = 1.8695
step  32180 | loss = -1.2593 | g_L = +1.2593 | EMA = +1.3967 | std(g_L) = 1.0964 | grad = 0.4917
step  32200 | loss = -1.4107 | g_L = +1.4107 | EMA = +1.4261 | std(g_L) = 1.2281 | grad = 0.9607
step  32220 | loss = -1.4071 | g_L = +1.4071 | EMA = +1.4176 | std(g_L) = 1.4509 | grad = 1.2490
step  32240 | loss = -1.3578 | g_L = +1.3578 | EMA = +1.4025 | std(g_L) = 1.3314 | grad = 0.2939
step  32260 | loss = -1.3801 | g_L = +1.3801 | EMA = +1.4314 | std(g_L) = 1.3101 | grad = 0.1855
step  32280 | loss = -1.3701 | g_L = +1.3701 | EMA = +1.3907 | std(g_L) = 1.1798 | grad = 0.8864
step  32300 | loss = -1.4480 | g_L = +1.4480 | EMA = +1.4229 | std(g_L) = 1.0385 | grad = 0.4697
step  32320 | loss = -1.5955 | g_L = +1.5955 | EMA = +1.4094 | std(g_L) = 1.1831 | grad = 0.9572
step  32340 | loss = -1.4665 | g_L = +1.4665 | EMA = +1.4115 | std(g_L) = 1.1071 | grad = 0.3671
step  32360 | loss = -1.3813 | g_L = +1.3813 | EMA = +1.4325 | std(g_L) = 1.1730 | grad = 0.6091
step  32380 | loss = -1.5068 | g_L = +1.5068 | EMA = +1.3971 | std(g_L) = 1.1691 | grad = 0.3142
step  32400 | loss = -1.4379 | g_L = +1.4379 | EMA = +1.4237 | std(g_L) = 1.2977 | grad = 1.2556
step  32420 | loss = -1.3472 | g_L = +1.3472 | EMA = +1.3948 | std(g_L) = 1.4784 | grad = 0.3328
step  32440 | loss = -1.5279 | g_L = +1.5279 | EMA = +1.4260 | std(g_L) = 1.2156 | grad = 0.5725
step  32460 | loss = -1.4372 | g_L = +1.4372 | EMA = +1.4071 | std(g_L) = 1.0658 | grad = 0.5246
step  32480 | loss = -1.5607 | g_L = +1.5607 | EMA = +1.4101 | std(g_L) = 1.2638 | grad = 0.2303
step  32500 | loss = -1.4762 | g_L = +1.4762 | EMA = +1.4043 | std(g_L) = 1.1485 | grad = 0.6585
step  32520 | loss = -1.4720 | g_L = +1.4720 | EMA = +1.4310 | std(g_L) = 1.1571 | grad = 0.3813
step  32540 | loss = -1.4491 | g_L = +1.4491 | EMA = +1.4248 | std(g_L) = 1.4907 | grad = 0.8393
step  32560 | loss = -1.4670 | g_L = +1.4670 | EMA = +1.3946 | std(g_L) = 1.2544 | grad = 1.4351
step  32580 | loss = -1.4973 | g_L = +1.4973 | EMA = +1.4097 | std(g_L) = 1.1680 | grad = 1.2178
step  32600 | loss = -1.4648 | g_L = +1.4648 | EMA = +1.4143 | std(g_L) = 1.2321 | grad = 0.5610
step  32620 | loss = -1.3195 | g_L = +1.3195 | EMA = +1.4009 | std(g_L) = 1.3877 | grad = 0.1953
step  32640 | loss = -1.4504 | g_L = +1.4504 | EMA = +1.3970 | std(g_L) = 1.3617 | grad = 1.7663
step  32660 | loss = -1.5354 | g_L = +1.5354 | EMA = +1.4136 | std(g_L) = 1.0875 | grad = 1.1357
step  32680 | loss = -1.4016 | g_L = +1.4016 | EMA = +1.4040 | std(g_L) = 1.2334 | grad = 1.6810
step  32700 | loss = -1.4351 | g_L = +1.4351 | EMA = +1.4316 | std(g_L) = 1.2794 | grad = 0.5390
step  32720 | loss = -1.3319 | g_L = +1.3319 | EMA = +1.4167 | std(g_L) = 1.6454 | grad = 0.8559
step  32740 | loss = -1.4949 | g_L = +1.4949 | EMA = +1.3966 | std(g_L) = 1.1887 | grad = 0.9159
step  32760 | loss = -1.2990 | g_L = +1.2990 | EMA = +1.4163 | std(g_L) = 1.4145 | grad = 1.4452
step  32780 | loss = -1.2856 | g_L = +1.2856 | EMA = +1.3978 | std(g_L) = 1.3349 | grad = 0.3797
step  32800 | loss = -1.3101 | g_L = +1.3101 | EMA = +1.3996 | std(g_L) = 1.3111 | grad = 0.2530
step  32820 | loss = -1.4553 | g_L = +1.4553 | EMA = +1.3869 | std(g_L) = 1.1890 | grad = 1.3474
step  32840 | loss = -1.3511 | g_L = +1.3511 | EMA = +1.4142 | std(g_L) = 1.2736 | grad = 0.8336
step  32860 | loss = -1.3622 | g_L = +1.3622 | EMA = +1.4064 | std(g_L) = 1.2350 | grad = 1.4371
step  32880 | loss = -1.5205 | g_L = +1.5205 | EMA = +1.4057 | std(g_L) = 1.2612 | grad = 0.5715
step  32900 | loss = -1.6282 | g_L = +1.6282 | EMA = +1.4066 | std(g_L) = 1.1026 | grad = 0.5534
step  32920 | loss = -1.4489 | g_L = +1.4489 | EMA = +1.4020 | std(g_L) = 1.1532 | grad = 0.4560
step  32940 | loss = -1.5423 | g_L = +1.5423 | EMA = +1.4129 | std(g_L) = 1.1076 | grad = 0.8869
step  32960 | loss = -1.4470 | g_L = +1.4470 | EMA = +1.4228 | std(g_L) = 1.3006 | grad = 0.3800
step  32980 | loss = -1.3861 | g_L = +1.3861 | EMA = +1.3956 | std(g_L) = 1.5387 | grad = 1.2119
step  33000 | loss = -1.5833 | g_L = +1.5833 | EMA = +1.4072 | std(g_L) = 1.3776 | grad = 1.5534
step  33020 | loss = -1.5514 | g_L = +1.5514 | EMA = +1.4345 | std(g_L) = 1.1141 | grad = 0.8764
step  33040 | loss = -1.4021 | g_L = +1.4021 | EMA = +1.4110 | std(g_L) = 1.3291 | grad = 0.4842
step  33060 | loss = -1.0723 | g_L = +1.0723 | EMA = +1.4141 | std(g_L) = 1.3185 | grad = 1.1382
step  33080 | loss = -1.3417 | g_L = +1.3417 | EMA = +1.4265 | std(g_L) = 1.2909 | grad = 0.6154
step  33100 | loss = -1.5209 | g_L = +1.5209 | EMA = +1.4263 | std(g_L) = 1.2040 | grad = 0.6213
step  33120 | loss = -1.2511 | g_L = +1.2511 | EMA = +1.3947 | std(g_L) = 1.3055 | grad = 0.9057
step  33140 | loss = -1.3186 | g_L = +1.3186 | EMA = +1.3813 | std(g_L) = 1.2911 | grad = 0.3433
step  33160 | loss = -1.3664 | g_L = +1.3664 | EMA = +1.3985 | std(g_L) = 1.2365 | grad = 1.3050
step  33180 | loss = -1.3409 | g_L = +1.3409 | EMA = +1.3724 | std(g_L) = 1.4490 | grad = 0.4088
step  33200 | loss = -1.4495 | g_L = +1.4495 | EMA = +1.4240 | std(g_L) = 1.2377 | grad = 1.0434
step  33220 | loss = -1.3724 | g_L = +1.3724 | EMA = +1.4166 | std(g_L) = 1.2459 | grad = 0.8842
step  33240 | loss = -1.4992 | g_L = +1.4992 | EMA = +1.4271 | std(g_L) = 1.0822 | grad = 0.6303
step  33260 | loss = -1.3829 | g_L = +1.3829 | EMA = +1.4095 | std(g_L) = 1.3433 | grad = 1.0111
step  33280 | loss = -1.5617 | g_L = +1.5617 | EMA = +1.4029 | std(g_L) = 1.2143 | grad = 1.5808
step  33300 | loss = -1.4657 | g_L = +1.4657 | EMA = +1.4103 | std(g_L) = 1.2074 | grad = 0.4501
step  33320 | loss = -1.3870 | g_L = +1.3870 | EMA = +1.4138 | std(g_L) = 1.2825 | grad = 1.8306
step  33340 | loss = -1.2839 | g_L = +1.2839 | EMA = +1.4166 | std(g_L) = 1.2038 | grad = 0.8677
step  33360 | loss = -1.4641 | g_L = +1.4641 | EMA = +1.4315 | std(g_L) = 1.2674 | grad = 0.4769
step  33380 | loss = -1.5271 | g_L = +1.5271 | EMA = +1.4487 | std(g_L) = 1.1329 | grad = 0.5666
step  33400 | loss = -1.5141 | g_L = +1.5141 | EMA = +1.4320 | std(g_L) = 1.4076 | grad = 0.1073
step  33420 | loss = -1.1999 | g_L = +1.1999 | EMA = +1.4300 | std(g_L) = 1.3002 | grad = 0.4921
step  33440 | loss = -1.5637 | g_L = +1.5637 | EMA = +1.4133 | std(g_L) = 1.1011 | grad = 0.3081
step  33460 | loss = -1.7080 | g_L = +1.7080 | EMA = +1.4343 | std(g_L) = 1.1656 | grad = 1.0174
step  33480 | loss = -1.6590 | g_L = +1.6590 | EMA = +1.4400 | std(g_L) = 1.0974 | grad = 0.4053
step  33500 | loss = -1.5398 | g_L = +1.5398 | EMA = +1.4109 | std(g_L) = 1.1510 | grad = 0.6661
step  33520 | loss = -1.3906 | g_L = +1.3906 | EMA = +1.4035 | std(g_L) = 1.3923 | grad = 0.3585
step  33540 | loss = -1.3337 | g_L = +1.3337 | EMA = +1.4365 | std(g_L) = 1.1772 | grad = 0.8836
step  33560 | loss = -1.3707 | g_L = +1.3707 | EMA = +1.3975 | std(g_L) = 1.3271 | grad = 0.4214
step  33580 | loss = -1.3545 | g_L = +1.3545 | EMA = +1.4030 | std(g_L) = 1.3456 | grad = 0.2776
step  33600 | loss = -1.3831 | g_L = +1.3831 | EMA = +1.3985 | std(g_L) = 1.3620 | grad = 0.4053
step  33620 | loss = -1.3815 | g_L = +1.3815 | EMA = +1.4010 | std(g_L) = 1.1211 | grad = 0.1415
step  33640 | loss = -1.3278 | g_L = +1.3278 | EMA = +1.4096 | std(g_L) = 1.4789 | grad = 0.6959
step  33660 | loss = -1.3238 | g_L = +1.3238 | EMA = +1.4138 | std(g_L) = 1.1670 | grad = 0.3582
step  33680 | loss = -1.4709 | g_L = +1.4709 | EMA = +1.4329 | std(g_L) = 1.1099 | grad = 0.6199
step  33700 | loss = -1.3673 | g_L = +1.3673 | EMA = +1.4098 | std(g_L) = 1.4055 | grad = 0.4940
step  33720 | loss = -1.4215 | g_L = +1.4215 | EMA = +1.4065 | std(g_L) = 1.2269 | grad = 0.4308
step  33740 | loss = -1.4837 | g_L = +1.4837 | EMA = +1.4320 | std(g_L) = 1.1828 | grad = 0.5045
step  33760 | loss = -1.4979 | g_L = +1.4979 | EMA = +1.4561 | std(g_L) = 1.1345 | grad = 1.9932
step  33780 | loss = -1.4556 | g_L = +1.4556 | EMA = +1.4055 | std(g_L) = 1.1674 | grad = 0.5768
step  33800 | loss = -1.3690 | g_L = +1.3690 | EMA = +1.4273 | std(g_L) = 1.3153 | grad = 0.2086
step  33820 | loss = -1.3791 | g_L = +1.3791 | EMA = +1.4127 | std(g_L) = 1.4053 | grad = 0.7781
step  33840 | loss = -1.4848 | g_L = +1.4848 | EMA = +1.4252 | std(g_L) = 1.0759 | grad = 0.4051
step  33860 | loss = -1.4246 | g_L = +1.4246 | EMA = +1.4034 | std(g_L) = 1.0749 | grad = 0.7009
step  33880 | loss = -1.5407 | g_L = +1.5407 | EMA = +1.4275 | std(g_L) = 1.1884 | grad = 0.5743
step  33900 | loss = -1.4711 | g_L = +1.4711 | EMA = +1.4046 | std(g_L) = 1.3140 | grad = 1.7205
step  33920 | loss = -1.1590 | g_L = +1.1590 | EMA = +1.3905 | std(g_L) = 1.3654 | grad = 1.1146
step  33940 | loss = -1.4500 | g_L = +1.4500 | EMA = +1.4200 | std(g_L) = 1.2903 | grad = 1.1783
step  33960 | loss = -1.4490 | g_L = +1.4490 | EMA = +1.4151 | std(g_L) = 1.3518 | grad = 0.6611
step  33980 | loss = -1.5253 | g_L = +1.5253 | EMA = +1.4029 | std(g_L) = 1.3058 | grad = 0.7912
step  34000 | loss = -1.4171 | g_L = +1.4171 | EMA = +1.4112 | std(g_L) = 1.0723 | grad = 0.7556
step  34020 | loss = -1.2877 | g_L = +1.2877 | EMA = +1.4150 | std(g_L) = 1.4090 | grad = 0.4178
step  34040 | loss = -1.2698 | g_L = +1.2698 | EMA = +1.3965 | std(g_L) = 1.3277 | grad = 0.7208
step  34060 | loss = -1.3870 | g_L = +1.3870 | EMA = +1.4018 | std(g_L) = 1.2923 | grad = 0.5161
step  34080 | loss = -1.5064 | g_L = +1.5064 | EMA = +1.4300 | std(g_L) = 1.2189 | grad = 0.6975
step  34100 | loss = -1.2834 | g_L = +1.2834 | EMA = +1.4121 | std(g_L) = 1.1877 | grad = 0.7523
step  34120 | loss = -1.4164 | g_L = +1.4164 | EMA = +1.4109 | std(g_L) = 1.4732 | grad = 0.5454
step  34140 | loss = -1.4970 | g_L = +1.4970 | EMA = +1.4220 | std(g_L) = 1.2674 | grad = 0.6112
step  34160 | loss = -1.2194 | g_L = +1.2194 | EMA = +1.4088 | std(g_L) = 1.4383 | grad = 0.1988
step  34180 | loss = -1.4280 | g_L = +1.4280 | EMA = +1.4506 | std(g_L) = 1.1810 | grad = 0.3577
step  34200 | loss = -1.3459 | g_L = +1.3459 | EMA = +1.4197 | std(g_L) = 1.2743 | grad = 0.8134
step  34220 | loss = -1.5172 | g_L = +1.5172 | EMA = +1.4136 | std(g_L) = 1.1670 | grad = 0.6542
step  34240 | loss = -1.4015 | g_L = +1.4015 | EMA = +1.4028 | std(g_L) = 1.1701 | grad = 0.8699
step  34260 | loss = -1.3560 | g_L = +1.3560 | EMA = +1.3933 | std(g_L) = 1.1697 | grad = 1.5722
step  34280 | loss = -1.3172 | g_L = +1.3172 | EMA = +1.4011 | std(g_L) = 1.2422 | grad = 0.7098
step  34300 | loss = -1.3504 | g_L = +1.3504 | EMA = +1.4003 | std(g_L) = 1.3799 | grad = 0.9514
step  34320 | loss = -1.4812 | g_L = +1.4812 | EMA = +1.4213 | std(g_L) = 1.2274 | grad = 0.6111
step  34340 | loss = -1.3788 | g_L = +1.3788 | EMA = +1.4213 | std(g_L) = 1.1151 | grad = 1.1479
step  34360 | loss = -1.4007 | g_L = +1.4007 | EMA = +1.4106 | std(g_L) = 1.3453 | grad = 0.3359
step  34380 | loss = -1.3572 | g_L = +1.3572 | EMA = +1.4041 | std(g_L) = 1.2851 | grad = 0.2466
step  34400 | loss = -1.3972 | g_L = +1.3972 | EMA = +1.4020 | std(g_L) = 1.0481 | grad = 0.5498
step  34420 | loss = -1.5700 | g_L = +1.5700 | EMA = +1.4318 | std(g_L) = 1.2919 | grad = 0.7788
step  34440 | loss = -1.5453 | g_L = +1.5453 | EMA = +1.4325 | std(g_L) = 1.1667 | grad = 0.5493
step  34460 | loss = -1.4353 | g_L = +1.4353 | EMA = +1.4096 | std(g_L) = 1.2587 | grad = 1.5237
step  34480 | loss = -1.2945 | g_L = +1.2945 | EMA = +1.4473 | std(g_L) = 1.2697 | grad = 0.6911
step  34500 | loss = -1.5561 | g_L = +1.5561 | EMA = +1.4207 | std(g_L) = 1.1182 | grad = 0.4391
step  34520 | loss = -1.5817 | g_L = +1.5817 | EMA = +1.4254 | std(g_L) = 1.1947 | grad = 1.0764
step  34540 | loss = -1.4946 | g_L = +1.4946 | EMA = +1.4112 | std(g_L) = 1.4193 | grad = 0.8449
step  34560 | loss = -1.5001 | g_L = +1.5001 | EMA = +1.4219 | std(g_L) = 1.3707 | grad = 0.3505
step  34580 | loss = -1.2905 | g_L = +1.2905 | EMA = +1.4111 | std(g_L) = 1.7456 | grad = 0.3392
step  34600 | loss = -1.5647 | g_L = +1.5647 | EMA = +1.4212 | std(g_L) = 1.1097 | grad = 0.2781
step  34620 | loss = -1.5652 | g_L = +1.5652 | EMA = +1.4306 | std(g_L) = 1.1737 | grad = 0.5549
step  34640 | loss = -1.3594 | g_L = +1.3594 | EMA = +1.4369 | std(g_L) = 1.1280 | grad = 0.4754
step  34660 | loss = -1.3462 | g_L = +1.3462 | EMA = +1.4276 | std(g_L) = 1.2147 | grad = 1.3086
step  34680 | loss = -1.4149 | g_L = +1.4149 | EMA = +1.4322 | std(g_L) = 1.4974 | grad = 0.6446
step  34700 | loss = -1.5011 | g_L = +1.5011 | EMA = +1.4212 | std(g_L) = 1.0411 | grad = 0.1733
step  34720 | loss = -1.3642 | g_L = +1.3642 | EMA = +1.4077 | std(g_L) = 1.1740 | grad = 0.3529
step  34740 | loss = -1.3214 | g_L = +1.3214 | EMA = +1.4191 | std(g_L) = 1.2841 | grad = 0.5029
step  34760 | loss = -1.4058 | g_L = +1.4058 | EMA = +1.3950 | std(g_L) = 1.1667 | grad = 0.5202
step  34780 | loss = -1.4068 | g_L = +1.4068 | EMA = +1.4260 | std(g_L) = 1.1218 | grad = 2.0312
step  34800 | loss = -1.2370 | g_L = +1.2370 | EMA = +1.4104 | std(g_L) = 1.4314 | grad = 0.5172
step  34820 | loss = -1.2772 | g_L = +1.2772 | EMA = +1.4125 | std(g_L) = 1.4583 | grad = 0.9320
step  34840 | loss = -1.2540 | g_L = +1.2540 | EMA = +1.4124 | std(g_L) = 1.2847 | grad = 0.2851
step  34860 | loss = -1.5464 | g_L = +1.5464 | EMA = +1.4085 | std(g_L) = 1.3557 | grad = 0.5084
step  34880 | loss = -1.4843 | g_L = +1.4843 | EMA = +1.4218 | std(g_L) = 1.1724 | grad = 0.5979
step  34900 | loss = -1.4693 | g_L = +1.4693 | EMA = +1.4177 | std(g_L) = 1.4205 | grad = 0.7356
step  34920 | loss = -1.2786 | g_L = +1.2786 | EMA = +1.4171 | std(g_L) = 1.1562 | grad = 0.2939
step  34940 | loss = -1.4048 | g_L = +1.4048 | EMA = +1.4119 | std(g_L) = 1.1359 | grad = 0.4676
step  34960 | loss = -1.6210 | g_L = +1.6210 | EMA = +1.4212 | std(g_L) = 1.1334 | grad = 0.4915
step  34980 | loss = -1.3525 | g_L = +1.3525 | EMA = +1.4295 | std(g_L) = 1.2778 | grad = 0.7086
step  35000 | loss = -1.4074 | g_L = +1.4074 | EMA = +1.4356 | std(g_L) = 1.2512 | grad = 1.1137
step  35020 | loss = -1.4755 | g_L = +1.4755 | EMA = +1.4162 | std(g_L) = 1.1405 | grad = 0.8080
step  35040 | loss = -1.3758 | g_L = +1.3758 | EMA = +1.4058 | std(g_L) = 1.2906 | grad = 0.6369
step  35060 | loss = -1.5142 | g_L = +1.5142 | EMA = +1.3978 | std(g_L) = 1.1529 | grad = 1.2423
step  35080 | loss = -1.4812 | g_L = +1.4812 | EMA = +1.4236 | std(g_L) = 1.1754 | grad = 0.2350
step  35100 | loss = -1.5789 | g_L = +1.5789 | EMA = +1.4455 | std(g_L) = 1.3261 | grad = 0.5458
step  35120 | loss = -1.2842 | g_L = +1.2842 | EMA = +1.3997 | std(g_L) = 1.5663 | grad = 0.9365
step  35140 | loss = -1.3149 | g_L = +1.3149 | EMA = +1.3802 | std(g_L) = 1.4668 | grad = 0.3513
step  35160 | loss = -1.3453 | g_L = +1.3453 | EMA = +1.4251 | std(g_L) = 1.2147 | grad = 1.4605
step  35180 | loss = -1.4347 | g_L = +1.4347 | EMA = +1.4073 | std(g_L) = 1.1701 | grad = 0.3846
step  35200 | loss = -1.3387 | g_L = +1.3387 | EMA = +1.4347 | std(g_L) = 1.2187 | grad = 1.1144
step  35220 | loss = -1.5486 | g_L = +1.5486 | EMA = +1.4352 | std(g_L) = 1.0441 | grad = 0.1772
step  35240 | loss = -1.4467 | g_L = +1.4467 | EMA = +1.4375 | std(g_L) = 1.2162 | grad = 0.4151
step  35260 | loss = -1.2946 | g_L = +1.2946 | EMA = +1.4138 | std(g_L) = 1.4559 | grad = 1.1067
step  35280 | loss = -1.4546 | g_L = +1.4546 | EMA = +1.4194 | std(g_L) = 1.1510 | grad = 1.1259
step  35300 | loss = -1.4641 | g_L = +1.4641 | EMA = +1.4187 | std(g_L) = 1.3304 | grad = 1.2074
step  35320 | loss = -1.4058 | g_L = +1.4058 | EMA = +1.4184 | std(g_L) = 1.2255 | grad = 0.2475
step  35340 | loss = -1.4411 | g_L = +1.4411 | EMA = +1.4077 | std(g_L) = 1.1097 | grad = 0.1981
step  35360 | loss = -1.2705 | g_L = +1.2705 | EMA = +1.4180 | std(g_L) = 1.2197 | grad = 0.3958
step  35380 | loss = -1.5199 | g_L = +1.5199 | EMA = +1.4366 | std(g_L) = 1.2424 | grad = 0.2114
step  35400 | loss = -1.3490 | g_L = +1.3490 | EMA = +1.4297 | std(g_L) = 1.2126 | grad = 1.4938
step  35420 | loss = -1.5287 | g_L = +1.5287 | EMA = +1.4044 | std(g_L) = 1.2962 | grad = 1.3691
step  35440 | loss = -1.4434 | g_L = +1.4434 | EMA = +1.4041 | std(g_L) = 1.3324 | grad = 0.4127
step  35460 | loss = -1.4828 | g_L = +1.4828 | EMA = +1.4116 | std(g_L) = 1.3901 | grad = 0.4026
step  35480 | loss = -1.5124 | g_L = +1.5124 | EMA = +1.4203 | std(g_L) = 1.2092 | grad = 0.7469
step  35500 | loss = -1.4707 | g_L = +1.4707 | EMA = +1.4139 | std(g_L) = 1.2118 | grad = 0.5403
step  35520 | loss = -1.3811 | g_L = +1.3811 | EMA = +1.4156 | std(g_L) = 1.1769 | grad = 0.4997
step  35540 | loss = -1.3134 | g_L = +1.3134 | EMA = +1.4189 | std(g_L) = 1.5558 | grad = 1.1449
step  35560 | loss = -1.4251 | g_L = +1.4251 | EMA = +1.4199 | std(g_L) = 1.1171 | grad = 0.3191
step  35580 | loss = -1.4558 | g_L = +1.4558 | EMA = +1.4044 | std(g_L) = 1.1716 | grad = 0.5107
step  35600 | loss = -1.4886 | g_L = +1.4886 | EMA = +1.4162 | std(g_L) = 1.0943 | grad = 0.3922
step  35620 | loss = -1.4824 | g_L = +1.4824 | EMA = +1.4320 | std(g_L) = 1.2750 | grad = 3.0634
step  35640 | loss = -1.4667 | g_L = +1.4667 | EMA = +1.4227 | std(g_L) = 1.0522 | grad = 1.3467
step  35660 | loss = -1.4305 | g_L = +1.4305 | EMA = +1.3943 | std(g_L) = 1.2260 | grad = 2.0788
step  35680 | loss = -1.5093 | g_L = +1.5093 | EMA = +1.4131 | std(g_L) = 1.1566 | grad = 0.5419
step  35700 | loss = -1.3861 | g_L = +1.3861 | EMA = +1.4089 | std(g_L) = 1.3757 | grad = 0.8041
step  35720 | loss = -1.3624 | g_L = +1.3624 | EMA = +1.4244 | std(g_L) = 1.2958 | grad = 0.4861
step  35740 | loss = -1.4566 | g_L = +1.4566 | EMA = +1.4053 | std(g_L) = 1.2896 | grad = 0.2465
step  35760 | loss = -1.2453 | g_L = +1.2453 | EMA = +1.4096 | std(g_L) = 1.4329 | grad = 0.7863
step  35780 | loss = -1.4215 | g_L = +1.4215 | EMA = +1.3856 | std(g_L) = 1.3306 | grad = 0.7665
step  35800 | loss = -1.3941 | g_L = +1.3941 | EMA = +1.4010 | std(g_L) = 1.2256 | grad = 1.0393
step  35820 | loss = -1.3571 | g_L = +1.3571 | EMA = +1.4146 | std(g_L) = 1.3407 | grad = 2.2796
step  35840 | loss = -1.2910 | g_L = +1.2910 | EMA = +1.4201 | std(g_L) = 1.3907 | grad = 0.5364
step  35860 | loss = -1.2798 | g_L = +1.2798 | EMA = +1.4079 | std(g_L) = 1.3090 | grad = 1.8158
step  35880 | loss = -1.6048 | g_L = +1.6048 | EMA = +1.4416 | std(g_L) = 1.1328 | grad = 0.7009
step  35900 | loss = -1.2882 | g_L = +1.2882 | EMA = +1.3959 | std(g_L) = 1.5630 | grad = 1.6889
step  35920 | loss = -1.5078 | g_L = +1.5078 | EMA = +1.4393 | std(g_L) = 1.0027 | grad = 0.4796
step  35940 | loss = -1.5020 | g_L = +1.5020 | EMA = +1.4530 | std(g_L) = 1.1406 | grad = 1.2035
step  35960 | loss = -1.3986 | g_L = +1.3986 | EMA = +1.4062 | std(g_L) = 1.2803 | grad = 0.6166
step  35980 | loss = -1.4019 | g_L = +1.4019 | EMA = +1.3958 | std(g_L) = 1.3133 | grad = 0.9747
step  36000 | loss = -1.4883 | g_L = +1.4883 | EMA = +1.4144 | std(g_L) = 1.2074 | grad = 0.7827
step  36020 | loss = -1.4760 | g_L = +1.4760 | EMA = +1.4127 | std(g_L) = 1.2280 | grad = 0.3069
step  36040 | loss = -1.3957 | g_L = +1.3957 | EMA = +1.4141 | std(g_L) = 1.3345 | grad = 0.4481
step  36060 | loss = -1.3137 | g_L = +1.3137 | EMA = +1.4294 | std(g_L) = 1.2318 | grad = 0.9339
step  36080 | loss = -1.4843 | g_L = +1.4843 | EMA = +1.4084 | std(g_L) = 1.2992 | grad = 0.2418
step  36100 | loss = -1.3415 | g_L = +1.3415 | EMA = +1.3934 | std(g_L) = 1.2477 | grad = 1.5591
step  36120 | loss = -1.3064 | g_L = +1.3064 | EMA = +1.4069 | std(g_L) = 1.4875 | grad = 0.5614
step  36140 | loss = -1.3430 | g_L = +1.3430 | EMA = +1.4104 | std(g_L) = 1.1925 | grad = 0.3370
step  36160 | loss = -1.5466 | g_L = +1.5466 | EMA = +1.4047 | std(g_L) = 1.1973 | grad = 1.2518
step  36180 | loss = -1.3535 | g_L = +1.3535 | EMA = +1.4041 | std(g_L) = 1.3621 | grad = 0.8426
step  36200 | loss = -1.3030 | g_L = +1.3030 | EMA = +1.4020 | std(g_L) = 1.3112 | grad = 0.4065
step  36220 | loss = -1.2989 | g_L = +1.2989 | EMA = +1.4040 | std(g_L) = 1.3903 | grad = 0.6722
step  36240 | loss = -1.4724 | g_L = +1.4724 | EMA = +1.4057 | std(g_L) = 1.0743 | grad = 0.4131
step  36260 | loss = -1.3682 | g_L = +1.3682 | EMA = +1.3879 | std(g_L) = 1.1101 | grad = 0.2507
step  36280 | loss = -1.4069 | g_L = +1.4069 | EMA = +1.4094 | std(g_L) = 1.3043 | grad = 1.3115
step  36300 | loss = -1.4312 | g_L = +1.4312 | EMA = +1.4238 | std(g_L) = 1.1019 | grad = 0.8065
step  36320 | loss = -1.5846 | g_L = +1.5846 | EMA = +1.4436 | std(g_L) = 1.1227 | grad = 0.4315
step  36340 | loss = -1.6144 | g_L = +1.6144 | EMA = +1.4428 | std(g_L) = 1.0443 | grad = 0.9774
step  36360 | loss = -1.4560 | g_L = +1.4560 | EMA = +1.4216 | std(g_L) = 1.1663 | grad = 0.4485
step  36380 | loss = -1.3000 | g_L = +1.3000 | EMA = +1.4119 | std(g_L) = 1.3202 | grad = 0.6030
step  36400 | loss = -1.4387 | g_L = +1.4387 | EMA = +1.4140 | std(g_L) = 1.2347 | grad = 0.6011
step  36420 | loss = -1.1956 | g_L = +1.1956 | EMA = +1.4264 | std(g_L) = 1.3172 | grad = 0.4244
step  36440 | loss = -1.5035 | g_L = +1.5035 | EMA = +1.4011 | std(g_L) = 1.2229 | grad = 0.5828
step  36460 | loss = -1.3732 | g_L = +1.3732 | EMA = +1.4210 | std(g_L) = 1.4674 | grad = 0.9980
step  36480 | loss = -1.3903 | g_L = +1.3903 | EMA = +1.4196 | std(g_L) = 1.3614 | grad = 0.9453
step  36500 | loss = -1.4238 | g_L = +1.4238 | EMA = +1.4153 | std(g_L) = 1.5237 | grad = 0.9184
step  36520 | loss = -1.3857 | g_L = +1.3857 | EMA = +1.4219 | std(g_L) = 1.0341 | grad = 1.3673
step  36540 | loss = -1.4681 | g_L = +1.4681 | EMA = +1.4172 | std(g_L) = 1.3276 | grad = 0.7838
step  36560 | loss = -1.4731 | g_L = +1.4731 | EMA = +1.4107 | std(g_L) = 1.4102 | grad = 0.3758
step  36580 | loss = -1.4342 | g_L = +1.4342 | EMA = +1.3927 | std(g_L) = 1.0974 | grad = 1.3584
step  36600 | loss = -1.3582 | g_L = +1.3582 | EMA = +1.4033 | std(g_L) = 1.0588 | grad = 0.3274
step  36620 | loss = -1.4437 | g_L = +1.4437 | EMA = +1.3801 | std(g_L) = 1.1545 | grad = 1.9470
step  36640 | loss = -1.3940 | g_L = +1.3940 | EMA = +1.4275 | std(g_L) = 1.1450 | grad = 0.3762
step  36660 | loss = -1.6327 | g_L = +1.6327 | EMA = +1.4381 | std(g_L) = 1.1229 | grad = 0.6027
step  36680 | loss = -1.3581 | g_L = +1.3581 | EMA = +1.4156 | std(g_L) = 1.2939 | grad = 0.8409
step  36700 | loss = -1.5223 | g_L = +1.5223 | EMA = +1.4243 | std(g_L) = 1.1894 | grad = 0.2615
step  36720 | loss = -1.3460 | g_L = +1.3460 | EMA = +1.4169 | std(g_L) = 1.4244 | grad = 0.8662
step  36740 | loss = -1.4794 | g_L = +1.4794 | EMA = +1.4063 | std(g_L) = 1.4950 | grad = 0.6294
step  36760 | loss = -1.3753 | g_L = +1.3753 | EMA = +1.4307 | std(g_L) = 1.4547 | grad = 0.4616
step  36780 | loss = -1.4628 | g_L = +1.4628 | EMA = +1.4021 | std(g_L) = 1.1744 | grad = 0.7475
step  36800 | loss = -1.3462 | g_L = +1.3462 | EMA = +1.4154 | std(g_L) = 1.0929 | grad = 1.3493
step  36820 | loss = -1.4090 | g_L = +1.4090 | EMA = +1.4086 | std(g_L) = 1.3312 | grad = 0.6328
step  36840 | loss = -1.2910 | g_L = +1.2910 | EMA = +1.4411 | std(g_L) = 1.2462 | grad = 0.3310
step  36860 | loss = -1.4364 | g_L = +1.4364 | EMA = +1.4614 | std(g_L) = 1.3885 | grad = 0.5358
step  36880 | loss = -1.4636 | g_L = +1.4636 | EMA = +1.4481 | std(g_L) = 1.2020 | grad = 1.4502
step  36900 | loss = -1.4248 | g_L = +1.4248 | EMA = +1.4228 | std(g_L) = 1.0988 | grad = 0.6326
step  36920 | loss = -1.3449 | g_L = +1.3449 | EMA = +1.4185 | std(g_L) = 1.3606 | grad = 1.3359
step  36940 | loss = -1.1985 | g_L = +1.1985 | EMA = +1.4104 | std(g_L) = 1.6465 | grad = 1.7811
step  36960 | loss = -1.4211 | g_L = +1.4211 | EMA = +1.4217 | std(g_L) = 1.2766 | grad = 1.0473
step  36980 | loss = -1.2951 | g_L = +1.2951 | EMA = +1.4051 | std(g_L) = 1.3155 | grad = 0.3939
step  37000 | loss = -1.5326 | g_L = +1.5326 | EMA = +1.4225 | std(g_L) = 1.3225 | grad = 0.4886
step  37020 | loss = -1.4286 | g_L = +1.4286 | EMA = +1.4386 | std(g_L) = 1.0533 | grad = 0.9350
step  37040 | loss = -1.5066 | g_L = +1.5066 | EMA = +1.4307 | std(g_L) = 1.2643 | grad = 1.2254
step  37060 | loss = -1.4057 | g_L = +1.4057 | EMA = +1.4099 | std(g_L) = 1.1525 | grad = 0.4235
step  37080 | loss = -1.3854 | g_L = +1.3854 | EMA = +1.4057 | std(g_L) = 1.1927 | grad = 0.4837
step  37100 | loss = -1.4704 | g_L = +1.4704 | EMA = +1.4367 | std(g_L) = 1.2651 | grad = 0.8694
step  37120 | loss = -1.4308 | g_L = +1.4308 | EMA = +1.4464 | std(g_L) = 1.2413 | grad = 0.4783
step  37140 | loss = -1.3055 | g_L = +1.3055 | EMA = +1.4070 | std(g_L) = 1.4884 | grad = 0.6635
step  37160 | loss = -1.4643 | g_L = +1.4643 | EMA = +1.3941 | std(g_L) = 1.2515 | grad = 0.7604
step  37180 | loss = -1.4100 | g_L = +1.4100 | EMA = +1.3928 | std(g_L) = 1.1913 | grad = 0.6779
step  37200 | loss = -1.5145 | g_L = +1.5145 | EMA = +1.4081 | std(g_L) = 1.2638 | grad = 2.2824
step  37220 | loss = -1.5413 | g_L = +1.5413 | EMA = +1.4340 | std(g_L) = 1.2220 | grad = 0.4293
step  37240 | loss = -1.3556 | g_L = +1.3556 | EMA = +1.4207 | std(g_L) = 1.2354 | grad = 0.5015
step  37260 | loss = -1.1971 | g_L = +1.1971 | EMA = +1.4166 | std(g_L) = 1.2586 | grad = 1.8630
step  37280 | loss = -1.5028 | g_L = +1.5028 | EMA = +1.4288 | std(g_L) = 1.2928 | grad = 1.3804
step  37300 | loss = -1.5164 | g_L = +1.5164 | EMA = +1.4311 | std(g_L) = 1.1000 | grad = 0.3177
step  37320 | loss = -1.4146 | g_L = +1.4146 | EMA = +1.4124 | std(g_L) = 1.5331 | grad = 1.0859
step  37340 | loss = -1.3016 | g_L = +1.3016 | EMA = +1.3858 | std(g_L) = 1.1884 | grad = 0.9613
step  37360 | loss = -1.3240 | g_L = +1.3240 | EMA = +1.4298 | std(g_L) = 1.2059 | grad = 1.6426
step  37380 | loss = -1.4895 | g_L = +1.4895 | EMA = +1.4417 | std(g_L) = 1.2265 | grad = 0.4468
step  37400 | loss = -1.5179 | g_L = +1.5179 | EMA = +1.4008 | std(g_L) = 0.9902 | grad = 0.6161
step  37420 | loss = -1.4065 | g_L = +1.4065 | EMA = +1.4039 | std(g_L) = 1.1470 | grad = 0.3014
step  37440 | loss = -1.4403 | g_L = +1.4403 | EMA = +1.4035 | std(g_L) = 1.3238 | grad = 0.4399
step  37460 | loss = -1.5189 | g_L = +1.5189 | EMA = +1.4293 | std(g_L) = 1.2267 | grad = 0.7376
step  37480 | loss = -1.5419 | g_L = +1.5419 | EMA = +1.4352 | std(g_L) = 1.1499 | grad = 0.7126
step  37500 | loss = -1.4627 | g_L = +1.4627 | EMA = +1.4338 | std(g_L) = 1.1571 | grad = 0.5294
step  37520 | loss = -1.5811 | g_L = +1.5811 | EMA = +1.4281 | std(g_L) = 1.1472 | grad = 0.4232
step  37540 | loss = -1.4275 | g_L = +1.4275 | EMA = +1.4283 | std(g_L) = 1.4830 | grad = 0.8132
step  37560 | loss = -1.2912 | g_L = +1.2912 | EMA = +1.4127 | std(g_L) = 1.1797 | grad = 0.5753
step  37580 | loss = -1.1629 | g_L = +1.1629 | EMA = +1.4203 | std(g_L) = 1.2395 | grad = 0.4418
step  37600 | loss = -1.4501 | g_L = +1.4501 | EMA = +1.4105 | std(g_L) = 1.3145 | grad = 0.2517
step  37620 | loss = -1.3522 | g_L = +1.3522 | EMA = +1.3916 | std(g_L) = 1.2229 | grad = 1.2435
step  37640 | loss = -1.5649 | g_L = +1.5649 | EMA = +1.4208 | std(g_L) = 1.1068 | grad = 1.0645
step  37660 | loss = -1.3752 | g_L = +1.3752 | EMA = +1.4447 | std(g_L) = 1.4650 | grad = 0.4199
step  37680 | loss = -1.3703 | g_L = +1.3703 | EMA = +1.4636 | std(g_L) = 1.2803 | grad = 0.7974
step  37700 | loss = -1.4256 | g_L = +1.4256 | EMA = +1.4699 | std(g_L) = 0.9928 | grad = 0.2891
step  37720 | loss = -1.5810 | g_L = +1.5810 | EMA = +1.4688 | std(g_L) = 1.1367 | grad = 0.2227
step  37740 | loss = -1.4189 | g_L = +1.4189 | EMA = +1.4271 | std(g_L) = 1.3486 | grad = 0.9905
step  37760 | loss = -1.3749 | g_L = +1.3749 | EMA = +1.4092 | std(g_L) = 1.1367 | grad = 0.5655
step  37780 | loss = -1.5926 | g_L = +1.5926 | EMA = +1.4199 | std(g_L) = 1.1431 | grad = 0.4601
step  37800 | loss = -1.4257 | g_L = +1.4257 | EMA = +1.4281 | std(g_L) = 1.2099 | grad = 0.5167
step  37820 | loss = -1.5575 | g_L = +1.5575 | EMA = +1.4224 | std(g_L) = 1.2097 | grad = 0.4513
step  37840 | loss = -1.4421 | g_L = +1.4421 | EMA = +1.4130 | std(g_L) = 1.1310 | grad = 0.3548
step  37860 | loss = -1.4938 | g_L = +1.4938 | EMA = +1.4287 | std(g_L) = 1.3582 | grad = 0.4079
step  37880 | loss = -1.2490 | g_L = +1.2490 | EMA = +1.4170 | std(g_L) = 1.1921 | grad = 0.6591
step  37900 | loss = -1.4883 | g_L = +1.4883 | EMA = +1.3944 | std(g_L) = 1.1040 | grad = 0.5821
step  37920 | loss = -1.5615 | g_L = +1.5615 | EMA = +1.4084 | std(g_L) = 1.1194 | grad = 0.5650
step  37940 | loss = -1.3828 | g_L = +1.3828 | EMA = +1.4192 | std(g_L) = 1.2688 | grad = 2.0757
step  37960 | loss = -1.3911 | g_L = +1.3911 | EMA = +1.4257 | std(g_L) = 1.1201 | grad = 0.5509
step  37980 | loss = -1.3833 | g_L = +1.3833 | EMA = +1.4017 | std(g_L) = 1.1150 | grad = 0.6733
step  38000 | loss = -1.3639 | g_L = +1.3639 | EMA = +1.4111 | std(g_L) = 1.1780 | grad = 0.5843
step  38020 | loss = -1.5815 | g_L = +1.5815 | EMA = +1.4254 | std(g_L) = 1.0460 | grad = 0.9967
step  38040 | loss = -1.3035 | g_L = +1.3035 | EMA = +1.4184 | std(g_L) = 1.4049 | grad = 1.6493
step  38060 | loss = -1.3063 | g_L = +1.3063 | EMA = +1.3982 | std(g_L) = 1.5317 | grad = 0.3069
step  38080 | loss = -1.3105 | g_L = +1.3105 | EMA = +1.4272 | std(g_L) = 1.0918 | grad = 0.3223
step  38100 | loss = -1.2981 | g_L = +1.2981 | EMA = +1.4257 | std(g_L) = 1.3683 | grad = 2.9536
step  38120 | loss = -1.3997 | g_L = +1.3997 | EMA = +1.4393 | std(g_L) = 1.0619 | grad = 0.9157
step  38140 | loss = -1.5374 | g_L = +1.5374 | EMA = +1.4420 | std(g_L) = 1.3200 | grad = 1.5855
step  38160 | loss = -1.4611 | g_L = +1.4611 | EMA = +1.4181 | std(g_L) = 1.5089 | grad = 0.7240
step  38180 | loss = -1.2515 | g_L = +1.2515 | EMA = +1.4012 | std(g_L) = 1.3360 | grad = 0.9917
step  38200 | loss = -1.5528 | g_L = +1.5528 | EMA = +1.4080 | std(g_L) = 1.1437 | grad = 1.1514
step  38220 | loss = -1.5149 | g_L = +1.5149 | EMA = +1.4115 | std(g_L) = 1.2015 | grad = 1.0211
step  38240 | loss = -1.2922 | g_L = +1.2922 | EMA = +1.3868 | std(g_L) = 1.4078 | grad = 1.1619
step  38260 | loss = -1.5222 | g_L = +1.5222 | EMA = +1.3906 | std(g_L) = 1.4892 | grad = 1.2192
step  38280 | loss = -1.5044 | g_L = +1.5044 | EMA = +1.4178 | std(g_L) = 1.2529 | grad = 1.5945
step  38300 | loss = -1.3476 | g_L = +1.3476 | EMA = +1.4022 | std(g_L) = 1.1739 | grad = 2.2904
step  38320 | loss = -1.3885 | g_L = +1.3885 | EMA = +1.4392 | std(g_L) = 1.3381 | grad = 1.8509
step  38340 | loss = -1.4078 | g_L = +1.4078 | EMA = +1.4265 | std(g_L) = 1.4674 | grad = 1.6042
step  38360 | loss = -1.4105 | g_L = +1.4105 | EMA = +1.4159 | std(g_L) = 1.2111 | grad = 1.3672
step  38380 | loss = -1.4914 | g_L = +1.4914 | EMA = +1.4269 | std(g_L) = 1.2321 | grad = 0.4633
step  38400 | loss = -1.4237 | g_L = +1.4237 | EMA = +1.4489 | std(g_L) = 1.2910 | grad = 0.7724
step  38420 | loss = -1.3479 | g_L = +1.3479 | EMA = +1.4297 | std(g_L) = 1.6881 | grad = 1.0758
step  38440 | loss = -1.3550 | g_L = +1.3550 | EMA = +1.4259 | std(g_L) = 1.1121 | grad = 0.4782
step  38460 | loss = -1.4476 | g_L = +1.4476 | EMA = +1.4237 | std(g_L) = 1.3431 | grad = 0.2130
step  38480 | loss = -1.4613 | g_L = +1.4613 | EMA = +1.4387 | std(g_L) = 1.1398 | grad = 0.3789
step  38500 | loss = -1.4805 | g_L = +1.4805 | EMA = +1.4351 | std(g_L) = 1.1977 | grad = 0.3954
step  38520 | loss = -1.4341 | g_L = +1.4341 | EMA = +1.4022 | std(g_L) = 1.2686 | grad = 1.2665
step  38540 | loss = -1.4905 | g_L = +1.4905 | EMA = +1.4140 | std(g_L) = 1.3291 | grad = 0.6890
step  38560 | loss = -1.5227 | g_L = +1.5227 | EMA = +1.4339 | std(g_L) = 1.1126 | grad = 0.8025
step  38580 | loss = -1.4267 | g_L = +1.4267 | EMA = +1.4341 | std(g_L) = 1.3114 | grad = 0.4305
step  38600 | loss = -1.4911 | g_L = +1.4911 | EMA = +1.4248 | std(g_L) = 1.2374 | grad = 1.1644
step  38620 | loss = -1.2826 | g_L = +1.2826 | EMA = +1.4025 | std(g_L) = 1.5001 | grad = 0.7419
step  38640 | loss = -1.4186 | g_L = +1.4186 | EMA = +1.4098 | std(g_L) = 1.2518 | grad = 1.4729
step  38660 | loss = -1.3510 | g_L = +1.3510 | EMA = +1.4039 | std(g_L) = 1.1465 | grad = 0.6887
step  38680 | loss = -1.1235 | g_L = +1.1235 | EMA = +1.4034 | std(g_L) = 1.6339 | grad = 1.0303
step  38700 | loss = -1.5551 | g_L = +1.5551 | EMA = +1.4114 | std(g_L) = 1.3100 | grad = 0.6122
step  38720 | loss = -1.6172 | g_L = +1.6172 | EMA = +1.4155 | std(g_L) = 1.0943 | grad = 0.5935
step  38740 | loss = -1.3848 | g_L = +1.3848 | EMA = +1.4246 | std(g_L) = 1.3686 | grad = 0.6920
step  38760 | loss = -1.3020 | g_L = +1.3020 | EMA = +1.4105 | std(g_L) = 1.2838 | grad = 0.4176
step  38780 | loss = -1.4969 | g_L = +1.4969 | EMA = +1.4594 | std(g_L) = 1.0993 | grad = 0.7006
step  38800 | loss = -1.4451 | g_L = +1.4451 | EMA = +1.4184 | std(g_L) = 1.2637 | grad = 1.9882
step  38820 | loss = -1.2923 | g_L = +1.2923 | EMA = +1.4003 | std(g_L) = 1.5233 | grad = 0.4788
step  38840 | loss = -1.4659 | g_L = +1.4659 | EMA = +1.4111 | std(g_L) = 1.2968 | grad = 0.5505
step  38860 | loss = -1.3783 | g_L = +1.3783 | EMA = +1.4076 | std(g_L) = 1.6063 | grad = 1.2539
step  38880 | loss = -1.5513 | g_L = +1.5513 | EMA = +1.4053 | std(g_L) = 1.2194 | grad = 0.5785
step  38900 | loss = -1.5430 | g_L = +1.5430 | EMA = +1.4217 | std(g_L) = 1.2552 | grad = 0.6592
step  38920 | loss = -1.3814 | g_L = +1.3814 | EMA = +1.4228 | std(g_L) = 1.1683 | grad = 0.5632
step  38940 | loss = -1.4951 | g_L = +1.4951 | EMA = +1.4401 | std(g_L) = 1.3445 | grad = 0.9867
step  38960 | loss = -1.4820 | g_L = +1.4820 | EMA = +1.4164 | std(g_L) = 1.2406 | grad = 1.1913
step  38980 | loss = -1.5593 | g_L = +1.5593 | EMA = +1.4113 | std(g_L) = 1.1307 | grad = 1.1210
step  39000 | loss = -1.4718 | g_L = +1.4718 | EMA = +1.4216 | std(g_L) = 1.4176 | grad = 2.1906
step  39020 | loss = -1.3914 | g_L = +1.3914 | EMA = +1.4169 | std(g_L) = 1.5433 | grad = 2.2987
step  39040 | loss = -1.3348 | g_L = +1.3348 | EMA = +1.4032 | std(g_L) = 1.1259 | grad = 0.7054
step  39060 | loss = -1.3824 | g_L = +1.3824 | EMA = +1.4281 | std(g_L) = 1.2790 | grad = 1.5383
step  39080 | loss = -1.4387 | g_L = +1.4387 | EMA = +1.4273 | std(g_L) = 1.0624 | grad = 1.3064
step  39100 | loss = -1.3623 | g_L = +1.3623 | EMA = +1.4164 | std(g_L) = 1.2997 | grad = 0.5274
step  39120 | loss = -1.4941 | g_L = +1.4941 | EMA = +1.4362 | std(g_L) = 1.2057 | grad = 0.3773
step  39140 | loss = -1.5659 | g_L = +1.5659 | EMA = +1.4704 | std(g_L) = 1.1917 | grad = 0.3240
step  39160 | loss = -1.3658 | g_L = +1.3658 | EMA = +1.4480 | std(g_L) = 1.7261 | grad = 0.8775
step  39180 | loss = -1.2378 | g_L = +1.2378 | EMA = +1.4058 | std(g_L) = 1.2704 | grad = 0.7210
step  39200 | loss = -1.3690 | g_L = +1.3690 | EMA = +1.3973 | std(g_L) = 1.4572 | grad = 0.7865
step  39220 | loss = -1.4330 | g_L = +1.4330 | EMA = +1.4215 | std(g_L) = 1.0415 | grad = 2.6735
step  39240 | loss = -1.4497 | g_L = +1.4497 | EMA = +1.4013 | std(g_L) = 1.1826 | grad = 1.1566
step  39260 | loss = -1.5444 | g_L = +1.5444 | EMA = +1.4039 | std(g_L) = 1.1139 | grad = 1.0684
step  39280 | loss = -1.3943 | g_L = +1.3943 | EMA = +1.4072 | std(g_L) = 1.2275 | grad = 0.9913
step  39300 | loss = -1.4689 | g_L = +1.4689 | EMA = +1.4088 | std(g_L) = 1.2641 | grad = 0.7258
step  39320 | loss = -1.4957 | g_L = +1.4957 | EMA = +1.4518 | std(g_L) = 1.2235 | grad = 0.6381
step  39340 | loss = -1.6620 | g_L = +1.6620 | EMA = +1.4176 | std(g_L) = 1.2110 | grad = 0.1604
step  39360 | loss = -1.3599 | g_L = +1.3599 | EMA = +1.4226 | std(g_L) = 1.4459 | grad = 1.5646
step  39380 | loss = -1.3823 | g_L = +1.3823 | EMA = +1.4195 | std(g_L) = 1.2225 | grad = 0.6257
step  39400 | loss = -1.3728 | g_L = +1.3728 | EMA = +1.4113 | std(g_L) = 1.3050 | grad = 1.1618
step  39420 | loss = -1.4231 | g_L = +1.4231 | EMA = +1.4311 | std(g_L) = 1.3829 | grad = 0.8425
step  39440 | loss = -1.5115 | g_L = +1.5115 | EMA = +1.4436 | std(g_L) = 1.2009 | grad = 0.6168
step  39460 | loss = -1.5039 | g_L = +1.5039 | EMA = +1.4473 | std(g_L) = 1.2561 | grad = 0.7471
step  39480 | loss = -1.5696 | g_L = +1.5696 | EMA = +1.4243 | std(g_L) = 1.2272 | grad = 1.9452
step  39500 | loss = -1.3195 | g_L = +1.3195 | EMA = +1.3951 | std(g_L) = 1.4263 | grad = 1.0530
step  39520 | loss = -1.2557 | g_L = +1.2557 | EMA = +1.4015 | std(g_L) = 1.1482 | grad = 0.5055
step  39540 | loss = -1.3528 | g_L = +1.3528 | EMA = +1.4034 | std(g_L) = 1.2489 | grad = 0.6172
step  39560 | loss = -1.2564 | g_L = +1.2564 | EMA = +1.4052 | std(g_L) = 1.4146 | grad = 1.2606
step  39580 | loss = -1.3255 | g_L = +1.3255 | EMA = +1.4166 | std(g_L) = 1.5301 | grad = 0.2745
step  39600 | loss = -1.2968 | g_L = +1.2968 | EMA = +1.3993 | std(g_L) = 1.1808 | grad = 0.2336
step  39620 | loss = -1.4374 | g_L = +1.4374 | EMA = +1.4348 | std(g_L) = 1.1758 | grad = 1.4240
step  39640 | loss = -1.4871 | g_L = +1.4871 | EMA = +1.4188 | std(g_L) = 1.1377 | grad = 1.3324
step  39660 | loss = -1.5115 | g_L = +1.5115 | EMA = +1.4253 | std(g_L) = 1.2594 | grad = 0.4120
step  39680 | loss = -1.2641 | g_L = +1.2641 | EMA = +1.4223 | std(g_L) = 1.4933 | grad = 1.7753
step  39700 | loss = -1.3486 | g_L = +1.3486 | EMA = +1.4323 | std(g_L) = 1.1825 | grad = 0.6764
step  39720 | loss = -1.4665 | g_L = +1.4665 | EMA = +1.4335 | std(g_L) = 1.1165 | grad = 0.9662
step  39740 | loss = -1.4052 | g_L = +1.4052 | EMA = +1.3997 | std(g_L) = 1.3257 | grad = 0.3238
step  39760 | loss = -1.3495 | g_L = +1.3495 | EMA = +1.4055 | std(g_L) = 1.3487 | grad = 1.3470
step  39780 | loss = -1.2679 | g_L = +1.2679 | EMA = +1.3868 | std(g_L) = 1.3715 | grad = 0.4956
step  39800 | loss = -1.5949 | g_L = +1.5949 | EMA = +1.4103 | std(g_L) = 1.1475 | grad = 0.3684
step  39820 | loss = -1.4700 | g_L = +1.4700 | EMA = +1.4159 | std(g_L) = 1.5384 | grad = 1.3899
step  39840 | loss = -1.4285 | g_L = +1.4285 | EMA = +1.4199 | std(g_L) = 1.3056 | grad = 0.6131
step  39860 | loss = -1.3549 | g_L = +1.3549 | EMA = +1.3941 | std(g_L) = 1.2660 | grad = 0.2496
step  39880 | loss = -1.5088 | g_L = +1.5088 | EMA = +1.3923 | std(g_L) = 1.1854 | grad = 0.4458
step  39900 | loss = -1.4416 | g_L = +1.4416 | EMA = +1.4032 | std(g_L) = 1.0926 | grad = 0.3521
step  39920 | loss = -1.3206 | g_L = +1.3206 | EMA = +1.3859 | std(g_L) = 1.2467 | grad = 0.5148
step  39940 | loss = -1.4590 | g_L = +1.4590 | EMA = +1.4357 | std(g_L) = 1.0637 | grad = 0.7372
step  39960 | loss = -1.4296 | g_L = +1.4296 | EMA = +1.4138 | std(g_L) = 1.5342 | grad = 0.6955
step  39980 | loss = -1.3385 | g_L = +1.3385 | EMA = +1.4027 | std(g_L) = 1.3915 | grad = 1.6402
step  40000 | loss = -1.4384 | g_L = +1.4384 | EMA = +1.4279 | std(g_L) = 1.5517 | grad = 0.5950
step  40020 | loss = -1.6350 | g_L = +1.6350 | EMA = +1.4339 | std(g_L) = 1.0881 | grad = 0.4856
step  40040 | loss = -1.4823 | g_L = +1.4823 | EMA = +1.4033 | std(g_L) = 1.3238 | grad = 1.7830
step  40060 | loss = -1.4379 | g_L = +1.4379 | EMA = +1.4111 | std(g_L) = 1.3840 | grad = 0.5838
step  40080 | loss = -1.5671 | g_L = +1.5671 | EMA = +1.4093 | std(g_L) = 1.3289 | grad = 0.8617
step  40100 | loss = -1.5075 | g_L = +1.5075 | EMA = +1.4533 | std(g_L) = 1.2362 | grad = 0.7566
step  40120 | loss = -1.5559 | g_L = +1.5559 | EMA = +1.4363 | std(g_L) = 1.0766 | grad = 2.0303
step  40140 | loss = -1.4621 | g_L = +1.4621 | EMA = +1.4227 | std(g_L) = 1.2523 | grad = 0.6371
step  40160 | loss = -1.2574 | g_L = +1.2574 | EMA = +1.4285 | std(g_L) = 1.3823 | grad = 1.0008
step  40180 | loss = -1.4220 | g_L = +1.4220 | EMA = +1.4208 | std(g_L) = 1.2554 | grad = 0.4409
step  40200 | loss = -1.4524 | g_L = +1.4524 | EMA = +1.4374 | std(g_L) = 1.2583 | grad = 1.1420
step  40220 | loss = -1.3737 | g_L = +1.3737 | EMA = +1.4597 | std(g_L) = 1.1696 | grad = 0.3076
step  40240 | loss = -1.5333 | g_L = +1.5333 | EMA = +1.4687 | std(g_L) = 1.2628 | grad = 0.5579
step  40260 | loss = -1.3212 | g_L = +1.3212 | EMA = +1.4434 | std(g_L) = 1.3814 | grad = 0.9720
step  40280 | loss = -1.3968 | g_L = +1.3968 | EMA = +1.4455 | std(g_L) = 1.1922 | grad = 2.0610
step  40300 | loss = -1.4415 | g_L = +1.4415 | EMA = +1.4375 | std(g_L) = 1.1826 | grad = 0.4042
step  40320 | loss = -1.2476 | g_L = +1.2476 | EMA = +1.4338 | std(g_L) = 1.5041 | grad = 1.2113
step  40340 | loss = -1.5221 | g_L = +1.5221 | EMA = +1.4421 | std(g_L) = 0.9982 | grad = 0.1758
step  40360 | loss = -1.5068 | g_L = +1.5068 | EMA = +1.4445 | std(g_L) = 1.0931 | grad = 0.5446
step  40380 | loss = -1.4734 | g_L = +1.4734 | EMA = +1.4319 | std(g_L) = 1.1394 | grad = 0.6839
step  40400 | loss = -1.4097 | g_L = +1.4097 | EMA = +1.4426 | std(g_L) = 1.4319 | grad = 2.3038
step  40420 | loss = -1.4535 | g_L = +1.4535 | EMA = +1.4398 | std(g_L) = 1.2897 | grad = 1.7292
step  40440 | loss = -1.6903 | g_L = +1.6903 | EMA = +1.4693 | std(g_L) = 1.0669 | grad = 0.6310
step  40460 | loss = -1.4023 | g_L = +1.4023 | EMA = +1.4342 | std(g_L) = 1.1812 | grad = 0.4288
step  40480 | loss = -1.3604 | g_L = +1.3604 | EMA = +1.4244 | std(g_L) = 1.6378 | grad = 1.0186
step  40500 | loss = -1.4952 | g_L = +1.4952 | EMA = +1.4143 | std(g_L) = 1.3909 | grad = 0.4898
step  40520 | loss = -1.5497 | g_L = +1.5497 | EMA = +1.4041 | std(g_L) = 1.0991 | grad = 1.2898
step  40540 | loss = -1.3378 | g_L = +1.3378 | EMA = +1.4038 | std(g_L) = 1.2228 | grad = 1.0808
step  40560 | loss = -1.3929 | g_L = +1.3929 | EMA = +1.4242 | std(g_L) = 1.3110 | grad = 0.5731
step  40580 | loss = -1.5437 | g_L = +1.5437 | EMA = +1.4553 | std(g_L) = 1.2370 | grad = 1.2346
step  40600 | loss = -1.4548 | g_L = +1.4548 | EMA = +1.4545 | std(g_L) = 1.1529 | grad = 0.8678
step  40620 | loss = -1.3905 | g_L = +1.3905 | EMA = +1.4287 | std(g_L) = 1.2950 | grad = 1.3177
step  40640 | loss = -1.3270 | g_L = +1.3270 | EMA = +1.4189 | std(g_L) = 1.3322 | grad = 2.4672
step  40660 | loss = -1.3379 | g_L = +1.3379 | EMA = +1.4079 | std(g_L) = 1.2912 | grad = 1.6293
step  40680 | loss = -1.5012 | g_L = +1.5012 | EMA = +1.4445 | std(g_L) = 1.2708 | grad = 0.2328
step  40700 | loss = -1.3834 | g_L = +1.3834 | EMA = +1.4442 | std(g_L) = 1.2056 | grad = 0.2502
step  40720 | loss = -1.4317 | g_L = +1.4317 | EMA = +1.4062 | std(g_L) = 1.2956 | grad = 0.6759
step  40740 | loss = -1.3866 | g_L = +1.3866 | EMA = +1.4563 | std(g_L) = 1.1737 | grad = 1.8970
step  40760 | loss = -1.3060 | g_L = +1.3060 | EMA = +1.4426 | std(g_L) = 1.3429 | grad = 0.6542
step  40780 | loss = -1.3214 | g_L = +1.3214 | EMA = +1.4315 | std(g_L) = 1.4101 | grad = 0.3519
step  40800 | loss = -1.4253 | g_L = +1.4253 | EMA = +1.4374 | std(g_L) = 1.3212 | grad = 0.9921
step  40820 | loss = -1.4226 | g_L = +1.4226 | EMA = +1.4082 | std(g_L) = 1.3890 | grad = 0.4967
step  40840 | loss = -1.3789 | g_L = +1.3789 | EMA = +1.4484 | std(g_L) = 1.4528 | grad = 1.7877
step  40860 | loss = -1.4549 | g_L = +1.4549 | EMA = +1.4258 | std(g_L) = 1.3313 | grad = 1.3800
step  40880 | loss = -1.3203 | g_L = +1.3203 | EMA = +1.4154 | std(g_L) = 1.3240 | grad = 0.3329
step  40900 | loss = -1.3240 | g_L = +1.3240 | EMA = +1.3991 | std(g_L) = 1.1163 | grad = 1.1379
step  40920 | loss = -1.4506 | g_L = +1.4506 | EMA = +1.4122 | std(g_L) = 1.5189 | grad = 1.0463
step  40940 | loss = -1.4048 | g_L = +1.4048 | EMA = +1.4291 | std(g_L) = 1.2719 | grad = 0.7443
step  40960 | loss = -1.6188 | g_L = +1.6188 | EMA = +1.4261 | std(g_L) = 1.0711 | grad = 0.3084
step  40980 | loss = -1.6228 | g_L = +1.6228 | EMA = +1.4279 | std(g_L) = 1.0037 | grad = 1.3659
step  41000 | loss = -1.4114 | g_L = +1.4114 | EMA = +1.4199 | std(g_L) = 1.2780 | grad = 1.4787
step  41020 | loss = -1.3889 | g_L = +1.3889 | EMA = +1.4032 | std(g_L) = 1.2263 | grad = 1.4489
step  41040 | loss = -1.5807 | g_L = +1.5807 | EMA = +1.4148 | std(g_L) = 1.1580 | grad = 3.2505
step  41060 | loss = -1.4992 | g_L = +1.4992 | EMA = +1.4257 | std(g_L) = 1.2372 | grad = 0.8780
step  41080 | loss = -1.3102 | g_L = +1.3102 | EMA = +1.4082 | std(g_L) = 1.5105 | grad = 0.8051
step  41100 | loss = -1.4945 | g_L = +1.4945 | EMA = +1.4114 | std(g_L) = 1.1373 | grad = 0.5258
step  41120 | loss = -1.5154 | g_L = +1.5154 | EMA = +1.4422 | std(g_L) = 1.2158 | grad = 0.6207
step  41140 | loss = -1.4462 | g_L = +1.4462 | EMA = +1.4273 | std(g_L) = 1.4052 | grad = 1.5524
step  41160 | loss = -1.4275 | g_L = +1.4275 | EMA = +1.4486 | std(g_L) = 1.3002 | grad = 1.0239
step  41180 | loss = -1.4587 | g_L = +1.4587 | EMA = +1.4400 | std(g_L) = 1.0844 | grad = 0.6891
step  41200 | loss = -1.5360 | g_L = +1.5360 | EMA = +1.4441 | std(g_L) = 1.1306 | grad = 0.3067
step  41220 | loss = -1.4316 | g_L = +1.4316 | EMA = +1.4407 | std(g_L) = 1.3376 | grad = 0.3361
step  41240 | loss = -1.4445 | g_L = +1.4445 | EMA = +1.4123 | std(g_L) = 1.3383 | grad = 0.5863
step  41260 | loss = -1.3688 | g_L = +1.3688 | EMA = +1.4332 | std(g_L) = 1.3368 | grad = 0.6099
step  41280 | loss = -1.3179 | g_L = +1.3179 | EMA = +1.4226 | std(g_L) = 1.1981 | grad = 0.3715
step  41300 | loss = -1.4493 | g_L = +1.4493 | EMA = +1.3872 | std(g_L) = 1.4668 | grad = 1.0889
step  41320 | loss = -1.4993 | g_L = +1.4993 | EMA = +1.4013 | std(g_L) = 1.2074 | grad = 1.2368
step  41340 | loss = -1.4635 | g_L = +1.4635 | EMA = +1.4375 | std(g_L) = 1.2162 | grad = 0.2597
step  41360 | loss = -1.4405 | g_L = +1.4405 | EMA = +1.4210 | std(g_L) = 1.2109 | grad = 1.7186
step  41380 | loss = -1.2856 | g_L = +1.2856 | EMA = +1.4018 | std(g_L) = 1.1932 | grad = 0.9113
step  41400 | loss = -1.6445 | g_L = +1.6445 | EMA = +1.4094 | std(g_L) = 1.0533 | grad = 0.3241
step  41420 | loss = -1.3307 | g_L = +1.3307 | EMA = +1.4123 | std(g_L) = 1.4588 | grad = 0.7398
step  41440 | loss = -1.5182 | g_L = +1.5182 | EMA = +1.4285 | std(g_L) = 1.1744 | grad = 0.6382
step  41460 | loss = -1.4561 | g_L = +1.4561 | EMA = +1.4040 | std(g_L) = 1.1974 | grad = 0.6711
step  41480 | loss = -1.4695 | g_L = +1.4695 | EMA = +1.3811 | std(g_L) = 1.2967 | grad = 1.3873
step  41500 | loss = -1.4404 | g_L = +1.4404 | EMA = +1.4051 | std(g_L) = 1.0939 | grad = 0.5911
step  41520 | loss = -1.3354 | g_L = +1.3354 | EMA = +1.4164 | std(g_L) = 1.4383 | grad = 1.3349
step  41540 | loss = -1.3779 | g_L = +1.3779 | EMA = +1.4069 | std(g_L) = 1.1795 | grad = 0.6765
step  41560 | loss = -1.4708 | g_L = +1.4708 | EMA = +1.4400 | std(g_L) = 1.3954 | grad = 0.6042
step  41580 | loss = -1.5247 | g_L = +1.5247 | EMA = +1.4457 | std(g_L) = 1.4589 | grad = 1.0719
step  41600 | loss = -1.5891 | g_L = +1.5891 | EMA = +1.4260 | std(g_L) = 1.2583 | grad = 0.4589
step  41620 | loss = -1.3364 | g_L = +1.3364 | EMA = +1.4164 | std(g_L) = 1.2063 | grad = 0.5526
step  41640 | loss = -1.3896 | g_L = +1.3896 | EMA = +1.4233 | std(g_L) = 1.2719 | grad = 0.5969
step  41660 | loss = -1.5061 | g_L = +1.5061 | EMA = +1.4276 | std(g_L) = 1.1819 | grad = 0.7190
step  41680 | loss = -1.6553 | g_L = +1.6553 | EMA = +1.4411 | std(g_L) = 1.2446 | grad = 0.5519
step  41700 | loss = -1.5397 | g_L = +1.5397 | EMA = +1.4449 | std(g_L) = 1.1768 | grad = 1.8495
step  41720 | loss = -1.5568 | g_L = +1.5568 | EMA = +1.4347 | std(g_L) = 1.0600 | grad = 0.4233
step  41740 | loss = -1.4574 | g_L = +1.4574 | EMA = +1.4516 | std(g_L) = 1.2467 | grad = 1.5190
step  41760 | loss = -1.4788 | g_L = +1.4788 | EMA = +1.4518 | std(g_L) = 1.3406 | grad = 0.5349
step  41780 | loss = -1.4137 | g_L = +1.4137 | EMA = +1.4363 | std(g_L) = 1.1873 | grad = 1.3896
step  41800 | loss = -1.2752 | g_L = +1.2752 | EMA = +1.4287 | std(g_L) = 1.8744 | grad = 0.8537
step  41820 | loss = -1.2735 | g_L = +1.2735 | EMA = +1.3909 | std(g_L) = 1.2654 | grad = 0.2371
step  41840 | loss = -1.5403 | g_L = +1.5403 | EMA = +1.4030 | std(g_L) = 1.1543 | grad = 0.6493
step  41860 | loss = -1.5047 | g_L = +1.5047 | EMA = +1.4271 | std(g_L) = 1.2282 | grad = 1.5386
step  41880 | loss = -1.3681 | g_L = +1.3681 | EMA = +1.4507 | std(g_L) = 1.1119 | grad = 0.6507
step  41900 | loss = -1.1758 | g_L = +1.1758 | EMA = +1.4099 | std(g_L) = 1.3563 | grad = 1.9305
step  41920 | loss = -1.3636 | g_L = +1.3636 | EMA = +1.4200 | std(g_L) = 1.5362 | grad = 1.7882
step  41940 | loss = -1.5325 | g_L = +1.5325 | EMA = +1.4334 | std(g_L) = 1.1252 | grad = 1.6337
step  41960 | loss = -1.5132 | g_L = +1.5132 | EMA = +1.4351 | std(g_L) = 1.1673 | grad = 0.2058
step  41980 | loss = -1.2677 | g_L = +1.2677 | EMA = +1.4081 | std(g_L) = 1.3599 | grad = 1.0426
step  42000 | loss = -1.3352 | g_L = +1.3352 | EMA = +1.4013 | std(g_L) = 1.2148 | grad = 0.5053
step  42020 | loss = -1.3143 | g_L = +1.3143 | EMA = +1.4278 | std(g_L) = 1.5690 | grad = 0.5033
step  42040 | loss = -1.3971 | g_L = +1.3971 | EMA = +1.4185 | std(g_L) = 1.3365 | grad = 0.6407
step  42060 | loss = -1.4747 | g_L = +1.4747 | EMA = +1.4308 | std(g_L) = 1.1730 | grad = 1.0067
step  42080 | loss = -1.5101 | g_L = +1.5101 | EMA = +1.4582 | std(g_L) = 1.1193 | grad = 1.3022
step  42100 | loss = -1.5143 | g_L = +1.5143 | EMA = +1.4557 | std(g_L) = 1.2274 | grad = 0.9387
step  42120 | loss = -1.2638 | g_L = +1.2638 | EMA = +1.4038 | std(g_L) = 1.3235 | grad = 0.7898
step  42140 | loss = -1.1201 | g_L = +1.1201 | EMA = +1.4032 | std(g_L) = 1.7389 | grad = 1.4773
step  42160 | loss = -1.4647 | g_L = +1.4647 | EMA = +1.4375 | std(g_L) = 1.1580 | grad = 1.1224
step  42180 | loss = -1.3662 | g_L = +1.3662 | EMA = +1.4129 | std(g_L) = 1.2166 | grad = 1.3854
step  42200 | loss = -1.4527 | g_L = +1.4527 | EMA = +1.4079 | std(g_L) = 1.4314 | grad = 0.8814
step  42220 | loss = -1.5344 | g_L = +1.5344 | EMA = +1.4271 | std(g_L) = 1.3019 | grad = 0.4218
step  42240 | loss = -1.5080 | g_L = +1.5080 | EMA = +1.4427 | std(g_L) = 1.2623 | grad = 0.5274
step  42260 | loss = -1.3173 | g_L = +1.3173 | EMA = +1.4367 | std(g_L) = 1.3842 | grad = 0.7182
step  42280 | loss = -1.4317 | g_L = +1.4317 | EMA = +1.4140 | std(g_L) = 1.3674 | grad = 1.4979
step  42300 | loss = -1.5198 | g_L = +1.5198 | EMA = +1.4217 | std(g_L) = 1.2163 | grad = 1.7498
step  42320 | loss = -1.3365 | g_L = +1.3365 | EMA = +1.4363 | std(g_L) = 1.2411 | grad = 0.8346
step  42340 | loss = -1.4849 | g_L = +1.4849 | EMA = +1.4223 | std(g_L) = 1.2437 | grad = 1.4385
step  42360 | loss = -1.4200 | g_L = +1.4200 | EMA = +1.4050 | std(g_L) = 1.4201 | grad = 2.3755
step  42380 | loss = -1.4330 | g_L = +1.4330 | EMA = +1.4067 | std(g_L) = 1.2919 | grad = 0.7972
step  42400 | loss = -1.3956 | g_L = +1.3956 | EMA = +1.4117 | std(g_L) = 1.3732 | grad = 0.8887
step  42420 | loss = -1.4097 | g_L = +1.4097 | EMA = +1.3995 | std(g_L) = 1.1592 | grad = 2.1858
step  42440 | loss = -1.3021 | g_L = +1.3021 | EMA = +1.4283 | std(g_L) = 1.1870 | grad = 0.3815
step  42460 | loss = -1.5016 | g_L = +1.5016 | EMA = +1.4298 | std(g_L) = 1.2395 | grad = 0.5527
step  42480 | loss = -1.4242 | g_L = +1.4242 | EMA = +1.4311 | std(g_L) = 1.5890 | grad = 0.7253
step  42500 | loss = -1.5731 | g_L = +1.5731 | EMA = +1.4353 | std(g_L) = 1.1238 | grad = 0.6611
step  42520 | loss = -1.3906 | g_L = +1.3906 | EMA = +1.4197 | std(g_L) = 1.1979 | grad = 0.8907
step  42540 | loss = -1.2404 | g_L = +1.2404 | EMA = +1.4316 | std(g_L) = 1.3954 | grad = 1.1137
step  42560 | loss = -1.3607 | g_L = +1.3607 | EMA = +1.4602 | std(g_L) = 1.1129 | grad = 1.7196
step  42580 | loss = -1.5386 | g_L = +1.5386 | EMA = +1.4575 | std(g_L) = 1.1429 | grad = 0.3241
step  42600 | loss = -1.4530 | g_L = +1.4530 | EMA = +1.4283 | std(g_L) = 1.2023 | grad = 0.2828
step  42620 | loss = -1.3288 | g_L = +1.3288 | EMA = +1.4382 | std(g_L) = 1.2141 | grad = 2.2414
step  42640 | loss = -1.3258 | g_L = +1.3258 | EMA = +1.4138 | std(g_L) = 1.3658 | grad = 0.4099
step  42660 | loss = -1.5461 | g_L = +1.5461 | EMA = +1.4335 | std(g_L) = 1.1259 | grad = 0.2232
step  42680 | loss = -1.3357 | g_L = +1.3357 | EMA = +1.4149 | std(g_L) = 1.1200 | grad = 0.2591
step  42700 | loss = -1.4146 | g_L = +1.4146 | EMA = +1.4251 | std(g_L) = 1.2126 | grad = 0.7709
step  42720 | loss = -1.3791 | g_L = +1.3791 | EMA = +1.4096 | std(g_L) = 1.2629 | grad = 0.3810
step  42740 | loss = -1.5063 | g_L = +1.5063 | EMA = +1.4403 | std(g_L) = 1.1794 | grad = 0.7273
step  42760 | loss = -1.5376 | g_L = +1.5376 | EMA = +1.4555 | std(g_L) = 1.2189 | grad = 0.7791
step  42780 | loss = -1.5340 | g_L = +1.5340 | EMA = +1.4571 | std(g_L) = 1.2454 | grad = 0.6717
step  42800 | loss = -1.3552 | g_L = +1.3552 | EMA = +1.4505 | std(g_L) = 1.4094 | grad = 1.4641
step  42820 | loss = -1.1649 | g_L = +1.1649 | EMA = +1.4078 | std(g_L) = 1.9264 | grad = 0.7597
step  42840 | loss = -1.1495 | g_L = +1.1495 | EMA = +1.4047 | std(g_L) = 1.2357 | grad = 1.5684
step  42860 | loss = -1.2856 | g_L = +1.2856 | EMA = +1.4276 | std(g_L) = 1.2357 | grad = 0.4505
step  42880 | loss = -1.6206 | g_L = +1.6206 | EMA = +1.4331 | std(g_L) = 1.2066 | grad = 1.2424
step  42900 | loss = -1.6853 | g_L = +1.6853 | EMA = +1.4422 | std(g_L) = 1.1410 | grad = 2.3337
step  42920 | loss = -1.3295 | g_L = +1.3295 | EMA = +1.4476 | std(g_L) = 1.5641 | grad = 0.8255
step  42940 | loss = -1.4597 | g_L = +1.4597 | EMA = +1.4469 | std(g_L) = 1.2040 | grad = 0.7830
step  42960 | loss = -1.5788 | g_L = +1.5788 | EMA = +1.4471 | std(g_L) = 1.2394 | grad = 1.2745
step  42980 | loss = -1.5041 | g_L = +1.5041 | EMA = +1.4420 | std(g_L) = 1.1208 | grad = 0.4956
step  43000 | loss = -1.5965 | g_L = +1.5965 | EMA = +1.4526 | std(g_L) = 1.1017 | grad = 0.6686
step  43020 | loss = -1.3830 | g_L = +1.3830 | EMA = +1.4077 | std(g_L) = 1.2120 | grad = 0.6700
step  43040 | loss = -1.3986 | g_L = +1.3986 | EMA = +1.4076 | std(g_L) = 1.2860 | grad = 0.3547
step  43060 | loss = -1.3640 | g_L = +1.3640 | EMA = +1.4232 | std(g_L) = 1.6249 | grad = 0.5211
step  43080 | loss = -1.4595 | g_L = +1.4595 | EMA = +1.4095 | std(g_L) = 1.2019 | grad = 0.2943
step  43100 | loss = -1.5466 | g_L = +1.5466 | EMA = +1.4131 | std(g_L) = 1.2395 | grad = 1.0916
step  43120 | loss = -1.2860 | g_L = +1.2860 | EMA = +1.4154 | std(g_L) = 1.3554 | grad = 0.7130
step  43140 | loss = -1.5423 | g_L = +1.5423 | EMA = +1.4352 | std(g_L) = 1.2467 | grad = 1.3162
step  43160 | loss = -1.4466 | g_L = +1.4466 | EMA = +1.4401 | std(g_L) = 1.1410 | grad = 0.8881
step  43180 | loss = -1.3837 | g_L = +1.3837 | EMA = +1.4520 | std(g_L) = 1.3436 | grad = 0.5405
step  43200 | loss = -1.5553 | g_L = +1.5553 | EMA = +1.4372 | std(g_L) = 1.2251 | grad = 0.6241
step  43220 | loss = -1.4091 | g_L = +1.4091 | EMA = +1.4419 | std(g_L) = 1.4106 | grad = 1.9091
step  43240 | loss = -1.5087 | g_L = +1.5087 | EMA = +1.4415 | std(g_L) = 1.1106 | grad = 1.0648
step  43260 | loss = -1.3924 | g_L = +1.3924 | EMA = +1.4420 | std(g_L) = 1.2978 | grad = 0.8699
step  43280 | loss = -1.3961 | g_L = +1.3961 | EMA = +1.4492 | std(g_L) = 1.0699 | grad = 0.4252
step  43300 | loss = -1.3780 | g_L = +1.3780 | EMA = +1.4216 | std(g_L) = 1.2396 | grad = 0.5339
step  43320 | loss = -1.4901 | g_L = +1.4901 | EMA = +1.4195 | std(g_L) = 1.2019 | grad = 1.6238
step  43340 | loss = -1.4375 | g_L = +1.4375 | EMA = +1.4152 | std(g_L) = 1.1801 | grad = 1.0158
step  43360 | loss = -1.2667 | g_L = +1.2667 | EMA = +1.4119 | std(g_L) = 1.4492 | grad = 0.5616
step  43380 | loss = -1.3028 | g_L = +1.3028 | EMA = +1.4152 | std(g_L) = 1.5728 | grad = 0.3938
step  43400 | loss = -1.4040 | g_L = +1.4040 | EMA = +1.4093 | std(g_L) = 1.1154 | grad = 0.6315
step  43420 | loss = -1.5448 | g_L = +1.5448 | EMA = +1.4470 | std(g_L) = 1.2175 | grad = 0.7847
step  43440 | loss = -1.3945 | g_L = +1.3945 | EMA = +1.4347 | std(g_L) = 1.3098 | grad = 1.0070
step  43460 | loss = -1.4822 | g_L = +1.4822 | EMA = +1.4152 | std(g_L) = 1.2094 | grad = 1.1601
step  43480 | loss = -1.4563 | g_L = +1.4563 | EMA = +1.4408 | std(g_L) = 1.0130 | grad = 1.2239
step  43500 | loss = -1.3402 | g_L = +1.3402 | EMA = +1.3975 | std(g_L) = 1.3027 | grad = 0.4335
step  43520 | loss = -1.3525 | g_L = +1.3525 | EMA = +1.4097 | std(g_L) = 1.2134 | grad = 1.5866
step  43540 | loss = -1.2754 | g_L = +1.2754 | EMA = +1.4154 | std(g_L) = 1.4143 | grad = 0.7458
step  43560 | loss = -1.4622 | g_L = +1.4622 | EMA = +1.4232 | std(g_L) = 1.1963 | grad = 2.2756
step  43580 | loss = -1.3758 | g_L = +1.3758 | EMA = +1.3867 | std(g_L) = 1.5250 | grad = 0.4189
step  43600 | loss = -1.5224 | g_L = +1.5224 | EMA = +1.4236 | std(g_L) = 1.2168 | grad = 0.2311
step  43620 | loss = -1.4972 | g_L = +1.4972 | EMA = +1.4226 | std(g_L) = 1.2415 | grad = 0.7207
step  43640 | loss = -1.5666 | g_L = +1.5666 | EMA = +1.4336 | std(g_L) = 0.9992 | grad = 0.2758
step  43660 | loss = -1.4494 | g_L = +1.4494 | EMA = +1.4124 | std(g_L) = 0.9547 | grad = 1.0047
step  43680 | loss = -1.5334 | g_L = +1.5334 | EMA = +1.4035 | std(g_L) = 1.0305 | grad = 1.4255
step  43700 | loss = -1.4849 | g_L = +1.4849 | EMA = +1.4398 | std(g_L) = 1.4762 | grad = 0.3710
step  43720 | loss = -1.4811 | g_L = +1.4811 | EMA = +1.4272 | std(g_L) = 1.1416 | grad = 1.1268
step  43740 | loss = -1.4322 | g_L = +1.4322 | EMA = +1.4225 | std(g_L) = 1.2215 | grad = 0.3305
step  43760 | loss = -1.3517 | g_L = +1.3517 | EMA = +1.4030 | std(g_L) = 1.3803 | grad = 1.1720
step  43780 | loss = -1.2175 | g_L = +1.2175 | EMA = +1.4025 | std(g_L) = 1.3661 | grad = 0.5800
step  43800 | loss = -1.4347 | g_L = +1.4347 | EMA = +1.4101 | std(g_L) = 1.4181 | grad = 0.5142
step  43820 | loss = -1.3559 | g_L = +1.3559 | EMA = +1.4159 | std(g_L) = 1.6515 | grad = 1.2616
step  43840 | loss = -1.2684 | g_L = +1.2684 | EMA = +1.4139 | std(g_L) = 1.2281 | grad = 0.4242
step  43860 | loss = -1.4650 | g_L = +1.4650 | EMA = +1.4285 | std(g_L) = 1.3129 | grad = 0.5248
step  43880 | loss = -1.3901 | g_L = +1.3901 | EMA = +1.4387 | std(g_L) = 1.3840 | grad = 0.4917
step  43900 | loss = -1.3632 | g_L = +1.3632 | EMA = +1.4201 | std(g_L) = 1.4778 | grad = 0.8218
step  43920 | loss = -1.4961 | g_L = +1.4961 | EMA = +1.4307 | std(g_L) = 1.0230 | grad = 0.7005
step  43940 | loss = -1.5602 | g_L = +1.5602 | EMA = +1.4451 | std(g_L) = 1.2624 | grad = 0.6677
step  43960 | loss = -1.5013 | g_L = +1.5013 | EMA = +1.4565 | std(g_L) = 1.2754 | grad = 0.2162
step  43980 | loss = -1.4549 | g_L = +1.4549 | EMA = +1.4457 | std(g_L) = 1.0179 | grad = 0.5566
step  44000 | loss = -1.5612 | g_L = +1.5612 | EMA = +1.4468 | std(g_L) = 1.1297 | grad = 0.4205
step  44020 | loss = -1.3775 | g_L = +1.3775 | EMA = +1.4354 | std(g_L) = 1.5241 | grad = 0.2974
step  44040 | loss = -1.3872 | g_L = +1.3872 | EMA = +1.4452 | std(g_L) = 1.1761 | grad = 0.7345
step  44060 | loss = -1.4589 | g_L = +1.4589 | EMA = +1.4301 | std(g_L) = 1.4787 | grad = 2.7701
step  44080 | loss = -1.2257 | g_L = +1.2257 | EMA = +1.4347 | std(g_L) = 1.1956 | grad = 0.9522
step  44100 | loss = -1.5122 | g_L = +1.5122 | EMA = +1.4399 | std(g_L) = 1.2478 | grad = 0.3635
step  44120 | loss = -1.5670 | g_L = +1.5670 | EMA = +1.4586 | std(g_L) = 1.1603 | grad = 0.6990
step  44140 | loss = -1.3901 | g_L = +1.3901 | EMA = +1.4564 | std(g_L) = 1.2929 | grad = 0.4540
step  44160 | loss = -1.3758 | g_L = +1.3758 | EMA = +1.4427 | std(g_L) = 1.1463 | grad = 0.5287
step  44180 | loss = -1.5102 | g_L = +1.5102 | EMA = +1.4163 | std(g_L) = 1.3898 | grad = 0.5012
step  44200 | loss = -1.3861 | g_L = +1.3861 | EMA = +1.4357 | std(g_L) = 1.3215 | grad = 1.0419
step  44220 | loss = -1.3159 | g_L = +1.3159 | EMA = +1.4192 | std(g_L) = 1.2438 | grad = 0.3644
step  44240 | loss = -1.3657 | g_L = +1.3657 | EMA = +1.4171 | std(g_L) = 1.2356 | grad = 0.8387
step  44260 | loss = -1.4656 | g_L = +1.4656 | EMA = +1.4295 | std(g_L) = 1.3593 | grad = 1.7138
step  44280 | loss = -1.6476 | g_L = +1.6476 | EMA = +1.4240 | std(g_L) = 1.0329 | grad = 0.6032
step  44300 | loss = -1.4135 | g_L = +1.4135 | EMA = +1.3885 | std(g_L) = 1.0831 | grad = 0.1960
step  44320 | loss = -1.3919 | g_L = +1.3919 | EMA = +1.3891 | std(g_L) = 1.1357 | grad = 1.8232
step  44340 | loss = -1.4832 | g_L = +1.4832 | EMA = +1.4020 | std(g_L) = 1.2404 | grad = 0.8152
step  44360 | loss = -1.6670 | g_L = +1.6670 | EMA = +1.4109 | std(g_L) = 1.0912 | grad = 0.5315
step  44380 | loss = -1.3404 | g_L = +1.3404 | EMA = +1.4171 | std(g_L) = 1.3886 | grad = 0.2303
step  44400 | loss = -1.3302 | g_L = +1.3302 | EMA = +1.4277 | std(g_L) = 1.5289 | grad = 0.2708
step  44420 | loss = -1.3486 | g_L = +1.3486 | EMA = +1.4479 | std(g_L) = 1.3137 | grad = 0.6240
step  44440 | loss = -1.3379 | g_L = +1.3379 | EMA = +1.4299 | std(g_L) = 1.3157 | grad = 0.4213
step  44460 | loss = -1.4829 | g_L = +1.4829 | EMA = +1.4388 | std(g_L) = 1.1324 | grad = 0.6277
step  44480 | loss = -1.4816 | g_L = +1.4816 | EMA = +1.4438 | std(g_L) = 1.1970 | grad = 0.7466
step  44500 | loss = -1.4251 | g_L = +1.4251 | EMA = +1.4160 | std(g_L) = 1.5722 | grad = 0.3439
step  44520 | loss = -1.3104 | g_L = +1.3104 | EMA = +1.4250 | std(g_L) = 1.3834 | grad = 0.8463
step  44540 | loss = -1.4778 | g_L = +1.4778 | EMA = +1.4236 | std(g_L) = 1.0030 | grad = 0.4067
step  44560 | loss = -1.4061 | g_L = +1.4061 | EMA = +1.4384 | std(g_L) = 1.3042 | grad = 0.8095
step  44580 | loss = -1.5211 | g_L = +1.5211 | EMA = +1.4371 | std(g_L) = 1.1426 | grad = 0.3287
step  44600 | loss = -1.6702 | g_L = +1.6702 | EMA = +1.4296 | std(g_L) = 1.1116 | grad = 0.6710
step  44620 | loss = -1.4093 | g_L = +1.4093 | EMA = +1.4228 | std(g_L) = 1.2530 | grad = 0.5102
step  44640 | loss = -1.4577 | g_L = +1.4577 | EMA = +1.4264 | std(g_L) = 1.2464 | grad = 0.8798
step  44660 | loss = -1.4307 | g_L = +1.4307 | EMA = +1.4361 | std(g_L) = 1.1493 | grad = 1.1469
step  44680 | loss = -1.3933 | g_L = +1.3933 | EMA = +1.4247 | std(g_L) = 1.5283 | grad = 1.2554
step  44700 | loss = -1.5775 | g_L = +1.5775 | EMA = +1.4324 | std(g_L) = 1.1525 | grad = 0.9265
step  44720 | loss = -1.3970 | g_L = +1.3970 | EMA = +1.4220 | std(g_L) = 1.3895 | grad = 2.1578
step  44740 | loss = -1.4481 | g_L = +1.4481 | EMA = +1.4249 | std(g_L) = 1.2877 | grad = 0.4906
step  44760 | loss = -1.4430 | g_L = +1.4430 | EMA = +1.4353 | std(g_L) = 1.5033 | grad = 1.0136
step  44780 | loss = -1.4340 | g_L = +1.4340 | EMA = +1.4274 | std(g_L) = 1.3030 | grad = 0.7909
step  44800 | loss = -1.4146 | g_L = +1.4146 | EMA = +1.4432 | std(g_L) = 1.0602 | grad = 0.1823
step  44820 | loss = -1.2674 | g_L = +1.2674 | EMA = +1.4151 | std(g_L) = 1.1657 | grad = 0.5639
step  44840 | loss = -1.3764 | g_L = +1.3764 | EMA = +1.4035 | std(g_L) = 1.3842 | grad = 0.3173
step  44860 | loss = -1.4425 | g_L = +1.4425 | EMA = +1.3834 | std(g_L) = 1.3145 | grad = 0.8480
step  44880 | loss = -1.4719 | g_L = +1.4719 | EMA = +1.4145 | std(g_L) = 1.2523 | grad = 1.0156
step  44900 | loss = -1.3696 | g_L = +1.3696 | EMA = +1.4329 | std(g_L) = 1.2425 | grad = 0.5812
step  44920 | loss = -1.3338 | g_L = +1.3338 | EMA = +1.3976 | std(g_L) = 1.3573 | grad = 0.9954
step  44940 | loss = -1.6356 | g_L = +1.6356 | EMA = +1.4179 | std(g_L) = 1.2469 | grad = 1.7901
step  44960 | loss = -1.3413 | g_L = +1.3413 | EMA = +1.4184 | std(g_L) = 1.3637 | grad = 0.9865
step  44980 | loss = -1.2734 | g_L = +1.2734 | EMA = +1.4097 | std(g_L) = 1.3106 | grad = 0.4427
step  45000 | loss = -1.3791 | g_L = +1.3791 | EMA = +1.4240 | std(g_L) = 1.6167 | grad = 0.5175
step  45020 | loss = -1.2566 | g_L = +1.2566 | EMA = +1.4059 | std(g_L) = 1.2036 | grad = 0.2759
step  45040 | loss = -1.5728 | g_L = +1.5728 | EMA = +1.4267 | std(g_L) = 1.0187 | grad = 0.1873
step  45060 | loss = -1.3229 | g_L = +1.3229 | EMA = +1.4191 | std(g_L) = 1.3858 | grad = 1.0135
step  45080 | loss = -1.4373 | g_L = +1.4373 | EMA = +1.4197 | std(g_L) = 1.1763 | grad = 1.6506
step  45100 | loss = -1.5981 | g_L = +1.5981 | EMA = +1.4341 | std(g_L) = 1.0902 | grad = 1.1498
step  45120 | loss = -1.4481 | g_L = +1.4481 | EMA = +1.4279 | std(g_L) = 1.0812 | grad = 0.3938
step  45140 | loss = -1.3735 | g_L = +1.3735 | EMA = +1.4374 | std(g_L) = 1.2562 | grad = 0.8927
step  45160 | loss = -1.3117 | g_L = +1.3117 | EMA = +1.4380 | std(g_L) = 1.6475 | grad = 1.1262
step  45180 | loss = -1.4804 | g_L = +1.4804 | EMA = +1.4099 | std(g_L) = 1.1840 | grad = 1.4692
step  45200 | loss = -1.5408 | g_L = +1.5408 | EMA = +1.4458 | std(g_L) = 1.4302 | grad = 0.4802
step  45220 | loss = -1.3787 | g_L = +1.3787 | EMA = +1.4219 | std(g_L) = 1.2327 | grad = 1.0004
step  45240 | loss = -1.6788 | g_L = +1.6788 | EMA = +1.4540 | std(g_L) = 1.2754 | grad = 0.5851
step  45260 | loss = -1.2223 | g_L = +1.2223 | EMA = +1.4232 | std(g_L) = 1.4987 | grad = 0.3802
step  45280 | loss = -1.4702 | g_L = +1.4702 | EMA = +1.4232 | std(g_L) = 1.4517 | grad = 1.2894
step  45300 | loss = -1.5036 | g_L = +1.5036 | EMA = +1.3997 | std(g_L) = 1.1732 | grad = 0.6739
step  45320 | loss = -1.5007 | g_L = +1.5007 | EMA = +1.4162 | std(g_L) = 1.0794 | grad = 0.2454
step  45340 | loss = -1.4909 | g_L = +1.4909 | EMA = +1.4158 | std(g_L) = 1.3224 | grad = 1.2842
step  45360 | loss = -1.5338 | g_L = +1.5338 | EMA = +1.4416 | std(g_L) = 1.1969 | grad = 1.3711
step  45380 | loss = -1.3865 | g_L = +1.3865 | EMA = +1.4338 | std(g_L) = 1.3489 | grad = 1.1157
step  45400 | loss = -1.3258 | g_L = +1.3258 | EMA = +1.4304 | std(g_L) = 1.4217 | grad = 0.6128
step  45420 | loss = -1.1645 | g_L = +1.1645 | EMA = +1.4131 | std(g_L) = 1.4574 | grad = 1.1973
step  45440 | loss = -1.5846 | g_L = +1.5846 | EMA = +1.4676 | std(g_L) = 1.1413 | grad = 0.8701
step  45460 | loss = -1.6658 | g_L = +1.6658 | EMA = +1.4301 | std(g_L) = 1.0914 | grad = 0.5549
step  45480 | loss = -1.4738 | g_L = +1.4738 | EMA = +1.4341 | std(g_L) = 1.1349 | grad = 0.8440
step  45500 | loss = -1.5959 | g_L = +1.5959 | EMA = +1.4518 | std(g_L) = 1.1755 | grad = 1.9657
step  45520 | loss = -1.4584 | g_L = +1.4584 | EMA = +1.4302 | std(g_L) = 1.2325 | grad = 0.2471
step  45540 | loss = -1.4764 | g_L = +1.4764 | EMA = +1.4248 | std(g_L) = 1.2542 | grad = 2.2771
step  45560 | loss = -1.6868 | g_L = +1.6868 | EMA = +1.4410 | std(g_L) = 1.2000 | grad = 0.6574
step  45580 | loss = -1.5195 | g_L = +1.5195 | EMA = +1.4141 | std(g_L) = 1.1857 | grad = 2.7351
step  45600 | loss = -1.5007 | g_L = +1.5007 | EMA = +1.4093 | std(g_L) = 1.2708 | grad = 0.8147
step  45620 | loss = -1.3869 | g_L = +1.3869 | EMA = +1.4278 | std(g_L) = 1.2937 | grad = 0.7560
step  45640 | loss = -1.4298 | g_L = +1.4298 | EMA = +1.4266 | std(g_L) = 1.1484 | grad = 1.4668
step  45660 | loss = -1.4983 | g_L = +1.4983 | EMA = +1.4187 | std(g_L) = 1.0972 | grad = 1.8479
step  45680 | loss = -1.4323 | g_L = +1.4323 | EMA = +1.4370 | std(g_L) = 1.1622 | grad = 2.1873
step  45700 | loss = -1.4935 | g_L = +1.4935 | EMA = +1.4342 | std(g_L) = 1.1217 | grad = 0.7211
step  45720 | loss = -1.6563 | g_L = +1.6563 | EMA = +1.4405 | std(g_L) = 1.1440 | grad = 0.7304
step  45740 | loss = -1.3654 | g_L = +1.3654 | EMA = +1.4003 | std(g_L) = 1.2442 | grad = 1.2816
step  45760 | loss = -1.3649 | g_L = +1.3649 | EMA = +1.3973 | std(g_L) = 1.3357 | grad = 0.5187
step  45780 | loss = -1.5046 | g_L = +1.5046 | EMA = +1.4524 | std(g_L) = 1.0858 | grad = 1.5063
step  45800 | loss = -1.5553 | g_L = +1.5553 | EMA = +1.4613 | std(g_L) = 1.1345 | grad = 1.2394
step  45820 | loss = -1.5530 | g_L = +1.5530 | EMA = +1.4441 | std(g_L) = 1.2084 | grad = 0.9498
step  45840 | loss = -1.5474 | g_L = +1.5474 | EMA = +1.4263 | std(g_L) = 0.9638 | grad = 0.2008
step  45860 | loss = -1.5548 | g_L = +1.5548 | EMA = +1.4579 | std(g_L) = 1.0394 | grad = 0.8836
step  45880 | loss = -1.5552 | g_L = +1.5552 | EMA = +1.4334 | std(g_L) = 1.2801 | grad = 0.9716
step  45900 | loss = -1.4145 | g_L = +1.4145 | EMA = +1.4388 | std(g_L) = 1.7364 | grad = 0.6865
step  45920 | loss = -1.4922 | g_L = +1.4922 | EMA = +1.4314 | std(g_L) = 1.3076 | grad = 0.9158
step  45940 | loss = -1.4849 | g_L = +1.4849 | EMA = +1.4348 | std(g_L) = 1.3820 | grad = 0.8025
step  45960 | loss = -1.4427 | g_L = +1.4427 | EMA = +1.4042 | std(g_L) = 1.2565 | grad = 0.2930
step  45980 | loss = -1.3900 | g_L = +1.3900 | EMA = +1.4200 | std(g_L) = 1.5278 | grad = 0.3875
step  46000 | loss = -1.4664 | g_L = +1.4664 | EMA = +1.4389 | std(g_L) = 1.0996 | grad = 1.5366
step  46020 | loss = -1.4298 | g_L = +1.4298 | EMA = +1.4530 | std(g_L) = 1.4177 | grad = 1.0261
step  46040 | loss = -1.3419 | g_L = +1.3419 | EMA = +1.4385 | std(g_L) = 1.4106 | grad = 0.4825
step  46060 | loss = -1.4084 | g_L = +1.4084 | EMA = +1.4098 | std(g_L) = 1.1152 | grad = 0.1765
step  46080 | loss = -1.4693 | g_L = +1.4693 | EMA = +1.4075 | std(g_L) = 1.1453 | grad = 0.3400
step  46100 | loss = -1.3235 | g_L = +1.3235 | EMA = +1.4161 | std(g_L) = 1.2626 | grad = 0.2021
step  46120 | loss = -1.6060 | g_L = +1.6060 | EMA = +1.4211 | std(g_L) = 1.2995 | grad = 0.8843
step  46140 | loss = -1.1350 | g_L = +1.1350 | EMA = +1.4123 | std(g_L) = 1.3151 | grad = 0.6039
step  46160 | loss = -1.4891 | g_L = +1.4891 | EMA = +1.4276 | std(g_L) = 1.1708 | grad = 0.3729
step  46180 | loss = -1.3811 | g_L = +1.3811 | EMA = +1.4200 | std(g_L) = 1.4279 | grad = 1.4382
step  46200 | loss = -1.5115 | g_L = +1.5115 | EMA = +1.4459 | std(g_L) = 1.1745 | grad = 0.3274
step  46220 | loss = -1.3877 | g_L = +1.3877 | EMA = +1.4538 | std(g_L) = 1.3324 | grad = 0.8246
step  46240 | loss = -1.4207 | g_L = +1.4207 | EMA = +1.4327 | std(g_L) = 1.3265 | grad = 0.2850
step  46260 | loss = -1.3101 | g_L = +1.3101 | EMA = +1.4391 | std(g_L) = 1.3820 | grad = 1.2133
step  46280 | loss = -1.4858 | g_L = +1.4858 | EMA = +1.4185 | std(g_L) = 1.1496 | grad = 0.9185
step  46300 | loss = -1.4857 | g_L = +1.4857 | EMA = +1.4374 | std(g_L) = 1.1385 | grad = 0.3863
step  46320 | loss = -1.3788 | g_L = +1.3788 | EMA = +1.4298 | std(g_L) = 1.1602 | grad = 0.1749
step  46340 | loss = -1.5392 | g_L = +1.5392 | EMA = +1.3923 | std(g_L) = 1.2801 | grad = 0.4295
step  46360 | loss = -1.3896 | g_L = +1.3896 | EMA = +1.3890 | std(g_L) = 1.2709 | grad = 1.1494
step  46380 | loss = -1.3979 | g_L = +1.3979 | EMA = +1.4196 | std(g_L) = 1.3107 | grad = 0.9517
step  46400 | loss = -1.4080 | g_L = +1.4080 | EMA = +1.3951 | std(g_L) = 1.2141 | grad = 1.3100
step  46420 | loss = -1.3910 | g_L = +1.3910 | EMA = +1.3967 | std(g_L) = 1.5529 | grad = 2.0762
step  46440 | loss = -1.3968 | g_L = +1.3968 | EMA = +1.3668 | std(g_L) = 1.2849 | grad = 0.5717
step  46460 | loss = -1.3351 | g_L = +1.3351 | EMA = +1.4104 | std(g_L) = 1.6074 | grad = 1.2249
step  46480 | loss = -1.3743 | g_L = +1.3743 | EMA = +1.4109 | std(g_L) = 1.2785 | grad = 0.4556
step  46500 | loss = -1.5344 | g_L = +1.5344 | EMA = +1.4055 | std(g_L) = 1.1877 | grad = 1.2840
step  46520 | loss = -1.4770 | g_L = +1.4770 | EMA = +1.4319 | std(g_L) = 1.6470 | grad = 1.6487
step  46540 | loss = -1.4999 | g_L = +1.4999 | EMA = +1.4339 | std(g_L) = 1.1217 | grad = 0.5465
step  46560 | loss = -1.2653 | g_L = +1.2653 | EMA = +1.4287 | std(g_L) = 1.2595 | grad = 0.3148
step  46580 | loss = -1.4160 | g_L = +1.4160 | EMA = +1.4318 | std(g_L) = 1.4411 | grad = 1.4169
step  46600 | loss = -1.3399 | g_L = +1.3399 | EMA = +1.4040 | std(g_L) = 1.2031 | grad = 0.5770
step  46620 | loss = -1.3978 | g_L = +1.3978 | EMA = +1.4381 | std(g_L) = 1.0670 | grad = 0.4635
step  46640 | loss = -1.5507 | g_L = +1.5507 | EMA = +1.4744 | std(g_L) = 1.0191 | grad = 1.7962
step  46660 | loss = -1.4908 | g_L = +1.4908 | EMA = +1.4480 | std(g_L) = 1.1941 | grad = 1.3136
step  46680 | loss = -1.4840 | g_L = +1.4840 | EMA = +1.4475 | std(g_L) = 1.1931 | grad = 0.3188
step  46700 | loss = -1.4035 | g_L = +1.4035 | EMA = +1.4414 | std(g_L) = 1.2691 | grad = 1.4377
step  46720 | loss = -1.2845 | g_L = +1.2845 | EMA = +1.4198 | std(g_L) = 1.4304 | grad = 0.9023
step  46740 | loss = -1.3352 | g_L = +1.3352 | EMA = +1.4261 | std(g_L) = 1.2861 | grad = 2.5636
step  46760 | loss = -1.4083 | g_L = +1.4083 | EMA = +1.4106 | std(g_L) = 1.2783 | grad = 2.4023
step  46780 | loss = -1.4870 | g_L = +1.4870 | EMA = +1.4398 | std(g_L) = 1.1824 | grad = 0.3666
step  46800 | loss = -1.4279 | g_L = +1.4279 | EMA = +1.4140 | std(g_L) = 1.2053 | grad = 1.0208
step  46820 | loss = -1.4779 | g_L = +1.4779 | EMA = +1.4190 | std(g_L) = 1.2600 | grad = 0.3684
step  46840 | loss = -1.4132 | g_L = +1.4132 | EMA = +1.4250 | std(g_L) = 1.1652 | grad = 0.3555
step  46860 | loss = -1.2925 | g_L = +1.2925 | EMA = +1.4265 | std(g_L) = 1.1934 | grad = 0.9506
step  46880 | loss = -1.4893 | g_L = +1.4893 | EMA = +1.4502 | std(g_L) = 1.2379 | grad = 2.0628
step  46900 | loss = -1.4206 | g_L = +1.4206 | EMA = +1.4240 | std(g_L) = 1.4882 | grad = 0.6590
step  46920 | loss = -1.4104 | g_L = +1.4104 | EMA = +1.4217 | std(g_L) = 1.2469 | grad = 0.6838
step  46940 | loss = -1.5883 | g_L = +1.5883 | EMA = +1.4489 | std(g_L) = 1.2538 | grad = 0.3347
step  46960 | loss = -1.4108 | g_L = +1.4108 | EMA = +1.4110 | std(g_L) = 1.2317 | grad = 1.1038
step  46980 | loss = -1.6178 | g_L = +1.6178 | EMA = +1.4356 | std(g_L) = 1.1274 | grad = 2.0009
step  47000 | loss = -1.3811 | g_L = +1.3811 | EMA = +1.4119 | std(g_L) = 1.2550 | grad = 3.0733
step  47020 | loss = -1.4766 | g_L = +1.4766 | EMA = +1.4126 | std(g_L) = 1.3691 | grad = 0.4589
step  47040 | loss = -1.5184 | g_L = +1.5184 | EMA = +1.4255 | std(g_L) = 1.2201 | grad = 1.7340
step  47060 | loss = -1.4883 | g_L = +1.4883 | EMA = +1.4311 | std(g_L) = 1.2795 | grad = 0.4701
step  47080 | loss = -1.5154 | g_L = +1.5154 | EMA = +1.4326 | std(g_L) = 1.3446 | grad = 0.3295
step  47100 | loss = -1.3801 | g_L = +1.3801 | EMA = +1.4677 | std(g_L) = 1.1440 | grad = 0.4738
step  47120 | loss = -1.4816 | g_L = +1.4816 | EMA = +1.4526 | std(g_L) = 1.2193 | grad = 0.3450
step  47140 | loss = -1.4180 | g_L = +1.4180 | EMA = +1.4348 | std(g_L) = 1.2919 | grad = 0.5303
step  47160 | loss = -1.4998 | g_L = +1.4998 | EMA = +1.4337 | std(g_L) = 1.1185 | grad = 1.2941
step  47180 | loss = -1.3814 | g_L = +1.3814 | EMA = +1.4096 | std(g_L) = 1.1944 | grad = 1.7809
step  47200 | loss = -1.4815 | g_L = +1.4815 | EMA = +1.4219 | std(g_L) = 1.1963 | grad = 0.5987
step  47220 | loss = -1.5374 | g_L = +1.5374 | EMA = +1.4585 | std(g_L) = 1.1480 | grad = 1.5670
step  47240 | loss = -1.5567 | g_L = +1.5567 | EMA = +1.4387 | std(g_L) = 1.1124 | grad = 0.9473
step  47260 | loss = -1.3551 | g_L = +1.3551 | EMA = +1.4484 | std(g_L) = 1.4154 | grad = 1.2415
step  47280 | loss = -1.3842 | g_L = +1.3842 | EMA = +1.4420 | std(g_L) = 1.3254 | grad = 0.6824
step  47300 | loss = -1.4306 | g_L = +1.4306 | EMA = +1.4249 | std(g_L) = 1.4251 | grad = 3.1785
step  47320 | loss = -1.4036 | g_L = +1.4036 | EMA = +1.4261 | std(g_L) = 1.5492 | grad = 0.4878
step  47340 | loss = -1.4066 | g_L = +1.4066 | EMA = +1.4123 | std(g_L) = 1.3469 | grad = 0.5150
step  47360 | loss = -1.4699 | g_L = +1.4699 | EMA = +1.4223 | std(g_L) = 1.0271 | grad = 0.3989
step  47380 | loss = -1.4995 | g_L = +1.4995 | EMA = +1.4335 | std(g_L) = 1.1881 | grad = 0.7171
step  47400 | loss = -1.5406 | g_L = +1.5406 | EMA = +1.4175 | std(g_L) = 1.2632 | grad = 1.3429
step  47420 | loss = -1.3850 | g_L = +1.3850 | EMA = +1.4175 | std(g_L) = 1.2755 | grad = 0.4374
step  47440 | loss = -1.4884 | g_L = +1.4884 | EMA = +1.4365 | std(g_L) = 1.1766 | grad = 1.2734
step  47460 | loss = -1.5421 | g_L = +1.5421 | EMA = +1.4253 | std(g_L) = 1.1456 | grad = 2.7956
step  47480 | loss = -1.5077 | g_L = +1.5077 | EMA = +1.4354 | std(g_L) = 1.2656 | grad = 0.5147
step  47500 | loss = -1.6525 | g_L = +1.6525 | EMA = +1.4549 | std(g_L) = 1.0736 | grad = 0.7034
step  47520 | loss = -1.4029 | g_L = +1.4029 | EMA = +1.4542 | std(g_L) = 1.2916 | grad = 0.5911
step  47540 | loss = -1.5519 | g_L = +1.5519 | EMA = +1.4341 | std(g_L) = 1.1349 | grad = 1.9903
step  47560 | loss = -1.3675 | g_L = +1.3675 | EMA = +1.4227 | std(g_L) = 1.3362 | grad = 1.3780
step  47580 | loss = -1.2763 | g_L = +1.2763 | EMA = +1.4365 | std(g_L) = 1.3659 | grad = 1.4647
step  47600 | loss = -1.5041 | g_L = +1.5041 | EMA = +1.4539 | std(g_L) = 1.4077 | grad = 1.0728
step  47620 | loss = -1.3252 | g_L = +1.3252 | EMA = +1.4308 | std(g_L) = 1.2421 | grad = 0.4706
step  47640 | loss = -1.5796 | g_L = +1.5796 | EMA = +1.4287 | std(g_L) = 1.1289 | grad = 0.6526
step  47660 | loss = -1.4553 | g_L = +1.4553 | EMA = +1.4522 | std(g_L) = 1.2693 | grad = 1.5854
step  47680 | loss = -1.5108 | g_L = +1.5108 | EMA = +1.4577 | std(g_L) = 1.2712 | grad = 0.4628
step  47700 | loss = -1.4639 | g_L = +1.4639 | EMA = +1.4363 | std(g_L) = 1.2151 | grad = 1.2435
step  47720 | loss = -1.4935 | g_L = +1.4935 | EMA = +1.4426 | std(g_L) = 1.1485 | grad = 0.2206
step  47740 | loss = -1.6024 | g_L = +1.6024 | EMA = +1.4450 | std(g_L) = 1.1715 | grad = 0.8687
step  47760 | loss = -1.5704 | g_L = +1.5704 | EMA = +1.4602 | std(g_L) = 1.0168 | grad = 0.9957
step  47780 | loss = -1.4651 | g_L = +1.4651 | EMA = +1.4303 | std(g_L) = 0.9950 | grad = 0.4328
step  47800 | loss = -1.5250 | g_L = +1.5250 | EMA = +1.4158 | std(g_L) = 1.1426 | grad = 1.5827
step  47820 | loss = -1.4953 | g_L = +1.4953 | EMA = +1.4125 | std(g_L) = 1.2595 | grad = 1.5815
step  47840 | loss = -1.4542 | g_L = +1.4542 | EMA = +1.4490 | std(g_L) = 1.2540 | grad = 0.7498
step  47860 | loss = -1.4820 | g_L = +1.4820 | EMA = +1.4418 | std(g_L) = 1.0316 | grad = 2.5495
step  47880 | loss = -1.2806 | g_L = +1.2806 | EMA = +1.4306 | std(g_L) = 1.3449 | grad = 0.7670
step  47900 | loss = -1.4543 | g_L = +1.4543 | EMA = +1.4380 | std(g_L) = 1.1523 | grad = 1.2534
step  47920 | loss = -1.3437 | g_L = +1.3437 | EMA = +1.4365 | std(g_L) = 1.5966 | grad = 0.2340
step  47940 | loss = -1.2518 | g_L = +1.2518 | EMA = +1.4458 | std(g_L) = 1.4355 | grad = 2.0314
step  47960 | loss = -1.5451 | g_L = +1.5451 | EMA = +1.4595 | std(g_L) = 1.1943 | grad = 0.6654
step  47980 | loss = -1.3125 | g_L = +1.3125 | EMA = +1.4223 | std(g_L) = 1.4527 | grad = 0.7838
step  48000 | loss = -1.3973 | g_L = +1.3973 | EMA = +1.4223 | std(g_L) = 2.0113 | grad = 0.9985
step  48020 | loss = -1.6675 | g_L = +1.6675 | EMA = +1.4203 | std(g_L) = 1.0854 | grad = 0.6234
step  48040 | loss = -1.4743 | g_L = +1.4743 | EMA = +1.4159 | std(g_L) = 1.1824 | grad = 1.4030
step  48060 | loss = -1.4712 | g_L = +1.4712 | EMA = +1.4261 | std(g_L) = 1.2445 | grad = 0.6139
step  48080 | loss = -1.5195 | g_L = +1.5195 | EMA = +1.4393 | std(g_L) = 1.2345 | grad = 1.7732
step  48100 | loss = -1.4427 | g_L = +1.4427 | EMA = +1.4440 | std(g_L) = 1.3345 | grad = 0.7122
step  48120 | loss = -1.3727 | g_L = +1.3727 | EMA = +1.4399 | std(g_L) = 1.2063 | grad = 1.2379
step  48140 | loss = -1.4356 | g_L = +1.4356 | EMA = +1.4595 | std(g_L) = 1.3181 | grad = 1.5269
step  48160 | loss = -1.4019 | g_L = +1.4019 | EMA = +1.4205 | std(g_L) = 1.4576 | grad = 0.4209
step  48180 | loss = -1.5618 | g_L = +1.5618 | EMA = +1.4531 | std(g_L) = 1.0853 | grad = 0.5484
step  48200 | loss = -1.3256 | g_L = +1.3256 | EMA = +1.4513 | std(g_L) = 1.1693 | grad = 1.0184
step  48220 | loss = -1.4687 | g_L = +1.4687 | EMA = +1.4368 | std(g_L) = 1.1433 | grad = 1.0260
step  48240 | loss = -1.4676 | g_L = +1.4676 | EMA = +1.4404 | std(g_L) = 1.4141 | grad = 1.4189
step  48260 | loss = -1.4728 | g_L = +1.4728 | EMA = +1.4182 | std(g_L) = 1.2308 | grad = 0.8591
step  48280 | loss = -1.3853 | g_L = +1.3853 | EMA = +1.4250 | std(g_L) = 1.3493 | grad = 1.8411
step  48300 | loss = -1.3390 | g_L = +1.3390 | EMA = +1.4148 | std(g_L) = 1.0603 | grad = 1.3447
step  48320 | loss = -1.6272 | g_L = +1.6272 | EMA = +1.4470 | std(g_L) = 1.1425 | grad = 0.7878
step  48340 | loss = -1.4800 | g_L = +1.4800 | EMA = +1.4509 | std(g_L) = 1.1220 | grad = 1.4252
step  48360 | loss = -1.2854 | g_L = +1.2854 | EMA = +1.4481 | std(g_L) = 1.2709 | grad = 0.8523
step  48380 | loss = -1.3100 | g_L = +1.3100 | EMA = +1.4145 | std(g_L) = 1.3952 | grad = 0.9630
step  48400 | loss = -1.3894 | g_L = +1.3894 | EMA = +1.4080 | std(g_L) = 1.4827 | grad = 0.7996
step  48420 | loss = -1.5977 | g_L = +1.5977 | EMA = +1.4304 | std(g_L) = 1.2287 | grad = 1.1625
step  48440 | loss = -1.3364 | g_L = +1.3364 | EMA = +1.4199 | std(g_L) = 1.4230 | grad = 1.4600
step  48460 | loss = -1.3063 | g_L = +1.3063 | EMA = +1.4264 | std(g_L) = 1.0027 | grad = 1.7536
step  48480 | loss = -1.5134 | g_L = +1.5134 | EMA = +1.4410 | std(g_L) = 1.2701 | grad = 1.2358
step  48500 | loss = -1.6008 | g_L = +1.6008 | EMA = +1.4443 | std(g_L) = 1.0638 | grad = 0.4791
step  48520 | loss = -1.4719 | g_L = +1.4719 | EMA = +1.4532 | std(g_L) = 0.9576 | grad = 0.2997
step  48540 | loss = -1.4910 | g_L = +1.4910 | EMA = +1.4305 | std(g_L) = 1.1480 | grad = 0.7677
step  48560 | loss = -1.3363 | g_L = +1.3363 | EMA = +1.4419 | std(g_L) = 1.0856 | grad = 1.7808
step  48580 | loss = -1.4178 | g_L = +1.4178 | EMA = +1.4417 | std(g_L) = 1.4357 | grad = 1.5977
step  48600 | loss = -1.2126 | g_L = +1.2126 | EMA = +1.4355 | std(g_L) = 1.2861 | grad = 0.5052
step  48620 | loss = -1.5796 | g_L = +1.5796 | EMA = +1.4473 | std(g_L) = 1.1068 | grad = 1.6108
step  48640 | loss = -1.4620 | g_L = +1.4620 | EMA = +1.4515 | std(g_L) = 1.1807 | grad = 0.6664
step  48660 | loss = -1.4132 | g_L = +1.4132 | EMA = +1.4316 | std(g_L) = 1.4297 | grad = 1.0563
step  48680 | loss = -1.5090 | g_L = +1.5090 | EMA = +1.4410 | std(g_L) = 1.1108 | grad = 1.9369
step  48700 | loss = -1.4438 | g_L = +1.4438 | EMA = +1.4267 | std(g_L) = 1.2063 | grad = 1.2729
step  48720 | loss = -1.3162 | g_L = +1.3162 | EMA = +1.4076 | std(g_L) = 1.2339 | grad = 0.2760
step  48740 | loss = -1.4126 | g_L = +1.4126 | EMA = +1.4209 | std(g_L) = 1.4691 | grad = 1.0346
step  48760 | loss = -1.3968 | g_L = +1.3968 | EMA = +1.4545 | std(g_L) = 1.1777 | grad = 1.2854
step  48780 | loss = -1.4798 | g_L = +1.4798 | EMA = +1.4515 | std(g_L) = 1.1118 | grad = 1.8282
step  48800 | loss = -1.3805 | g_L = +1.3805 | EMA = +1.4578 | std(g_L) = 1.4048 | grad = 1.1251
step  48820 | loss = -1.3726 | g_L = +1.3726 | EMA = +1.4269 | std(g_L) = 1.4333 | grad = 0.5184
step  48840 | loss = -1.4419 | g_L = +1.4419 | EMA = +1.4177 | std(g_L) = 1.1407 | grad = 1.1379
step  48860 | loss = -1.4933 | g_L = +1.4933 | EMA = +1.4474 | std(g_L) = 1.2981 | grad = 0.5989
step  48880 | loss = -1.4449 | g_L = +1.4449 | EMA = +1.4448 | std(g_L) = 1.5126 | grad = 2.8182
step  48900 | loss = -1.5869 | g_L = +1.5869 | EMA = +1.4459 | std(g_L) = 1.1919 | grad = 0.1840
step  48920 | loss = -1.4442 | g_L = +1.4442 | EMA = +1.4300 | std(g_L) = 1.1806 | grad = 0.6841
step  48940 | loss = -1.4234 | g_L = +1.4234 | EMA = +1.4306 | std(g_L) = 1.5237 | grad = 0.6468
step  48960 | loss = -1.2503 | g_L = +1.2503 | EMA = +1.4350 | std(g_L) = 1.2031 | grad = 1.0703
step  48980 | loss = -1.4641 | g_L = +1.4641 | EMA = +1.4375 | std(g_L) = 1.2374 | grad = 2.5475
step  49000 | loss = -1.3727 | g_L = +1.3727 | EMA = +1.4330 | std(g_L) = 1.1836 | grad = 0.4232
step  49020 | loss = -1.2665 | g_L = +1.2665 | EMA = +1.4519 | std(g_L) = 1.4666 | grad = 1.0058
step  49040 | loss = -1.5057 | g_L = +1.5057 | EMA = +1.4573 | std(g_L) = 1.1212 | grad = 0.3544
step  49060 | loss = -1.6745 | g_L = +1.6745 | EMA = +1.4531 | std(g_L) = 1.0950 | grad = 0.7733
step  49080 | loss = -1.5655 | g_L = +1.5655 | EMA = +1.4450 | std(g_L) = 1.1856 | grad = 1.3347
step  49100 | loss = -1.5701 | g_L = +1.5701 | EMA = +1.4767 | std(g_L) = 1.0647 | grad = 1.8953
step  49120 | loss = -1.3851 | g_L = +1.3851 | EMA = +1.4538 | std(g_L) = 1.1814 | grad = 0.5144
step  49140 | loss = -1.4821 | g_L = +1.4821 | EMA = +1.4457 | std(g_L) = 1.1376 | grad = 1.4085
step  49160 | loss = -1.4376 | g_L = +1.4376 | EMA = +1.4563 | std(g_L) = 1.2655 | grad = 0.7920
step  49180 | loss = -1.4942 | g_L = +1.4942 | EMA = +1.4373 | std(g_L) = 1.2313 | grad = 0.8348
step  49200 | loss = -1.3875 | g_L = +1.3875 | EMA = +1.3973 | std(g_L) = 1.1491 | grad = 1.6086
step  49220 | loss = -1.3407 | g_L = +1.3407 | EMA = +1.4394 | std(g_L) = 1.3276 | grad = 1.3421
step  49240 | loss = -1.5397 | g_L = +1.5397 | EMA = +1.4442 | std(g_L) = 1.1002 | grad = 0.6760
step  49260 | loss = -1.3336 | g_L = +1.3336 | EMA = +1.4203 | std(g_L) = 1.2201 | grad = 0.4071
step  49280 | loss = -1.4880 | g_L = +1.4880 | EMA = +1.4324 | std(g_L) = 1.2067 | grad = 1.3230
step  49300 | loss = -1.5023 | g_L = +1.5023 | EMA = +1.4438 | std(g_L) = 1.1627 | grad = 1.2818
step  49320 | loss = -1.7248 | g_L = +1.7248 | EMA = +1.4575 | std(g_L) = 1.1904 | grad = 2.2103
step  49340 | loss = -1.4290 | g_L = +1.4290 | EMA = +1.4370 | std(g_L) = 1.2102 | grad = 0.5258
step  49360 | loss = -1.4571 | g_L = +1.4571 | EMA = +1.4148 | std(g_L) = 1.1845 | grad = 0.5526
step  49380 | loss = -1.4539 | g_L = +1.4539 | EMA = +1.4505 | std(g_L) = 1.4571 | grad = 1.3118
step  49400 | loss = -1.3973 | g_L = +1.3973 | EMA = +1.4735 | std(g_L) = 1.2858 | grad = 2.0690
step  49420 | loss = -1.4609 | g_L = +1.4609 | EMA = +1.4182 | std(g_L) = 1.2464 | grad = 0.1620
step  49440 | loss = -1.5483 | g_L = +1.5483 | EMA = +1.4446 | std(g_L) = 1.3026 | grad = 2.4301
step  49460 | loss = -1.3920 | g_L = +1.3920 | EMA = +1.4133 | std(g_L) = 1.3065 | grad = 0.6379
step  49480 | loss = -1.6253 | g_L = +1.6253 | EMA = +1.4420 | std(g_L) = 1.1336 | grad = 2.0881
step  49500 | loss = -1.3723 | g_L = +1.3723 | EMA = +1.4339 | std(g_L) = 1.3362 | grad = 0.2563
step  49520 | loss = -1.3673 | g_L = +1.3673 | EMA = +1.4366 | std(g_L) = 1.2280 | grad = 0.7323
step  49540 | loss = -1.5386 | g_L = +1.5386 | EMA = +1.4377 | std(g_L) = 1.1598 | grad = 0.8301
step  49560 | loss = -1.4496 | g_L = +1.4496 | EMA = +1.4250 | std(g_L) = 1.3596 | grad = 1.2093
step  49580 | loss = -1.5363 | g_L = +1.5363 | EMA = +1.4021 | std(g_L) = 1.0647 | grad = 0.4119
step  49600 | loss = -1.3314 | g_L = +1.3314 | EMA = +1.4296 | std(g_L) = 1.2214 | grad = 0.3728
step  49620 | loss = -1.4636 | g_L = +1.4636 | EMA = +1.4534 | std(g_L) = 1.1486 | grad = 1.8953
step  49640 | loss = -1.5139 | g_L = +1.5139 | EMA = +1.4693 | std(g_L) = 1.4528 | grad = 2.0871
step  49660 | loss = -1.5103 | g_L = +1.5103 | EMA = +1.4479 | std(g_L) = 1.2054 | grad = 1.6860
step  49680 | loss = -1.6969 | g_L = +1.6969 | EMA = +1.4549 | std(g_L) = 1.1012 | grad = 0.4044
step  49700 | loss = -1.4231 | g_L = +1.4231 | EMA = +1.4252 | std(g_L) = 1.4366 | grad = 0.3833
step  49720 | loss = -1.3568 | g_L = +1.3568 | EMA = +1.4323 | std(g_L) = 1.3394 | grad = 0.3554
step  49740 | loss = -1.4325 | g_L = +1.4325 | EMA = +1.4357 | std(g_L) = 1.0574 | grad = 0.6309
step  49760 | loss = -1.5409 | g_L = +1.5409 | EMA = +1.4425 | std(g_L) = 1.2920 | grad = 0.5680
step  49780 | loss = -1.4354 | g_L = +1.4354 | EMA = +1.4239 | std(g_L) = 1.0882 | grad = 0.4030
step  49800 | loss = -1.4543 | g_L = +1.4543 | EMA = +1.4258 | std(g_L) = 1.4254 | grad = 1.1447
step  49820 | loss = -1.4866 | g_L = +1.4866 | EMA = +1.4177 | std(g_L) = 1.3588 | grad = 1.6990
step  49840 | loss = -1.4778 | g_L = +1.4778 | EMA = +1.4095 | std(g_L) = 1.3418 | grad = 0.4910
step  49860 | loss = -1.4903 | g_L = +1.4903 | EMA = +1.4210 | std(g_L) = 1.0966 | grad = 0.3582
step  49880 | loss = -1.2766 | g_L = +1.2766 | EMA = +1.4002 | std(g_L) = 1.2890 | grad = 0.5378
step  49900 | loss = -1.4865 | g_L = +1.4865 | EMA = +1.4215 | std(g_L) = 1.2345 | grad = 0.5421
step  49920 | loss = -1.4273 | g_L = +1.4273 | EMA = +1.4102 | std(g_L) = 1.6067 | grad = 0.6760
step  49940 | loss = -1.5306 | g_L = +1.5306 | EMA = +1.4533 | std(g_L) = 1.2020 | grad = 2.0590
step  49960 | loss = -1.4750 | g_L = +1.4750 | EMA = +1.4461 | std(g_L) = 1.0956 | grad = 0.3475
step  49980 | loss = -1.5483 | g_L = +1.5483 | EMA = +1.4349 | std(g_L) = 1.1224 | grad = 0.7133
step  50000 | loss = -1.3838 | g_L = +1.3838 | EMA = +1.4060 | std(g_L) = 1.2520 | grad = 1.8125
Model saved.
