Device: cuda
N antennas : 8
Ns         : 127
step      1 | loss = -0.1452 | g_L = +0.1452 | EMA = +0.1452 | std(g_L) = 1.0253 | grad = 0.0223
step     20 | loss = -0.0994 | g_L = +0.0994 | EMA = +0.1068 | std(g_L) = 1.0431 | grad = 0.0434
step     40 | loss = -0.0543 | g_L = +0.0543 | EMA = +0.0933 | std(g_L) = 1.3703 | grad = 0.0657
step     60 | loss = -0.1995 | g_L = +0.1995 | EMA = +0.1293 | std(g_L) = 1.6430 | grad = 0.1698
step     80 | loss = -0.3333 | g_L = +0.3333 | EMA = +0.2008 | std(g_L) = 1.1559 | grad = 0.1898
step    100 | loss = -0.3528 | g_L = +0.3528 | EMA = +0.3027 | std(g_L) = 1.3639 | grad = 0.2463
step    120 | loss = -0.4997 | g_L = +0.4997 | EMA = +0.4065 | std(g_L) = 1.4683 | grad = 0.4066
step    140 | loss = -0.5609 | g_L = +0.5609 | EMA = +0.5278 | std(g_L) = 1.6183 | grad = 0.2961
step    160 | loss = -0.7910 | g_L = +0.7910 | EMA = +0.6571 | std(g_L) = 1.5987 | grad = 0.3153
step    180 | loss = -0.9165 | g_L = +0.9165 | EMA = +0.7883 | std(g_L) = 1.4506 | grad = 0.5627
step    200 | loss = -1.0928 | g_L = +1.0928 | EMA = +0.9578 | std(g_L) = 1.3947 | grad = 0.3359
step    220 | loss = -1.0541 | g_L = +1.0541 | EMA = +1.0286 | std(g_L) = 1.8251 | grad = 0.1978
step    240 | loss = -1.0781 | g_L = +1.0781 | EMA = +1.0931 | std(g_L) = 1.4507 | grad = 0.2257
step    260 | loss = -1.2002 | g_L = +1.2002 | EMA = +1.1252 | std(g_L) = 1.4085 | grad = 0.0530
step    280 | loss = -1.0669 | g_L = +1.0669 | EMA = +1.1443 | std(g_L) = 1.6759 | grad = 0.1006
step    300 | loss = -1.3076 | g_L = +1.3076 | EMA = +1.1806 | std(g_L) = 1.2839 | grad = 0.1513
step    320 | loss = -1.1029 | g_L = +1.1029 | EMA = +1.1899 | std(g_L) = 1.1786 | grad = 0.2171
step    340 | loss = -1.1919 | g_L = +1.1919 | EMA = +1.1963 | std(g_L) = 1.3291 | grad = 0.0842
step    360 | loss = -1.1362 | g_L = +1.1362 | EMA = +1.2096 | std(g_L) = 1.6407 | grad = 0.2349
step    380 | loss = -1.1688 | g_L = +1.1688 | EMA = +1.2212 | std(g_L) = 1.4426 | grad = 0.1399
step    400 | loss = -1.2097 | g_L = +1.2097 | EMA = +1.2283 | std(g_L) = 1.2594 | grad = 0.3482
step    420 | loss = -1.2391 | g_L = +1.2391 | EMA = +1.2286 | std(g_L) = 1.3080 | grad = 0.2216
step    440 | loss = -1.1129 | g_L = +1.1129 | EMA = +1.2283 | std(g_L) = 1.4742 | grad = 0.1563
step    460 | loss = -1.2645 | g_L = +1.2645 | EMA = +1.2395 | std(g_L) = 1.3173 | grad = 0.1809
step    480 | loss = -1.2987 | g_L = +1.2987 | EMA = +1.2430 | std(g_L) = 1.2100 | grad = 0.1333
step    500 | loss = -1.2004 | g_L = +1.2004 | EMA = +1.2440 | std(g_L) = 1.4225 | grad = 0.2561
step    520 | loss = -1.3409 | g_L = +1.3409 | EMA = +1.2433 | std(g_L) = 1.2392 | grad = 0.1912
step    540 | loss = -1.3011 | g_L = +1.3011 | EMA = +1.2629 | std(g_L) = 1.2502 | grad = 0.1017
step    560 | loss = -1.3731 | g_L = +1.3731 | EMA = +1.2659 | std(g_L) = 1.1640 | grad = 0.1221
step    580 | loss = -1.2552 | g_L = +1.2552 | EMA = +1.2700 | std(g_L) = 1.1986 | grad = 0.2272
step    600 | loss = -1.3018 | g_L = +1.3018 | EMA = +1.2639 | std(g_L) = 1.3872 | grad = 0.1136
step    620 | loss = -1.3092 | g_L = +1.3092 | EMA = +1.2671 | std(g_L) = 1.2315 | grad = 0.1643
step    640 | loss = -1.2223 | g_L = +1.2223 | EMA = +1.2672 | std(g_L) = 1.3582 | grad = 0.1994
step    660 | loss = -1.2335 | g_L = +1.2335 | EMA = +1.2694 | std(g_L) = 1.3899 | grad = 0.1732
step    680 | loss = -1.3360 | g_L = +1.3360 | EMA = +1.2901 | std(g_L) = 1.1861 | grad = 0.1881
step    700 | loss = -1.2901 | g_L = +1.2901 | EMA = +1.2841 | std(g_L) = 1.3081 | grad = 0.1655
step    720 | loss = -1.3311 | g_L = +1.3311 | EMA = +1.2851 | std(g_L) = 1.2243 | grad = 0.2559
step    740 | loss = -1.1837 | g_L = +1.1837 | EMA = +1.2837 | std(g_L) = 1.4884 | grad = 0.2032
step    760 | loss = -1.2989 | g_L = +1.2989 | EMA = +1.2888 | std(g_L) = 1.2894 | grad = 0.1374
step    780 | loss = -1.3942 | g_L = +1.3942 | EMA = +1.2927 | std(g_L) = 1.3097 | grad = 0.1753
step    800 | loss = -1.2605 | g_L = +1.2605 | EMA = +1.2799 | std(g_L) = 1.3349 | grad = 0.2137
step    820 | loss = -1.2615 | g_L = +1.2615 | EMA = +1.3026 | std(g_L) = 1.2150 | grad = 0.2462
step    840 | loss = -1.3565 | g_L = +1.3565 | EMA = +1.3038 | std(g_L) = 1.2474 | grad = 0.1601
step    860 | loss = -1.2704 | g_L = +1.2704 | EMA = +1.2874 | std(g_L) = 1.2871 | grad = 0.2080
step    880 | loss = -1.2373 | g_L = +1.2373 | EMA = +1.2834 | std(g_L) = 1.1987 | grad = 0.3033
step    900 | loss = -1.3270 | g_L = +1.3270 | EMA = +1.2792 | std(g_L) = 1.2712 | grad = 0.1309
step    920 | loss = -1.3751 | g_L = +1.3751 | EMA = +1.2934 | std(g_L) = 1.2165 | grad = 0.2420
step    940 | loss = -1.3343 | g_L = +1.3343 | EMA = +1.2873 | std(g_L) = 1.2373 | grad = 0.2832
step    960 | loss = -1.3377 | g_L = +1.3377 | EMA = +1.2936 | std(g_L) = 1.3187 | grad = 0.2937
step    980 | loss = -1.2646 | g_L = +1.2646 | EMA = +1.2968 | std(g_L) = 1.2018 | grad = 0.1665
step   1000 | loss = -1.3414 | g_L = +1.3414 | EMA = +1.2968 | std(g_L) = 1.2936 | grad = 0.1680
step   1020 | loss = -1.2287 | g_L = +1.2287 | EMA = +1.2902 | std(g_L) = 1.2396 | grad = 0.2286
step   1040 | loss = -1.2656 | g_L = +1.2656 | EMA = +1.2928 | std(g_L) = 1.2058 | grad = 0.2274
step   1060 | loss = -1.2635 | g_L = +1.2635 | EMA = +1.2915 | std(g_L) = 1.2075 | grad = 0.1111
step   1080 | loss = -1.3198 | g_L = +1.3198 | EMA = +1.3001 | std(g_L) = 1.2754 | grad = 0.1234
step   1100 | loss = -1.1432 | g_L = +1.1432 | EMA = +1.2817 | std(g_L) = 1.3731 | grad = 0.1225
step   1120 | loss = -1.3059 | g_L = +1.3059 | EMA = +1.2829 | std(g_L) = 1.4108 | grad = 0.1306
step   1140 | loss = -1.3834 | g_L = +1.3834 | EMA = +1.2891 | std(g_L) = 1.2186 | grad = 0.1337
step   1160 | loss = -1.3587 | g_L = +1.3587 | EMA = +1.2866 | std(g_L) = 1.2214 | grad = 0.2691
step   1180 | loss = -1.2475 | g_L = +1.2475 | EMA = +1.2984 | std(g_L) = 1.4773 | grad = 0.2461
step   1200 | loss = -1.3255 | g_L = +1.3255 | EMA = +1.3008 | std(g_L) = 1.1853 | grad = 0.2105
step   1220 | loss = -1.3513 | g_L = +1.3513 | EMA = +1.3174 | std(g_L) = 1.2741 | grad = 0.2438
step   1240 | loss = -1.2331 | g_L = +1.2331 | EMA = +1.3100 | std(g_L) = 1.2476 | grad = 0.3722
step   1260 | loss = -1.3158 | g_L = +1.3158 | EMA = +1.3090 | std(g_L) = 1.2395 | grad = 0.1471
step   1280 | loss = -1.3065 | g_L = +1.3065 | EMA = +1.2966 | std(g_L) = 1.3158 | grad = 0.3206
step   1300 | loss = -1.3059 | g_L = +1.3059 | EMA = +1.2949 | std(g_L) = 1.2039 | grad = 0.1738
step   1320 | loss = -1.3589 | g_L = +1.3589 | EMA = +1.3191 | std(g_L) = 1.3824 | grad = 0.2260
step   1340 | loss = -1.3938 | g_L = +1.3938 | EMA = +1.3042 | std(g_L) = 1.2250 | grad = 0.2937
step   1360 | loss = -1.2875 | g_L = +1.2875 | EMA = +1.3138 | std(g_L) = 1.2591 | grad = 0.2761
step   1380 | loss = -1.4116 | g_L = +1.4116 | EMA = +1.3184 | std(g_L) = 1.1522 | grad = 0.2178
step   1400 | loss = -1.2761 | g_L = +1.2761 | EMA = +1.3093 | std(g_L) = 1.2323 | grad = 0.2319
step   1420 | loss = -1.2685 | g_L = +1.2685 | EMA = +1.3146 | std(g_L) = 1.2724 | grad = 0.1333
step   1440 | loss = -1.3913 | g_L = +1.3913 | EMA = +1.3189 | std(g_L) = 1.2000 | grad = 0.1584
step   1460 | loss = -1.2601 | g_L = +1.2601 | EMA = +1.3118 | std(g_L) = 1.5086 | grad = 0.0999
step   1480 | loss = -1.3126 | g_L = +1.3126 | EMA = +1.3113 | std(g_L) = 1.3553 | grad = 0.0931
step   1500 | loss = -1.3617 | g_L = +1.3617 | EMA = +1.3144 | std(g_L) = 1.3283 | grad = 0.3304
step   1520 | loss = -1.2715 | g_L = +1.2715 | EMA = +1.3028 | std(g_L) = 1.1841 | grad = 0.0446
step   1540 | loss = -1.2250 | g_L = +1.2250 | EMA = +1.2987 | std(g_L) = 1.5079 | grad = 0.1826
step   1560 | loss = -1.3024 | g_L = +1.3024 | EMA = +1.3043 | std(g_L) = 1.5706 | grad = 0.1682
step   1580 | loss = -1.2834 | g_L = +1.2834 | EMA = +1.3162 | std(g_L) = 1.4199 | grad = 0.1089
step   1600 | loss = -1.2205 | g_L = +1.2205 | EMA = +1.3098 | std(g_L) = 1.4418 | grad = 0.3197
step   1620 | loss = -1.3111 | g_L = +1.3111 | EMA = +1.3151 | std(g_L) = 1.3918 | grad = 0.1145
step   1640 | loss = -1.3163 | g_L = +1.3163 | EMA = +1.3107 | std(g_L) = 1.3601 | grad = 0.1729
step   1660 | loss = -1.4131 | g_L = +1.4131 | EMA = +1.3167 | std(g_L) = 1.3333 | grad = 0.0668
step   1680 | loss = -1.3013 | g_L = +1.3013 | EMA = +1.3305 | std(g_L) = 1.2584 | grad = 0.2670
step   1700 | loss = -1.3538 | g_L = +1.3538 | EMA = +1.3251 | std(g_L) = 1.2528 | grad = 0.1462
step   1720 | loss = -1.2591 | g_L = +1.2591 | EMA = +1.3157 | std(g_L) = 1.3884 | grad = 0.1671
step   1740 | loss = -1.3656 | g_L = +1.3656 | EMA = +1.3121 | std(g_L) = 1.3028 | grad = 0.1330
step   1760 | loss = -1.2726 | g_L = +1.2726 | EMA = +1.3243 | std(g_L) = 1.3695 | grad = 0.1273
step   1780 | loss = -1.4081 | g_L = +1.4081 | EMA = +1.3292 | std(g_L) = 1.2176 | grad = 0.2532
step   1800 | loss = -1.4180 | g_L = +1.4180 | EMA = +1.3355 | std(g_L) = 1.2130 | grad = 0.2065
step   1820 | loss = -1.2697 | g_L = +1.2697 | EMA = +1.3254 | std(g_L) = 1.3966 | grad = 0.1677
step   1840 | loss = -1.3380 | g_L = +1.3380 | EMA = +1.3246 | std(g_L) = 1.2388 | grad = 0.1239
step   1860 | loss = -1.3988 | g_L = +1.3988 | EMA = +1.3221 | std(g_L) = 1.2676 | grad = 0.2415
step   1880 | loss = -1.3828 | g_L = +1.3828 | EMA = +1.3256 | std(g_L) = 1.2436 | grad = 0.2953
step   1900 | loss = -1.4011 | g_L = +1.4011 | EMA = +1.3339 | std(g_L) = 1.1383 | grad = 0.2363
step   1920 | loss = -1.3912 | g_L = +1.3912 | EMA = +1.3279 | std(g_L) = 1.4283 | grad = 0.2169
step   1940 | loss = -1.2986 | g_L = +1.2986 | EMA = +1.3228 | std(g_L) = 1.3499 | grad = 0.2282
step   1960 | loss = -1.4163 | g_L = +1.4163 | EMA = +1.3113 | std(g_L) = 1.2332 | grad = 0.2249
step   1980 | loss = -1.3577 | g_L = +1.3577 | EMA = +1.3129 | std(g_L) = 1.3367 | grad = 0.3054
step   2000 | loss = -1.4819 | g_L = +1.4819 | EMA = +1.3324 | std(g_L) = 1.2032 | grad = 0.2257
step   2020 | loss = -1.3604 | g_L = +1.3604 | EMA = +1.3357 | std(g_L) = 1.1939 | grad = 0.1808
step   2040 | loss = -1.4554 | g_L = +1.4554 | EMA = +1.3403 | std(g_L) = 1.2306 | grad = 0.1984
step   2060 | loss = -1.4232 | g_L = +1.4232 | EMA = +1.3450 | std(g_L) = 1.2575 | grad = 0.1434
step   2080 | loss = -1.3441 | g_L = +1.3441 | EMA = +1.3378 | std(g_L) = 1.2119 | grad = 0.2494
step   2100 | loss = -1.4132 | g_L = +1.4132 | EMA = +1.3342 | std(g_L) = 1.2585 | grad = 0.2604
step   2120 | loss = -1.3780 | g_L = +1.3780 | EMA = +1.3356 | std(g_L) = 1.2228 | grad = 0.1295
step   2140 | loss = -1.3360 | g_L = +1.3360 | EMA = +1.3396 | std(g_L) = 1.1729 | grad = 0.2001
step   2160 | loss = -1.3736 | g_L = +1.3736 | EMA = +1.3313 | std(g_L) = 1.2965 | grad = 0.1699
step   2180 | loss = -1.2986 | g_L = +1.2986 | EMA = +1.3393 | std(g_L) = 1.2603 | grad = 0.1135
step   2200 | loss = -1.3974 | g_L = +1.3974 | EMA = +1.3360 | std(g_L) = 1.2964 | grad = 0.0796
step   2220 | loss = -1.2673 | g_L = +1.2673 | EMA = +1.3202 | std(g_L) = 1.4256 | grad = 0.1968
step   2240 | loss = -1.3661 | g_L = +1.3661 | EMA = +1.3250 | std(g_L) = 1.1253 | grad = 0.1372
step   2260 | loss = -1.3645 | g_L = +1.3645 | EMA = +1.3545 | std(g_L) = 1.4115 | grad = 0.1771
step   2280 | loss = -1.2877 | g_L = +1.2877 | EMA = +1.3438 | std(g_L) = 1.3232 | grad = 0.2290
step   2300 | loss = -1.3765 | g_L = +1.3765 | EMA = +1.3538 | std(g_L) = 1.3112 | grad = 0.1112
step   2320 | loss = -1.2364 | g_L = +1.2364 | EMA = +1.3392 | std(g_L) = 1.3258 | grad = 0.2387
step   2340 | loss = -1.4064 | g_L = +1.4064 | EMA = +1.3430 | std(g_L) = 1.1437 | grad = 0.1512
step   2360 | loss = -1.3233 | g_L = +1.3233 | EMA = +1.3396 | std(g_L) = 1.2315 | grad = 0.2857
step   2380 | loss = -1.3156 | g_L = +1.3156 | EMA = +1.3363 | std(g_L) = 1.2274 | grad = 0.3423
step   2400 | loss = -1.3081 | g_L = +1.3081 | EMA = +1.3419 | std(g_L) = 1.4881 | grad = 0.2580
step   2420 | loss = -1.3094 | g_L = +1.3094 | EMA = +1.3443 | std(g_L) = 1.1617 | grad = 0.1097
step   2440 | loss = -1.2791 | g_L = +1.2791 | EMA = +1.3372 | std(g_L) = 1.3136 | grad = 0.1536
step   2460 | loss = -1.3783 | g_L = +1.3783 | EMA = +1.3369 | std(g_L) = 1.3036 | grad = 0.1337
step   2480 | loss = -1.3696 | g_L = +1.3696 | EMA = +1.3530 | std(g_L) = 1.2145 | grad = 0.2148
step   2500 | loss = -1.3120 | g_L = +1.3120 | EMA = +1.3472 | std(g_L) = 1.1753 | grad = 0.1158
step   2520 | loss = -1.2546 | g_L = +1.2546 | EMA = +1.3434 | std(g_L) = 1.2460 | grad = 0.1447
step   2540 | loss = -1.2629 | g_L = +1.2629 | EMA = +1.3374 | std(g_L) = 1.2393 | grad = 0.3006
step   2560 | loss = -1.3763 | g_L = +1.3763 | EMA = +1.3394 | std(g_L) = 1.1634 | grad = 0.1419
step   2580 | loss = -1.4035 | g_L = +1.4035 | EMA = +1.3426 | std(g_L) = 1.2328 | grad = 0.2730
step   2600 | loss = -1.4502 | g_L = +1.4502 | EMA = +1.3501 | std(g_L) = 1.2248 | grad = 0.1987
step   2620 | loss = -1.4025 | g_L = +1.4025 | EMA = +1.3461 | std(g_L) = 1.2796 | grad = 0.1415
step   2640 | loss = -1.2117 | g_L = +1.2117 | EMA = +1.3288 | std(g_L) = 1.1533 | grad = 0.0736
step   2660 | loss = -1.2852 | g_L = +1.2852 | EMA = +1.3226 | std(g_L) = 1.2899 | grad = 0.2064
step   2680 | loss = -1.2445 | g_L = +1.2445 | EMA = +1.3459 | std(g_L) = 1.3225 | grad = 0.1429
step   2700 | loss = -1.4223 | g_L = +1.4223 | EMA = +1.3424 | std(g_L) = 1.1872 | grad = 0.1802
step   2720 | loss = -1.2378 | g_L = +1.2378 | EMA = +1.3508 | std(g_L) = 1.2951 | grad = 0.1678
step   2740 | loss = -1.3209 | g_L = +1.3209 | EMA = +1.3472 | std(g_L) = 1.2774 | grad = 0.1874
step   2760 | loss = -1.2672 | g_L = +1.2672 | EMA = +1.3516 | std(g_L) = 1.2880 | grad = 0.2829
step   2780 | loss = -1.3243 | g_L = +1.3243 | EMA = +1.3475 | std(g_L) = 1.3635 | grad = 0.1285
step   2800 | loss = -1.2463 | g_L = +1.2463 | EMA = +1.3511 | std(g_L) = 1.5138 | grad = 0.1009
step   2820 | loss = -1.3813 | g_L = +1.3813 | EMA = +1.3417 | std(g_L) = 1.2076 | grad = 0.0732
step   2840 | loss = -1.2677 | g_L = +1.2677 | EMA = +1.3479 | std(g_L) = 1.3381 | grad = 0.1583
step   2860 | loss = -1.3870 | g_L = +1.3870 | EMA = +1.3428 | std(g_L) = 1.1829 | grad = 0.2152
step   2880 | loss = -1.2377 | g_L = +1.2377 | EMA = +1.3330 | std(g_L) = 1.4072 | grad = 0.2331
step   2900 | loss = -1.5003 | g_L = +1.5003 | EMA = +1.3561 | std(g_L) = 1.1499 | grad = 0.1729
step   2920 | loss = -1.2572 | g_L = +1.2572 | EMA = +1.3549 | std(g_L) = 1.2023 | grad = 0.1772
step   2940 | loss = -1.3332 | g_L = +1.3332 | EMA = +1.3444 | std(g_L) = 1.3329 | grad = 0.2688
step   2960 | loss = -1.2502 | g_L = +1.2502 | EMA = +1.3398 | std(g_L) = 1.3698 | grad = 0.1387
step   2980 | loss = -1.4031 | g_L = +1.4031 | EMA = +1.3544 | std(g_L) = 1.2228 | grad = 0.1520
step   3000 | loss = -1.3550 | g_L = +1.3550 | EMA = +1.3392 | std(g_L) = 1.2612 | grad = 0.4653
step   3020 | loss = -1.3047 | g_L = +1.3047 | EMA = +1.3580 | std(g_L) = 1.5199 | grad = 0.2651
step   3040 | loss = -1.3225 | g_L = +1.3225 | EMA = +1.3550 | std(g_L) = 1.3422 | grad = 0.1146
step   3060 | loss = -1.3582 | g_L = +1.3582 | EMA = +1.3475 | std(g_L) = 1.4480 | grad = 0.2345
step   3080 | loss = -1.3574 | g_L = +1.3574 | EMA = +1.3431 | std(g_L) = 1.3552 | grad = 0.1408
step   3100 | loss = -1.2756 | g_L = +1.2756 | EMA = +1.3483 | std(g_L) = 1.2951 | grad = 0.1189
step   3120 | loss = -1.2965 | g_L = +1.2965 | EMA = +1.3404 | std(g_L) = 1.5683 | grad = 0.0865
step   3140 | loss = -1.2719 | g_L = +1.2719 | EMA = +1.3411 | std(g_L) = 1.1938 | grad = 0.2307
step   3160 | loss = -1.3492 | g_L = +1.3492 | EMA = +1.3522 | std(g_L) = 1.2964 | grad = 0.4226
step   3180 | loss = -1.4323 | g_L = +1.4323 | EMA = +1.3603 | std(g_L) = 1.4248 | grad = 0.3280
step   3200 | loss = -1.3498 | g_L = +1.3498 | EMA = +1.3575 | std(g_L) = 1.2357 | grad = 0.0941
step   3220 | loss = -1.3658 | g_L = +1.3658 | EMA = +1.3441 | std(g_L) = 1.2397 | grad = 0.2087
step   3240 | loss = -1.3999 | g_L = +1.3999 | EMA = +1.3496 | std(g_L) = 1.2376 | grad = 0.0968
step   3260 | loss = -1.3839 | g_L = +1.3839 | EMA = +1.3495 | std(g_L) = 1.2364 | grad = 0.1524
step   3280 | loss = -1.3342 | g_L = +1.3342 | EMA = +1.3432 | std(g_L) = 1.1784 | grad = 0.1024
step   3300 | loss = -1.3641 | g_L = +1.3641 | EMA = +1.3491 | std(g_L) = 1.2561 | grad = 0.2128
step   3320 | loss = -1.2890 | g_L = +1.2890 | EMA = +1.3528 | std(g_L) = 1.3602 | grad = 0.1808
step   3340 | loss = -1.2613 | g_L = +1.2613 | EMA = +1.3445 | std(g_L) = 1.2716 | grad = 0.2575
step   3360 | loss = -1.3119 | g_L = +1.3119 | EMA = +1.3474 | std(g_L) = 1.3095 | grad = 0.1703
step   3380 | loss = -1.3890 | g_L = +1.3890 | EMA = +1.3495 | std(g_L) = 1.1934 | grad = 0.1960
step   3400 | loss = -1.3426 | g_L = +1.3426 | EMA = +1.3487 | std(g_L) = 1.1897 | grad = 0.1249
step   3420 | loss = -1.4010 | g_L = +1.4010 | EMA = +1.3488 | std(g_L) = 1.1410 | grad = 0.1294
step   3440 | loss = -1.2798 | g_L = +1.2798 | EMA = +1.3472 | std(g_L) = 1.2805 | grad = 0.1288
step   3460 | loss = -1.3928 | g_L = +1.3928 | EMA = +1.3505 | std(g_L) = 1.1948 | grad = 0.1826
step   3480 | loss = -1.3598 | g_L = +1.3598 | EMA = +1.3593 | std(g_L) = 1.2658 | grad = 0.2045
step   3500 | loss = -1.3328 | g_L = +1.3328 | EMA = +1.3614 | std(g_L) = 1.2790 | grad = 0.0957
step   3520 | loss = -1.4085 | g_L = +1.4085 | EMA = +1.3596 | std(g_L) = 1.2810 | grad = 0.2104
step   3540 | loss = -1.4021 | g_L = +1.4021 | EMA = +1.3499 | std(g_L) = 1.4728 | grad = 0.2290
step   3560 | loss = -1.3759 | g_L = +1.3759 | EMA = +1.3606 | std(g_L) = 1.2470 | grad = 0.2137
step   3580 | loss = -1.4312 | g_L = +1.4312 | EMA = +1.3526 | std(g_L) = 1.2348 | grad = 0.1253
step   3600 | loss = -1.3676 | g_L = +1.3676 | EMA = +1.3759 | std(g_L) = 1.1865 | grad = 0.2477
step   3620 | loss = -1.2889 | g_L = +1.2889 | EMA = +1.3468 | std(g_L) = 1.3068 | grad = 0.1038
step   3640 | loss = -1.4707 | g_L = +1.4707 | EMA = +1.3399 | std(g_L) = 1.2513 | grad = 0.1239
step   3660 | loss = -1.4211 | g_L = +1.4211 | EMA = +1.3461 | std(g_L) = 1.2301 | grad = 0.1763
step   3680 | loss = -1.3401 | g_L = +1.3401 | EMA = +1.3426 | std(g_L) = 1.2823 | grad = 0.2234
step   3700 | loss = -1.3567 | g_L = +1.3567 | EMA = +1.3587 | std(g_L) = 1.2484 | grad = 0.2005
step   3720 | loss = -1.3891 | g_L = +1.3891 | EMA = +1.3490 | std(g_L) = 1.2472 | grad = 0.2697
step   3740 | loss = -1.3649 | g_L = +1.3649 | EMA = +1.3626 | std(g_L) = 1.3110 | grad = 0.2182
step   3760 | loss = -1.3252 | g_L = +1.3252 | EMA = +1.3472 | std(g_L) = 1.2911 | grad = 0.2337
step   3780 | loss = -1.3431 | g_L = +1.3431 | EMA = +1.3494 | std(g_L) = 1.3210 | grad = 0.1398
step   3800 | loss = -1.4610 | g_L = +1.4610 | EMA = +1.3544 | std(g_L) = 1.1665 | grad = 0.1441
step   3820 | loss = -1.2986 | g_L = +1.2986 | EMA = +1.3615 | std(g_L) = 1.1031 | grad = 0.1546
step   3840 | loss = -1.3507 | g_L = +1.3507 | EMA = +1.3395 | std(g_L) = 1.2275 | grad = 0.1841
step   3860 | loss = -1.3431 | g_L = +1.3431 | EMA = +1.3520 | std(g_L) = 1.2045 | grad = 0.1539
step   3880 | loss = -1.3715 | g_L = +1.3715 | EMA = +1.3492 | std(g_L) = 1.2937 | grad = 0.1431
step   3900 | loss = -1.3715 | g_L = +1.3715 | EMA = +1.3508 | std(g_L) = 1.2582 | grad = 0.0816
step   3920 | loss = -1.4413 | g_L = +1.4413 | EMA = +1.3593 | std(g_L) = 1.3068 | grad = 0.1352
step   3940 | loss = -1.4264 | g_L = +1.4264 | EMA = +1.3571 | std(g_L) = 1.2822 | grad = 0.2577
step   3960 | loss = -1.3531 | g_L = +1.3531 | EMA = +1.3483 | std(g_L) = 1.3266 | grad = 0.2033
step   3980 | loss = -1.3900 | g_L = +1.3900 | EMA = +1.3552 | std(g_L) = 1.1952 | grad = 0.1282
step   4000 | loss = -1.3251 | g_L = +1.3251 | EMA = +1.3517 | std(g_L) = 1.3366 | grad = 0.1214
step   4020 | loss = -1.3991 | g_L = +1.3991 | EMA = +1.3526 | std(g_L) = 1.2136 | grad = 0.2983
step   4040 | loss = -1.3449 | g_L = +1.3449 | EMA = +1.3597 | std(g_L) = 1.2944 | grad = 0.2133
step   4060 | loss = -1.3361 | g_L = +1.3361 | EMA = +1.3590 | std(g_L) = 1.1977 | grad = 0.1877
step   4080 | loss = -1.2740 | g_L = +1.2740 | EMA = +1.3513 | std(g_L) = 1.2893 | grad = 0.1645
step   4100 | loss = -1.4264 | g_L = +1.4264 | EMA = +1.3493 | std(g_L) = 1.3212 | grad = 0.1777
step   4120 | loss = -1.3131 | g_L = +1.3131 | EMA = +1.3414 | std(g_L) = 1.3680 | grad = 0.1703
step   4140 | loss = -1.3949 | g_L = +1.3949 | EMA = +1.3458 | std(g_L) = 1.2704 | grad = 0.1103
step   4160 | loss = -1.4080 | g_L = +1.4080 | EMA = +1.3593 | std(g_L) = 1.1963 | grad = 0.2841
step   4180 | loss = -1.3609 | g_L = +1.3609 | EMA = +1.3521 | std(g_L) = 1.2008 | grad = 0.3522
step   4200 | loss = -1.4402 | g_L = +1.4402 | EMA = +1.3801 | std(g_L) = 1.2974 | grad = 0.1289
step   4220 | loss = -1.3491 | g_L = +1.3491 | EMA = +1.3620 | std(g_L) = 1.1494 | grad = 0.1839
step   4240 | loss = -1.3915 | g_L = +1.3915 | EMA = +1.3676 | std(g_L) = 1.2560 | grad = 0.1209
step   4260 | loss = -1.3872 | g_L = +1.3872 | EMA = +1.3759 | std(g_L) = 1.4242 | grad = 0.1680
step   4280 | loss = -1.2164 | g_L = +1.2164 | EMA = +1.3574 | std(g_L) = 1.2511 | grad = 0.1937
step   4300 | loss = -1.4148 | g_L = +1.4148 | EMA = +1.3400 | std(g_L) = 1.3657 | grad = 0.1369
step   4320 | loss = -1.4104 | g_L = +1.4104 | EMA = +1.3661 | std(g_L) = 1.2346 | grad = 0.2144
step   4340 | loss = -1.3915 | g_L = +1.3915 | EMA = +1.3695 | std(g_L) = 1.2070 | grad = 0.2038
step   4360 | loss = -1.4163 | g_L = +1.4163 | EMA = +1.3747 | std(g_L) = 1.1788 | grad = 0.1370
step   4380 | loss = -1.4170 | g_L = +1.4170 | EMA = +1.3683 | std(g_L) = 1.2841 | grad = 0.1769
step   4400 | loss = -1.3409 | g_L = +1.3409 | EMA = +1.3749 | std(g_L) = 1.3210 | grad = 0.1829
step   4420 | loss = -1.4237 | g_L = +1.4237 | EMA = +1.3664 | std(g_L) = 1.1825 | grad = 0.1171
step   4440 | loss = -1.4597 | g_L = +1.4597 | EMA = +1.3786 | std(g_L) = 1.1977 | grad = 0.0937
step   4460 | loss = -1.4249 | g_L = +1.4249 | EMA = +1.3674 | std(g_L) = 1.3727 | grad = 0.3043
step   4480 | loss = -1.4144 | g_L = +1.4144 | EMA = +1.3633 | std(g_L) = 1.2067 | grad = 0.1495
step   4500 | loss = -1.3842 | g_L = +1.3842 | EMA = +1.3636 | std(g_L) = 1.2116 | grad = 0.2803
step   4520 | loss = -1.3567 | g_L = +1.3567 | EMA = +1.3590 | std(g_L) = 1.2313 | grad = 0.1787
step   4540 | loss = -1.3533 | g_L = +1.3533 | EMA = +1.3621 | std(g_L) = 1.2299 | grad = 0.1690
step   4560 | loss = -1.4151 | g_L = +1.4151 | EMA = +1.3508 | std(g_L) = 1.2395 | grad = 0.1816
step   4580 | loss = -1.3420 | g_L = +1.3420 | EMA = +1.3592 | std(g_L) = 1.3084 | grad = 0.1792
step   4600 | loss = -1.4095 | g_L = +1.4095 | EMA = +1.3697 | std(g_L) = 1.3551 | grad = 0.2233
step   4620 | loss = -1.4182 | g_L = +1.4182 | EMA = +1.3741 | std(g_L) = 1.2179 | grad = 0.1099
step   4640 | loss = -1.4290 | g_L = +1.4290 | EMA = +1.3665 | std(g_L) = 1.2781 | grad = 0.1097
step   4660 | loss = -1.3601 | g_L = +1.3601 | EMA = +1.3649 | std(g_L) = 1.3071 | grad = 0.1982
step   4680 | loss = -1.4019 | g_L = +1.4019 | EMA = +1.3448 | std(g_L) = 1.3246 | grad = 0.2450
step   4700 | loss = -1.2917 | g_L = +1.2917 | EMA = +1.3561 | std(g_L) = 1.1783 | grad = 0.1404
step   4720 | loss = -1.3257 | g_L = +1.3257 | EMA = +1.3524 | std(g_L) = 1.3993 | grad = 0.1213
step   4740 | loss = -1.3798 | g_L = +1.3798 | EMA = +1.3426 | std(g_L) = 1.4194 | grad = 0.2036
step   4760 | loss = -1.2701 | g_L = +1.2701 | EMA = +1.3490 | std(g_L) = 1.4194 | grad = 0.2240
step   4780 | loss = -1.3730 | g_L = +1.3730 | EMA = +1.3591 | std(g_L) = 1.2203 | grad = 0.0982
step   4800 | loss = -1.4010 | g_L = +1.4010 | EMA = +1.3616 | std(g_L) = 1.1933 | grad = 0.1048
step   4820 | loss = -1.4362 | g_L = +1.4362 | EMA = +1.3784 | std(g_L) = 1.1920 | grad = 0.1081
step   4840 | loss = -1.4674 | g_L = +1.4674 | EMA = +1.3752 | std(g_L) = 1.2821 | grad = 0.1257
step   4860 | loss = -1.4199 | g_L = +1.4199 | EMA = +1.3666 | std(g_L) = 1.1921 | grad = 0.2178
step   4880 | loss = -1.4596 | g_L = +1.4596 | EMA = +1.3502 | std(g_L) = 1.2165 | grad = 0.1427
step   4900 | loss = -1.3833 | g_L = +1.3833 | EMA = +1.3589 | std(g_L) = 1.1866 | grad = 0.2736
step   4920 | loss = -1.3809 | g_L = +1.3809 | EMA = +1.3591 | std(g_L) = 1.3001 | grad = 0.1290
step   4940 | loss = -1.3173 | g_L = +1.3173 | EMA = +1.3553 | std(g_L) = 1.2242 | grad = 0.1462
step   4960 | loss = -1.3469 | g_L = +1.3469 | EMA = +1.3492 | std(g_L) = 1.4139 | grad = 0.2418
step   4980 | loss = -1.3408 | g_L = +1.3408 | EMA = +1.3548 | std(g_L) = 1.2898 | grad = 0.1328
step   5000 | loss = -1.2972 | g_L = +1.2972 | EMA = +1.3580 | std(g_L) = 1.1433 | grad = 0.1262
step   5020 | loss = -1.3870 | g_L = +1.3870 | EMA = +1.3585 | std(g_L) = 1.2850 | grad = 0.1757
step   5040 | loss = -1.4033 | g_L = +1.4033 | EMA = +1.3648 | std(g_L) = 1.1614 | grad = 0.1551
step   5060 | loss = -1.3043 | g_L = +1.3043 | EMA = +1.3613 | std(g_L) = 1.4571 | grad = 0.2657
step   5080 | loss = -1.3487 | g_L = +1.3487 | EMA = +1.3684 | std(g_L) = 1.2181 | grad = 0.1508
step   5100 | loss = -1.4053 | g_L = +1.4053 | EMA = +1.3744 | std(g_L) = 1.3966 | grad = 0.1042
step   5120 | loss = -1.3539 | g_L = +1.3539 | EMA = +1.3593 | std(g_L) = 1.2631 | grad = 0.1242
step   5140 | loss = -1.4568 | g_L = +1.4568 | EMA = +1.3666 | std(g_L) = 1.3345 | grad = 0.1329
step   5160 | loss = -1.4600 | g_L = +1.4600 | EMA = +1.3708 | std(g_L) = 1.3091 | grad = 0.2179
step   5180 | loss = -1.2758 | g_L = +1.2758 | EMA = +1.3511 | std(g_L) = 1.4569 | grad = 0.1571
step   5200 | loss = -1.3455 | g_L = +1.3455 | EMA = +1.3583 | std(g_L) = 1.3451 | grad = 0.2006
step   5220 | loss = -1.3502 | g_L = +1.3502 | EMA = +1.3522 | std(g_L) = 1.3502 | grad = 0.1113
step   5240 | loss = -1.3232 | g_L = +1.3232 | EMA = +1.3643 | std(g_L) = 1.4594 | grad = 0.1504
step   5260 | loss = -1.3996 | g_L = +1.3996 | EMA = +1.3545 | std(g_L) = 1.1321 | grad = 0.0961
step   5280 | loss = -1.3307 | g_L = +1.3307 | EMA = +1.3582 | std(g_L) = 1.3836 | grad = 0.1312
step   5300 | loss = -1.3466 | g_L = +1.3466 | EMA = +1.3654 | std(g_L) = 1.1519 | grad = 0.1698
step   5320 | loss = -1.4321 | g_L = +1.4321 | EMA = +1.3642 | std(g_L) = 1.2479 | grad = 0.1525
step   5340 | loss = -1.3735 | g_L = +1.3735 | EMA = +1.3542 | std(g_L) = 1.2876 | grad = 0.1556
step   5360 | loss = -1.3200 | g_L = +1.3200 | EMA = +1.3635 | std(g_L) = 1.6270 | grad = 0.1533
step   5380 | loss = -1.4676 | g_L = +1.4676 | EMA = +1.3707 | std(g_L) = 1.2043 | grad = 0.1053
step   5400 | loss = -1.3782 | g_L = +1.3782 | EMA = +1.3600 | std(g_L) = 1.2802 | grad = 0.1646
step   5420 | loss = -1.3059 | g_L = +1.3059 | EMA = +1.3621 | std(g_L) = 1.2205 | grad = 0.1385
step   5440 | loss = -1.2888 | g_L = +1.2888 | EMA = +1.3417 | std(g_L) = 1.3785 | grad = 0.2234
step   5460 | loss = -1.3637 | g_L = +1.3637 | EMA = +1.3554 | std(g_L) = 1.1766 | grad = 0.2630
step   5480 | loss = -1.3208 | g_L = +1.3208 | EMA = +1.3731 | std(g_L) = 1.3437 | grad = 0.1827
step   5500 | loss = -1.3602 | g_L = +1.3602 | EMA = +1.3448 | std(g_L) = 1.1734 | grad = 0.1984
step   5520 | loss = -1.4354 | g_L = +1.4354 | EMA = +1.3587 | std(g_L) = 1.4116 | grad = 0.1590
step   5540 | loss = -1.3441 | g_L = +1.3441 | EMA = +1.3587 | std(g_L) = 1.3697 | grad = 0.1728
step   5560 | loss = -1.3368 | g_L = +1.3368 | EMA = +1.3673 | std(g_L) = 1.3522 | grad = 0.2070
step   5580 | loss = -1.4535 | g_L = +1.4535 | EMA = +1.3713 | std(g_L) = 1.1840 | grad = 0.1130
step   5600 | loss = -1.4171 | g_L = +1.4171 | EMA = +1.3509 | std(g_L) = 1.3101 | grad = 0.1517
step   5620 | loss = -1.3669 | g_L = +1.3669 | EMA = +1.3432 | std(g_L) = 1.2416 | grad = 0.1983
step   5640 | loss = -1.3450 | g_L = +1.3450 | EMA = +1.3567 | std(g_L) = 1.3535 | grad = 0.2357
step   5660 | loss = -1.3348 | g_L = +1.3348 | EMA = +1.3554 | std(g_L) = 1.3780 | grad = 0.1240
step   5680 | loss = -1.2877 | g_L = +1.2877 | EMA = +1.3517 | std(g_L) = 1.2965 | grad = 0.1307
step   5700 | loss = -1.4422 | g_L = +1.4422 | EMA = +1.3679 | std(g_L) = 1.3477 | grad = 0.2160
step   5720 | loss = -1.4561 | g_L = +1.4561 | EMA = +1.3742 | std(g_L) = 1.1145 | grad = 0.1637
step   5740 | loss = -1.3721 | g_L = +1.3721 | EMA = +1.3648 | std(g_L) = 1.4326 | grad = 0.1735
step   5760 | loss = -1.3801 | g_L = +1.3801 | EMA = +1.3754 | std(g_L) = 1.3742 | grad = 0.1476
step   5780 | loss = -1.3630 | g_L = +1.3630 | EMA = +1.3804 | std(g_L) = 1.2080 | grad = 0.1846
step   5800 | loss = -1.4266 | g_L = +1.4266 | EMA = +1.3746 | std(g_L) = 1.1780 | grad = 0.2105
step   5820 | loss = -1.3580 | g_L = +1.3580 | EMA = +1.3660 | std(g_L) = 1.2241 | grad = 0.2951
step   5840 | loss = -1.3151 | g_L = +1.3151 | EMA = +1.3669 | std(g_L) = 1.4380 | grad = 0.1620
step   5860 | loss = -1.4322 | g_L = +1.4322 | EMA = +1.3597 | std(g_L) = 1.2812 | grad = 0.1324
step   5880 | loss = -1.3822 | g_L = +1.3822 | EMA = +1.3647 | std(g_L) = 1.2522 | grad = 0.1238
step   5900 | loss = -1.2538 | g_L = +1.2538 | EMA = +1.3515 | std(g_L) = 1.3847 | grad = 0.2063
step   5920 | loss = -1.4144 | g_L = +1.4144 | EMA = +1.3613 | std(g_L) = 1.3426 | grad = 0.1252
step   5940 | loss = -1.2514 | g_L = +1.2514 | EMA = +1.3526 | std(g_L) = 1.5077 | grad = 0.5338
step   5960 | loss = -1.4879 | g_L = +1.4879 | EMA = +1.3587 | std(g_L) = 1.4040 | grad = 0.2306
step   5980 | loss = -1.2816 | g_L = +1.2816 | EMA = +1.3771 | std(g_L) = 1.3807 | grad = 0.1171
step   6000 | loss = -1.3699 | g_L = +1.3699 | EMA = +1.3683 | std(g_L) = 1.3744 | grad = 0.1615
step   6020 | loss = -1.3730 | g_L = +1.3730 | EMA = +1.3617 | std(g_L) = 1.2683 | grad = 0.1843
step   6040 | loss = -1.4438 | g_L = +1.4438 | EMA = +1.3750 | std(g_L) = 1.3078 | grad = 0.1519
step   6060 | loss = -1.3734 | g_L = +1.3734 | EMA = +1.3631 | std(g_L) = 1.2220 | grad = 0.2021
step   6080 | loss = -1.4466 | g_L = +1.4466 | EMA = +1.3761 | std(g_L) = 1.2821 | grad = 0.2258
step   6100 | loss = -1.2577 | g_L = +1.2577 | EMA = +1.3611 | std(g_L) = 1.3702 | grad = 0.0964
step   6120 | loss = -1.2693 | g_L = +1.2693 | EMA = +1.3583 | std(g_L) = 1.2449 | grad = 0.1904
step   6140 | loss = -1.4822 | g_L = +1.4822 | EMA = +1.3803 | std(g_L) = 1.2568 | grad = 0.1537
step   6160 | loss = -1.4781 | g_L = +1.4781 | EMA = +1.3775 | std(g_L) = 1.2750 | grad = 0.2095
step   6180 | loss = -1.4639 | g_L = +1.4639 | EMA = +1.3673 | std(g_L) = 1.1594 | grad = 0.2226
step   6200 | loss = -1.3967 | g_L = +1.3967 | EMA = +1.3561 | std(g_L) = 1.2417 | grad = 0.1914
step   6220 | loss = -1.3176 | g_L = +1.3176 | EMA = +1.3539 | std(g_L) = 1.5473 | grad = 0.1011
step   6240 | loss = -1.2991 | g_L = +1.2991 | EMA = +1.3621 | std(g_L) = 1.4386 | grad = 0.2656
step   6260 | loss = -1.4270 | g_L = +1.4270 | EMA = +1.3660 | std(g_L) = 1.2277 | grad = 0.1564
step   6280 | loss = -1.3796 | g_L = +1.3796 | EMA = +1.3708 | std(g_L) = 1.2228 | grad = 0.0971
step   6300 | loss = -1.3712 | g_L = +1.3712 | EMA = +1.3590 | std(g_L) = 1.2134 | grad = 0.1630
step   6320 | loss = -1.3577 | g_L = +1.3577 | EMA = +1.3618 | std(g_L) = 1.2737 | grad = 0.1737
step   6340 | loss = -1.3887 | g_L = +1.3887 | EMA = +1.3629 | std(g_L) = 1.3049 | grad = 0.2264
step   6360 | loss = -1.3922 | g_L = +1.3922 | EMA = +1.3771 | std(g_L) = 1.1226 | grad = 0.2273
step   6380 | loss = -1.3806 | g_L = +1.3806 | EMA = +1.3690 | std(g_L) = 1.2593 | grad = 0.2608
step   6400 | loss = -1.3203 | g_L = +1.3203 | EMA = +1.3575 | std(g_L) = 1.3841 | grad = 0.1629
step   6420 | loss = -1.2773 | g_L = +1.2773 | EMA = +1.3665 | std(g_L) = 1.3912 | grad = 0.1522
step   6440 | loss = -1.3689 | g_L = +1.3689 | EMA = +1.3687 | std(g_L) = 1.2993 | grad = 0.2899
step   6460 | loss = -1.2851 | g_L = +1.2851 | EMA = +1.3597 | std(g_L) = 1.3688 | grad = 0.1332
step   6480 | loss = -1.4143 | g_L = +1.4143 | EMA = +1.3634 | std(g_L) = 1.2409 | grad = 0.1171
step   6500 | loss = -1.3229 | g_L = +1.3229 | EMA = +1.3644 | std(g_L) = 1.3761 | grad = 0.1137
step   6520 | loss = -1.3508 | g_L = +1.3508 | EMA = +1.3698 | std(g_L) = 1.3835 | grad = 0.2033
step   6540 | loss = -1.3561 | g_L = +1.3561 | EMA = +1.3719 | std(g_L) = 1.3129 | grad = 0.2520
step   6560 | loss = -1.3396 | g_L = +1.3396 | EMA = +1.3779 | std(g_L) = 1.5462 | grad = 0.1712
step   6580 | loss = -1.4311 | g_L = +1.4311 | EMA = +1.3764 | std(g_L) = 1.2624 | grad = 0.1512
step   6600 | loss = -1.3032 | g_L = +1.3032 | EMA = +1.3795 | std(g_L) = 1.3389 | grad = 0.1577
step   6620 | loss = -1.4287 | g_L = +1.4287 | EMA = +1.3629 | std(g_L) = 1.1869 | grad = 0.1508
step   6640 | loss = -1.4257 | g_L = +1.4257 | EMA = +1.3695 | std(g_L) = 1.3208 | grad = 0.1079
step   6660 | loss = -1.3682 | g_L = +1.3682 | EMA = +1.3747 | std(g_L) = 1.2620 | grad = 0.1909
step   6680 | loss = -1.3394 | g_L = +1.3394 | EMA = +1.3712 | std(g_L) = 1.1693 | grad = 0.0902
step   6700 | loss = -1.3971 | g_L = +1.3971 | EMA = +1.3792 | std(g_L) = 1.2626 | grad = 0.2240
step   6720 | loss = -1.4431 | g_L = +1.4431 | EMA = +1.3695 | std(g_L) = 1.2229 | grad = 0.3258
step   6740 | loss = -1.4385 | g_L = +1.4385 | EMA = +1.3744 | std(g_L) = 1.2500 | grad = 0.1614
step   6760 | loss = -1.4475 | g_L = +1.4475 | EMA = +1.3767 | std(g_L) = 1.1552 | grad = 0.3251
step   6780 | loss = -1.2852 | g_L = +1.2852 | EMA = +1.3797 | std(g_L) = 1.4262 | grad = 0.1755
step   6800 | loss = -1.3399 | g_L = +1.3399 | EMA = +1.3659 | std(g_L) = 1.3602 | grad = 0.3014
step   6820 | loss = -1.4195 | g_L = +1.4195 | EMA = +1.3602 | std(g_L) = 1.1662 | grad = 0.1909
step   6840 | loss = -1.3874 | g_L = +1.3874 | EMA = +1.3626 | std(g_L) = 1.2884 | grad = 0.1584
step   6860 | loss = -1.4147 | g_L = +1.4147 | EMA = +1.3763 | std(g_L) = 1.2518 | grad = 0.0861
step   6880 | loss = -1.3338 | g_L = +1.3338 | EMA = +1.3697 | std(g_L) = 1.2231 | grad = 0.2349
step   6900 | loss = -1.4071 | g_L = +1.4071 | EMA = +1.3762 | std(g_L) = 1.1497 | grad = 0.0945
step   6920 | loss = -1.3134 | g_L = +1.3134 | EMA = +1.3619 | std(g_L) = 1.2729 | grad = 0.0613
step   6940 | loss = -1.4279 | g_L = +1.4279 | EMA = +1.3723 | std(g_L) = 1.1180 | grad = 0.1880
step   6960 | loss = -1.4073 | g_L = +1.4073 | EMA = +1.3766 | std(g_L) = 1.2827 | grad = 0.2012
step   6980 | loss = -1.3140 | g_L = +1.3140 | EMA = +1.3809 | std(g_L) = 1.1660 | grad = 0.1681
step   7000 | loss = -1.3059 | g_L = +1.3059 | EMA = +1.3727 | std(g_L) = 1.3118 | grad = 0.1279
step   7020 | loss = -1.4479 | g_L = +1.4479 | EMA = +1.3806 | std(g_L) = 1.2067 | grad = 0.2114
step   7040 | loss = -1.4657 | g_L = +1.4657 | EMA = +1.3940 | std(g_L) = 1.1593 | grad = 0.1758
step   7060 | loss = -1.3710 | g_L = +1.3710 | EMA = +1.3951 | std(g_L) = 1.2286 | grad = 0.2582
step   7080 | loss = -1.3116 | g_L = +1.3116 | EMA = +1.3838 | std(g_L) = 1.3095 | grad = 0.2732
step   7100 | loss = -1.4384 | g_L = +1.4384 | EMA = +1.3831 | std(g_L) = 1.3552 | grad = 0.1758
step   7120 | loss = -1.3021 | g_L = +1.3021 | EMA = +1.3949 | std(g_L) = 1.1955 | grad = 0.1226
step   7140 | loss = -1.4202 | g_L = +1.4202 | EMA = +1.3830 | std(g_L) = 1.1910 | grad = 0.0887
step   7160 | loss = -1.4126 | g_L = +1.4126 | EMA = +1.3880 | std(g_L) = 1.2124 | grad = 0.1868
step   7180 | loss = -1.3344 | g_L = +1.3344 | EMA = +1.3853 | std(g_L) = 1.3470 | grad = 0.1406
step   7200 | loss = -1.3806 | g_L = +1.3806 | EMA = +1.3856 | std(g_L) = 1.2350 | grad = 0.1953
step   7220 | loss = -1.3911 | g_L = +1.3911 | EMA = +1.3784 | std(g_L) = 1.3453 | grad = 0.1686
step   7240 | loss = -1.3217 | g_L = +1.3217 | EMA = +1.3788 | std(g_L) = 1.1345 | grad = 0.2880
step   7260 | loss = -1.3967 | g_L = +1.3967 | EMA = +1.3872 | std(g_L) = 1.2865 | grad = 0.2705
step   7280 | loss = -1.4267 | g_L = +1.4267 | EMA = +1.3848 | std(g_L) = 1.2974 | grad = 0.1351
step   7300 | loss = -1.4019 | g_L = +1.4019 | EMA = +1.3851 | std(g_L) = 1.2423 | grad = 0.2078
step   7320 | loss = -1.2934 | g_L = +1.2934 | EMA = +1.3621 | std(g_L) = 1.3599 | grad = 0.1475
step   7340 | loss = -1.3281 | g_L = +1.3281 | EMA = +1.3638 | std(g_L) = 1.3704 | grad = 0.1058
step   7360 | loss = -1.4715 | g_L = +1.4715 | EMA = +1.3859 | std(g_L) = 1.2412 | grad = 0.0944
step   7380 | loss = -1.3467 | g_L = +1.3467 | EMA = +1.3845 | std(g_L) = 1.2900 | grad = 0.1677
step   7400 | loss = -1.3277 | g_L = +1.3277 | EMA = +1.3662 | std(g_L) = 1.4640 | grad = 0.1109
step   7420 | loss = -1.4379 | g_L = +1.4379 | EMA = +1.3748 | std(g_L) = 1.1721 | grad = 0.1602
step   7440 | loss = -1.2860 | g_L = +1.2860 | EMA = +1.3788 | std(g_L) = 1.4960 | grad = 0.1034
step   7460 | loss = -1.2520 | g_L = +1.2520 | EMA = +1.3686 | std(g_L) = 1.3942 | grad = 0.2450
step   7480 | loss = -1.4148 | g_L = +1.4148 | EMA = +1.3860 | std(g_L) = 1.2469 | grad = 0.3739
step   7500 | loss = -1.3208 | g_L = +1.3208 | EMA = +1.3675 | std(g_L) = 1.2482 | grad = 0.1733
step   7520 | loss = -1.4572 | g_L = +1.4572 | EMA = +1.3923 | std(g_L) = 1.2526 | grad = 0.1419
step   7540 | loss = -1.2945 | g_L = +1.2945 | EMA = +1.3628 | std(g_L) = 1.3877 | grad = 0.1597
step   7560 | loss = -1.3437 | g_L = +1.3437 | EMA = +1.3690 | std(g_L) = 1.2653 | grad = 0.1683
step   7580 | loss = -1.3909 | g_L = +1.3909 | EMA = +1.3775 | std(g_L) = 1.2304 | grad = 0.1367
step   7600 | loss = -1.3632 | g_L = +1.3632 | EMA = +1.3850 | std(g_L) = 1.2543 | grad = 0.2424
step   7620 | loss = -1.4511 | g_L = +1.4511 | EMA = +1.3898 | std(g_L) = 1.2002 | grad = 0.2782
step   7640 | loss = -1.4221 | g_L = +1.4221 | EMA = +1.3869 | std(g_L) = 1.2405 | grad = 0.0720
step   7660 | loss = -1.4474 | g_L = +1.4474 | EMA = +1.3854 | std(g_L) = 1.2514 | grad = 0.2002
step   7680 | loss = -1.3262 | g_L = +1.3262 | EMA = +1.3737 | std(g_L) = 1.2029 | grad = 0.2686
step   7700 | loss = -1.3979 | g_L = +1.3979 | EMA = +1.3818 | std(g_L) = 1.1911 | grad = 0.1417
step   7720 | loss = -1.4852 | g_L = +1.4852 | EMA = +1.3866 | std(g_L) = 1.1826 | grad = 0.0978
step   7740 | loss = -1.3778 | g_L = +1.3778 | EMA = +1.3917 | std(g_L) = 1.2506 | grad = 0.2228
step   7760 | loss = -1.3790 | g_L = +1.3790 | EMA = +1.3736 | std(g_L) = 1.2673 | grad = 0.1086
step   7780 | loss = -1.3732 | g_L = +1.3732 | EMA = +1.3801 | std(g_L) = 1.2291 | grad = 0.1110
step   7800 | loss = -1.3368 | g_L = +1.3368 | EMA = +1.3639 | std(g_L) = 1.2972 | grad = 0.1820
step   7820 | loss = -1.3934 | g_L = +1.3934 | EMA = +1.3805 | std(g_L) = 1.3356 | grad = 0.1922
step   7840 | loss = -1.3669 | g_L = +1.3669 | EMA = +1.3696 | std(g_L) = 1.1977 | grad = 0.3032
step   7860 | loss = -1.3772 | g_L = +1.3772 | EMA = +1.3829 | std(g_L) = 1.1641 | grad = 0.2290
step   7880 | loss = -1.3781 | g_L = +1.3781 | EMA = +1.3738 | std(g_L) = 1.3149 | grad = 0.3463
step   7900 | loss = -1.4293 | g_L = +1.4293 | EMA = +1.3921 | std(g_L) = 1.2080 | grad = 0.2354
step   7920 | loss = -1.4780 | g_L = +1.4780 | EMA = +1.3790 | std(g_L) = 1.1513 | grad = 0.2137
step   7940 | loss = -1.3331 | g_L = +1.3331 | EMA = +1.3805 | std(g_L) = 1.3172 | grad = 0.1461
step   7960 | loss = -1.4145 | g_L = +1.4145 | EMA = +1.3835 | std(g_L) = 1.1972 | grad = 0.1555
step   7980 | loss = -1.3699 | g_L = +1.3699 | EMA = +1.3818 | std(g_L) = 1.2432 | grad = 0.2065
step   8000 | loss = -1.4087 | g_L = +1.4087 | EMA = +1.3731 | std(g_L) = 1.1943 | grad = 0.1257
step   8020 | loss = -1.4943 | g_L = +1.4943 | EMA = +1.3797 | std(g_L) = 1.1252 | grad = 0.0850
step   8040 | loss = -1.4627 | g_L = +1.4627 | EMA = +1.3853 | std(g_L) = 1.3099 | grad = 0.2645
step   8060 | loss = -1.3480 | g_L = +1.3480 | EMA = +1.3853 | std(g_L) = 1.4597 | grad = 0.0955
step   8080 | loss = -1.3322 | g_L = +1.3322 | EMA = +1.3781 | std(g_L) = 1.2040 | grad = 0.2139
step   8100 | loss = -1.2893 | g_L = +1.2893 | EMA = +1.3877 | std(g_L) = 1.4232 | grad = 0.1509
step   8120 | loss = -1.2740 | g_L = +1.2740 | EMA = +1.3747 | std(g_L) = 1.3291 | grad = 0.2172
step   8140 | loss = -1.4634 | g_L = +1.4634 | EMA = +1.3916 | std(g_L) = 1.3297 | grad = 0.2836
step   8160 | loss = -1.4257 | g_L = +1.4257 | EMA = +1.3875 | std(g_L) = 1.0988 | grad = 0.1398
step   8180 | loss = -1.3311 | g_L = +1.3311 | EMA = +1.3977 | std(g_L) = 1.2492 | grad = 0.2069
step   8200 | loss = -1.3315 | g_L = +1.3315 | EMA = +1.3914 | std(g_L) = 1.2062 | grad = 0.1562
step   8220 | loss = -1.4020 | g_L = +1.4020 | EMA = +1.3852 | std(g_L) = 1.2218 | grad = 0.2064
step   8240 | loss = -1.4808 | g_L = +1.4808 | EMA = +1.3902 | std(g_L) = 1.1285 | grad = 0.1230
step   8260 | loss = -1.5016 | g_L = +1.5016 | EMA = +1.3882 | std(g_L) = 1.1199 | grad = 0.0921
step   8280 | loss = -1.3952 | g_L = +1.3952 | EMA = +1.3810 | std(g_L) = 1.3171 | grad = 0.1220
step   8300 | loss = -1.3516 | g_L = +1.3516 | EMA = +1.3934 | std(g_L) = 1.5006 | grad = 0.3334
step   8320 | loss = -1.4292 | g_L = +1.4292 | EMA = +1.3879 | std(g_L) = 1.2319 | grad = 0.2463
step   8340 | loss = -1.3531 | g_L = +1.3531 | EMA = +1.3850 | std(g_L) = 1.2533 | grad = 0.1332
step   8360 | loss = -1.3894 | g_L = +1.3894 | EMA = +1.3818 | std(g_L) = 1.2566 | grad = 0.1367
step   8380 | loss = -1.4686 | g_L = +1.4686 | EMA = +1.3944 | std(g_L) = 1.1019 | grad = 0.1664
step   8400 | loss = -1.3667 | g_L = +1.3667 | EMA = +1.3990 | std(g_L) = 1.3605 | grad = 0.2201
step   8420 | loss = -1.3290 | g_L = +1.3290 | EMA = +1.3849 | std(g_L) = 1.2923 | grad = 0.1068
step   8440 | loss = -1.3577 | g_L = +1.3577 | EMA = +1.3856 | std(g_L) = 1.2962 | grad = 0.1473
step   8460 | loss = -1.3511 | g_L = +1.3511 | EMA = +1.3775 | std(g_L) = 1.3136 | grad = 0.2521
step   8480 | loss = -1.2906 | g_L = +1.2906 | EMA = +1.3746 | std(g_L) = 1.3097 | grad = 0.2164
step   8500 | loss = -1.3968 | g_L = +1.3968 | EMA = +1.3809 | std(g_L) = 1.3861 | grad = 0.1548
step   8520 | loss = -1.3984 | g_L = +1.3984 | EMA = +1.3804 | std(g_L) = 1.2313 | grad = 0.1943
step   8540 | loss = -1.4648 | g_L = +1.4648 | EMA = +1.3813 | std(g_L) = 1.1329 | grad = 0.1534
step   8560 | loss = -1.3831 | g_L = +1.3831 | EMA = +1.3813 | std(g_L) = 1.2902 | grad = 0.2022
step   8580 | loss = -1.3625 | g_L = +1.3625 | EMA = +1.3886 | std(g_L) = 1.3178 | grad = 0.1638
step   8600 | loss = -1.3741 | g_L = +1.3741 | EMA = +1.3958 | std(g_L) = 1.2948 | grad = 0.2299
step   8620 | loss = -1.3139 | g_L = +1.3139 | EMA = +1.3675 | std(g_L) = 1.4988 | grad = 0.1420
step   8640 | loss = -1.3891 | g_L = +1.3891 | EMA = +1.3940 | std(g_L) = 1.3471 | grad = 0.2042
step   8660 | loss = -1.2982 | g_L = +1.2982 | EMA = +1.3971 | std(g_L) = 1.4547 | grad = 0.2657
step   8680 | loss = -1.2920 | g_L = +1.2920 | EMA = +1.3957 | std(g_L) = 1.2643 | grad = 0.3595
step   8700 | loss = -1.4173 | g_L = +1.4173 | EMA = +1.3889 | std(g_L) = 1.1381 | grad = 0.1818
step   8720 | loss = -1.3910 | g_L = +1.3910 | EMA = +1.3865 | std(g_L) = 1.3552 | grad = 0.3505
step   8740 | loss = -1.3712 | g_L = +1.3712 | EMA = +1.3733 | std(g_L) = 1.3149 | grad = 0.2637
step   8760 | loss = -1.3380 | g_L = +1.3380 | EMA = +1.3719 | std(g_L) = 1.4191 | grad = 0.2329
step   8780 | loss = -1.2363 | g_L = +1.2363 | EMA = +1.3603 | std(g_L) = 1.3676 | grad = 0.1677
step   8800 | loss = -1.2061 | g_L = +1.2061 | EMA = +1.3674 | std(g_L) = 1.4579 | grad = 0.2589
step   8820 | loss = -1.4434 | g_L = +1.4434 | EMA = +1.3722 | std(g_L) = 1.2987 | grad = 0.1342
step   8840 | loss = -1.3889 | g_L = +1.3889 | EMA = +1.3827 | std(g_L) = 1.2656 | grad = 0.0968
step   8860 | loss = -1.5262 | g_L = +1.5262 | EMA = +1.3953 | std(g_L) = 1.1282 | grad = 0.2435
step   8880 | loss = -1.3826 | g_L = +1.3826 | EMA = +1.3846 | std(g_L) = 1.1861 | grad = 0.2208
step   8900 | loss = -1.4209 | g_L = +1.4209 | EMA = +1.3966 | std(g_L) = 1.2453 | grad = 0.1109
step   8920 | loss = -1.3852 | g_L = +1.3852 | EMA = +1.3823 | std(g_L) = 1.1092 | grad = 0.1566
step   8940 | loss = -1.3421 | g_L = +1.3421 | EMA = +1.3742 | std(g_L) = 1.3205 | grad = 0.1408
step   8960 | loss = -1.4600 | g_L = +1.4600 | EMA = +1.3814 | std(g_L) = 1.3255 | grad = 0.1624
step   8980 | loss = -1.3632 | g_L = +1.3632 | EMA = +1.3901 | std(g_L) = 1.4193 | grad = 0.1612
step   9000 | loss = -1.4006 | g_L = +1.4006 | EMA = +1.3847 | std(g_L) = 1.2444 | grad = 0.1509
step   9020 | loss = -1.3025 | g_L = +1.3025 | EMA = +1.3924 | std(g_L) = 1.2908 | grad = 0.3034
step   9040 | loss = -1.3487 | g_L = +1.3487 | EMA = +1.3790 | std(g_L) = 1.4431 | grad = 0.1389
step   9060 | loss = -1.4590 | g_L = +1.4590 | EMA = +1.3967 | std(g_L) = 1.1820 | grad = 0.1406
step   9080 | loss = -1.2071 | g_L = +1.2071 | EMA = +1.3769 | std(g_L) = 1.7266 | grad = 0.1251
step   9100 | loss = -1.5165 | g_L = +1.5165 | EMA = +1.3801 | std(g_L) = 1.3523 | grad = 0.1045
step   9120 | loss = -1.3140 | g_L = +1.3140 | EMA = +1.3842 | std(g_L) = 1.4429 | grad = 0.1576
step   9140 | loss = -1.4195 | g_L = +1.4195 | EMA = +1.3672 | std(g_L) = 1.1245 | grad = 0.1153
step   9160 | loss = -1.4173 | g_L = +1.4173 | EMA = +1.3678 | std(g_L) = 1.2416 | grad = 0.0840
step   9180 | loss = -1.2226 | g_L = +1.2226 | EMA = +1.3699 | std(g_L) = 1.4442 | grad = 0.1848
step   9200 | loss = -1.3207 | g_L = +1.3207 | EMA = +1.3599 | std(g_L) = 1.2196 | grad = 0.3954
step   9220 | loss = -1.3519 | g_L = +1.3519 | EMA = +1.3802 | std(g_L) = 1.3519 | grad = 0.1712
step   9240 | loss = -1.4181 | g_L = +1.4181 | EMA = +1.3933 | std(g_L) = 1.1797 | grad = 0.2732
step   9260 | loss = -1.4855 | g_L = +1.4855 | EMA = +1.3760 | std(g_L) = 1.1979 | grad = 0.1720
step   9280 | loss = -1.4460 | g_L = +1.4460 | EMA = +1.3795 | std(g_L) = 1.2162 | grad = 0.3486
step   9300 | loss = -1.3805 | g_L = +1.3805 | EMA = +1.3846 | std(g_L) = 1.3125 | grad = 0.1355
step   9320 | loss = -1.3983 | g_L = +1.3983 | EMA = +1.3782 | std(g_L) = 1.1987 | grad = 0.1933
step   9340 | loss = -1.3811 | g_L = +1.3811 | EMA = +1.3839 | std(g_L) = 1.3560 | grad = 0.2751
step   9360 | loss = -1.3835 | g_L = +1.3835 | EMA = +1.3776 | std(g_L) = 1.2275 | grad = 0.2240
step   9380 | loss = -1.4118 | g_L = +1.4118 | EMA = +1.3731 | std(g_L) = 1.1427 | grad = 0.3655
step   9400 | loss = -1.3633 | g_L = +1.3633 | EMA = +1.3892 | std(g_L) = 1.3714 | grad = 0.0937
step   9420 | loss = -1.3751 | g_L = +1.3751 | EMA = +1.3761 | std(g_L) = 1.4200 | grad = 0.1359
step   9440 | loss = -1.3955 | g_L = +1.3955 | EMA = +1.3685 | std(g_L) = 1.1637 | grad = 0.1913
step   9460 | loss = -1.4749 | g_L = +1.4749 | EMA = +1.3867 | std(g_L) = 1.0635 | grad = 0.1339
step   9480 | loss = -1.2910 | g_L = +1.2910 | EMA = +1.3607 | std(g_L) = 1.3457 | grad = 0.2107
step   9500 | loss = -1.3025 | g_L = +1.3025 | EMA = +1.3721 | std(g_L) = 1.3491 | grad = 0.2769
step   9520 | loss = -1.2053 | g_L = +1.2053 | EMA = +1.3557 | std(g_L) = 1.4349 | grad = 0.1663
step   9540 | loss = -1.3707 | g_L = +1.3707 | EMA = +1.3753 | std(g_L) = 1.3223 | grad = 0.1696
step   9560 | loss = -1.4160 | g_L = +1.4160 | EMA = +1.3870 | std(g_L) = 1.2011 | grad = 0.0976
step   9580 | loss = -1.3575 | g_L = +1.3575 | EMA = +1.3859 | std(g_L) = 1.3157 | grad = 0.2019
step   9600 | loss = -1.3346 | g_L = +1.3346 | EMA = +1.3919 | std(g_L) = 1.2960 | grad = 0.2411
step   9620 | loss = -1.3688 | g_L = +1.3688 | EMA = +1.3912 | std(g_L) = 1.3362 | grad = 0.2312
step   9640 | loss = -1.5083 | g_L = +1.5083 | EMA = +1.3929 | std(g_L) = 1.2115 | grad = 0.1530
step   9660 | loss = -1.3072 | g_L = +1.3072 | EMA = +1.3901 | std(g_L) = 1.2379 | grad = 0.1161
step   9680 | loss = -1.4369 | g_L = +1.4369 | EMA = +1.3836 | std(g_L) = 1.1533 | grad = 0.1769
step   9700 | loss = -1.3224 | g_L = +1.3224 | EMA = +1.3828 | std(g_L) = 1.3144 | grad = 0.3533
step   9720 | loss = -1.3498 | g_L = +1.3498 | EMA = +1.3785 | std(g_L) = 1.1714 | grad = 0.1943
step   9740 | loss = -1.3640 | g_L = +1.3640 | EMA = +1.3835 | std(g_L) = 1.3510 | grad = 0.2100
step   9760 | loss = -1.2887 | g_L = +1.2887 | EMA = +1.3737 | std(g_L) = 1.5042 | grad = 0.2784
step   9780 | loss = -1.3984 | g_L = +1.3984 | EMA = +1.3884 | std(g_L) = 1.2416 | grad = 0.1621
step   9800 | loss = -1.3230 | g_L = +1.3230 | EMA = +1.3856 | std(g_L) = 1.3415 | grad = 0.2084
step   9820 | loss = -1.3477 | g_L = +1.3477 | EMA = +1.3911 | std(g_L) = 1.3456 | grad = 0.2220
step   9840 | loss = -1.4046 | g_L = +1.4046 | EMA = +1.3821 | std(g_L) = 1.1883 | grad = 0.2316
step   9860 | loss = -1.4192 | g_L = +1.4192 | EMA = +1.3906 | std(g_L) = 1.1885 | grad = 0.1836
step   9880 | loss = -1.3933 | g_L = +1.3933 | EMA = +1.3897 | std(g_L) = 1.1232 | grad = 0.1478
step   9900 | loss = -1.4416 | g_L = +1.4416 | EMA = +1.3936 | std(g_L) = 1.1067 | grad = 0.0971
step   9920 | loss = -1.4156 | g_L = +1.4156 | EMA = +1.3913 | std(g_L) = 1.1326 | grad = 0.1825
step   9940 | loss = -1.4516 | g_L = +1.4516 | EMA = +1.3894 | std(g_L) = 1.1289 | grad = 0.3449
step   9960 | loss = -1.3488 | g_L = +1.3488 | EMA = +1.3872 | std(g_L) = 1.3450 | grad = 0.1087
step   9980 | loss = -1.3479 | g_L = +1.3479 | EMA = +1.3629 | std(g_L) = 1.1911 | grad = 0.2955
step  10000 | loss = -1.2689 | g_L = +1.2689 | EMA = +1.3675 | std(g_L) = 1.4423 | grad = 0.1985
step  10020 | loss = -1.3493 | g_L = +1.3493 | EMA = +1.3767 | std(g_L) = 1.2088 | grad = 0.1044
step  10040 | loss = -1.3736 | g_L = +1.3736 | EMA = +1.3948 | std(g_L) = 1.2163 | grad = 0.1023
step  10060 | loss = -1.4558 | g_L = +1.4558 | EMA = +1.3876 | std(g_L) = 1.2434 | grad = 0.2831
step  10080 | loss = -1.3571 | g_L = +1.3571 | EMA = +1.3880 | std(g_L) = 1.1669 | grad = 0.1861
step  10100 | loss = -1.3628 | g_L = +1.3628 | EMA = +1.3890 | std(g_L) = 1.2080 | grad = 0.1526
step  10120 | loss = -1.4096 | g_L = +1.4096 | EMA = +1.3931 | std(g_L) = 1.2231 | grad = 0.1738
step  10140 | loss = -1.4429 | g_L = +1.4429 | EMA = +1.3869 | std(g_L) = 1.2739 | grad = 0.0815
step  10160 | loss = -1.3940 | g_L = +1.3940 | EMA = +1.3831 | std(g_L) = 1.2160 | grad = 0.2387
step  10180 | loss = -1.4078 | g_L = +1.4078 | EMA = +1.3956 | std(g_L) = 1.2214 | grad = 0.1559
step  10200 | loss = -1.3971 | g_L = +1.3971 | EMA = +1.3822 | std(g_L) = 1.2935 | grad = 0.1015
step  10220 | loss = -1.3774 | g_L = +1.3774 | EMA = +1.3809 | std(g_L) = 1.3134 | grad = 0.1139
step  10240 | loss = -1.3917 | g_L = +1.3917 | EMA = +1.3728 | std(g_L) = 1.3075 | grad = 0.3477
step  10260 | loss = -1.3351 | g_L = +1.3351 | EMA = +1.3762 | std(g_L) = 1.3255 | grad = 0.0756
step  10280 | loss = -1.4141 | g_L = +1.4141 | EMA = +1.3725 | std(g_L) = 1.2049 | grad = 0.1333
step  10300 | loss = -1.3961 | g_L = +1.3961 | EMA = +1.3790 | std(g_L) = 1.2387 | grad = 0.0904
step  10320 | loss = -1.4047 | g_L = +1.4047 | EMA = +1.3807 | std(g_L) = 1.1488 | grad = 0.1829
step  10340 | loss = -1.4641 | g_L = +1.4641 | EMA = +1.3967 | std(g_L) = 1.1831 | grad = 0.3643
step  10360 | loss = -1.3928 | g_L = +1.3928 | EMA = +1.3902 | std(g_L) = 1.3202 | grad = 0.1461
step  10380 | loss = -1.3609 | g_L = +1.3609 | EMA = +1.3748 | std(g_L) = 1.5028 | grad = 0.2013
step  10400 | loss = -1.2975 | g_L = +1.2975 | EMA = +1.3777 | std(g_L) = 1.3145 | grad = 0.1789
step  10420 | loss = -1.3784 | g_L = +1.3784 | EMA = +1.3956 | std(g_L) = 1.2174 | grad = 0.2336
step  10440 | loss = -1.3799 | g_L = +1.3799 | EMA = +1.3804 | std(g_L) = 1.3633 | grad = 0.2133
step  10460 | loss = -1.4221 | g_L = +1.4221 | EMA = +1.3904 | std(g_L) = 1.2977 | grad = 0.2310
step  10480 | loss = -1.3922 | g_L = +1.3922 | EMA = +1.3789 | std(g_L) = 1.4411 | grad = 0.1366
step  10500 | loss = -1.3792 | g_L = +1.3792 | EMA = +1.3798 | std(g_L) = 1.1596 | grad = 0.1937
step  10520 | loss = -1.3778 | g_L = +1.3778 | EMA = +1.3744 | std(g_L) = 1.2006 | grad = 0.4081
step  10540 | loss = -1.3696 | g_L = +1.3696 | EMA = +1.3775 | std(g_L) = 1.2655 | grad = 0.0974
step  10560 | loss = -1.3980 | g_L = +1.3980 | EMA = +1.3821 | std(g_L) = 1.1738 | grad = 0.1481
step  10580 | loss = -1.3906 | g_L = +1.3906 | EMA = +1.3883 | std(g_L) = 1.2622 | grad = 0.2274
step  10600 | loss = -1.3985 | g_L = +1.3985 | EMA = +1.3771 | std(g_L) = 1.2496 | grad = 0.2600
step  10620 | loss = -1.3792 | g_L = +1.3792 | EMA = +1.3884 | std(g_L) = 1.1706 | grad = 0.2910
step  10640 | loss = -1.4168 | g_L = +1.4168 | EMA = +1.3935 | std(g_L) = 1.1422 | grad = 0.1350
step  10660 | loss = -1.3968 | g_L = +1.3968 | EMA = +1.3871 | std(g_L) = 1.0926 | grad = 0.2470
step  10680 | loss = -1.4857 | g_L = +1.4857 | EMA = +1.3923 | std(g_L) = 1.1547 | grad = 0.1873
step  10700 | loss = -1.4496 | g_L = +1.4496 | EMA = +1.4000 | std(g_L) = 1.1298 | grad = 0.1510
step  10720 | loss = -1.4197 | g_L = +1.4197 | EMA = +1.4043 | std(g_L) = 1.2894 | grad = 0.0996
step  10740 | loss = -1.3392 | g_L = +1.3392 | EMA = +1.3968 | std(g_L) = 1.1897 | grad = 0.2956
step  10760 | loss = -1.3842 | g_L = +1.3842 | EMA = +1.3928 | std(g_L) = 1.2997 | grad = 0.2557
step  10780 | loss = -1.3094 | g_L = +1.3094 | EMA = +1.3923 | std(g_L) = 1.4723 | grad = 0.4331
step  10800 | loss = -1.3420 | g_L = +1.3420 | EMA = +1.3839 | std(g_L) = 1.2606 | grad = 0.1118
step  10820 | loss = -1.3019 | g_L = +1.3019 | EMA = +1.3888 | std(g_L) = 1.4444 | grad = 0.2021
step  10840 | loss = -1.4298 | g_L = +1.4298 | EMA = +1.4008 | std(g_L) = 1.1236 | grad = 0.2403
step  10860 | loss = -1.3033 | g_L = +1.3033 | EMA = +1.3808 | std(g_L) = 1.2597 | grad = 0.1984
step  10880 | loss = -1.3789 | g_L = +1.3789 | EMA = +1.3839 | std(g_L) = 1.3105 | grad = 0.1066
step  10900 | loss = -1.4285 | g_L = +1.4285 | EMA = +1.3965 | std(g_L) = 1.3068 | grad = 0.1731
step  10920 | loss = -1.3124 | g_L = +1.3124 | EMA = +1.3760 | std(g_L) = 1.5408 | grad = 0.3199
step  10940 | loss = -1.2716 | g_L = +1.2716 | EMA = +1.3735 | std(g_L) = 1.2467 | grad = 0.1722
step  10960 | loss = -1.3507 | g_L = +1.3507 | EMA = +1.3845 | std(g_L) = 1.2844 | grad = 0.1610
step  10980 | loss = -1.4013 | g_L = +1.4013 | EMA = +1.4001 | std(g_L) = 1.2519 | grad = 0.2111
step  11000 | loss = -1.4715 | g_L = +1.4715 | EMA = +1.4082 | std(g_L) = 1.2151 | grad = 0.1614
step  11020 | loss = -1.3679 | g_L = +1.3679 | EMA = +1.3816 | std(g_L) = 1.2895 | grad = 0.1846
step  11040 | loss = -1.4254 | g_L = +1.4254 | EMA = +1.3784 | std(g_L) = 1.4376 | grad = 0.1922
step  11060 | loss = -1.4270 | g_L = +1.4270 | EMA = +1.3816 | std(g_L) = 1.2189 | grad = 0.1507
step  11080 | loss = -1.4235 | g_L = +1.4235 | EMA = +1.3829 | std(g_L) = 1.3225 | grad = 0.1250
step  11100 | loss = -1.3782 | g_L = +1.3782 | EMA = +1.3903 | std(g_L) = 1.1426 | grad = 0.2687
step  11120 | loss = -1.4243 | g_L = +1.4243 | EMA = +1.3951 | std(g_L) = 1.2591 | grad = 0.2581
step  11140 | loss = -1.3923 | g_L = +1.3923 | EMA = +1.4047 | std(g_L) = 1.1975 | grad = 0.1783
step  11160 | loss = -1.4595 | g_L = +1.4595 | EMA = +1.4004 | std(g_L) = 1.2601 | grad = 0.2861
step  11180 | loss = -1.3797 | g_L = +1.3797 | EMA = +1.3882 | std(g_L) = 1.1764 | grad = 0.2477
step  11200 | loss = -1.3700 | g_L = +1.3700 | EMA = +1.3935 | std(g_L) = 1.2777 | grad = 0.3869
step  11220 | loss = -1.4233 | g_L = +1.4233 | EMA = +1.3807 | std(g_L) = 1.2600 | grad = 0.1360
step  11240 | loss = -1.4463 | g_L = +1.4463 | EMA = +1.3829 | std(g_L) = 1.1404 | grad = 0.1884
step  11260 | loss = -1.3717 | g_L = +1.3717 | EMA = +1.3913 | std(g_L) = 1.3439 | grad = 0.2090
step  11280 | loss = -1.3355 | g_L = +1.3355 | EMA = +1.3942 | std(g_L) = 1.4468 | grad = 0.1891
step  11300 | loss = -1.3378 | g_L = +1.3378 | EMA = +1.3905 | std(g_L) = 1.3637 | grad = 0.1332
step  11320 | loss = -1.3688 | g_L = +1.3688 | EMA = +1.3870 | std(g_L) = 1.2796 | grad = 0.1368
step  11340 | loss = -1.3285 | g_L = +1.3285 | EMA = +1.3748 | std(g_L) = 1.2304 | grad = 0.2850
step  11360 | loss = -1.3388 | g_L = +1.3388 | EMA = +1.3748 | std(g_L) = 1.2825 | grad = 0.1624
step  11380 | loss = -1.3508 | g_L = +1.3508 | EMA = +1.3791 | std(g_L) = 1.3389 | grad = 0.1406
step  11400 | loss = -1.3482 | g_L = +1.3482 | EMA = +1.3995 | std(g_L) = 1.4345 | grad = 0.2543
step  11420 | loss = -1.4947 | g_L = +1.4947 | EMA = +1.3924 | std(g_L) = 1.1590 | grad = 0.4077
step  11440 | loss = -1.4167 | g_L = +1.4167 | EMA = +1.3935 | std(g_L) = 1.2414 | grad = 0.1220
step  11460 | loss = -1.3414 | g_L = +1.3414 | EMA = +1.3943 | std(g_L) = 1.3133 | grad = 0.2101
step  11480 | loss = -1.3775 | g_L = +1.3775 | EMA = +1.3824 | std(g_L) = 1.2672 | grad = 0.2016
step  11500 | loss = -1.2533 | g_L = +1.2533 | EMA = +1.3641 | std(g_L) = 1.4156 | grad = 0.2048
step  11520 | loss = -1.3241 | g_L = +1.3241 | EMA = +1.3777 | std(g_L) = 1.2532 | grad = 0.3037
step  11540 | loss = -1.3607 | g_L = +1.3607 | EMA = +1.3940 | std(g_L) = 1.3253 | grad = 0.2063
step  11560 | loss = -1.3569 | g_L = +1.3569 | EMA = +1.3906 | std(g_L) = 1.3203 | grad = 0.1069
step  11580 | loss = -1.3160 | g_L = +1.3160 | EMA = +1.3914 | std(g_L) = 1.6392 | grad = 0.2874
step  11600 | loss = -1.4725 | g_L = +1.4725 | EMA = +1.3976 | std(g_L) = 1.2502 | grad = 0.1472
step  11620 | loss = -1.4566 | g_L = +1.4566 | EMA = +1.3978 | std(g_L) = 1.1398 | grad = 0.2085
step  11640 | loss = -1.4120 | g_L = +1.4120 | EMA = +1.3943 | std(g_L) = 1.2185 | grad = 0.5035
step  11660 | loss = -1.3753 | g_L = +1.3753 | EMA = +1.3812 | std(g_L) = 1.2520 | grad = 0.3809
step  11680 | loss = -1.5524 | g_L = +1.5524 | EMA = +1.3955 | std(g_L) = 1.1459 | grad = 0.2514
step  11700 | loss = -1.4311 | g_L = +1.4311 | EMA = +1.3984 | std(g_L) = 1.2564 | grad = 0.2869
step  11720 | loss = -1.5072 | g_L = +1.5072 | EMA = +1.4083 | std(g_L) = 1.1952 | grad = 0.4885
step  11740 | loss = -1.3570 | g_L = +1.3570 | EMA = +1.4142 | std(g_L) = 1.4258 | grad = 0.1591
step  11760 | loss = -1.3736 | g_L = +1.3736 | EMA = +1.3969 | std(g_L) = 1.3105 | grad = 0.1829
step  11780 | loss = -1.2780 | g_L = +1.2780 | EMA = +1.3945 | std(g_L) = 1.3382 | grad = 0.5275
step  11800 | loss = -1.4070 | g_L = +1.4070 | EMA = +1.4097 | std(g_L) = 1.3260 | grad = 0.2568
step  11820 | loss = -1.4499 | g_L = +1.4499 | EMA = +1.4129 | std(g_L) = 1.3458 | grad = 0.2190
step  11840 | loss = -1.4285 | g_L = +1.4285 | EMA = +1.4124 | std(g_L) = 1.2088 | grad = 0.3178
step  11860 | loss = -1.4272 | g_L = +1.4272 | EMA = +1.4127 | std(g_L) = 1.1884 | grad = 0.1867
step  11880 | loss = -1.3440 | g_L = +1.3440 | EMA = +1.4077 | std(g_L) = 1.4561 | grad = 0.2701
step  11900 | loss = -1.3877 | g_L = +1.3877 | EMA = +1.3946 | std(g_L) = 1.2548 | grad = 0.2102
step  11920 | loss = -1.4065 | g_L = +1.4065 | EMA = +1.4026 | std(g_L) = 1.3377 | grad = 0.4091
step  11940 | loss = -1.4904 | g_L = +1.4904 | EMA = +1.4148 | std(g_L) = 1.1559 | grad = 0.2385
step  11960 | loss = -1.4813 | g_L = +1.4813 | EMA = +1.4135 | std(g_L) = 1.2101 | grad = 0.2061
step  11980 | loss = -1.4205 | g_L = +1.4205 | EMA = +1.4184 | std(g_L) = 1.3530 | grad = 0.2233
step  12000 | loss = -1.3770 | g_L = +1.3770 | EMA = +1.4157 | std(g_L) = 1.2790 | grad = 0.4056
step  12020 | loss = -1.4615 | g_L = +1.4615 | EMA = +1.4033 | std(g_L) = 1.2848 | grad = 0.1842
step  12040 | loss = -1.4436 | g_L = +1.4436 | EMA = +1.4048 | std(g_L) = 1.2398 | grad = 0.2656
step  12060 | loss = -1.3817 | g_L = +1.3817 | EMA = +1.4008 | std(g_L) = 1.2527 | grad = 0.1789
step  12080 | loss = -1.3644 | g_L = +1.3644 | EMA = +1.3967 | std(g_L) = 1.4119 | grad = 0.1948
step  12100 | loss = -1.3131 | g_L = +1.3131 | EMA = +1.3853 | std(g_L) = 1.3387 | grad = 0.1495
step  12120 | loss = -1.4460 | g_L = +1.4460 | EMA = +1.4036 | std(g_L) = 1.1920 | grad = 0.4420
step  12140 | loss = -1.4135 | g_L = +1.4135 | EMA = +1.3954 | std(g_L) = 1.2035 | grad = 0.1025
step  12160 | loss = -1.3952 | g_L = +1.3952 | EMA = +1.3961 | std(g_L) = 1.2282 | grad = 0.1585
step  12180 | loss = -1.3269 | g_L = +1.3269 | EMA = +1.4039 | std(g_L) = 1.3007 | grad = 0.2312
step  12200 | loss = -1.4630 | g_L = +1.4630 | EMA = +1.3979 | std(g_L) = 1.1709 | grad = 0.1355
step  12220 | loss = -1.4426 | g_L = +1.4426 | EMA = +1.4221 | std(g_L) = 1.3255 | grad = 0.1290
step  12240 | loss = -1.3505 | g_L = +1.3505 | EMA = +1.4106 | std(g_L) = 1.3569 | grad = 0.2791
step  12260 | loss = -1.3246 | g_L = +1.3246 | EMA = +1.3994 | std(g_L) = 1.3413 | grad = 0.3921
step  12280 | loss = -1.3534 | g_L = +1.3534 | EMA = +1.3973 | std(g_L) = 1.2935 | grad = 0.2093
step  12300 | loss = -1.4332 | g_L = +1.4332 | EMA = +1.4123 | std(g_L) = 1.3120 | grad = 0.0824
step  12320 | loss = -1.4243 | g_L = +1.4243 | EMA = +1.3993 | std(g_L) = 1.4461 | grad = 0.2256
step  12340 | loss = -1.3688 | g_L = +1.3688 | EMA = +1.4108 | std(g_L) = 1.3373 | grad = 0.2591
step  12360 | loss = -1.4713 | g_L = +1.4713 | EMA = +1.4021 | std(g_L) = 1.2556 | grad = 0.5165
step  12380 | loss = -1.3826 | g_L = +1.3826 | EMA = +1.4049 | std(g_L) = 1.3726 | grad = 0.2202
step  12400 | loss = -1.4083 | g_L = +1.4083 | EMA = +1.4222 | std(g_L) = 1.1998 | grad = 0.3029
step  12420 | loss = -1.4139 | g_L = +1.4139 | EMA = +1.4127 | std(g_L) = 1.5029 | grad = 0.2504
step  12440 | loss = -1.4518 | g_L = +1.4518 | EMA = +1.4106 | std(g_L) = 1.3221 | grad = 0.1582
step  12460 | loss = -1.3971 | g_L = +1.3971 | EMA = +1.4161 | std(g_L) = 1.2915 | grad = 0.4612
step  12480 | loss = -1.3245 | g_L = +1.3245 | EMA = +1.4094 | std(g_L) = 1.2351 | grad = 0.1799
step  12500 | loss = -1.4223 | g_L = +1.4223 | EMA = +1.3969 | std(g_L) = 1.2214 | grad = 0.3979
step  12520 | loss = -1.2910 | g_L = +1.2910 | EMA = +1.4065 | std(g_L) = 1.4028 | grad = 0.1671
step  12540 | loss = -1.4776 | g_L = +1.4776 | EMA = +1.4206 | std(g_L) = 1.1751 | grad = 0.1991
step  12560 | loss = -1.3587 | g_L = +1.3587 | EMA = +1.4090 | std(g_L) = 1.4148 | grad = 0.1076
step  12580 | loss = -1.4154 | g_L = +1.4154 | EMA = +1.4191 | std(g_L) = 1.2731 | grad = 0.1347
step  12600 | loss = -1.4622 | g_L = +1.4622 | EMA = +1.4209 | std(g_L) = 1.1967 | grad = 0.3441
step  12620 | loss = -1.4187 | g_L = +1.4187 | EMA = +1.4173 | std(g_L) = 1.2830 | grad = 0.2469
step  12640 | loss = -1.4104 | g_L = +1.4104 | EMA = +1.4199 | std(g_L) = 1.2725 | grad = 0.3093
step  12660 | loss = -1.3591 | g_L = +1.3591 | EMA = +1.4038 | std(g_L) = 1.3922 | grad = 0.3252
step  12680 | loss = -1.4355 | g_L = +1.4355 | EMA = +1.4150 | std(g_L) = 1.2076 | grad = 0.1519
step  12700 | loss = -1.3975 | g_L = +1.3975 | EMA = +1.4071 | std(g_L) = 1.3551 | grad = 0.6533
step  12720 | loss = -1.2881 | g_L = +1.2881 | EMA = +1.4078 | std(g_L) = 1.3912 | grad = 0.1613
step  12740 | loss = -1.2810 | g_L = +1.2810 | EMA = +1.4135 | std(g_L) = 1.6972 | grad = 0.1226
step  12760 | loss = -1.3779 | g_L = +1.3779 | EMA = +1.4176 | std(g_L) = 1.3793 | grad = 0.1368
step  12780 | loss = -1.4428 | g_L = +1.4428 | EMA = +1.4153 | std(g_L) = 1.1677 | grad = 0.2847
step  12800 | loss = -1.4368 | g_L = +1.4368 | EMA = +1.4169 | std(g_L) = 1.3968 | grad = 0.2250
step  12820 | loss = -1.4519 | g_L = +1.4519 | EMA = +1.4090 | std(g_L) = 1.2185 | grad = 0.3677
step  12840 | loss = -1.3760 | g_L = +1.3760 | EMA = +1.4075 | std(g_L) = 1.4005 | grad = 0.3665
step  12860 | loss = -1.3332 | g_L = +1.3332 | EMA = +1.4207 | std(g_L) = 1.3622 | grad = 0.2818
step  12880 | loss = -1.4067 | g_L = +1.4067 | EMA = +1.4182 | std(g_L) = 1.2824 | grad = 0.0963
step  12900 | loss = -1.3621 | g_L = +1.3621 | EMA = +1.4235 | std(g_L) = 1.3790 | grad = 0.2381
step  12920 | loss = -1.4868 | g_L = +1.4868 | EMA = +1.4307 | std(g_L) = 1.1870 | grad = 0.2546
step  12940 | loss = -1.3849 | g_L = +1.3849 | EMA = +1.4278 | std(g_L) = 1.2187 | grad = 0.4739
step  12960 | loss = -1.3866 | g_L = +1.3866 | EMA = +1.4127 | std(g_L) = 1.3535 | grad = 0.1405
step  12980 | loss = -1.3648 | g_L = +1.3648 | EMA = +1.4187 | std(g_L) = 1.2964 | grad = 0.3977
step  13000 | loss = -1.4120 | g_L = +1.4120 | EMA = +1.4324 | std(g_L) = 1.2496 | grad = 0.1424
step  13020 | loss = -1.4620 | g_L = +1.4620 | EMA = +1.4204 | std(g_L) = 1.2200 | grad = 0.2115
step  13040 | loss = -1.5387 | g_L = +1.5387 | EMA = +1.4351 | std(g_L) = 1.2407 | grad = 0.2116
step  13060 | loss = -1.4784 | g_L = +1.4784 | EMA = +1.4139 | std(g_L) = 1.2495 | grad = 0.1697
step  13080 | loss = -1.4735 | g_L = +1.4735 | EMA = +1.4231 | std(g_L) = 1.3803 | grad = 0.2071
step  13100 | loss = -1.4403 | g_L = +1.4403 | EMA = +1.4146 | std(g_L) = 1.2964 | grad = 0.2633
step  13120 | loss = -1.4850 | g_L = +1.4850 | EMA = +1.4262 | std(g_L) = 1.3166 | grad = 0.3276
step  13140 | loss = -1.4736 | g_L = +1.4736 | EMA = +1.4355 | std(g_L) = 1.2541 | grad = 0.1230
step  13160 | loss = -1.4589 | g_L = +1.4589 | EMA = +1.4260 | std(g_L) = 1.2079 | grad = 0.1777
step  13180 | loss = -1.4533 | g_L = +1.4533 | EMA = +1.4228 | std(g_L) = 1.3784 | grad = 0.1675
step  13200 | loss = -1.3786 | g_L = +1.3786 | EMA = +1.4198 | std(g_L) = 1.3178 | grad = 0.1752
step  13220 | loss = -1.3969 | g_L = +1.3969 | EMA = +1.4169 | std(g_L) = 1.2691 | grad = 0.3250
step  13240 | loss = -1.4791 | g_L = +1.4791 | EMA = +1.4200 | std(g_L) = 1.2012 | grad = 0.2710
step  13260 | loss = -1.4303 | g_L = +1.4303 | EMA = +1.4198 | std(g_L) = 1.5098 | grad = 0.3885
step  13280 | loss = -1.3934 | g_L = +1.3934 | EMA = +1.4235 | std(g_L) = 1.4232 | grad = 0.2538
step  13300 | loss = -1.4080 | g_L = +1.4080 | EMA = +1.4288 | std(g_L) = 1.2646 | grad = 0.3349
step  13320 | loss = -1.5068 | g_L = +1.5068 | EMA = +1.4244 | std(g_L) = 1.2012 | grad = 0.2365
step  13340 | loss = -1.3719 | g_L = +1.3719 | EMA = +1.4259 | std(g_L) = 1.2828 | grad = 0.4354
step  13360 | loss = -1.4162 | g_L = +1.4162 | EMA = +1.4263 | std(g_L) = 1.1579 | grad = 0.1444
step  13380 | loss = -1.4671 | g_L = +1.4671 | EMA = +1.4384 | std(g_L) = 1.3216 | grad = 0.1629
step  13400 | loss = -1.4654 | g_L = +1.4654 | EMA = +1.4212 | std(g_L) = 1.4024 | grad = 0.2140
step  13420 | loss = -1.3745 | g_L = +1.3745 | EMA = +1.4231 | std(g_L) = 1.3234 | grad = 0.1534
step  13440 | loss = -1.4462 | g_L = +1.4462 | EMA = +1.4323 | std(g_L) = 1.3683 | grad = 0.1549
step  13460 | loss = -1.4226 | g_L = +1.4226 | EMA = +1.4336 | std(g_L) = 1.2925 | grad = 0.2130
step  13480 | loss = -1.5052 | g_L = +1.5052 | EMA = +1.4290 | std(g_L) = 1.3309 | grad = 0.1677
step  13500 | loss = -1.3606 | g_L = +1.3606 | EMA = +1.4208 | std(g_L) = 1.4032 | grad = 0.2164
step  13520 | loss = -1.3399 | g_L = +1.3399 | EMA = +1.4127 | std(g_L) = 1.2579 | grad = 0.4975
step  13540 | loss = -1.4836 | g_L = +1.4836 | EMA = +1.4254 | std(g_L) = 1.2484 | grad = 0.1026
step  13560 | loss = -1.4861 | g_L = +1.4861 | EMA = +1.4406 | std(g_L) = 1.5131 | grad = 0.1859
step  13580 | loss = -1.4060 | g_L = +1.4060 | EMA = +1.4273 | std(g_L) = 1.2545 | grad = 0.1573
step  13600 | loss = -1.3898 | g_L = +1.3898 | EMA = +1.4315 | std(g_L) = 1.1942 | grad = 0.3202
step  13620 | loss = -1.4345 | g_L = +1.4345 | EMA = +1.4271 | std(g_L) = 1.2839 | grad = 0.5534
step  13640 | loss = -1.4199 | g_L = +1.4199 | EMA = +1.4120 | std(g_L) = 1.2330 | grad = 0.1937
step  13660 | loss = -1.3643 | g_L = +1.3643 | EMA = +1.4131 | std(g_L) = 1.3636 | grad = 0.4161
step  13680 | loss = -1.4089 | g_L = +1.4089 | EMA = +1.4257 | std(g_L) = 1.1731 | grad = 0.2091
step  13700 | loss = -1.3695 | g_L = +1.3695 | EMA = +1.4326 | std(g_L) = 1.3896 | grad = 0.4797
step  13720 | loss = -1.5519 | g_L = +1.5519 | EMA = +1.4352 | std(g_L) = 1.2687 | grad = 0.2693
step  13740 | loss = -1.4185 | g_L = +1.4185 | EMA = +1.4203 | std(g_L) = 1.1604 | grad = 0.1735
step  13760 | loss = -1.4718 | g_L = +1.4718 | EMA = +1.4262 | std(g_L) = 1.2174 | grad = 0.2274
step  13780 | loss = -1.5193 | g_L = +1.5193 | EMA = +1.4297 | std(g_L) = 1.4184 | grad = 0.5782
step  13800 | loss = -1.4235 | g_L = +1.4235 | EMA = +1.4382 | std(g_L) = 1.4149 | grad = 0.3442
step  13820 | loss = -1.4138 | g_L = +1.4138 | EMA = +1.4286 | std(g_L) = 1.4457 | grad = 0.0790
step  13840 | loss = -1.5211 | g_L = +1.5211 | EMA = +1.4380 | std(g_L) = 1.2208 | grad = 0.2476
step  13860 | loss = -1.3712 | g_L = +1.3712 | EMA = +1.4295 | std(g_L) = 1.4780 | grad = 0.2937
step  13880 | loss = -1.3787 | g_L = +1.3787 | EMA = +1.4209 | std(g_L) = 1.2346 | grad = 0.3345
step  13900 | loss = -1.4591 | g_L = +1.4591 | EMA = +1.4436 | std(g_L) = 1.2994 | grad = 0.2854
step  13920 | loss = -1.6061 | g_L = +1.6061 | EMA = +1.4463 | std(g_L) = 1.3505 | grad = 0.4002
step  13940 | loss = -1.3751 | g_L = +1.3751 | EMA = +1.4489 | std(g_L) = 1.2517 | grad = 0.7626
step  13960 | loss = -1.5073 | g_L = +1.5073 | EMA = +1.4322 | std(g_L) = 1.2610 | grad = 0.1320
step  13980 | loss = -1.4604 | g_L = +1.4604 | EMA = +1.4356 | std(g_L) = 1.3411 | grad = 0.6074
step  14000 | loss = -1.4307 | g_L = +1.4307 | EMA = +1.4366 | std(g_L) = 1.1823 | grad = 0.2298
step  14020 | loss = -1.4958 | g_L = +1.4958 | EMA = +1.4267 | std(g_L) = 1.2593 | grad = 0.1106
step  14040 | loss = -1.4216 | g_L = +1.4216 | EMA = +1.4289 | std(g_L) = 1.4629 | grad = 0.3884
step  14060 | loss = -1.4334 | g_L = +1.4334 | EMA = +1.4196 | std(g_L) = 1.1819 | grad = 0.1634
step  14080 | loss = -1.4745 | g_L = +1.4745 | EMA = +1.4323 | std(g_L) = 1.2675 | grad = 0.2498
step  14100 | loss = -1.5517 | g_L = +1.5517 | EMA = +1.4364 | std(g_L) = 1.2469 | grad = 0.1104
step  14120 | loss = -1.4869 | g_L = +1.4869 | EMA = +1.4438 | std(g_L) = 1.2761 | grad = 0.1356
step  14140 | loss = -1.3878 | g_L = +1.3878 | EMA = +1.4408 | std(g_L) = 1.3500 | grad = 0.1429
step  14160 | loss = -1.3411 | g_L = +1.3411 | EMA = +1.4183 | std(g_L) = 1.3896 | grad = 0.3751
step  14180 | loss = -1.5465 | g_L = +1.5465 | EMA = +1.4462 | std(g_L) = 1.0991 | grad = 0.2766
step  14200 | loss = -1.4804 | g_L = +1.4804 | EMA = +1.4423 | std(g_L) = 1.3296 | grad = 0.2176
step  14220 | loss = -1.4033 | g_L = +1.4033 | EMA = +1.4289 | std(g_L) = 1.3243 | grad = 0.2026
step  14240 | loss = -1.4994 | g_L = +1.4994 | EMA = +1.4325 | std(g_L) = 1.2796 | grad = 0.4782
step  14260 | loss = -1.3969 | g_L = +1.3969 | EMA = +1.4409 | std(g_L) = 1.4460 | grad = 0.1755
step  14280 | loss = -1.3951 | g_L = +1.3951 | EMA = +1.4367 | std(g_L) = 1.2117 | grad = 0.6405
step  14300 | loss = -1.4833 | g_L = +1.4833 | EMA = +1.4371 | std(g_L) = 1.2040 | grad = 0.2634
step  14320 | loss = -1.4632 | g_L = +1.4632 | EMA = +1.4369 | std(g_L) = 1.3695 | grad = 0.2745
step  14340 | loss = -1.5134 | g_L = +1.5134 | EMA = +1.4533 | std(g_L) = 1.3168 | grad = 0.4830
step  14360 | loss = -1.3883 | g_L = +1.3883 | EMA = +1.4417 | std(g_L) = 1.2963 | grad = 0.7126
step  14380 | loss = -1.3978 | g_L = +1.3978 | EMA = +1.4574 | std(g_L) = 1.3778 | grad = 0.3129
step  14400 | loss = -1.4736 | g_L = +1.4736 | EMA = +1.4434 | std(g_L) = 1.2847 | grad = 0.1413
step  14420 | loss = -1.4135 | g_L = +1.4135 | EMA = +1.4547 | std(g_L) = 1.1707 | grad = 0.1428
step  14440 | loss = -1.3792 | g_L = +1.3792 | EMA = +1.4316 | std(g_L) = 1.4416 | grad = 0.3411
step  14460 | loss = -1.3902 | g_L = +1.3902 | EMA = +1.4283 | std(g_L) = 1.3301 | grad = 0.4071
step  14480 | loss = -1.5673 | g_L = +1.5673 | EMA = +1.4413 | std(g_L) = 1.2352 | grad = 0.1763
step  14500 | loss = -1.4310 | g_L = +1.4310 | EMA = +1.4489 | std(g_L) = 1.2125 | grad = 0.5207
step  14520 | loss = -1.4904 | g_L = +1.4904 | EMA = +1.4419 | std(g_L) = 1.2673 | grad = 0.3508
step  14540 | loss = -1.4752 | g_L = +1.4752 | EMA = +1.4435 | std(g_L) = 1.4481 | grad = 0.1561
step  14560 | loss = -1.4440 | g_L = +1.4440 | EMA = +1.4427 | std(g_L) = 1.1747 | grad = 0.2786
step  14580 | loss = -1.4177 | g_L = +1.4177 | EMA = +1.4307 | std(g_L) = 1.4230 | grad = 0.2414
step  14600 | loss = -1.4742 | g_L = +1.4742 | EMA = +1.4363 | std(g_L) = 1.1947 | grad = 0.5139
step  14620 | loss = -1.3778 | g_L = +1.3778 | EMA = +1.4381 | std(g_L) = 1.4505 | grad = 0.4082
step  14640 | loss = -1.4353 | g_L = +1.4353 | EMA = +1.4397 | std(g_L) = 1.2389 | grad = 0.2272
step  14660 | loss = -1.4923 | g_L = +1.4923 | EMA = +1.4537 | std(g_L) = 1.1514 | grad = 0.1712
step  14680 | loss = -1.5171 | g_L = +1.5171 | EMA = +1.4478 | std(g_L) = 1.1922 | grad = 0.3291
step  14700 | loss = -1.3505 | g_L = +1.3505 | EMA = +1.4362 | std(g_L) = 1.3745 | grad = 0.4610
step  14720 | loss = -1.4258 | g_L = +1.4258 | EMA = +1.4325 | std(g_L) = 1.3352 | grad = 0.3140
step  14740 | loss = -1.4400 | g_L = +1.4400 | EMA = +1.4421 | std(g_L) = 1.2126 | grad = 0.5491
step  14760 | loss = -1.4672 | g_L = +1.4672 | EMA = +1.4424 | std(g_L) = 1.2843 | grad = 0.2661
step  14780 | loss = -1.4582 | g_L = +1.4582 | EMA = +1.4569 | std(g_L) = 1.3176 | grad = 0.2617
step  14800 | loss = -1.3978 | g_L = +1.3978 | EMA = +1.4576 | std(g_L) = 1.2390 | grad = 0.3550
step  14820 | loss = -1.3977 | g_L = +1.3977 | EMA = +1.4482 | std(g_L) = 1.3308 | grad = 0.1749
step  14840 | loss = -1.3928 | g_L = +1.3928 | EMA = +1.4472 | std(g_L) = 1.3427 | grad = 0.1824
step  14860 | loss = -1.3198 | g_L = +1.3198 | EMA = +1.4292 | std(g_L) = 1.3561 | grad = 0.1847
step  14880 | loss = -1.5999 | g_L = +1.5999 | EMA = +1.4459 | std(g_L) = 1.1426 | grad = 0.2899
step  14900 | loss = -1.4722 | g_L = +1.4722 | EMA = +1.4399 | std(g_L) = 1.3211 | grad = 0.1129
step  14920 | loss = -1.5118 | g_L = +1.5118 | EMA = +1.4419 | std(g_L) = 1.2280 | grad = 0.1920
step  14940 | loss = -1.4997 | g_L = +1.4997 | EMA = +1.4462 | std(g_L) = 1.2366 | grad = 0.4897
step  14960 | loss = -1.5906 | g_L = +1.5906 | EMA = +1.4400 | std(g_L) = 1.2411 | grad = 0.5998
step  14980 | loss = -1.5012 | g_L = +1.5012 | EMA = +1.4256 | std(g_L) = 1.5914 | grad = 0.9158
step  15000 | loss = -1.4050 | g_L = +1.4050 | EMA = +1.4438 | std(g_L) = 1.3140 | grad = 0.4252
step  15020 | loss = -1.3779 | g_L = +1.3779 | EMA = +1.4478 | std(g_L) = 1.3804 | grad = 0.2255
step  15040 | loss = -1.3869 | g_L = +1.3869 | EMA = +1.4400 | std(g_L) = 1.4536 | grad = 0.2945
step  15060 | loss = -1.4487 | g_L = +1.4487 | EMA = +1.4400 | std(g_L) = 1.2876 | grad = 0.6218
step  15080 | loss = -1.5006 | g_L = +1.5006 | EMA = +1.4501 | std(g_L) = 1.1958 | grad = 0.3478
step  15100 | loss = -1.4221 | g_L = +1.4221 | EMA = +1.4433 | std(g_L) = 1.4709 | grad = 0.5067
step  15120 | loss = -1.4190 | g_L = +1.4190 | EMA = +1.4456 | std(g_L) = 1.3341 | grad = 0.6623
step  15140 | loss = -1.5094 | g_L = +1.5094 | EMA = +1.4592 | std(g_L) = 1.2749 | grad = 0.1539
step  15160 | loss = -1.4117 | g_L = +1.4117 | EMA = +1.4359 | std(g_L) = 1.3921 | grad = 0.5956
step  15180 | loss = -1.5272 | g_L = +1.5272 | EMA = +1.4433 | std(g_L) = 1.2076 | grad = 0.2181
step  15200 | loss = -1.4382 | g_L = +1.4382 | EMA = +1.4461 | std(g_L) = 1.2353 | grad = 0.2077
step  15220 | loss = -1.4392 | g_L = +1.4392 | EMA = +1.4300 | std(g_L) = 1.3378 | grad = 0.5431
step  15240 | loss = -1.4926 | g_L = +1.4926 | EMA = +1.4478 | std(g_L) = 1.2728 | grad = 0.5576
step  15260 | loss = -1.5102 | g_L = +1.5102 | EMA = +1.4507 | std(g_L) = 1.1814 | grad = 0.3849
step  15280 | loss = -1.4098 | g_L = +1.4098 | EMA = +1.4608 | std(g_L) = 1.2673 | grad = 0.5323
step  15300 | loss = -1.5116 | g_L = +1.5116 | EMA = +1.4614 | std(g_L) = 1.2378 | grad = 0.2620
step  15320 | loss = -1.4191 | g_L = +1.4191 | EMA = +1.4579 | std(g_L) = 1.3189 | grad = 0.5395
step  15340 | loss = -1.4882 | g_L = +1.4882 | EMA = +1.4383 | std(g_L) = 1.1999 | grad = 0.8224
step  15360 | loss = -1.3564 | g_L = +1.3564 | EMA = +1.4428 | std(g_L) = 1.5716 | grad = 0.6482
step  15380 | loss = -1.4555 | g_L = +1.4555 | EMA = +1.4466 | std(g_L) = 1.3811 | grad = 0.2382
step  15400 | loss = -1.4434 | g_L = +1.4434 | EMA = +1.4459 | std(g_L) = 1.3524 | grad = 0.8731
step  15420 | loss = -1.4053 | g_L = +1.4053 | EMA = +1.4281 | std(g_L) = 1.3205 | grad = 0.4228
step  15440 | loss = -1.4686 | g_L = +1.4686 | EMA = +1.4406 | std(g_L) = 1.3709 | grad = 0.2776
step  15460 | loss = -1.2940 | g_L = +1.2940 | EMA = +1.4320 | std(g_L) = 1.3766 | grad = 0.4460
step  15480 | loss = -1.4490 | g_L = +1.4490 | EMA = +1.4477 | std(g_L) = 1.3116 | grad = 0.4051
step  15500 | loss = -1.4633 | g_L = +1.4633 | EMA = +1.4557 | std(g_L) = 1.2519 | grad = 0.4639
step  15520 | loss = -1.4012 | g_L = +1.4012 | EMA = +1.4427 | std(g_L) = 1.2858 | grad = 0.3798
step  15540 | loss = -1.4524 | g_L = +1.4524 | EMA = +1.4415 | std(g_L) = 1.2214 | grad = 0.4859
step  15560 | loss = -1.3666 | g_L = +1.3666 | EMA = +1.4377 | std(g_L) = 1.2885 | grad = 0.5044
step  15580 | loss = -1.4878 | g_L = +1.4878 | EMA = +1.4356 | std(g_L) = 1.3654 | grad = 0.3067
step  15600 | loss = -1.4521 | g_L = +1.4521 | EMA = +1.4430 | std(g_L) = 1.2639 | grad = 0.7186
step  15620 | loss = -1.2991 | g_L = +1.2991 | EMA = +1.4324 | std(g_L) = 1.5324 | grad = 0.3068
step  15640 | loss = -1.4410 | g_L = +1.4410 | EMA = +1.4495 | std(g_L) = 1.2505 | grad = 0.7351
step  15660 | loss = -1.4210 | g_L = +1.4210 | EMA = +1.4496 | std(g_L) = 1.2137 | grad = 0.7115
step  15680 | loss = -1.4363 | g_L = +1.4363 | EMA = +1.4579 | std(g_L) = 1.2080 | grad = 0.2655
step  15700 | loss = -1.5737 | g_L = +1.5737 | EMA = +1.4738 | std(g_L) = 1.2940 | grad = 0.2393
step  15720 | loss = -1.4249 | g_L = +1.4249 | EMA = +1.4445 | std(g_L) = 1.2984 | grad = 0.9048
step  15740 | loss = -1.4560 | g_L = +1.4560 | EMA = +1.4369 | std(g_L) = 1.2370 | grad = 0.8919
step  15760 | loss = -1.4394 | g_L = +1.4394 | EMA = +1.4301 | std(g_L) = 1.4637 | grad = 0.7511
step  15780 | loss = -1.4794 | g_L = +1.4794 | EMA = +1.4296 | std(g_L) = 1.1975 | grad = 0.5683
step  15800 | loss = -1.4627 | g_L = +1.4627 | EMA = +1.4398 | std(g_L) = 1.4022 | grad = 0.4179
step  15820 | loss = -1.4773 | g_L = +1.4773 | EMA = +1.4424 | std(g_L) = 1.3339 | grad = 0.2678
step  15840 | loss = -1.5090 | g_L = +1.5090 | EMA = +1.4585 | std(g_L) = 1.2219 | grad = 0.1716
step  15860 | loss = -1.4325 | g_L = +1.4325 | EMA = +1.4339 | std(g_L) = 1.3545 | grad = 0.7788
step  15880 | loss = -1.4510 | g_L = +1.4510 | EMA = +1.4414 | std(g_L) = 1.2614 | grad = 0.1225
step  15900 | loss = -1.4396 | g_L = +1.4396 | EMA = +1.4398 | std(g_L) = 1.4125 | grad = 0.7362
step  15920 | loss = -1.4327 | g_L = +1.4327 | EMA = +1.4508 | std(g_L) = 1.2910 | grad = 0.4795
step  15940 | loss = -1.4241 | g_L = +1.4241 | EMA = +1.4570 | std(g_L) = 1.3268 | grad = 0.5045
step  15960 | loss = -1.4282 | g_L = +1.4282 | EMA = +1.4560 | std(g_L) = 1.4911 | grad = 0.3716
step  15980 | loss = -1.4050 | g_L = +1.4050 | EMA = +1.4506 | std(g_L) = 1.3471 | grad = 0.3968
step  16000 | loss = -1.4949 | g_L = +1.4949 | EMA = +1.4536 | std(g_L) = 1.2894 | grad = 0.6629
step  16020 | loss = -1.4643 | g_L = +1.4643 | EMA = +1.4580 | std(g_L) = 1.1434 | grad = 0.4032
step  16040 | loss = -1.4397 | g_L = +1.4397 | EMA = +1.4570 | std(g_L) = 1.1999 | grad = 0.1872
step  16060 | loss = -1.4484 | g_L = +1.4484 | EMA = +1.4407 | std(g_L) = 1.4390 | grad = 0.3752
step  16080 | loss = -1.3680 | g_L = +1.3680 | EMA = +1.4472 | std(g_L) = 1.3845 | grad = 0.4913
step  16100 | loss = -1.4500 | g_L = +1.4500 | EMA = +1.4460 | std(g_L) = 1.2759 | grad = 0.3613
step  16120 | loss = -1.3405 | g_L = +1.3405 | EMA = +1.4566 | std(g_L) = 1.3072 | grad = 0.3230
step  16140 | loss = -1.4308 | g_L = +1.4308 | EMA = +1.4443 | std(g_L) = 1.3197 | grad = 0.3594
step  16160 | loss = -1.3436 | g_L = +1.3436 | EMA = +1.4248 | std(g_L) = 1.3687 | grad = 0.4341
step  16180 | loss = -1.4141 | g_L = +1.4141 | EMA = +1.4356 | std(g_L) = 1.3259 | grad = 0.6063
step  16200 | loss = -1.3713 | g_L = +1.3713 | EMA = +1.4306 | std(g_L) = 1.2808 | grad = 0.7031
step  16220 | loss = -1.4731 | g_L = +1.4731 | EMA = +1.4409 | std(g_L) = 1.4230 | grad = 0.4456
step  16240 | loss = -1.5390 | g_L = +1.5390 | EMA = +1.4402 | std(g_L) = 1.2487 | grad = 0.6037
step  16260 | loss = -1.4502 | g_L = +1.4502 | EMA = +1.4613 | std(g_L) = 1.2831 | grad = 0.0778
step  16280 | loss = -1.4780 | g_L = +1.4780 | EMA = +1.4512 | std(g_L) = 1.4097 | grad = 1.0105
step  16300 | loss = -1.3820 | g_L = +1.3820 | EMA = +1.4310 | std(g_L) = 1.5200 | grad = 1.0500
step  16320 | loss = -1.5008 | g_L = +1.5008 | EMA = +1.4442 | std(g_L) = 1.3115 | grad = 0.1903
step  16340 | loss = -1.4595 | g_L = +1.4595 | EMA = +1.4657 | std(g_L) = 1.4023 | grad = 0.5202
step  16360 | loss = -1.4508 | g_L = +1.4508 | EMA = +1.4561 | std(g_L) = 1.2197 | grad = 0.4641
step  16380 | loss = -1.4759 | g_L = +1.4759 | EMA = +1.4407 | std(g_L) = 1.3525 | grad = 1.0064
step  16400 | loss = -1.4534 | g_L = +1.4534 | EMA = +1.4406 | std(g_L) = 1.4183 | grad = 0.2865
step  16420 | loss = -1.4338 | g_L = +1.4338 | EMA = +1.4436 | std(g_L) = 1.3308 | grad = 0.5162
step  16440 | loss = -1.4617 | g_L = +1.4617 | EMA = +1.4425 | std(g_L) = 1.3580 | grad = 0.7024
step  16460 | loss = -1.4823 | g_L = +1.4823 | EMA = +1.4358 | std(g_L) = 1.2534 | grad = 0.2385
step  16480 | loss = -1.4080 | g_L = +1.4080 | EMA = +1.4504 | std(g_L) = 1.3025 | grad = 0.4373
step  16500 | loss = -1.5107 | g_L = +1.5107 | EMA = +1.4554 | std(g_L) = 1.4039 | grad = 0.4925
step  16520 | loss = -1.3741 | g_L = +1.3741 | EMA = +1.4536 | std(g_L) = 1.3861 | grad = 0.1510
step  16540 | loss = -1.5458 | g_L = +1.5458 | EMA = +1.4579 | std(g_L) = 1.2095 | grad = 0.4487
step  16560 | loss = -1.4341 | g_L = +1.4341 | EMA = +1.4515 | std(g_L) = 1.2528 | grad = 0.9111
step  16580 | loss = -1.3900 | g_L = +1.3900 | EMA = +1.4439 | std(g_L) = 1.3661 | grad = 0.2009
step  16600 | loss = -1.3793 | g_L = +1.3793 | EMA = +1.4409 | std(g_L) = 1.4586 | grad = 0.2678
step  16620 | loss = -1.4743 | g_L = +1.4743 | EMA = +1.4360 | std(g_L) = 1.1841 | grad = 0.4091
step  16640 | loss = -1.4825 | g_L = +1.4825 | EMA = +1.4383 | std(g_L) = 1.2855 | grad = 0.5220
step  16660 | loss = -1.4586 | g_L = +1.4586 | EMA = +1.4500 | std(g_L) = 1.2203 | grad = 0.4838
step  16680 | loss = -1.4948 | g_L = +1.4948 | EMA = +1.4523 | std(g_L) = 1.2416 | grad = 0.4050
step  16700 | loss = -1.4409 | g_L = +1.4409 | EMA = +1.4433 | std(g_L) = 1.3715 | grad = 0.7388
step  16720 | loss = -1.3743 | g_L = +1.3743 | EMA = +1.4411 | std(g_L) = 1.1996 | grad = 0.1625
step  16740 | loss = -1.4622 | g_L = +1.4622 | EMA = +1.4391 | std(g_L) = 1.2762 | grad = 0.2639
step  16760 | loss = -1.3757 | g_L = +1.3757 | EMA = +1.4431 | std(g_L) = 1.3922 | grad = 0.3040
step  16780 | loss = -1.4919 | g_L = +1.4919 | EMA = +1.4521 | std(g_L) = 1.1888 | grad = 0.2499
step  16800 | loss = -1.3852 | g_L = +1.3852 | EMA = +1.4375 | std(g_L) = 1.4371 | grad = 0.2059
step  16820 | loss = -1.4346 | g_L = +1.4346 | EMA = +1.4377 | std(g_L) = 1.3483 | grad = 0.5268
step  16840 | loss = -1.4730 | g_L = +1.4730 | EMA = +1.4526 | std(g_L) = 1.3128 | grad = 0.5958
step  16860 | loss = -1.4409 | g_L = +1.4409 | EMA = +1.4604 | std(g_L) = 1.2289 | grad = 0.2060
step  16880 | loss = -1.3731 | g_L = +1.3731 | EMA = +1.4533 | std(g_L) = 1.3894 | grad = 0.1674
step  16900 | loss = -1.4174 | g_L = +1.4174 | EMA = +1.4514 | std(g_L) = 1.2925 | grad = 0.5391
step  16920 | loss = -1.4960 | g_L = +1.4960 | EMA = +1.4503 | std(g_L) = 1.3255 | grad = 0.4550
step  16940 | loss = -1.4630 | g_L = +1.4630 | EMA = +1.4467 | std(g_L) = 1.3908 | grad = 0.2319
step  16960 | loss = -1.4271 | g_L = +1.4271 | EMA = +1.4507 | std(g_L) = 1.3468 | grad = 0.2581
step  16980 | loss = -1.4360 | g_L = +1.4360 | EMA = +1.4450 | std(g_L) = 1.2047 | grad = 0.4591
step  17000 | loss = -1.4446 | g_L = +1.4446 | EMA = +1.4509 | std(g_L) = 1.2014 | grad = 0.3728
step  17020 | loss = -1.5212 | g_L = +1.5212 | EMA = +1.4703 | std(g_L) = 1.2428 | grad = 0.2589
step  17040 | loss = -1.3545 | g_L = +1.3545 | EMA = +1.4507 | std(g_L) = 1.3640 | grad = 0.2321
step  17060 | loss = -1.4593 | g_L = +1.4593 | EMA = +1.4567 | std(g_L) = 1.2220 | grad = 0.6006
step  17080 | loss = -1.4021 | g_L = +1.4021 | EMA = +1.4576 | std(g_L) = 1.5730 | grad = 0.5554
step  17100 | loss = -1.3397 | g_L = +1.3397 | EMA = +1.4463 | std(g_L) = 1.4941 | grad = 0.1339
step  17120 | loss = -1.3839 | g_L = +1.3839 | EMA = +1.4372 | std(g_L) = 1.4312 | grad = 0.3407
step  17140 | loss = -1.4462 | g_L = +1.4462 | EMA = +1.4539 | std(g_L) = 1.3700 | grad = 0.2645
step  17160 | loss = -1.4854 | g_L = +1.4854 | EMA = +1.4558 | std(g_L) = 1.3975 | grad = 0.6886
step  17180 | loss = -1.4568 | g_L = +1.4568 | EMA = +1.4568 | std(g_L) = 1.1818 | grad = 0.3422
step  17200 | loss = -1.3357 | g_L = +1.3357 | EMA = +1.4524 | std(g_L) = 1.2595 | grad = 0.4849
step  17220 | loss = -1.3796 | g_L = +1.3796 | EMA = +1.4445 | std(g_L) = 1.2897 | grad = 0.7480
step  17240 | loss = -1.5028 | g_L = +1.5028 | EMA = +1.4563 | std(g_L) = 1.2680 | grad = 0.8636
step  17260 | loss = -1.5221 | g_L = +1.5221 | EMA = +1.4616 | std(g_L) = 1.1260 | grad = 0.5878
step  17280 | loss = -1.4332 | g_L = +1.4332 | EMA = +1.4531 | std(g_L) = 1.2412 | grad = 0.3085
step  17300 | loss = -1.5265 | g_L = +1.5265 | EMA = +1.4652 | std(g_L) = 1.1873 | grad = 0.1781
step  17320 | loss = -1.5215 | g_L = +1.5215 | EMA = +1.4651 | std(g_L) = 1.2626 | grad = 0.9954
step  17340 | loss = -1.3819 | g_L = +1.3819 | EMA = +1.4506 | std(g_L) = 1.2935 | grad = 0.4714
step  17360 | loss = -1.4512 | g_L = +1.4512 | EMA = +1.4692 | std(g_L) = 1.3696 | grad = 0.3715
step  17380 | loss = -1.4708 | g_L = +1.4708 | EMA = +1.4542 | std(g_L) = 1.2181 | grad = 1.0601
step  17400 | loss = -1.4361 | g_L = +1.4361 | EMA = +1.4604 | std(g_L) = 1.2292 | grad = 0.3209
step  17420 | loss = -1.4828 | g_L = +1.4828 | EMA = +1.4587 | std(g_L) = 1.3465 | grad = 0.7595
step  17440 | loss = -1.3954 | g_L = +1.3954 | EMA = +1.4434 | std(g_L) = 1.2656 | grad = 0.7893
step  17460 | loss = -1.4406 | g_L = +1.4406 | EMA = +1.4533 | std(g_L) = 1.2708 | grad = 0.1181
step  17480 | loss = -1.4148 | g_L = +1.4148 | EMA = +1.4400 | std(g_L) = 1.3321 | grad = 0.1915
step  17500 | loss = -1.4972 | g_L = +1.4972 | EMA = +1.4525 | std(g_L) = 1.3274 | grad = 0.1054
step  17520 | loss = -1.4881 | g_L = +1.4881 | EMA = +1.4536 | std(g_L) = 1.2224 | grad = 0.9990
step  17540 | loss = -1.5146 | g_L = +1.5146 | EMA = +1.4558 | std(g_L) = 1.2187 | grad = 0.4323
step  17560 | loss = -1.3942 | g_L = +1.3942 | EMA = +1.4489 | std(g_L) = 1.3247 | grad = 0.7677
step  17580 | loss = -1.4655 | g_L = +1.4655 | EMA = +1.4581 | std(g_L) = 1.2378 | grad = 0.5083
step  17600 | loss = -1.3986 | g_L = +1.3986 | EMA = +1.4526 | std(g_L) = 1.5474 | grad = 0.5006
step  17620 | loss = -1.4326 | g_L = +1.4326 | EMA = +1.4448 | std(g_L) = 1.3005 | grad = 0.7650
step  17640 | loss = -1.4385 | g_L = +1.4385 | EMA = +1.4492 | std(g_L) = 1.2499 | grad = 0.3174
step  17660 | loss = -1.4658 | g_L = +1.4658 | EMA = +1.4603 | std(g_L) = 1.3117 | grad = 0.2035
step  17680 | loss = -1.4225 | g_L = +1.4225 | EMA = +1.4473 | std(g_L) = 1.2974 | grad = 0.2214
step  17700 | loss = -1.5519 | g_L = +1.5519 | EMA = +1.4589 | std(g_L) = 1.2513 | grad = 0.1706
step  17720 | loss = -1.3960 | g_L = +1.3960 | EMA = +1.4547 | std(g_L) = 1.3446 | grad = 0.3117
step  17740 | loss = -1.4412 | g_L = +1.4412 | EMA = +1.4585 | std(g_L) = 1.3912 | grad = 0.6667
step  17760 | loss = -1.4867 | g_L = +1.4867 | EMA = +1.4368 | std(g_L) = 1.2978 | grad = 0.2867
step  17780 | loss = -1.4019 | g_L = +1.4019 | EMA = +1.4529 | std(g_L) = 1.2756 | grad = 0.4111
step  17800 | loss = -1.4528 | g_L = +1.4528 | EMA = +1.4618 | std(g_L) = 1.2446 | grad = 0.2288
step  17820 | loss = -1.3964 | g_L = +1.3964 | EMA = +1.4545 | std(g_L) = 1.6312 | grad = 0.2709
step  17840 | loss = -1.4591 | g_L = +1.4591 | EMA = +1.4462 | std(g_L) = 1.1919 | grad = 0.7206
step  17860 | loss = -1.4719 | g_L = +1.4719 | EMA = +1.4628 | std(g_L) = 1.3718 | grad = 0.2257
step  17880 | loss = -1.4116 | g_L = +1.4116 | EMA = +1.4447 | std(g_L) = 1.3693 | grad = 1.3372
step  17900 | loss = -1.4775 | g_L = +1.4775 | EMA = +1.4600 | std(g_L) = 1.2290 | grad = 0.2934
step  17920 | loss = -1.4731 | g_L = +1.4731 | EMA = +1.4476 | std(g_L) = 1.3147 | grad = 0.5184
step  17940 | loss = -1.5291 | g_L = +1.5291 | EMA = +1.4573 | std(g_L) = 1.1989 | grad = 0.8855
step  17960 | loss = -1.5209 | g_L = +1.5209 | EMA = +1.4454 | std(g_L) = 1.2529 | grad = 0.0984
step  17980 | loss = -1.4461 | g_L = +1.4461 | EMA = +1.4593 | std(g_L) = 1.3922 | grad = 0.2886
step  18000 | loss = -1.4564 | g_L = +1.4564 | EMA = +1.4535 | std(g_L) = 1.5200 | grad = 0.6588
step  18020 | loss = -1.4136 | g_L = +1.4136 | EMA = +1.4381 | std(g_L) = 1.3456 | grad = 0.2006
step  18040 | loss = -1.3761 | g_L = +1.3761 | EMA = +1.4471 | std(g_L) = 1.3135 | grad = 0.6835
step  18060 | loss = -1.5566 | g_L = +1.5566 | EMA = +1.4566 | std(g_L) = 1.3249 | grad = 0.3425
step  18080 | loss = -1.4498 | g_L = +1.4498 | EMA = +1.4484 | std(g_L) = 1.2215 | grad = 0.8391
step  18100 | loss = -1.3899 | g_L = +1.3899 | EMA = +1.4388 | std(g_L) = 1.5296 | grad = 0.4162
step  18120 | loss = -1.4817 | g_L = +1.4817 | EMA = +1.4422 | std(g_L) = 1.2813 | grad = 1.1757
step  18140 | loss = -1.3478 | g_L = +1.3478 | EMA = +1.4486 | std(g_L) = 1.3083 | grad = 0.2220
step  18160 | loss = -1.4818 | g_L = +1.4818 | EMA = +1.4591 | std(g_L) = 1.1194 | grad = 0.3812
step  18180 | loss = -1.4225 | g_L = +1.4225 | EMA = +1.4389 | std(g_L) = 1.3380 | grad = 0.4542
step  18200 | loss = -1.4484 | g_L = +1.4484 | EMA = +1.4277 | std(g_L) = 1.2768 | grad = 0.1637
step  18220 | loss = -1.4975 | g_L = +1.4975 | EMA = +1.4495 | std(g_L) = 1.2605 | grad = 0.1768
step  18240 | loss = -1.5754 | g_L = +1.5754 | EMA = +1.4564 | std(g_L) = 1.1932 | grad = 0.4067
step  18260 | loss = -1.5075 | g_L = +1.5075 | EMA = +1.4525 | std(g_L) = 1.2044 | grad = 0.3253
step  18280 | loss = -1.6377 | g_L = +1.6377 | EMA = +1.4551 | std(g_L) = 1.2003 | grad = 1.0980
step  18300 | loss = -1.4508 | g_L = +1.4508 | EMA = +1.4403 | std(g_L) = 1.2805 | grad = 0.2296
step  18320 | loss = -1.4144 | g_L = +1.4144 | EMA = +1.4351 | std(g_L) = 1.2644 | grad = 0.3466
step  18340 | loss = -1.4211 | g_L = +1.4211 | EMA = +1.4415 | std(g_L) = 1.4563 | grad = 0.2664
step  18360 | loss = -1.4965 | g_L = +1.4965 | EMA = +1.4445 | std(g_L) = 1.3200 | grad = 0.5091
step  18380 | loss = -1.4609 | g_L = +1.4609 | EMA = +1.4545 | std(g_L) = 1.2240 | grad = 0.5896
step  18400 | loss = -1.4816 | g_L = +1.4816 | EMA = +1.4632 | std(g_L) = 1.2586 | grad = 0.4777
step  18420 | loss = -1.3756 | g_L = +1.3756 | EMA = +1.4557 | std(g_L) = 1.4163 | grad = 0.4338
step  18440 | loss = -1.5063 | g_L = +1.5063 | EMA = +1.4586 | std(g_L) = 1.3253 | grad = 0.3902
step  18460 | loss = -1.3597 | g_L = +1.3597 | EMA = +1.4570 | std(g_L) = 1.3502 | grad = 0.4606
step  18480 | loss = -1.4891 | g_L = +1.4891 | EMA = +1.4404 | std(g_L) = 1.4591 | grad = 0.6015
step  18500 | loss = -1.4426 | g_L = +1.4426 | EMA = +1.4436 | std(g_L) = 1.4428 | grad = 0.8700
step  18520 | loss = -1.4075 | g_L = +1.4075 | EMA = +1.4472 | std(g_L) = 1.2565 | grad = 0.5298
step  18540 | loss = -1.4148 | g_L = +1.4148 | EMA = +1.4494 | std(g_L) = 1.3787 | grad = 0.3715
step  18560 | loss = -1.3559 | g_L = +1.3559 | EMA = +1.4536 | std(g_L) = 1.3142 | grad = 0.8893
step  18580 | loss = -1.5053 | g_L = +1.5053 | EMA = +1.4512 | std(g_L) = 1.2221 | grad = 0.2656
step  18600 | loss = -1.4718 | g_L = +1.4718 | EMA = +1.4590 | std(g_L) = 1.3388 | grad = 0.5132
step  18620 | loss = -1.3780 | g_L = +1.3780 | EMA = +1.4724 | std(g_L) = 1.4064 | grad = 0.5646
step  18640 | loss = -1.4792 | g_L = +1.4792 | EMA = +1.4652 | std(g_L) = 1.2872 | grad = 0.2294
step  18660 | loss = -1.4412 | g_L = +1.4412 | EMA = +1.4657 | std(g_L) = 1.2970 | grad = 1.4143
step  18680 | loss = -1.5927 | g_L = +1.5927 | EMA = +1.4744 | std(g_L) = 1.1858 | grad = 0.7936
step  18700 | loss = -1.3913 | g_L = +1.3913 | EMA = +1.4708 | std(g_L) = 1.5176 | grad = 0.1302
step  18720 | loss = -1.4236 | g_L = +1.4236 | EMA = +1.4594 | std(g_L) = 1.3271 | grad = 0.4919
step  18740 | loss = -1.4981 | g_L = +1.4981 | EMA = +1.4520 | std(g_L) = 1.2114 | grad = 0.4113
step  18760 | loss = -1.4454 | g_L = +1.4454 | EMA = +1.4410 | std(g_L) = 1.2537 | grad = 0.6613
step  18780 | loss = -1.5033 | g_L = +1.5033 | EMA = +1.4632 | std(g_L) = 1.2018 | grad = 0.2886
step  18800 | loss = -1.5319 | g_L = +1.5319 | EMA = +1.4606 | std(g_L) = 1.2863 | grad = 0.9493
step  18820 | loss = -1.4655 | g_L = +1.4655 | EMA = +1.4743 | std(g_L) = 1.3081 | grad = 0.1619
step  18840 | loss = -1.4148 | g_L = +1.4148 | EMA = +1.4512 | std(g_L) = 1.2788 | grad = 0.1858
step  18860 | loss = -1.4845 | g_L = +1.4845 | EMA = +1.4487 | std(g_L) = 1.2231 | grad = 0.4194
step  18880 | loss = -1.4258 | g_L = +1.4258 | EMA = +1.4560 | std(g_L) = 1.2841 | grad = 0.2316
step  18900 | loss = -1.4892 | g_L = +1.4892 | EMA = +1.4730 | std(g_L) = 1.2247 | grad = 0.3478
step  18920 | loss = -1.4234 | g_L = +1.4234 | EMA = +1.4626 | std(g_L) = 1.2950 | grad = 0.3960
step  18940 | loss = -1.4398 | g_L = +1.4398 | EMA = +1.4450 | std(g_L) = 1.5994 | grad = 0.5403
step  18960 | loss = -1.5587 | g_L = +1.5587 | EMA = +1.4609 | std(g_L) = 1.2580 | grad = 0.3724
step  18980 | loss = -1.5674 | g_L = +1.5674 | EMA = +1.4737 | std(g_L) = 1.3923 | grad = 0.1795
step  19000 | loss = -1.4534 | g_L = +1.4534 | EMA = +1.4711 | std(g_L) = 1.3387 | grad = 0.4253
step  19020 | loss = -1.4372 | g_L = +1.4372 | EMA = +1.4606 | std(g_L) = 1.2584 | grad = 0.7696
step  19040 | loss = -1.3857 | g_L = +1.3857 | EMA = +1.4695 | std(g_L) = 1.2747 | grad = 0.5678
step  19060 | loss = -1.4610 | g_L = +1.4610 | EMA = +1.4626 | std(g_L) = 1.1996 | grad = 0.2971
step  19080 | loss = -1.4879 | g_L = +1.4879 | EMA = +1.4565 | std(g_L) = 1.1689 | grad = 0.6208
step  19100 | loss = -1.4640 | g_L = +1.4640 | EMA = +1.4506 | std(g_L) = 1.3543 | grad = 0.3088
step  19120 | loss = -1.4419 | g_L = +1.4419 | EMA = +1.4500 | std(g_L) = 1.1919 | grad = 0.4842
step  19140 | loss = -1.5004 | g_L = +1.5004 | EMA = +1.4558 | std(g_L) = 1.2422 | grad = 0.3688
step  19160 | loss = -1.4647 | g_L = +1.4647 | EMA = +1.4543 | std(g_L) = 1.2630 | grad = 0.8278
step  19180 | loss = -1.4485 | g_L = +1.4485 | EMA = +1.4580 | std(g_L) = 1.3778 | grad = 0.7316
step  19200 | loss = -1.5163 | g_L = +1.5163 | EMA = +1.4527 | std(g_L) = 1.4068 | grad = 0.2055
step  19220 | loss = -1.5227 | g_L = +1.5227 | EMA = +1.4640 | std(g_L) = 1.3494 | grad = 0.5448
step  19240 | loss = -1.4974 | g_L = +1.4974 | EMA = +1.4750 | std(g_L) = 1.2947 | grad = 0.9024
step  19260 | loss = -1.5155 | g_L = +1.5155 | EMA = +1.4623 | std(g_L) = 1.1960 | grad = 0.9077
step  19280 | loss = -1.4800 | g_L = +1.4800 | EMA = +1.4610 | std(g_L) = 1.2778 | grad = 0.2980
step  19300 | loss = -1.4580 | g_L = +1.4580 | EMA = +1.4641 | std(g_L) = 1.4489 | grad = 0.9123
step  19320 | loss = -1.4667 | g_L = +1.4667 | EMA = +1.4471 | std(g_L) = 1.2551 | grad = 0.1400
step  19340 | loss = -1.4671 | g_L = +1.4671 | EMA = +1.4527 | std(g_L) = 1.2809 | grad = 0.6619
step  19360 | loss = -1.5793 | g_L = +1.5793 | EMA = +1.4505 | std(g_L) = 1.1911 | grad = 0.5681
step  19380 | loss = -1.5116 | g_L = +1.5116 | EMA = +1.4591 | std(g_L) = 1.2541 | grad = 0.5522
step  19400 | loss = -1.4109 | g_L = +1.4109 | EMA = +1.4547 | std(g_L) = 1.5259 | grad = 0.4828
step  19420 | loss = -1.4452 | g_L = +1.4452 | EMA = +1.4350 | std(g_L) = 1.1757 | grad = 0.7415
step  19440 | loss = -1.5517 | g_L = +1.5517 | EMA = +1.4431 | std(g_L) = 1.1495 | grad = 0.8988
step  19460 | loss = -1.5744 | g_L = +1.5744 | EMA = +1.4736 | std(g_L) = 1.1978 | grad = 0.8717
step  19480 | loss = -1.4423 | g_L = +1.4423 | EMA = +1.4458 | std(g_L) = 1.3158 | grad = 0.2535
step  19500 | loss = -1.4350 | g_L = +1.4350 | EMA = +1.4374 | std(g_L) = 1.3214 | grad = 0.8112
step  19520 | loss = -1.4136 | g_L = +1.4136 | EMA = +1.4486 | std(g_L) = 1.2493 | grad = 0.5411
step  19540 | loss = -1.3835 | g_L = +1.3835 | EMA = +1.4560 | std(g_L) = 1.3785 | grad = 0.2593
step  19560 | loss = -1.4184 | g_L = +1.4184 | EMA = +1.4635 | std(g_L) = 1.2789 | grad = 0.1907
step  19580 | loss = -1.4570 | g_L = +1.4570 | EMA = +1.4737 | std(g_L) = 1.2355 | grad = 0.9121
step  19600 | loss = -1.5625 | g_L = +1.5625 | EMA = +1.4799 | std(g_L) = 1.4112 | grad = 1.2921
step  19620 | loss = -1.3702 | g_L = +1.3702 | EMA = +1.4599 | std(g_L) = 1.4481 | grad = 0.6964
step  19640 | loss = -1.4932 | g_L = +1.4932 | EMA = +1.4541 | std(g_L) = 1.2701 | grad = 0.3273
step  19660 | loss = -1.4593 | g_L = +1.4593 | EMA = +1.4597 | std(g_L) = 1.3343 | grad = 0.8032
step  19680 | loss = -1.4074 | g_L = +1.4074 | EMA = +1.4626 | std(g_L) = 1.2429 | grad = 0.1765
step  19700 | loss = -1.5181 | g_L = +1.5181 | EMA = +1.4454 | std(g_L) = 1.2811 | grad = 0.4450
step  19720 | loss = -1.4636 | g_L = +1.4636 | EMA = +1.4433 | std(g_L) = 1.3467 | grad = 0.2592
step  19740 | loss = -1.5253 | g_L = +1.5253 | EMA = +1.4420 | std(g_L) = 1.3950 | grad = 0.9382
step  19760 | loss = -1.3464 | g_L = +1.3464 | EMA = +1.4416 | std(g_L) = 1.3851 | grad = 0.2544
step  19780 | loss = -1.3611 | g_L = +1.3611 | EMA = +1.4526 | std(g_L) = 1.3941 | grad = 0.2531
step  19800 | loss = -1.4024 | g_L = +1.4024 | EMA = +1.4380 | std(g_L) = 1.2662 | grad = 1.0736
step  19820 | loss = -1.4600 | g_L = +1.4600 | EMA = +1.4508 | std(g_L) = 1.3210 | grad = 0.8084
step  19840 | loss = -1.5328 | g_L = +1.5328 | EMA = +1.4591 | std(g_L) = 1.2659 | grad = 0.5217
step  19860 | loss = -1.4783 | g_L = +1.4783 | EMA = +1.4607 | std(g_L) = 1.4245 | grad = 0.4475
step  19880 | loss = -1.5257 | g_L = +1.5257 | EMA = +1.4656 | std(g_L) = 1.2972 | grad = 0.2666
step  19900 | loss = -1.4658 | g_L = +1.4658 | EMA = +1.4584 | std(g_L) = 1.2782 | grad = 0.1788
step  19920 | loss = -1.5790 | g_L = +1.5790 | EMA = +1.4677 | std(g_L) = 1.2814 | grad = 0.3700
step  19940 | loss = -1.4335 | g_L = +1.4335 | EMA = +1.4627 | std(g_L) = 1.2769 | grad = 0.2360
step  19960 | loss = -1.4326 | g_L = +1.4326 | EMA = +1.4539 | std(g_L) = 1.4039 | grad = 0.2053
step  19980 | loss = -1.4690 | g_L = +1.4690 | EMA = +1.4459 | std(g_L) = 1.3652 | grad = 0.2820
step  20000 | loss = -1.3383 | g_L = +1.3383 | EMA = +1.4475 | std(g_L) = 1.2432 | grad = 0.3930
step  20020 | loss = -1.5364 | g_L = +1.5364 | EMA = +1.4638 | std(g_L) = 1.3181 | grad = 0.1418
step  20040 | loss = -1.4615 | g_L = +1.4615 | EMA = +1.4571 | std(g_L) = 1.4392 | grad = 0.8795
step  20060 | loss = -1.4780 | g_L = +1.4780 | EMA = +1.4640 | std(g_L) = 1.3951 | grad = 0.1842
step  20080 | loss = -1.4624 | g_L = +1.4624 | EMA = +1.4523 | std(g_L) = 1.2488 | grad = 0.1898
step  20100 | loss = -1.3320 | g_L = +1.3320 | EMA = +1.4587 | std(g_L) = 1.2943 | grad = 0.4055
step  20120 | loss = -1.5388 | g_L = +1.5388 | EMA = +1.4769 | std(g_L) = 1.3514 | grad = 0.5768
step  20140 | loss = -1.3896 | g_L = +1.3896 | EMA = +1.4634 | std(g_L) = 1.2106 | grad = 0.6483
step  20160 | loss = -1.4992 | g_L = +1.4992 | EMA = +1.4668 | std(g_L) = 1.3905 | grad = 0.6394
step  20180 | loss = -1.4350 | g_L = +1.4350 | EMA = +1.4547 | std(g_L) = 1.2522 | grad = 0.3886
step  20200 | loss = -1.4238 | g_L = +1.4238 | EMA = +1.4426 | std(g_L) = 1.2018 | grad = 0.1423
step  20220 | loss = -1.4898 | g_L = +1.4898 | EMA = +1.4569 | std(g_L) = 1.3249 | grad = 0.3771
step  20240 | loss = -1.4830 | g_L = +1.4830 | EMA = +1.4643 | std(g_L) = 1.4643 | grad = 0.1855
step  20260 | loss = -1.3662 | g_L = +1.3662 | EMA = +1.4573 | std(g_L) = 1.4064 | grad = 0.1297
step  20280 | loss = -1.5825 | g_L = +1.5825 | EMA = +1.4508 | std(g_L) = 1.1697 | grad = 0.9344
step  20300 | loss = -1.4541 | g_L = +1.4541 | EMA = +1.4558 | std(g_L) = 1.3554 | grad = 0.1810
step  20320 | loss = -1.4376 | g_L = +1.4376 | EMA = +1.4470 | std(g_L) = 1.2376 | grad = 0.5158
step  20340 | loss = -1.5002 | g_L = +1.5002 | EMA = +1.4610 | std(g_L) = 1.2514 | grad = 0.3225
step  20360 | loss = -1.4513 | g_L = +1.4513 | EMA = +1.4605 | std(g_L) = 1.2660 | grad = 0.3907
step  20380 | loss = -1.4455 | g_L = +1.4455 | EMA = +1.4596 | std(g_L) = 1.4617 | grad = 0.9104
step  20400 | loss = -1.4530 | g_L = +1.4530 | EMA = +1.4578 | std(g_L) = 1.5138 | grad = 0.1348
step  20420 | loss = -1.5544 | g_L = +1.5544 | EMA = +1.4680 | std(g_L) = 1.1776 | grad = 0.5418
step  20440 | loss = -1.5160 | g_L = +1.5160 | EMA = +1.4592 | std(g_L) = 1.1703 | grad = 1.2094
step  20460 | loss = -1.4571 | g_L = +1.4571 | EMA = +1.4619 | std(g_L) = 1.2756 | grad = 0.2898
step  20480 | loss = -1.5017 | g_L = +1.5017 | EMA = +1.4585 | std(g_L) = 1.2230 | grad = 0.4111
step  20500 | loss = -1.4077 | g_L = +1.4077 | EMA = +1.4545 | std(g_L) = 1.4947 | grad = 0.3098
step  20520 | loss = -1.4012 | g_L = +1.4012 | EMA = +1.4421 | std(g_L) = 1.4379 | grad = 0.3282
step  20540 | loss = -1.4107 | g_L = +1.4107 | EMA = +1.4550 | std(g_L) = 1.2547 | grad = 0.2246
step  20560 | loss = -1.3575 | g_L = +1.3575 | EMA = +1.4485 | std(g_L) = 1.3799 | grad = 0.6545
step  20580 | loss = -1.3993 | g_L = +1.3993 | EMA = +1.4570 | std(g_L) = 1.5425 | grad = 0.7021
step  20600 | loss = -1.5187 | g_L = +1.5187 | EMA = +1.4545 | std(g_L) = 1.2090 | grad = 0.2860
step  20620 | loss = -1.4691 | g_L = +1.4691 | EMA = +1.4471 | std(g_L) = 1.1920 | grad = 0.1563
step  20640 | loss = -1.4429 | g_L = +1.4429 | EMA = +1.4574 | std(g_L) = 1.2819 | grad = 0.3438
step  20660 | loss = -1.4987 | g_L = +1.4987 | EMA = +1.4635 | std(g_L) = 1.2603 | grad = 0.6126
step  20680 | loss = -1.5240 | g_L = +1.5240 | EMA = +1.4554 | std(g_L) = 1.3213 | grad = 0.1416
step  20700 | loss = -1.4688 | g_L = +1.4688 | EMA = +1.4581 | std(g_L) = 1.3183 | grad = 0.7691
step  20720 | loss = -1.5096 | g_L = +1.5096 | EMA = +1.4587 | std(g_L) = 1.3144 | grad = 0.4283
step  20740 | loss = -1.4157 | g_L = +1.4157 | EMA = +1.4491 | std(g_L) = 1.3213 | grad = 0.6867
step  20760 | loss = -1.4678 | g_L = +1.4678 | EMA = +1.4485 | std(g_L) = 1.3387 | grad = 0.5201
step  20780 | loss = -1.5107 | g_L = +1.5107 | EMA = +1.4574 | std(g_L) = 1.2693 | grad = 0.6085
step  20800 | loss = -1.4528 | g_L = +1.4528 | EMA = +1.4622 | std(g_L) = 1.2243 | grad = 1.2000
step  20820 | loss = -1.3694 | g_L = +1.3694 | EMA = +1.4501 | std(g_L) = 1.3240 | grad = 0.6282
step  20840 | loss = -1.4780 | g_L = +1.4780 | EMA = +1.4652 | std(g_L) = 1.2572 | grad = 0.3911
step  20860 | loss = -1.4293 | g_L = +1.4293 | EMA = +1.4557 | std(g_L) = 1.2331 | grad = 0.2053
step  20880 | loss = -1.4662 | g_L = +1.4662 | EMA = +1.4675 | std(g_L) = 1.3384 | grad = 0.7715
step  20900 | loss = -1.4842 | g_L = +1.4842 | EMA = +1.4512 | std(g_L) = 1.1736 | grad = 0.7956
step  20920 | loss = -1.4780 | g_L = +1.4780 | EMA = +1.4855 | std(g_L) = 1.3122 | grad = 0.3123
step  20940 | loss = -1.5061 | g_L = +1.5061 | EMA = +1.4671 | std(g_L) = 1.2894 | grad = 0.1949
step  20960 | loss = -1.4516 | g_L = +1.4516 | EMA = +1.4673 | std(g_L) = 1.4168 | grad = 0.6206
step  20980 | loss = -1.4516 | g_L = +1.4516 | EMA = +1.4599 | std(g_L) = 1.3615 | grad = 0.7940
step  21000 | loss = -1.4017 | g_L = +1.4017 | EMA = +1.4636 | std(g_L) = 1.2743 | grad = 0.3113
step  21020 | loss = -1.4287 | g_L = +1.4287 | EMA = +1.4631 | std(g_L) = 1.3382 | grad = 0.2360
step  21040 | loss = -1.5224 | g_L = +1.5224 | EMA = +1.4660 | std(g_L) = 1.2430 | grad = 0.3443
step  21060 | loss = -1.4482 | g_L = +1.4482 | EMA = +1.4470 | std(g_L) = 1.4111 | grad = 0.3695
step  21080 | loss = -1.4053 | g_L = +1.4053 | EMA = +1.4494 | std(g_L) = 1.2639 | grad = 0.4203
step  21100 | loss = -1.4296 | g_L = +1.4296 | EMA = +1.4558 | std(g_L) = 1.3965 | grad = 0.2362
step  21120 | loss = -1.4937 | g_L = +1.4937 | EMA = +1.4588 | std(g_L) = 1.2751 | grad = 0.8458
step  21140 | loss = -1.3773 | g_L = +1.3773 | EMA = +1.4540 | std(g_L) = 1.3979 | grad = 0.2727
step  21160 | loss = -1.4545 | g_L = +1.4545 | EMA = +1.4536 | std(g_L) = 1.3179 | grad = 0.5407
step  21180 | loss = -1.4007 | g_L = +1.4007 | EMA = +1.4528 | std(g_L) = 1.3816 | grad = 0.7309
step  21200 | loss = -1.5450 | g_L = +1.5450 | EMA = +1.4689 | std(g_L) = 1.1949 | grad = 1.1639
step  21220 | loss = -1.4722 | g_L = +1.4722 | EMA = +1.4624 | std(g_L) = 1.5032 | grad = 0.3274
step  21240 | loss = -1.5068 | g_L = +1.5068 | EMA = +1.4668 | std(g_L) = 1.2996 | grad = 0.2200
step  21260 | loss = -1.3482 | g_L = +1.3482 | EMA = +1.4494 | std(g_L) = 1.2156 | grad = 0.5855
step  21280 | loss = -1.5018 | g_L = +1.5018 | EMA = +1.4510 | std(g_L) = 1.4527 | grad = 1.3605
step  21300 | loss = -1.5436 | g_L = +1.5436 | EMA = +1.4527 | std(g_L) = 1.2767 | grad = 0.3226
step  21320 | loss = -1.5972 | g_L = +1.5972 | EMA = +1.4649 | std(g_L) = 1.2111 | grad = 0.3429
step  21340 | loss = -1.5132 | g_L = +1.5132 | EMA = +1.4584 | std(g_L) = 1.2474 | grad = 0.5441
step  21360 | loss = -1.3769 | g_L = +1.3769 | EMA = +1.4443 | std(g_L) = 1.2605 | grad = 0.4741
step  21380 | loss = -1.4309 | g_L = +1.4309 | EMA = +1.4606 | std(g_L) = 1.3772 | grad = 0.1812
step  21400 | loss = -1.4200 | g_L = +1.4200 | EMA = +1.4604 | std(g_L) = 1.2496 | grad = 0.2651
step  21420 | loss = -1.4570 | g_L = +1.4570 | EMA = +1.4633 | std(g_L) = 1.3043 | grad = 0.2038
step  21440 | loss = -1.3515 | g_L = +1.3515 | EMA = +1.4522 | std(g_L) = 1.4142 | grad = 0.8620
step  21460 | loss = -1.5049 | g_L = +1.5049 | EMA = +1.4352 | std(g_L) = 1.3571 | grad = 0.2380
step  21480 | loss = -1.4029 | g_L = +1.4029 | EMA = +1.4433 | std(g_L) = 1.5399 | grad = 0.5129
step  21500 | loss = -1.4892 | g_L = +1.4892 | EMA = +1.4535 | std(g_L) = 1.2457 | grad = 0.1553
step  21520 | loss = -1.5487 | g_L = +1.5487 | EMA = +1.4617 | std(g_L) = 1.3443 | grad = 0.3178
step  21540 | loss = -1.3655 | g_L = +1.3655 | EMA = +1.4501 | std(g_L) = 1.2944 | grad = 0.4798
step  21560 | loss = -1.4143 | g_L = +1.4143 | EMA = +1.4548 | std(g_L) = 1.3870 | grad = 0.7212
step  21580 | loss = -1.4475 | g_L = +1.4475 | EMA = +1.4688 | std(g_L) = 1.2880 | grad = 0.2099
step  21600 | loss = -1.4263 | g_L = +1.4263 | EMA = +1.4656 | std(g_L) = 1.2065 | grad = 0.5928
step  21620 | loss = -1.4225 | g_L = +1.4225 | EMA = +1.4598 | std(g_L) = 1.3351 | grad = 0.3653
step  21640 | loss = -1.5341 | g_L = +1.5341 | EMA = +1.4560 | std(g_L) = 1.4308 | grad = 0.5580
step  21660 | loss = -1.3994 | g_L = +1.3994 | EMA = +1.4621 | std(g_L) = 1.3445 | grad = 0.6844
step  21680 | loss = -1.4664 | g_L = +1.4664 | EMA = +1.4739 | std(g_L) = 1.2885 | grad = 0.5477
step  21700 | loss = -1.4254 | g_L = +1.4254 | EMA = +1.4701 | std(g_L) = 1.2774 | grad = 0.2250
step  21720 | loss = -1.4893 | g_L = +1.4893 | EMA = +1.4596 | std(g_L) = 1.3717 | grad = 0.3758
step  21740 | loss = -1.4572 | g_L = +1.4572 | EMA = +1.4702 | std(g_L) = 1.3163 | grad = 1.2968
step  21760 | loss = -1.5081 | g_L = +1.5081 | EMA = +1.4756 | std(g_L) = 1.3563 | grad = 0.3222
step  21780 | loss = -1.4314 | g_L = +1.4314 | EMA = +1.4704 | std(g_L) = 1.3451 | grad = 0.2003
step  21800 | loss = -1.4813 | g_L = +1.4813 | EMA = +1.4488 | std(g_L) = 1.2386 | grad = 0.5582
step  21820 | loss = -1.4134 | g_L = +1.4134 | EMA = +1.4454 | std(g_L) = 1.5007 | grad = 0.2845
step  21840 | loss = -1.5059 | g_L = +1.5059 | EMA = +1.4540 | std(g_L) = 1.3751 | grad = 0.1328
step  21860 | loss = -1.5855 | g_L = +1.5855 | EMA = +1.4684 | std(g_L) = 1.1851 | grad = 0.3703
step  21880 | loss = -1.4201 | g_L = +1.4201 | EMA = +1.4580 | std(g_L) = 1.4888 | grad = 0.1469
step  21900 | loss = -1.4573 | g_L = +1.4573 | EMA = +1.4734 | std(g_L) = 1.2777 | grad = 0.4931
step  21920 | loss = -1.4621 | g_L = +1.4621 | EMA = +1.4660 | std(g_L) = 1.1813 | grad = 0.3964
step  21940 | loss = -1.3920 | g_L = +1.3920 | EMA = +1.4664 | std(g_L) = 1.1989 | grad = 0.2093
step  21960 | loss = -1.5208 | g_L = +1.5208 | EMA = +1.4660 | std(g_L) = 1.2347 | grad = 0.2252
step  21980 | loss = -1.3801 | g_L = +1.3801 | EMA = +1.4651 | std(g_L) = 1.2258 | grad = 0.3879
step  22000 | loss = -1.4738 | g_L = +1.4738 | EMA = +1.4652 | std(g_L) = 1.3920 | grad = 0.3691
step  22020 | loss = -1.3858 | g_L = +1.3858 | EMA = +1.4690 | std(g_L) = 1.3220 | grad = 1.4539
step  22040 | loss = -1.4131 | g_L = +1.4131 | EMA = +1.4600 | std(g_L) = 1.2555 | grad = 0.2287
step  22060 | loss = -1.3917 | g_L = +1.3917 | EMA = +1.4614 | std(g_L) = 1.4316 | grad = 0.2284
step  22080 | loss = -1.4973 | g_L = +1.4973 | EMA = +1.4620 | std(g_L) = 1.4027 | grad = 0.2279
step  22100 | loss = -1.4701 | g_L = +1.4701 | EMA = +1.4592 | std(g_L) = 1.4546 | grad = 1.2163
step  22120 | loss = -1.4052 | g_L = +1.4052 | EMA = +1.4540 | std(g_L) = 1.3318 | grad = 0.3078
step  22140 | loss = -1.4843 | g_L = +1.4843 | EMA = +1.4619 | std(g_L) = 1.4919 | grad = 0.3229
step  22160 | loss = -1.3870 | g_L = +1.3870 | EMA = +1.4458 | std(g_L) = 1.4812 | grad = 0.2874
step  22180 | loss = -1.5420 | g_L = +1.5420 | EMA = +1.4491 | std(g_L) = 1.3105 | grad = 0.5238
step  22200 | loss = -1.5773 | g_L = +1.5773 | EMA = +1.4586 | std(g_L) = 1.2117 | grad = 1.1778
step  22220 | loss = -1.5044 | g_L = +1.5044 | EMA = +1.4610 | std(g_L) = 1.2754 | grad = 0.8142
step  22240 | loss = -1.3857 | g_L = +1.3857 | EMA = +1.4514 | std(g_L) = 1.3187 | grad = 1.0754
step  22260 | loss = -1.4436 | g_L = +1.4436 | EMA = +1.4588 | std(g_L) = 1.3356 | grad = 0.8305
step  22280 | loss = -1.5393 | g_L = +1.5393 | EMA = +1.4622 | std(g_L) = 1.2683 | grad = 0.0980
step  22300 | loss = -1.3846 | g_L = +1.3846 | EMA = +1.4499 | std(g_L) = 1.3498 | grad = 0.0973
step  22320 | loss = -1.4290 | g_L = +1.4290 | EMA = +1.4442 | std(g_L) = 1.3267 | grad = 0.2242
step  22340 | loss = -1.4616 | g_L = +1.4616 | EMA = +1.4490 | std(g_L) = 1.2323 | grad = 0.8597
step  22360 | loss = -1.3864 | g_L = +1.3864 | EMA = +1.4568 | std(g_L) = 1.3316 | grad = 0.5899
step  22380 | loss = -1.5442 | g_L = +1.5442 | EMA = +1.4722 | std(g_L) = 1.3442 | grad = 0.2932
step  22400 | loss = -1.3508 | g_L = +1.3508 | EMA = +1.4778 | std(g_L) = 1.3131 | grad = 0.7837
step  22420 | loss = -1.5272 | g_L = +1.5272 | EMA = +1.4750 | std(g_L) = 1.2236 | grad = 0.1644
step  22440 | loss = -1.4297 | g_L = +1.4297 | EMA = +1.4535 | std(g_L) = 1.4480 | grad = 0.1690
step  22460 | loss = -1.4244 | g_L = +1.4244 | EMA = +1.4496 | std(g_L) = 1.2996 | grad = 1.3576
step  22480 | loss = -1.3614 | g_L = +1.3614 | EMA = +1.4511 | std(g_L) = 1.5239 | grad = 0.8586
step  22500 | loss = -1.4110 | g_L = +1.4110 | EMA = +1.4397 | std(g_L) = 1.3560 | grad = 0.3679
step  22520 | loss = -1.4568 | g_L = +1.4568 | EMA = +1.4602 | std(g_L) = 1.3602 | grad = 0.6965
step  22540 | loss = -1.5139 | g_L = +1.5139 | EMA = +1.4816 | std(g_L) = 1.3305 | grad = 0.5885
step  22560 | loss = -1.4661 | g_L = +1.4661 | EMA = +1.4696 | std(g_L) = 1.2129 | grad = 0.4262
step  22580 | loss = -1.5973 | g_L = +1.5973 | EMA = +1.4757 | std(g_L) = 1.2041 | grad = 0.5411
step  22600 | loss = -1.4392 | g_L = +1.4392 | EMA = +1.4788 | std(g_L) = 1.2729 | grad = 0.0910
step  22620 | loss = -1.5226 | g_L = +1.5226 | EMA = +1.4675 | std(g_L) = 1.3013 | grad = 0.8232
step  22640 | loss = -1.4227 | g_L = +1.4227 | EMA = +1.4634 | std(g_L) = 1.2897 | grad = 0.6910
step  22660 | loss = -1.5365 | g_L = +1.5365 | EMA = +1.4547 | std(g_L) = 1.2816 | grad = 0.2831
step  22680 | loss = -1.5571 | g_L = +1.5571 | EMA = +1.4674 | std(g_L) = 1.3080 | grad = 0.4036
step  22700 | loss = -1.5110 | g_L = +1.5110 | EMA = +1.4470 | std(g_L) = 1.2476 | grad = 1.1673
step  22720 | loss = -1.4805 | g_L = +1.4805 | EMA = +1.4595 | std(g_L) = 1.4088 | grad = 0.9110
step  22740 | loss = -1.4436 | g_L = +1.4436 | EMA = +1.4578 | std(g_L) = 1.2187 | grad = 0.5285
step  22760 | loss = -1.4164 | g_L = +1.4164 | EMA = +1.4475 | std(g_L) = 1.2769 | grad = 0.5037
step  22780 | loss = -1.4371 | g_L = +1.4371 | EMA = +1.4576 | std(g_L) = 1.2710 | grad = 0.5322
step  22800 | loss = -1.5187 | g_L = +1.5187 | EMA = +1.4579 | std(g_L) = 1.3616 | grad = 0.7237
step  22820 | loss = -1.4697 | g_L = +1.4697 | EMA = +1.4702 | std(g_L) = 1.3186 | grad = 0.6331
step  22840 | loss = -1.4899 | g_L = +1.4899 | EMA = +1.4546 | std(g_L) = 1.1375 | grad = 1.2807
step  22860 | loss = -1.4319 | g_L = +1.4319 | EMA = +1.4569 | std(g_L) = 1.3313 | grad = 0.7302
step  22880 | loss = -1.3717 | g_L = +1.3717 | EMA = +1.4568 | std(g_L) = 1.7770 | grad = 0.1675
step  22900 | loss = -1.4927 | g_L = +1.4927 | EMA = +1.4609 | std(g_L) = 1.2678 | grad = 0.3649
step  22920 | loss = -1.4034 | g_L = +1.4034 | EMA = +1.4652 | std(g_L) = 1.4641 | grad = 0.7146
step  22940 | loss = -1.4164 | g_L = +1.4164 | EMA = +1.4710 | std(g_L) = 1.2904 | grad = 0.2087
step  22960 | loss = -1.3857 | g_L = +1.3857 | EMA = +1.4604 | std(g_L) = 1.3650 | grad = 0.1535
step  22980 | loss = -1.4501 | g_L = +1.4501 | EMA = +1.4637 | std(g_L) = 1.3195 | grad = 0.8569
step  23000 | loss = -1.4332 | g_L = +1.4332 | EMA = +1.4546 | std(g_L) = 1.2841 | grad = 0.2041
step  23020 | loss = -1.4934 | g_L = +1.4934 | EMA = +1.4635 | std(g_L) = 1.2081 | grad = 0.3114
step  23040 | loss = -1.2280 | g_L = +1.2280 | EMA = +1.4511 | std(g_L) = 1.3378 | grad = 0.6038
step  23060 | loss = -1.4040 | g_L = +1.4040 | EMA = +1.4760 | std(g_L) = 1.4886 | grad = 0.2906
step  23080 | loss = -1.5163 | g_L = +1.5163 | EMA = +1.4627 | std(g_L) = 1.2390 | grad = 0.3718
step  23100 | loss = -1.5246 | g_L = +1.5246 | EMA = +1.4610 | std(g_L) = 1.2783 | grad = 0.2648
step  23120 | loss = -1.4835 | g_L = +1.4835 | EMA = +1.4695 | std(g_L) = 1.2910 | grad = 0.5564
step  23140 | loss = -1.4591 | g_L = +1.4591 | EMA = +1.4610 | std(g_L) = 1.3789 | grad = 0.7434
step  23160 | loss = -1.3735 | g_L = +1.3735 | EMA = +1.4646 | std(g_L) = 1.4079 | grad = 0.3218
step  23180 | loss = -1.4665 | g_L = +1.4665 | EMA = +1.4763 | std(g_L) = 1.2671 | grad = 0.7094
step  23200 | loss = -1.4637 | g_L = +1.4637 | EMA = +1.4797 | std(g_L) = 1.3347 | grad = 0.7413
step  23220 | loss = -1.4601 | g_L = +1.4601 | EMA = +1.4644 | std(g_L) = 1.4576 | grad = 1.0362
step  23240 | loss = -1.4262 | g_L = +1.4262 | EMA = +1.4732 | std(g_L) = 1.2791 | grad = 0.4513
step  23260 | loss = -1.6023 | g_L = +1.6023 | EMA = +1.4718 | std(g_L) = 1.2070 | grad = 1.0567
step  23280 | loss = -1.4134 | g_L = +1.4134 | EMA = +1.4604 | std(g_L) = 1.3133 | grad = 0.2572
step  23300 | loss = -1.5255 | g_L = +1.5255 | EMA = +1.4547 | std(g_L) = 1.2640 | grad = 1.1390
step  23320 | loss = -1.4668 | g_L = +1.4668 | EMA = +1.4604 | std(g_L) = 1.1881 | grad = 0.8791
step  23340 | loss = -1.4524 | g_L = +1.4524 | EMA = +1.4607 | std(g_L) = 1.4007 | grad = 0.1525
step  23360 | loss = -1.4192 | g_L = +1.4192 | EMA = +1.4739 | std(g_L) = 1.3305 | grad = 0.8943
step  23380 | loss = -1.5095 | g_L = +1.5095 | EMA = +1.4686 | std(g_L) = 1.3131 | grad = 0.4758
step  23400 | loss = -1.5556 | g_L = +1.5556 | EMA = +1.4668 | std(g_L) = 1.2579 | grad = 0.1070
step  23420 | loss = -1.4269 | g_L = +1.4269 | EMA = +1.4569 | std(g_L) = 1.5077 | grad = 0.6360
step  23440 | loss = -1.5419 | g_L = +1.5419 | EMA = +1.4595 | std(g_L) = 1.2009 | grad = 0.4005
step  23460 | loss = -1.3863 | g_L = +1.3863 | EMA = +1.4468 | std(g_L) = 1.4190 | grad = 0.2605
step  23480 | loss = -1.4314 | g_L = +1.4314 | EMA = +1.4574 | std(g_L) = 1.1506 | grad = 0.1999
step  23500 | loss = -1.4402 | g_L = +1.4402 | EMA = +1.4631 | std(g_L) = 1.3932 | grad = 0.2373
step  23520 | loss = -1.4654 | g_L = +1.4654 | EMA = +1.4715 | std(g_L) = 1.2725 | grad = 0.2112
step  23540 | loss = -1.3735 | g_L = +1.3735 | EMA = +1.4688 | std(g_L) = 1.2467 | grad = 0.2601
step  23560 | loss = -1.3837 | g_L = +1.3837 | EMA = +1.4557 | std(g_L) = 1.5157 | grad = 0.4924
step  23580 | loss = -1.3835 | g_L = +1.3835 | EMA = +1.4556 | std(g_L) = 1.3329 | grad = 1.5047
step  23600 | loss = -1.4872 | g_L = +1.4872 | EMA = +1.4663 | std(g_L) = 1.4867 | grad = 0.3079
step  23620 | loss = -1.4481 | g_L = +1.4481 | EMA = +1.4731 | std(g_L) = 1.2118 | grad = 0.5855
step  23640 | loss = -1.4605 | g_L = +1.4605 | EMA = +1.4660 | std(g_L) = 1.3501 | grad = 0.4415
step  23660 | loss = -1.4558 | g_L = +1.4558 | EMA = +1.4688 | std(g_L) = 1.4208 | grad = 1.1948
step  23680 | loss = -1.5176 | g_L = +1.5176 | EMA = +1.4892 | std(g_L) = 1.2180 | grad = 0.2040
step  23700 | loss = -1.4079 | g_L = +1.4079 | EMA = +1.4622 | std(g_L) = 1.3479 | grad = 0.7806
step  23720 | loss = -1.4934 | g_L = +1.4934 | EMA = +1.4642 | std(g_L) = 1.3068 | grad = 0.2450
step  23740 | loss = -1.4687 | g_L = +1.4687 | EMA = +1.4536 | std(g_L) = 1.4490 | grad = 0.7138
step  23760 | loss = -1.3933 | g_L = +1.3933 | EMA = +1.4618 | std(g_L) = 1.3101 | grad = 0.4168
step  23780 | loss = -1.3974 | g_L = +1.3974 | EMA = +1.4646 | std(g_L) = 1.5214 | grad = 0.8626
step  23800 | loss = -1.5517 | g_L = +1.5517 | EMA = +1.4792 | std(g_L) = 1.1618 | grad = 0.2329
step  23820 | loss = -1.4608 | g_L = +1.4608 | EMA = +1.4730 | std(g_L) = 1.3113 | grad = 0.5470
step  23840 | loss = -1.5118 | g_L = +1.5118 | EMA = +1.4699 | std(g_L) = 1.4260 | grad = 0.2893
step  23860 | loss = -1.4924 | g_L = +1.4924 | EMA = +1.4576 | std(g_L) = 1.3069 | grad = 0.2849
step  23880 | loss = -1.5170 | g_L = +1.5170 | EMA = +1.4760 | std(g_L) = 1.2753 | grad = 0.2258
step  23900 | loss = -1.3892 | g_L = +1.3892 | EMA = +1.4788 | std(g_L) = 1.2906 | grad = 0.1751
step  23920 | loss = -1.4662 | g_L = +1.4662 | EMA = +1.4668 | std(g_L) = 1.4403 | grad = 0.4809
step  23940 | loss = -1.4398 | g_L = +1.4398 | EMA = +1.4520 | std(g_L) = 1.2820 | grad = 0.9883
step  23960 | loss = -1.3804 | g_L = +1.3804 | EMA = +1.4674 | std(g_L) = 1.3473 | grad = 0.2930
step  23980 | loss = -1.4870 | g_L = +1.4870 | EMA = +1.4763 | std(g_L) = 1.3470 | grad = 0.1540
step  24000 | loss = -1.4912 | g_L = +1.4912 | EMA = +1.4804 | std(g_L) = 1.4120 | grad = 0.4135
step  24020 | loss = -1.5165 | g_L = +1.5165 | EMA = +1.4712 | std(g_L) = 1.1856 | grad = 0.3128
step  24040 | loss = -1.4835 | g_L = +1.4835 | EMA = +1.4715 | std(g_L) = 1.2766 | grad = 1.0301
step  24060 | loss = -1.4960 | g_L = +1.4960 | EMA = +1.4633 | std(g_L) = 1.2537 | grad = 0.2725
step  24080 | loss = -1.5381 | g_L = +1.5381 | EMA = +1.4750 | std(g_L) = 1.1841 | grad = 1.1401
step  24100 | loss = -1.4504 | g_L = +1.4504 | EMA = +1.4448 | std(g_L) = 1.2675 | grad = 0.6043
step  24120 | loss = -1.4589 | g_L = +1.4589 | EMA = +1.4483 | std(g_L) = 1.2832 | grad = 0.9488
step  24140 | loss = -1.3424 | g_L = +1.3424 | EMA = +1.4546 | std(g_L) = 1.3401 | grad = 0.2239
step  24160 | loss = -1.5352 | g_L = +1.5352 | EMA = +1.4625 | std(g_L) = 1.2172 | grad = 0.1789
step  24180 | loss = -1.4759 | g_L = +1.4759 | EMA = +1.4753 | std(g_L) = 1.4122 | grad = 0.5817
step  24200 | loss = -1.4922 | g_L = +1.4922 | EMA = +1.4710 | std(g_L) = 1.3221 | grad = 0.9599
step  24220 | loss = -1.5353 | g_L = +1.5353 | EMA = +1.4820 | std(g_L) = 1.2141 | grad = 0.2225
step  24240 | loss = -1.6195 | g_L = +1.6195 | EMA = +1.4823 | std(g_L) = 1.2233 | grad = 0.5627
step  24260 | loss = -1.4617 | g_L = +1.4617 | EMA = +1.4817 | std(g_L) = 1.2063 | grad = 0.3497
step  24280 | loss = -1.4405 | g_L = +1.4405 | EMA = +1.4601 | std(g_L) = 1.3131 | grad = 0.6455
step  24300 | loss = -1.4447 | g_L = +1.4447 | EMA = +1.4584 | std(g_L) = 1.3320 | grad = 1.2736
step  24320 | loss = -1.6422 | g_L = +1.6422 | EMA = +1.4783 | std(g_L) = 1.3227 | grad = 0.3908
step  24340 | loss = -1.5237 | g_L = +1.5237 | EMA = +1.4673 | std(g_L) = 1.2901 | grad = 0.2333
step  24360 | loss = -1.5113 | g_L = +1.5113 | EMA = +1.4671 | std(g_L) = 1.2898 | grad = 0.2861
step  24380 | loss = -1.5269 | g_L = +1.5269 | EMA = +1.4682 | std(g_L) = 1.2391 | grad = 0.1912
step  24400 | loss = -1.5010 | g_L = +1.5010 | EMA = +1.4603 | std(g_L) = 1.3087 | grad = 0.4934
step  24420 | loss = -1.4389 | g_L = +1.4389 | EMA = +1.4675 | std(g_L) = 1.3357 | grad = 0.5837
step  24440 | loss = -1.4760 | g_L = +1.4760 | EMA = +1.4666 | std(g_L) = 1.1591 | grad = 0.2854
step  24460 | loss = -1.4170 | g_L = +1.4170 | EMA = +1.4605 | std(g_L) = 1.3664 | grad = 0.5959
step  24480 | loss = -1.4537 | g_L = +1.4537 | EMA = +1.4668 | std(g_L) = 1.2567 | grad = 0.1269
step  24500 | loss = -1.4858 | g_L = +1.4858 | EMA = +1.4750 | std(g_L) = 1.3960 | grad = 0.6866
step  24520 | loss = -1.4038 | g_L = +1.4038 | EMA = +1.4698 | std(g_L) = 1.2489 | grad = 0.7044
step  24540 | loss = -1.5067 | g_L = +1.5067 | EMA = +1.4727 | std(g_L) = 1.2868 | grad = 1.2407
step  24560 | loss = -1.4776 | g_L = +1.4776 | EMA = +1.4755 | std(g_L) = 1.2171 | grad = 1.0958
step  24580 | loss = -1.5742 | g_L = +1.5742 | EMA = +1.4822 | std(g_L) = 1.2459 | grad = 0.4609
step  24600 | loss = -1.4947 | g_L = +1.4947 | EMA = +1.4665 | std(g_L) = 1.2604 | grad = 1.1473
step  24620 | loss = -1.3883 | g_L = +1.3883 | EMA = +1.4659 | std(g_L) = 1.3940 | grad = 0.5006
step  24640 | loss = -1.4890 | g_L = +1.4890 | EMA = +1.4567 | std(g_L) = 1.2437 | grad = 0.7309
step  24660 | loss = -1.5112 | g_L = +1.5112 | EMA = +1.4649 | std(g_L) = 1.2937 | grad = 0.3617
step  24680 | loss = -1.5998 | g_L = +1.5998 | EMA = +1.4762 | std(g_L) = 1.2440 | grad = 0.4384
step  24700 | loss = -1.4499 | g_L = +1.4499 | EMA = +1.4843 | std(g_L) = 1.3017 | grad = 0.4211
step  24720 | loss = -1.4250 | g_L = +1.4250 | EMA = +1.4664 | std(g_L) = 1.3304 | grad = 0.4836
step  24740 | loss = -1.4200 | g_L = +1.4200 | EMA = +1.4682 | std(g_L) = 1.2122 | grad = 0.3507
step  24760 | loss = -1.4010 | g_L = +1.4010 | EMA = +1.4697 | std(g_L) = 1.3365 | grad = 0.3218
step  24780 | loss = -1.4933 | g_L = +1.4933 | EMA = +1.4699 | std(g_L) = 1.2517 | grad = 0.1847
step  24800 | loss = -1.5473 | g_L = +1.5473 | EMA = +1.4669 | std(g_L) = 1.2676 | grad = 1.2943
step  24820 | loss = -1.5236 | g_L = +1.5236 | EMA = +1.4589 | std(g_L) = 1.2672 | grad = 0.8879
step  24840 | loss = -1.5209 | g_L = +1.5209 | EMA = +1.4643 | std(g_L) = 1.4933 | grad = 0.2218
step  24860 | loss = -1.4738 | g_L = +1.4738 | EMA = +1.4596 | std(g_L) = 1.2559 | grad = 1.0081
step  24880 | loss = -1.4248 | g_L = +1.4248 | EMA = +1.4554 | std(g_L) = 1.2101 | grad = 0.8087
step  24900 | loss = -1.4837 | g_L = +1.4837 | EMA = +1.4648 | std(g_L) = 1.4219 | grad = 0.1920
step  24920 | loss = -1.5095 | g_L = +1.5095 | EMA = +1.4598 | std(g_L) = 1.2904 | grad = 1.2564
step  24940 | loss = -1.4648 | g_L = +1.4648 | EMA = +1.4623 | std(g_L) = 1.3627 | grad = 0.5688
step  24960 | loss = -1.3585 | g_L = +1.3585 | EMA = +1.4558 | std(g_L) = 1.3874 | grad = 0.4058
step  24980 | loss = -1.4164 | g_L = +1.4164 | EMA = +1.4643 | std(g_L) = 1.6229 | grad = 0.2046
step  25000 | loss = -1.6218 | g_L = +1.6218 | EMA = +1.4690 | std(g_L) = 1.1935 | grad = 0.6150
step  25020 | loss = -1.5315 | g_L = +1.5315 | EMA = +1.4764 | std(g_L) = 1.1934 | grad = 0.7103
step  25040 | loss = -1.4788 | g_L = +1.4788 | EMA = +1.4644 | std(g_L) = 1.3352 | grad = 0.8829
